source,date,sample_id,seine_id,id,location,latitude,longitude,channel,gear_type,gear_size,survey_condition,water_temp,weather,secchi,flow,species,fork_length,lifestage,run,length,width,distance_out,depth_1,depth_2,depth_dist_1,depth_dist_2,substrate_1,cover_1,stream_feature,sample_shape,sample_area,comments,count,substrate_2,substrate_3,cover_2,cover_3,weight,year
1997-2001,2000-03-08,NA,402,16261,MOE'S DITCH,NA,NA,NA,NETS,NA,NA,NA,overcast,0,600,Rainbow Trout (wild),25,NA,NA,NA,NA,NA,NA,NA,NA,NA,NA,NA,NA,net,0,Visual observations - Length estimated,NA,NA,NA,NA,NA,NA,2000
1997-2001,2000-03-08,NA,402,16262,MOE'S DITCH,NA,NA,NA,NETS,NA,NA,NA,overcast,0,600,Rainbow Trout (wild),25,NA,NA,NA,NA,NA,NA,NA,NA,NA,NA,NA,NA,net,0,Visual observations - Length estimated,NA,NA,NA,NA,NA,NA,2000
1997-2001,2000-03-08,NA,402,16263,MOE'S DITCH,NA,NA,NA,NETS,NA,NA,NA,overcast,0,600,Rainbow Trout (wild),25,NA,NA,NA,NA,NA,NA,NA,NA,NA,NA,NA,NA,net,0,Visual observations - Length estimated,NA,NA,NA,NA,NA,NA,2000
1997-2001,2000-03-08,NA,402,16264,MOE'S DITCH,NA,NA,NA,NETS,NA,NA,NA,overcast,0,600,Rainbow Trout (wild),25,NA,NA,NA,NA,NA,NA,NA,NA,NA,NA,NA,NA,net,0,Visual observations - Length estimated,NA,NA,NA,NA,NA,NA,2000
1997-2001,2000-03-08,NA,402,16265,MOE'S DITCH,NA,NA,NA,NETS,NA,NA,NA,overcast,0,600,Rainbow Trout (wild),25,NA,NA,NA,NA,NA,NA,NA,NA,NA,NA,NA,NA,net,0,Visual observations - Length estimated,NA,NA,NA,NA,NA,NA,2000
1997-2001,2000-03-08,NA,402,16266,MOE'S DITCH,NA,NA,NA,NETS,NA,NA,NA,overcast,0,600,Rainbow Trout (wild),25,NA,NA,NA,NA,NA,NA,NA,NA,NA,NA,NA,NA,net,0,Visual observations - Length estimated,NA,NA,NA,NA,NA,NA,2000
1997-2001,2000-03-08,NA,402,16267,MOE'S DITCH,NA,NA,NA,NETS,NA,NA,NA,overcast,0,600,Rainbow Trout (wild),25,NA,NA,NA,NA,NA,NA,NA,NA,NA,NA,NA,NA,net,0,Visual observations - Length estimated,NA,NA,NA,NA,NA,NA,2000
1997-2001,2000-03-08,NA,402,16268,MOE'S DITCH,NA,NA,NA,NETS,NA,NA,NA,overcast,0,600,Rainbow Trout (wild),25,NA,NA,NA,NA,NA,NA,NA,NA,NA,NA,NA,NA,net,0,Visual observations - Length estimated,NA,NA,NA,NA,NA,NA,2000
1997-2001,2000-03-08,NA,402,16269,MOE'S DITCH,NA,NA,NA,NETS,NA,NA,NA,overcast,0,600,Rainbow Trout (wild),25,NA,NA,NA,NA,NA,NA,NA,NA,NA,NA,NA,NA,net,0,Visual observations - Length estimated,NA,NA,NA,NA,NA,NA,2000
1997-2001,2000-03-08,NA,402,16270,MOE'S DITCH,NA,NA,NA,NETS,NA,NA,NA,overcast,0,600,Rainbow Trout (wild),25,NA,NA,NA,NA,NA,NA,NA,NA,NA,NA,NA,NA,net,0,Visual observations - Length estimated,NA,NA,NA,NA,NA,NA,2000
1997-2001,2000-03-08,NA,402,16271,MOE'S DITCH,NA,NA,NA,NETS,NA,NA,NA,overcast,0,600,Rainbow Trout (wild),25,NA,NA,NA,NA,NA,NA,NA,NA,NA,NA,NA,NA,net,0,Visual observations - Length estimated,NA,NA,NA,NA,NA,NA,2000
1997-2001,2000-03-08,NA,402,16272,MOE'S DITCH,NA,NA,NA,NETS,NA,NA,NA,overcast,0,600,Rainbow Trout (wild),25,NA,NA,NA,NA,NA,NA,NA,NA,NA,NA,NA,NA,net,0,Visual observations - Length estimated,NA,NA,NA,NA,NA,NA,2000
1997-2001,2000-03-08,NA,402,16273,MOE'S DITCH,NA,NA,NA,NETS,NA,NA,NA,overcast,0,600,Rainbow Trout (wild),25,NA,NA,NA,NA,NA,NA,NA,NA,NA,NA,NA,NA,net,0,Visual observations - Length estimated,NA,NA,NA,NA,NA,NA,2000
1997-2001,2000-03-08,NA,402,16274,MOE'S DITCH,NA,NA,NA,NETS,NA,NA,NA,overcast,0,600,Rainbow Trout (wild),25,NA,NA,NA,NA,NA,NA,NA,NA,NA,NA,NA,NA,net,0,Visual observations - Length estimated,NA,NA,NA,NA,NA,NA,2000
1997-2001,2000-03-08,NA,402,16275,MOE'S DITCH,NA,NA,NA,NETS,NA,NA,NA,overcast,0,600,Rainbow Trout (wild),25,NA,NA,NA,NA,NA,NA,NA,NA,NA,NA,NA,NA,net,0,Visual observations - Length estimated,NA,NA,NA,NA,NA,NA,2000
1997-2001,2000-03-08,NA,402,16276,MOE'S DITCH,NA,NA,NA,NETS,NA,NA,NA,overcast,0,600,Rainbow Trout (wild),25,NA,NA,NA,NA,NA,NA,NA,NA,NA,NA,NA,NA,net,0,Visual observations - Length estimated,NA,NA,NA,NA,NA,NA,2000
1997-2001,2000-03-08,NA,402,16277,MOE'S DITCH,NA,NA,NA,NETS,NA,NA,NA,overcast,0,600,Rainbow Trout (wild),25,NA,NA,NA,NA,NA,NA,NA,NA,NA,NA,NA,NA,net,0,Visual observations - Length estimated,NA,NA,NA,NA,NA,NA,2000
1997-2001,2000-03-08,NA,402,16278,MOE'S DITCH,NA,NA,NA,NETS,NA,NA,NA,overcast,0,600,Rainbow Trout (wild),25,NA,NA,NA,NA,NA,NA,NA,NA,NA,NA,NA,NA,net,0,Visual observations - Length estimated,NA,NA,NA,NA,NA,NA,2000
1997-2001,2000-03-08,NA,402,16279,MOE'S DITCH,NA,NA,NA,NETS,NA,NA,NA,overcast,0,600,Rainbow Trout (wild),25,NA,NA,NA,NA,NA,NA,NA,NA,NA,NA,NA,NA,net,0,Visual observations - Length estimated,NA,NA,NA,NA,NA,NA,2000
1997-2001,2000-03-08,NA,402,16280,MOE'S DITCH,NA,NA,NA,NETS,NA,NA,NA,overcast,0,600,Rainbow Trout (wild),25,NA,NA,NA,NA,NA,NA,NA,NA,NA,NA,NA,NA,net,0,Visual observations - Length estimated,NA,NA,NA,NA,NA,NA,2000
1997-2001,2000-03-08,NA,402,16281,MOE'S DITCH,NA,NA,NA,NETS,NA,NA,NA,overcast,0,600,Rainbow Trout (wild),25,NA,NA,NA,NA,NA,NA,NA,NA,NA,NA,NA,NA,net,0,Visual observations - Length estimated,NA,NA,NA,NA,NA,NA,2000
1997-2001,2000-03-08,NA,402,16282,MOE'S DITCH,NA,NA,NA,NETS,NA,NA,NA,overcast,0,600,Rainbow Trout (wild),25,NA,NA,NA,NA,NA,NA,NA,NA,NA,NA,NA,NA,net,0,Visual observations - Length estimated,NA,NA,NA,NA,NA,NA,2000
1997-2001,2000-03-08,NA,403,16283,Unit 26A,NA,NA,NA,NETS,NA,NA,NA,overcast,0,600,Rainbow Trout (wild),25,NA,NA,NA,NA,NA,NA,NA,NA,NA,NA,NA,NA,net,0,Visual obs only.  30m upstream hatchery trail-main,NA,NA,NA,NA,NA,NA,2000
1997-2001,2000-03-08,NA,403,16284,Unit 26A,NA,NA,NA,NETS,NA,NA,NA,overcast,0,600,Rainbow Trout (wild),25,NA,NA,NA,NA,NA,NA,NA,NA,NA,NA,NA,NA,net,0,Visual obs only.  30m upstream hatchery trail-main,NA,NA,NA,NA,NA,NA,2000
1997-2001,2000-03-08,NA,403,16285,Unit 26A,NA,NA,NA,NETS,NA,NA,NA,overcast,0,600,Rainbow Trout (wild),25,NA,NA,NA,NA,NA,NA,NA,NA,NA,NA,NA,NA,net,0,Visual obs only.  30m upstream hatchery trail-main,NA,NA,NA,NA,NA,NA,2000
1997-2001,2000-03-08,NA,403,16286,Unit 26A,NA,NA,NA,NETS,NA,NA,NA,overcast,0,600,Rainbow Trout (wild),25,NA,NA,NA,NA,NA,NA,NA,NA,NA,NA,NA,NA,net,0,Visual obs only.  30m upstream hatchery trail-main,NA,NA,NA,NA,NA,NA,2000
1997-2001,2000-03-08,NA,403,16287,Unit 26A,NA,NA,NA,NETS,NA,NA,NA,overcast,0,600,Rainbow Trout (wild),25,NA,NA,NA,NA,NA,NA,NA,NA,NA,NA,NA,NA,net,0,Visual obs only.  30m upstream hatchery trail-main,NA,NA,NA,NA,NA,NA,2000
1997-2001,2000-03-08,NA,403,16288,Unit 26A,NA,NA,NA,NETS,NA,NA,NA,overcast,0,600,Rainbow Trout (wild),25,NA,NA,NA,NA,NA,NA,NA,NA,NA,NA,NA,NA,net,0,Visual obs only.  30m upstream hatchery trail-main,NA,NA,NA,NA,NA,NA,2000
1997-2001,2000-03-08,NA,403,16289,Unit 26A,NA,NA,NA,NETS,NA,NA,NA,overcast,0,600,Rainbow Trout (wild),25,NA,NA,NA,NA,NA,NA,NA,NA,NA,NA,NA,NA,net,0,Visual obs only.  30m upstream hatchery trail-main,NA,NA,NA,NA,NA,NA,2000
1997-2001,2000-03-08,NA,403,16290,Unit 26A,NA,NA,NA,NETS,NA,NA,NA,overcast,0,600,Rainbow Trout (wild),25,NA,NA,NA,NA,NA,NA,NA,NA,NA,NA,NA,NA,net,0,Visual obs only.  30m upstream hatchery trail-main,NA,NA,NA,NA,NA,NA,2000
1997-2001,2000-03-08,NA,403,16291,Unit 26A,NA,NA,NA,NETS,NA,NA,NA,overcast,0,600,Rainbow Trout (wild),25,NA,NA,NA,NA,NA,NA,NA,NA,NA,NA,NA,NA,net,0,Visual obs only.  30m upstream hatchery trail-main,NA,NA,NA,NA,NA,NA,2000
1997-2001,2000-03-08,NA,403,16292,Unit 26A,NA,NA,NA,NETS,NA,NA,NA,overcast,0,600,Rainbow Trout (wild),25,NA,NA,NA,NA,NA,NA,NA,NA,NA,NA,NA,NA,net,0,Visual obs only.  30m upstream hatchery trail-main,NA,NA,NA,NA,NA,NA,2000
1997-2001,2000-03-08,NA,403,16293,Unit 26A,NA,NA,NA,NETS,NA,NA,NA,overcast,0,600,Rainbow Trout (wild),25,NA,NA,NA,NA,NA,NA,NA,NA,NA,NA,NA,NA,net,0,Visual obs only.  30m upstream hatchery trail-main,NA,NA,NA,NA,NA,NA,2000
1997-2001,2000-03-08,NA,403,16294,Unit 26A,NA,NA,NA,NETS,NA,NA,NA,overcast,0,600,Rainbow Trout (wild),25,NA,NA,NA,NA,NA,NA,NA,NA,NA,NA,NA,NA,net,0,Visual obs only.  30m upstream hatchery trail-main,NA,NA,NA,NA,NA,NA,2000
1997-2001,2000-03-08,NA,403,16295,Unit 26A,NA,NA,NA,NETS,NA,NA,NA,overcast,0,600,Rainbow Trout (wild),25,NA,NA,NA,NA,NA,NA,NA,NA,NA,NA,NA,NA,net,0,Visual obs only.  30m upstream hatchery trail-main,NA,NA,NA,NA,NA,NA,2000
1997-2001,2000-03-08,NA,403,16296,Unit 26A,NA,NA,NA,NETS,NA,NA,NA,overcast,0,600,Rainbow Trout (wild),25,NA,NA,NA,NA,NA,NA,NA,NA,NA,NA,NA,NA,net,0,Visual obs only.  30m upstream hatchery trail-main,NA,NA,NA,NA,NA,NA,2000
1997-2001,2000-03-08,NA,403,16297,Unit 26A,NA,NA,NA,NETS,NA,NA,NA,overcast,0,600,Rainbow Trout (wild),25,NA,NA,NA,NA,NA,NA,NA,NA,NA,NA,NA,NA,net,0,Visual obs only.  30m upstream hatchery trail-main,NA,NA,NA,NA,NA,NA,2000
1997-2001,2000-03-08,NA,403,16298,Unit 26A,NA,NA,NA,NETS,NA,NA,NA,overcast,0,600,Rainbow Trout (wild),25,NA,NA,NA,NA,NA,NA,NA,NA,NA,NA,NA,NA,net,0,Visual obs only.  30m upstream hatchery trail-main,NA,NA,NA,NA,NA,NA,2000
1997-2001,2000-06-23,NA,482,19263,HATCHERY DITCH,NA,NA,NA,NETS,NA,NA,NA,sunny,0,NA,Rainbow Trout (wild),19,NA,NA,NA,NA,NA,NA,NA,NA,NA,NA,NA,NA,net,0,NA,NA,NA,NA,NA,NA,NA,2000
1997-2001,2000-06-23,NA,482,19264,HATCHERY DITCH,NA,NA,NA,NETS,NA,NA,NA,sunny,0,NA,Rainbow Trout (wild),21,NA,NA,NA,NA,NA,NA,NA,NA,NA,NA,NA,NA,net,0,NA,NA,NA,NA,NA,NA,NA,2000
1997-2001,2000-06-29,NA,483,19265,HATCHERY DITCH,NA,NA,NA,NETS,NA,NA,15.6,sunny,0,NA,Steelhead Trout - form not i.d.'d,20,NA,NA,NA,NA,NA,NA,NA,NA,NA,Fine - small gravel (0-50mm) (0-2in.),No Apparent  Cover,Glide,net,0,Observed ~20 RBTS <25mm in ~80-100 yrds of margin,NA,NA,NA,NA,NA,NA,2000
1997-2001,2000-07-17,NA,484,19266,HATCHERY DITCH,NA,NA,NA,NETS,NA,NA,16.7,sunny,0,NA,Rainbow Trout (wild),26,NA,NA,NA,NA,NA,NA,NA,NA,NA,NA,NA,NA,net,0,~44 RBTS 20-40mm on margins of ditch (snorkel obs),NA,NA,NA,NA,NA,NA,2000
1997-2001,2000-07-17,NA,484,19267,HATCHERY DITCH,NA,NA,NA,NETS,NA,NA,16.7,sunny,0,NA,Rainbow Trout (wild),29,NA,NA,NA,NA,NA,NA,NA,NA,NA,NA,NA,NA,net,0,~44 RBTS 20-40mm on margins of ditch (snorkel obs),NA,NA,NA,NA,NA,NA,2000
1997-2001,2000-07-17,NA,484,19268,HATCHERY DITCH,NA,NA,NA,NETS,NA,NA,16.7,sunny,0,NA,Rainbow Trout (wild),32,NA,NA,NA,NA,NA,NA,NA,NA,NA,NA,NA,NA,net,0,~44 RBTS 20-40mm on margins of ditch (snorkel obs),NA,NA,NA,NA,NA,NA,2000
1997-2001,2000-07-17,NA,484,19269,HATCHERY DITCH,NA,NA,NA,NETS,NA,NA,16.7,sunny,0,NA,Rainbow Trout (wild),33,NA,NA,NA,NA,NA,NA,NA,NA,NA,NA,NA,NA,net,0,~44 RBTS 20-40mm on margins of ditch (snorkel obs),NA,NA,NA,NA,NA,NA,2000
2008-2014,2008-07-01,50,NA,71,Hour side channel RL - Upstream,39.421311301618935,-121.62456313944345,NA,EF_SE,backpack shock into any seine,good,21.5,sunny,NA,NA,Unid Juvenile Sculpin,NA,NA,NA,NA,NA,NA,NA,NA,NA,NA,Small - medium gravel (50-150mm) (2-6in.),No Apparent  Cover,Riffle,NA,NA,NA,1,Medium - large cobble (150-300mm) (6-12in.),NA,NA,NA,NA,2008
2008-2014,2008-07-01,50,NA,72,Hour side channel RL - Upstream,39.421311301618935,-121.62456313944345,NA,EF_SE,backpack shock into any seine,good,21.5,sunny,NA,NA,Unid Juvenile Sculpin,NA,NA,NA,NA,NA,NA,NA,NA,NA,NA,Small - medium gravel (50-150mm) (2-6in.),No Apparent  Cover,Riffle,NA,NA,NA,1,Medium - large cobble (150-300mm) (6-12in.),NA,NA,NA,NA,2008
2008-2014,2008-07-01,52,NA,73,Hour Main RL - Downstream,39.41543092064467,-121.62768391143213,NA,EF_SE,backpack shock into any seine,good,21.89,sunny,NA,NA,NONE,NA,NA,NA,NA,NA,NA,NA,NA,NA,NA,Medium - large cobble (150-300mm) (6-12in.),No Apparent  Cover,Riffle,NA,NA,NA,1,NA,NA,NA,NA,NA,2008
2008-2014,2008-07-01,54,NA,96,Junkyard side channel 1 - RL,39.34696863559275,-121.62696832729495,NA,EF_SE,backpack shock into any seine,fair,19.78,sunny,NA,NA,NONE,NA,NA,NA,NA,NA,NA,NA,NA,NA,NA,Small - medium gravel (50-150mm) (2-6in.),No Apparent  Cover,Riffle,NA,NA,NA,1,NA,NA,NA,NA,NA,2008
2008-2014,2008-07-01,55,NA,97,Junkyard Main RR,39.34701749272387,-121.6264369490586,NA,EF_SE,backpack shock into any seine,good,19.56,sunny,NA,NA,Unid Juvenile Sculpin,NA,NA,NA,NA,NA,NA,NA,NA,NA,NA,Small - medium gravel (50-150mm) (2-6in.),No Apparent  Cover,Riffle,NA,NA,NA,1,NA,NA,NA,NA,NA,2008
2008-2014,2008-07-01,57,NA,128,Junkyard side channel 1 - RL,39.34696863559275,-121.62696832729495,NA,EF_SE,backpack shock into any seine,good,19.67,sunny,NA,NA,Sacramento Sucker,41,NA,NA,NA,NA,NA,NA,NA,NA,NA,Small - medium gravel (50-150mm) (2-6in.),No Apparent  Cover,Riffle,NA,NA,NA,1,NA,NA,NA,NA,NA,2008
2008-2014,2008-07-01,57,NA,129,Junkyard side channel 1 - RL,39.34696863559275,-121.62696832729495,NA,EF_SE,backpack shock into any seine,good,19.67,sunny,NA,NA,Sacramento Sucker,38,NA,NA,NA,NA,NA,NA,NA,NA,NA,Small - medium gravel (50-150mm) (2-6in.),No Apparent  Cover,Riffle,NA,NA,NA,1,NA,NA,NA,NA,NA,2008
2008-2014,2008-07-01,57,NA,130,Junkyard side channel 1 - RL,39.34696863559275,-121.62696832729495,NA,EF_SE,backpack shock into any seine,good,19.67,sunny,NA,NA,Sacramento Sucker,71,NA,NA,NA,NA,NA,NA,NA,NA,NA,Small - medium gravel (50-150mm) (2-6in.),No Apparent  Cover,Riffle,NA,NA,NA,1,NA,NA,NA,NA,NA,2008
2008-2014,2008-07-01,57,NA,131,Junkyard side channel 1 - RL,39.34696863559275,-121.62696832729495,NA,EF_SE,backpack shock into any seine,good,19.67,sunny,NA,NA,Sacramento Sucker,62,NA,NA,NA,NA,NA,NA,NA,NA,NA,Small - medium gravel (50-150mm) (2-6in.),No Apparent  Cover,Riffle,NA,NA,NA,1,NA,NA,NA,NA,NA,2008
2008-2014,2008-07-01,57,NA,132,Junkyard side channel 1 - RL,39.34696863559275,-121.62696832729495,NA,EF_SE,backpack shock into any seine,good,19.67,sunny,NA,NA,Sacramento Sucker,70,NA,NA,NA,NA,NA,NA,NA,NA,NA,Small - medium gravel (50-150mm) (2-6in.),No Apparent  Cover,Riffle,NA,NA,NA,1,NA,NA,NA,NA,NA,2008
2008-2014,2008-07-01,57,NA,133,Junkyard side channel 1 - RL,39.34696863559275,-121.62696832729495,NA,EF_SE,backpack shock into any seine,good,19.67,sunny,NA,NA,Sacramento Sucker,38,NA,NA,NA,NA,NA,NA,NA,NA,NA,Small - medium gravel (50-150mm) (2-6in.),No Apparent  Cover,Riffle,NA,NA,NA,1,NA,NA,NA,NA,NA,2008
2008-2014,2008-07-01,57,NA,134,Junkyard side channel 1 - RL,39.34696863559275,-121.62696832729495,NA,EF_SE,backpack shock into any seine,good,19.67,sunny,NA,NA,Sacramento Sucker,55,NA,NA,NA,NA,NA,NA,NA,NA,NA,Small - medium gravel (50-150mm) (2-6in.),No Apparent  Cover,Riffle,NA,NA,NA,1,NA,NA,NA,NA,NA,2008
2008-2014,2008-07-01,57,NA,135,Junkyard side channel 1 - RL,39.34696863559275,-121.62696832729495,NA,EF_SE,backpack shock into any seine,good,19.67,sunny,NA,NA,Sacramento Sucker,44,NA,NA,NA,NA,NA,NA,NA,NA,NA,Small - medium gravel (50-150mm) (2-6in.),No Apparent  Cover,Riffle,NA,NA,NA,1,NA,NA,NA,NA,NA,2008
2008-2014,2008-07-01,57,NA,136,Junkyard side channel 1 - RL,39.34696863559275,-121.62696832729495,NA,EF_SE,backpack shock into any seine,good,19.67,sunny,NA,NA,Sacramento Sucker,48,NA,NA,NA,NA,NA,NA,NA,NA,NA,Small - medium gravel (50-150mm) (2-6in.),No Apparent  Cover,Riffle,NA,NA,NA,1,NA,NA,NA,NA,NA,2008
2008-2014,2008-07-01,57,NA,137,Junkyard side channel 1 - RL,39.34696863559275,-121.62696832729495,NA,EF_SE,backpack shock into any seine,good,19.67,sunny,NA,NA,Sacramento Sucker,62,NA,NA,NA,NA,NA,NA,NA,NA,NA,Small - medium gravel (50-150mm) (2-6in.),No Apparent  Cover,Riffle,NA,NA,NA,1,NA,NA,NA,NA,NA,2008
2008-2014,2008-07-01,57,NA,138,Junkyard side channel 1 - RL,39.34696863559275,-121.62696832729495,NA,EF_SE,backpack shock into any seine,good,19.67,sunny,NA,NA,Speckled Dace,60,NA,NA,NA,NA,NA,NA,NA,NA,NA,Small - medium gravel (50-150mm) (2-6in.),No Apparent  Cover,Riffle,NA,NA,NA,1,NA,NA,NA,NA,NA,2008
2008-2014,2008-07-01,57,NA,139,Junkyard side channel 1 - RL,39.34696863559275,-121.62696832729495,NA,EF_SE,backpack shock into any seine,good,19.67,sunny,NA,NA,Unid Juvenile Sculpin,NA,NA,NA,NA,NA,NA,NA,NA,NA,NA,Small - medium gravel (50-150mm) (2-6in.),No Apparent  Cover,Riffle,NA,NA,NA,1,NA,NA,NA,NA,NA,2008
2008-2014,2008-07-01,57,NA,140,Junkyard side channel 1 - RL,39.34696863559275,-121.62696832729495,NA,EF_SE,backpack shock into any seine,good,19.67,sunny,NA,NA,Unid Juvenile Sculpin,NA,NA,NA,NA,NA,NA,NA,NA,NA,NA,Small - medium gravel (50-150mm) (2-6in.),No Apparent  Cover,Riffle,NA,NA,NA,1,NA,NA,NA,NA,NA,2008
2008-2014,2008-07-01,57,NA,141,Junkyard side channel 1 - RL,39.34696863559275,-121.62696832729495,NA,EF_SE,backpack shock into any seine,good,19.67,sunny,NA,NA,Unid Juvenile Sculpin,NA,NA,NA,NA,NA,NA,NA,NA,NA,NA,Small - medium gravel (50-150mm) (2-6in.),No Apparent  Cover,Riffle,NA,NA,NA,1,NA,NA,NA,NA,NA,2008
2008-2014,2008-07-01,57,NA,142,Junkyard side channel 1 - RL,39.34696863559275,-121.62696832729495,NA,EF_SE,backpack shock into any seine,good,19.67,sunny,NA,NA,Unid Juvenile Sculpin,NA,NA,NA,NA,NA,NA,NA,NA,NA,NA,Small - medium gravel (50-150mm) (2-6in.),No Apparent  Cover,Riffle,NA,NA,NA,1,NA,NA,NA,NA,NA,2008
2008-2014,2008-07-01,57,NA,143,Junkyard side channel 1 - RL,39.34696863559275,-121.62696832729495,NA,EF_SE,backpack shock into any seine,good,19.67,sunny,NA,NA,Unid Juvenile Sculpin,NA,NA,NA,NA,NA,NA,NA,NA,NA,NA,Small - medium gravel (50-150mm) (2-6in.),No Apparent  Cover,Riffle,NA,NA,NA,1,NA,NA,NA,NA,NA,2008
2008-2014,2008-07-01,57,NA,144,Junkyard side channel 1 - RL,39.34696863559275,-121.62696832729495,NA,EF_SE,backpack shock into any seine,good,19.67,sunny,NA,NA,Unid Juvenile Sculpin,NA,NA,NA,NA,NA,NA,NA,NA,NA,NA,Small - medium gravel (50-150mm) (2-6in.),No Apparent  Cover,Riffle,NA,NA,NA,1,NA,NA,NA,NA,NA,2008
2008-2014,2008-06-18,66,NA,330,Steep Main RR - Upstream,39.462937961867105,-121.60428005334087,NA,EF_SE,backpack shock into any seine,good,17,sunny,NA,NA,Unid Juvenile Sculpin,NA,NA,NA,NA,NA,NA,NA,NA,NA,NA,Small - medium gravel (50-150mm) (2-6in.),Small Instream Objects/Woody Debris,Riffle,NA,NA,NA,1,Medium - large cobble (150-300mm) (6-12in.),NA,NA,NA,NA,2008
2008-2014,2008-06-18,66,NA,331,Steep Main RR - Upstream,39.462937961867105,-121.60428005334087,NA,EF_SE,backpack shock into any seine,good,17,sunny,NA,NA,Unid Juvenile Sculpin,NA,NA,NA,NA,NA,NA,NA,NA,NA,NA,Small - medium gravel (50-150mm) (2-6in.),Small Instream Objects/Woody Debris,Riffle,NA,NA,NA,1,Medium - large cobble (150-300mm) (6-12in.),NA,NA,NA,NA,2008
2008-2014,2008-06-18,66,NA,332,Steep Main RR - Upstream,39.462937961867105,-121.60428005334087,NA,EF_SE,backpack shock into any seine,good,17,sunny,NA,NA,Unid Juvenile Sculpin,NA,NA,NA,NA,NA,NA,NA,NA,NA,NA,Small - medium gravel (50-150mm) (2-6in.),Small Instream Objects/Woody Debris,Riffle,NA,NA,NA,1,Medium - large cobble (150-300mm) (6-12in.),NA,NA,NA,NA,2008
2008-2014,2008-06-18,66,NA,333,Steep Main RR - Upstream,39.462937961867105,-121.60428005334087,NA,EF_SE,backpack shock into any seine,good,17,sunny,NA,NA,Unid Juvenile Sculpin,NA,NA,NA,NA,NA,NA,NA,NA,NA,NA,Small - medium gravel (50-150mm) (2-6in.),Small Instream Objects/Woody Debris,Riffle,NA,NA,NA,1,Medium - large cobble (150-300mm) (6-12in.),NA,NA,NA,NA,2008
2008-2014,2008-06-18,66,NA,334,Steep Main RR - Upstream,39.462937961867105,-121.60428005334087,NA,EF_SE,backpack shock into any seine,good,17,sunny,NA,NA,Unid Juvenile Sculpin,NA,NA,NA,NA,NA,NA,NA,NA,NA,NA,Small - medium gravel (50-150mm) (2-6in.),Small Instream Objects/Woody Debris,Riffle,NA,NA,NA,1,Medium - large cobble (150-300mm) (6-12in.),NA,NA,NA,NA,2008
2008-2014,2008-06-18,66,NA,335,Steep Main RR - Upstream,39.462937961867105,-121.60428005334087,NA,EF_SE,backpack shock into any seine,good,17,sunny,NA,NA,Unid Juvenile Sculpin,NA,NA,NA,NA,NA,NA,NA,NA,NA,NA,Small - medium gravel (50-150mm) (2-6in.),Small Instream Objects/Woody Debris,Riffle,NA,NA,NA,1,Medium - large cobble (150-300mm) (6-12in.),NA,NA,NA,NA,2008
2008-2014,2008-06-18,66,NA,336,Steep Main RR - Upstream,39.462937961867105,-121.60428005334087,NA,EF_SE,backpack shock into any seine,good,17,sunny,NA,NA,Unid Juvenile Sculpin,NA,NA,NA,NA,NA,NA,NA,NA,NA,NA,Small - medium gravel (50-150mm) (2-6in.),Small Instream Objects/Woody Debris,Riffle,NA,NA,NA,1,Medium - large cobble (150-300mm) (6-12in.),NA,NA,NA,NA,2008
2008-2014,2008-06-18,66,NA,337,Steep Main RR - Upstream,39.462937961867105,-121.60428005334087,NA,EF_SE,backpack shock into any seine,good,17,sunny,NA,NA,Unid Juvenile Sculpin,NA,NA,NA,NA,NA,NA,NA,NA,NA,NA,Small - medium gravel (50-150mm) (2-6in.),Small Instream Objects/Woody Debris,Riffle,NA,NA,NA,1,Medium - large cobble (150-300mm) (6-12in.),NA,NA,NA,NA,2008
2008-2014,2008-06-18,66,NA,338,Steep Main RR - Upstream,39.462937961867105,-121.60428005334087,NA,EF_SE,backpack shock into any seine,good,17,sunny,NA,NA,Unid Juvenile Sculpin,NA,NA,NA,NA,NA,NA,NA,NA,NA,NA,Small - medium gravel (50-150mm) (2-6in.),Small Instream Objects/Woody Debris,Riffle,NA,NA,NA,1,Medium - large cobble (150-300mm) (6-12in.),NA,NA,NA,NA,2008
2008-2014,2008-06-18,66,NA,339,Steep Main RR - Upstream,39.462937961867105,-121.60428005334087,NA,EF_SE,backpack shock into any seine,good,17,sunny,NA,NA,Unid Juvenile Sculpin,NA,NA,NA,NA,NA,NA,NA,NA,NA,NA,Small - medium gravel (50-150mm) (2-6in.),Small Instream Objects/Woody Debris,Riffle,NA,NA,NA,1,Medium - large cobble (150-300mm) (6-12in.),NA,NA,NA,NA,2008
2008-2014,2008-06-18,66,NA,340,Steep Main RR - Upstream,39.462937961867105,-121.60428005334087,NA,EF_SE,backpack shock into any seine,good,17,sunny,NA,NA,Unid Juvenile Sculpin,NA,NA,NA,NA,NA,NA,NA,NA,NA,NA,Small - medium gravel (50-150mm) (2-6in.),Small Instream Objects/Woody Debris,Riffle,NA,NA,NA,1,Medium - large cobble (150-300mm) (6-12in.),NA,NA,NA,NA,2008
2008-2014,2008-06-18,66,NA,341,Steep Main RR - Upstream,39.462937961867105,-121.60428005334087,NA,EF_SE,backpack shock into any seine,good,17,sunny,NA,NA,Unid Juvenile Sculpin,NA,NA,NA,NA,NA,NA,NA,NA,NA,NA,Small - medium gravel (50-150mm) (2-6in.),Small Instream Objects/Woody Debris,Riffle,NA,NA,NA,1,Medium - large cobble (150-300mm) (6-12in.),NA,NA,NA,NA,2008
2008-2014,2008-06-18,66,NA,342,Steep Main RR - Upstream,39.462937961867105,-121.60428005334087,NA,EF_SE,backpack shock into any seine,good,17,sunny,NA,NA,Unid Juvenile Sculpin,NA,NA,NA,NA,NA,NA,NA,NA,NA,NA,Small - medium gravel (50-150mm) (2-6in.),Small Instream Objects/Woody Debris,Riffle,NA,NA,NA,1,Medium - large cobble (150-300mm) (6-12in.),NA,NA,NA,NA,2008
2008-2014,2008-06-18,66,NA,343,Steep Main RR - Upstream,39.462937961867105,-121.60428005334087,NA,EF_SE,backpack shock into any seine,good,17,sunny,NA,NA,Unid Juvenile Sculpin,NA,NA,NA,NA,NA,NA,NA,NA,NA,NA,Small - medium gravel (50-150mm) (2-6in.),Small Instream Objects/Woody Debris,Riffle,NA,NA,NA,1,Medium - large cobble (150-300mm) (6-12in.),NA,NA,NA,NA,2008
2008-2014,2008-06-18,66,NA,344,Steep Main RR - Upstream,39.462937961867105,-121.60428005334087,NA,EF_SE,backpack shock into any seine,good,17,sunny,NA,NA,Unid Juvenile Sculpin,NA,NA,NA,NA,NA,NA,NA,NA,NA,NA,Small - medium gravel (50-150mm) (2-6in.),Small Instream Objects/Woody Debris,Riffle,NA,NA,NA,1,Medium - large cobble (150-300mm) (6-12in.),NA,NA,NA,NA,2008
2008-2014,2008-06-18,66,NA,345,Steep Main RR - Upstream,39.462937961867105,-121.60428005334087,NA,EF_SE,backpack shock into any seine,good,17,sunny,NA,NA,Steelhead Trout - form not i.d.'d,103,silvery parr,NA,NA,NA,NA,NA,NA,NA,NA,Small - medium gravel (50-150mm) (2-6in.),Small Instream Objects/Woody Debris,Riffle,NA,NA,NA,1,Medium - large cobble (150-300mm) (6-12in.),NA,NA,NA,NA,2008
2008-2014,2008-06-18,66,NA,346,Steep Main RR - Upstream,39.462937961867105,-121.60428005334087,NA,EF_SE,backpack shock into any seine,good,17,sunny,NA,NA,Steelhead Trout - form not i.d.'d,81,parr,NA,NA,NA,NA,NA,NA,NA,NA,Small - medium gravel (50-150mm) (2-6in.),Small Instream Objects/Woody Debris,Riffle,NA,NA,NA,1,Medium - large cobble (150-300mm) (6-12in.),NA,NA,NA,NA,2008
2008-2014,2008-06-18,66,NA,347,Steep Main RR - Upstream,39.462937961867105,-121.60428005334087,NA,EF_SE,backpack shock into any seine,good,17,sunny,NA,NA,Rainbow Trout (wild),82,parr,NA,NA,NA,NA,NA,NA,NA,NA,Small - medium gravel (50-150mm) (2-6in.),Small Instream Objects/Woody Debris,Riffle,NA,NA,NA,1,Medium - large cobble (150-300mm) (6-12in.),NA,NA,NA,NA,2008
2008-2014,2008-06-18,66,NA,348,Steep Main RR - Upstream,39.462937961867105,-121.60428005334087,NA,EF_SE,backpack shock into any seine,good,17,sunny,NA,NA,Rainbow Trout (wild),95,parr,NA,NA,NA,NA,NA,NA,NA,NA,Small - medium gravel (50-150mm) (2-6in.),Small Instream Objects/Woody Debris,Riffle,NA,NA,NA,1,Medium - large cobble (150-300mm) (6-12in.),NA,NA,NA,NA,2008
2008-2014,2008-06-18,66,NA,349,Steep Main RR - Upstream,39.462937961867105,-121.60428005334087,NA,EF_SE,backpack shock into any seine,good,17,sunny,NA,NA,Pacific Lamprey,NA,NA,NA,NA,NA,NA,NA,NA,NA,NA,Small - medium gravel (50-150mm) (2-6in.),Small Instream Objects/Woody Debris,Riffle,NA,NA,NA,1,Medium - large cobble (150-300mm) (6-12in.),NA,NA,NA,NA,2008
2008-2014,2008-06-18,66,NA,350,Steep Main RR - Upstream,39.462937961867105,-121.60428005334087,NA,EF_SE,backpack shock into any seine,good,17,sunny,NA,NA,Chinook Salmon- Fall,NA,silvery parr,NA,NA,NA,NA,NA,NA,NA,NA,Small - medium gravel (50-150mm) (2-6in.),Small Instream Objects/Woody Debris,Riffle,NA,NA,NA,1,Medium - large cobble (150-300mm) (6-12in.),NA,NA,NA,NA,2008
2008-2014,2008-06-18,67,NA,351,Steep Main RR - Downstream,39.462240707619635,-121.60468317506228,NA,EF_SE,backpack shock into any seine,good,16,sunny,NA,NA,Riffle Sculpin,NA,NA,NA,NA,NA,NA,NA,NA,NA,NA,Small - medium gravel (50-150mm) (2-6in.),Small Instream Objects/Woody Debris,Riffle,NA,NA,NA,1,Medium - large cobble (150-300mm) (6-12in.),NA,NA,Overhead Objects,NA,2008
2008-2014,2008-06-18,67,NA,352,Steep Main RR - Downstream,39.462240707619635,-121.60468317506228,NA,EF_SE,backpack shock into any seine,good,16,sunny,NA,NA,Riffle Sculpin,NA,NA,NA,NA,NA,NA,NA,NA,NA,NA,Small - medium gravel (50-150mm) (2-6in.),Small Instream Objects/Woody Debris,Riffle,NA,NA,NA,1,Medium - large cobble (150-300mm) (6-12in.),NA,NA,Overhead Objects,NA,2008
2008-2014,2008-06-18,67,NA,353,Steep Main RR - Downstream,39.462240707619635,-121.60468317506228,NA,EF_SE,backpack shock into any seine,good,16,sunny,NA,NA,Riffle Sculpin,NA,NA,NA,NA,NA,NA,NA,NA,NA,NA,Small - medium gravel (50-150mm) (2-6in.),Small Instream Objects/Woody Debris,Riffle,NA,NA,NA,1,Medium - large cobble (150-300mm) (6-12in.),NA,NA,Overhead Objects,NA,2008
2008-2014,2008-06-18,67,NA,354,Steep Main RR - Downstream,39.462240707619635,-121.60468317506228,NA,EF_SE,backpack shock into any seine,good,16,sunny,NA,NA,Riffle Sculpin,NA,NA,NA,NA,NA,NA,NA,NA,NA,NA,Small - medium gravel (50-150mm) (2-6in.),Small Instream Objects/Woody Debris,Riffle,NA,NA,NA,1,Medium - large cobble (150-300mm) (6-12in.),NA,NA,Overhead Objects,NA,2008
2008-2014,2008-06-18,67,NA,355,Steep Main RR - Downstream,39.462240707619635,-121.60468317506228,NA,EF_SE,backpack shock into any seine,good,16,sunny,NA,NA,Riffle Sculpin,NA,NA,NA,NA,NA,NA,NA,NA,NA,NA,Small - medium gravel (50-150mm) (2-6in.),Small Instream Objects/Woody Debris,Riffle,NA,NA,NA,1,Medium - large cobble (150-300mm) (6-12in.),NA,NA,Overhead Objects,NA,2008
2008-2014,2008-06-18,67,NA,356,Steep Main RR - Downstream,39.462240707619635,-121.60468317506228,NA,EF_SE,backpack shock into any seine,good,16,sunny,NA,NA,Riffle Sculpin,NA,NA,NA,NA,NA,NA,NA,NA,NA,NA,Small - medium gravel (50-150mm) (2-6in.),Small Instream Objects/Woody Debris,Riffle,NA,NA,NA,1,Medium - large cobble (150-300mm) (6-12in.),NA,NA,Overhead Objects,NA,2008
2008-2014,2008-06-18,67,NA,357,Steep Main RR - Downstream,39.462240707619635,-121.60468317506228,NA,EF_SE,backpack shock into any seine,good,16,sunny,NA,NA,Riffle Sculpin,NA,NA,NA,NA,NA,NA,NA,NA,NA,NA,Small - medium gravel (50-150mm) (2-6in.),Small Instream Objects/Woody Debris,Riffle,NA,NA,NA,1,Medium - large cobble (150-300mm) (6-12in.),NA,NA,Overhead Objects,NA,2008
2008-2014,2008-06-18,67,NA,358,Steep Main RR - Downstream,39.462240707619635,-121.60468317506228,NA,EF_SE,backpack shock into any seine,good,16,sunny,NA,NA,Riffle Sculpin,NA,NA,NA,NA,NA,NA,NA,NA,NA,NA,Small - medium gravel (50-150mm) (2-6in.),Small Instream Objects/Woody Debris,Riffle,NA,NA,NA,1,Medium - large cobble (150-300mm) (6-12in.),NA,NA,Overhead Objects,NA,2008
2008-2014,2008-06-18,67,NA,359,Steep Main RR - Downstream,39.462240707619635,-121.60468317506228,NA,EF_SE,backpack shock into any seine,good,16,sunny,NA,NA,Riffle Sculpin,NA,NA,NA,NA,NA,NA,NA,NA,NA,NA,Small - medium gravel (50-150mm) (2-6in.),Small Instream Objects/Woody Debris,Riffle,NA,NA,NA,1,Medium - large cobble (150-300mm) (6-12in.),NA,NA,Overhead Objects,NA,2008
2008-2014,2008-06-18,67,NA,360,Steep Main RR - Downstream,39.462240707619635,-121.60468317506228,NA,EF_SE,backpack shock into any seine,good,16,sunny,NA,NA,Riffle Sculpin,NA,NA,NA,NA,NA,NA,NA,NA,NA,NA,Small - medium gravel (50-150mm) (2-6in.),Small Instream Objects/Woody Debris,Riffle,NA,NA,NA,1,Medium - large cobble (150-300mm) (6-12in.),NA,NA,Overhead Objects,NA,2008
2008-2014,2008-06-18,67,NA,361,Steep Main RR - Downstream,39.462240707619635,-121.60468317506228,NA,EF_SE,backpack shock into any seine,good,16,sunny,NA,NA,Riffle Sculpin,NA,NA,NA,NA,NA,NA,NA,NA,NA,NA,Small - medium gravel (50-150mm) (2-6in.),Small Instream Objects/Woody Debris,Riffle,NA,NA,NA,1,Medium - large cobble (150-300mm) (6-12in.),NA,NA,Overhead Objects,NA,2008
2008-2014,2008-06-18,67,NA,362,Steep Main RR - Downstream,39.462240707619635,-121.60468317506228,NA,EF_SE,backpack shock into any seine,good,16,sunny,NA,NA,Riffle Sculpin,NA,NA,NA,NA,NA,NA,NA,NA,NA,NA,Small - medium gravel (50-150mm) (2-6in.),Small Instream Objects/Woody Debris,Riffle,NA,NA,NA,1,Medium - large cobble (150-300mm) (6-12in.),NA,NA,Overhead Objects,NA,2008
2008-2014,2008-06-18,67,NA,363,Steep Main RR - Downstream,39.462240707619635,-121.60468317506228,NA,EF_SE,backpack shock into any seine,good,16,sunny,NA,NA,Prickly Sculpin,NA,NA,NA,NA,NA,NA,NA,NA,NA,NA,Small - medium gravel (50-150mm) (2-6in.),Small Instream Objects/Woody Debris,Riffle,NA,NA,NA,1,Medium - large cobble (150-300mm) (6-12in.),NA,NA,Overhead Objects,NA,2008
2008-2014,2008-06-18,67,NA,364,Steep Main RR - Downstream,39.462240707619635,-121.60468317506228,NA,EF_SE,backpack shock into any seine,good,16,sunny,NA,NA,Prickly Sculpin,NA,NA,NA,NA,NA,NA,NA,NA,NA,NA,Small - medium gravel (50-150mm) (2-6in.),Small Instream Objects/Woody Debris,Riffle,NA,NA,NA,1,Medium - large cobble (150-300mm) (6-12in.),NA,NA,Overhead Objects,NA,2008
2008-2014,2008-06-18,67,NA,365,Steep Main RR - Downstream,39.462240707619635,-121.60468317506228,NA,EF_SE,backpack shock into any seine,good,16,sunny,NA,NA,Prickly Sculpin,NA,NA,NA,NA,NA,NA,NA,NA,NA,NA,Small - medium gravel (50-150mm) (2-6in.),Small Instream Objects/Woody Debris,Riffle,NA,NA,NA,1,Medium - large cobble (150-300mm) (6-12in.),NA,NA,Overhead Objects,NA,2008
2008-2014,2008-06-18,67,NA,366,Steep Main RR - Downstream,39.462240707619635,-121.60468317506228,NA,EF_SE,backpack shock into any seine,good,16,sunny,NA,NA,Prickly Sculpin,NA,NA,NA,NA,NA,NA,NA,NA,NA,NA,Small - medium gravel (50-150mm) (2-6in.),Small Instream Objects/Woody Debris,Riffle,NA,NA,NA,1,Medium - large cobble (150-300mm) (6-12in.),NA,NA,Overhead Objects,NA,2008
2008-2014,2008-06-18,67,NA,367,Steep Main RR - Downstream,39.462240707619635,-121.60468317506228,NA,EF_SE,backpack shock into any seine,good,16,sunny,NA,NA,Prickly Sculpin,NA,NA,NA,NA,NA,NA,NA,NA,NA,NA,Small - medium gravel (50-150mm) (2-6in.),Small Instream Objects/Woody Debris,Riffle,NA,NA,NA,1,Medium - large cobble (150-300mm) (6-12in.),NA,NA,Overhead Objects,NA,2008
2008-2014,2008-06-18,67,NA,368,Steep Main RR - Downstream,39.462240707619635,-121.60468317506228,NA,EF_SE,backpack shock into any seine,good,16,sunny,NA,NA,Prickly Sculpin,NA,NA,NA,NA,NA,NA,NA,NA,NA,NA,Small - medium gravel (50-150mm) (2-6in.),Small Instream Objects/Woody Debris,Riffle,NA,NA,NA,1,Medium - large cobble (150-300mm) (6-12in.),NA,NA,Overhead Objects,NA,2008
2008-2014,2008-06-18,67,NA,369,Steep Main RR - Downstream,39.462240707619635,-121.60468317506228,NA,EF_SE,backpack shock into any seine,good,16,sunny,NA,NA,Prickly Sculpin,NA,NA,NA,NA,NA,NA,NA,NA,NA,NA,Small - medium gravel (50-150mm) (2-6in.),Small Instream Objects/Woody Debris,Riffle,NA,NA,NA,1,Medium - large cobble (150-300mm) (6-12in.),NA,NA,Overhead Objects,NA,2008
2008-2014,2008-06-18,67,NA,370,Steep Main RR - Downstream,39.462240707619635,-121.60468317506228,NA,EF_SE,backpack shock into any seine,good,16,sunny,NA,NA,Prickly Sculpin,NA,NA,NA,NA,NA,NA,NA,NA,NA,NA,Small - medium gravel (50-150mm) (2-6in.),Small Instream Objects/Woody Debris,Riffle,NA,NA,NA,1,Medium - large cobble (150-300mm) (6-12in.),NA,NA,Overhead Objects,NA,2008
2008-2014,2008-06-18,67,NA,371,Steep Main RR - Downstream,39.462240707619635,-121.60468317506228,NA,EF_SE,backpack shock into any seine,good,16,sunny,NA,NA,Prickly Sculpin,NA,NA,NA,NA,NA,NA,NA,NA,NA,NA,Small - medium gravel (50-150mm) (2-6in.),Small Instream Objects/Woody Debris,Riffle,NA,NA,NA,1,Medium - large cobble (150-300mm) (6-12in.),NA,NA,Overhead Objects,NA,2008
2008-2014,2008-06-18,67,NA,372,Steep Main RR - Downstream,39.462240707619635,-121.60468317506228,NA,EF_SE,backpack shock into any seine,good,16,sunny,NA,NA,Unid Juvenile Sculpin,NA,NA,NA,NA,NA,NA,NA,NA,NA,NA,Small - medium gravel (50-150mm) (2-6in.),Small Instream Objects/Woody Debris,Riffle,NA,NA,NA,1,Medium - large cobble (150-300mm) (6-12in.),NA,NA,Overhead Objects,NA,2008
2008-2014,2008-06-18,67,NA,373,Steep Main RR - Downstream,39.462240707619635,-121.60468317506228,NA,EF_SE,backpack shock into any seine,good,16,sunny,NA,NA,Unid Juvenile Sculpin,NA,NA,NA,NA,NA,NA,NA,NA,NA,NA,Small - medium gravel (50-150mm) (2-6in.),Small Instream Objects/Woody Debris,Riffle,NA,NA,NA,1,Medium - large cobble (150-300mm) (6-12in.),NA,NA,Overhead Objects,NA,2008
2008-2014,2008-06-18,67,NA,374,Steep Main RR - Downstream,39.462240707619635,-121.60468317506228,NA,EF_SE,backpack shock into any seine,good,16,sunny,NA,NA,Unid Juvenile Sculpin,NA,NA,NA,NA,NA,NA,NA,NA,NA,NA,Small - medium gravel (50-150mm) (2-6in.),Small Instream Objects/Woody Debris,Riffle,NA,NA,NA,1,Medium - large cobble (150-300mm) (6-12in.),NA,NA,Overhead Objects,NA,2008
2008-2014,2008-06-18,67,NA,375,Steep Main RR - Downstream,39.462240707619635,-121.60468317506228,NA,EF_SE,backpack shock into any seine,good,16,sunny,NA,NA,Unid Juvenile Sculpin,NA,NA,NA,NA,NA,NA,NA,NA,NA,NA,Small - medium gravel (50-150mm) (2-6in.),Small Instream Objects/Woody Debris,Riffle,NA,NA,NA,1,Medium - large cobble (150-300mm) (6-12in.),NA,NA,Overhead Objects,NA,2008
2008-2014,2008-06-18,67,NA,376,Steep Main RR - Downstream,39.462240707619635,-121.60468317506228,NA,EF_SE,backpack shock into any seine,good,16,sunny,NA,NA,Unid Juvenile Sculpin,NA,NA,NA,NA,NA,NA,NA,NA,NA,NA,Small - medium gravel (50-150mm) (2-6in.),Small Instream Objects/Woody Debris,Riffle,NA,NA,NA,1,Medium - large cobble (150-300mm) (6-12in.),NA,NA,Overhead Objects,NA,2008
2008-2014,2008-06-18,67,NA,377,Steep Main RR - Downstream,39.462240707619635,-121.60468317506228,NA,EF_SE,backpack shock into any seine,good,16,sunny,NA,NA,Unid Juvenile Sculpin,NA,NA,NA,NA,NA,NA,NA,NA,NA,NA,Small - medium gravel (50-150mm) (2-6in.),Small Instream Objects/Woody Debris,Riffle,NA,NA,NA,1,Medium - large cobble (150-300mm) (6-12in.),NA,NA,Overhead Objects,NA,2008
2008-2014,2008-06-18,67,NA,378,Steep Main RR - Downstream,39.462240707619635,-121.60468317506228,NA,EF_SE,backpack shock into any seine,good,16,sunny,NA,NA,Unid Juvenile Sculpin,NA,NA,NA,NA,NA,NA,NA,NA,NA,NA,Small - medium gravel (50-150mm) (2-6in.),Small Instream Objects/Woody Debris,Riffle,NA,NA,NA,1,Medium - large cobble (150-300mm) (6-12in.),NA,NA,Overhead Objects,NA,2008
2008-2014,2008-06-18,67,NA,379,Steep Main RR - Downstream,39.462240707619635,-121.60468317506228,NA,EF_SE,backpack shock into any seine,good,16,sunny,NA,NA,Chinook Salmon- Fall,NA,parr,NA,NA,NA,NA,NA,NA,NA,NA,Small - medium gravel (50-150mm) (2-6in.),Small Instream Objects/Woody Debris,Riffle,NA,NA,NA,1,Medium - large cobble (150-300mm) (6-12in.),NA,NA,Overhead Objects,NA,2008
2008-2014,2008-06-17,68,NA,380,Steep side channel - Downstream,39.46243841443723,-121.60356118035766,NA,EF_SE,backpack shock into any seine,good,17.39,sunny,NA,NA,Steelhead Trout - form not i.d.'d,83,parr,NA,NA,NA,NA,NA,NA,NA,NA,Small - medium gravel (50-150mm) (2-6in.),Small Instream Objects/Woody Debris,Riffle,NA,NA,NA,1,NA,NA,NA,Overhead Objects,NA,2008
2008-2014,2008-06-17,68,NA,381,Steep side channel - Downstream,39.46243841443723,-121.60356118035766,NA,EF_SE,backpack shock into any seine,good,17.39,sunny,NA,NA,Prickly Sculpin,NA,NA,NA,NA,NA,NA,NA,NA,NA,NA,Small - medium gravel (50-150mm) (2-6in.),Small Instream Objects/Woody Debris,Riffle,NA,NA,NA,1,NA,NA,NA,Overhead Objects,NA,2008
2008-2014,2008-06-17,68,NA,382,Steep side channel - Downstream,39.46243841443723,-121.60356118035766,NA,EF_SE,backpack shock into any seine,good,17.39,sunny,NA,NA,Unid Juvenile Sculpin,NA,NA,NA,NA,NA,NA,NA,NA,NA,NA,Small - medium gravel (50-150mm) (2-6in.),Small Instream Objects/Woody Debris,Riffle,NA,NA,NA,1,NA,NA,NA,Overhead Objects,NA,2008
2008-2014,2008-06-17,68,NA,383,Steep side channel - Downstream,39.46243841443723,-121.60356118035766,NA,EF_SE,backpack shock into any seine,good,17.39,sunny,NA,NA,Sacramento Sucker,41,NA,NA,NA,NA,NA,NA,NA,NA,NA,Small - medium gravel (50-150mm) (2-6in.),Small Instream Objects/Woody Debris,Riffle,NA,NA,NA,1,NA,NA,NA,Overhead Objects,NA,2008
2008-2014,2008-06-17,69,NA,384,Steep side channel - Upstream,39.46298184138251,-121.60336633450677,NA,EF_SE,backpack shock into any seine,good,17.83,sunny,NA,NA,Steelhead Trout - form not i.d.'d,102,parr,NA,NA,NA,NA,NA,NA,NA,NA,Medium - large cobble (150-300mm) (6-12in.),Small Instream Objects/Woody Debris,Riffle,NA,NA,NA,1,NA,NA,NA,Overhead Objects,NA,2008
2008-2014,2008-06-17,69,NA,385,Steep side channel - Upstream,39.46298184138251,-121.60336633450677,NA,EF_SE,backpack shock into any seine,good,17.83,sunny,NA,NA,Chinook Salmon- Fall,59,parr,NA,NA,NA,NA,NA,NA,NA,NA,Medium - large cobble (150-300mm) (6-12in.),Small Instream Objects/Woody Debris,Riffle,NA,NA,NA,1,NA,NA,NA,Overhead Objects,NA,2008
2008-2014,2008-06-17,69,NA,386,Steep side channel - Upstream,39.46298184138251,-121.60336633450677,NA,EF_SE,backpack shock into any seine,good,17.83,sunny,NA,NA,Chinook Salmon- Fall,95,silvery parr,NA,NA,NA,NA,NA,NA,NA,NA,Medium - large cobble (150-300mm) (6-12in.),Small Instream Objects/Woody Debris,Riffle,NA,NA,NA,1,NA,NA,NA,Overhead Objects,NA,2008
2008-2014,2008-06-17,69,NA,387,Steep side channel - Upstream,39.46298184138251,-121.60336633450677,NA,EF_SE,backpack shock into any seine,good,17.83,sunny,NA,NA,Chinook Salmon- Fall,89,silvery parr,NA,NA,NA,NA,NA,NA,NA,NA,Medium - large cobble (150-300mm) (6-12in.),Small Instream Objects/Woody Debris,Riffle,NA,NA,NA,1,NA,NA,NA,Overhead Objects,NA,2008
2008-2014,2008-06-17,69,NA,388,Steep side channel - Upstream,39.46298184138251,-121.60336633450677,NA,EF_SE,backpack shock into any seine,good,17.83,sunny,NA,NA,Prickly Sculpin,NA,NA,NA,NA,NA,NA,NA,NA,NA,NA,Medium - large cobble (150-300mm) (6-12in.),Small Instream Objects/Woody Debris,Riffle,NA,NA,NA,1,NA,NA,NA,Overhead Objects,NA,2008
2008-2014,2008-06-17,69,NA,389,Steep side channel - Upstream,39.46298184138251,-121.60336633450677,NA,EF_SE,backpack shock into any seine,good,17.83,sunny,NA,NA,Prickly Sculpin,NA,NA,NA,NA,NA,NA,NA,NA,NA,NA,Medium - large cobble (150-300mm) (6-12in.),Small Instream Objects/Woody Debris,Riffle,NA,NA,NA,1,NA,NA,NA,Overhead Objects,NA,2008
2008-2014,2008-06-17,69,NA,390,Steep side channel - Upstream,39.46298184138251,-121.60336633450677,NA,EF_SE,backpack shock into any seine,good,17.83,sunny,NA,NA,Prickly Sculpin,NA,NA,NA,NA,NA,NA,NA,NA,NA,NA,Medium - large cobble (150-300mm) (6-12in.),Small Instream Objects/Woody Debris,Riffle,NA,NA,NA,1,NA,NA,NA,Overhead Objects,NA,2008
2008-2014,2008-06-17,69,NA,391,Steep side channel - Upstream,39.46298184138251,-121.60336633450677,NA,EF_SE,backpack shock into any seine,good,17.83,sunny,NA,NA,Prickly Sculpin,NA,NA,NA,NA,NA,NA,NA,NA,NA,NA,Medium - large cobble (150-300mm) (6-12in.),Small Instream Objects/Woody Debris,Riffle,NA,NA,NA,1,NA,NA,NA,Overhead Objects,NA,2008
2008-2014,2008-06-17,69,NA,392,Steep side channel - Upstream,39.46298184138251,-121.60336633450677,NA,EF_SE,backpack shock into any seine,good,17.83,sunny,NA,NA,Prickly Sculpin,NA,NA,NA,NA,NA,NA,NA,NA,NA,NA,Medium - large cobble (150-300mm) (6-12in.),Small Instream Objects/Woody Debris,Riffle,NA,NA,NA,1,NA,NA,NA,Overhead Objects,NA,2008
2008-2014,2008-06-17,69,NA,393,Steep side channel - Upstream,39.46298184138251,-121.60336633450677,NA,EF_SE,backpack shock into any seine,good,17.83,sunny,NA,NA,Prickly Sculpin,NA,NA,NA,NA,NA,NA,NA,NA,NA,NA,Medium - large cobble (150-300mm) (6-12in.),Small Instream Objects/Woody Debris,Riffle,NA,NA,NA,1,NA,NA,NA,Overhead Objects,NA,2008
2008-2014,2008-06-17,69,NA,394,Steep side channel - Upstream,39.46298184138251,-121.60336633450677,NA,EF_SE,backpack shock into any seine,good,17.83,sunny,NA,NA,Prickly Sculpin,NA,NA,NA,NA,NA,NA,NA,NA,NA,NA,Medium - large cobble (150-300mm) (6-12in.),Small Instream Objects/Woody Debris,Riffle,NA,NA,NA,1,NA,NA,NA,Overhead Objects,NA,2008
2008-2014,2008-06-17,69,NA,395,Steep side channel - Upstream,39.46298184138251,-121.60336633450677,NA,EF_SE,backpack shock into any seine,good,17.83,sunny,NA,NA,Prickly Sculpin,NA,NA,NA,NA,NA,NA,NA,NA,NA,NA,Medium - large cobble (150-300mm) (6-12in.),Small Instream Objects/Woody Debris,Riffle,NA,NA,NA,1,NA,NA,NA,Overhead Objects,NA,2008
2008-2014,2008-06-17,69,NA,396,Steep side channel - Upstream,39.46298184138251,-121.60336633450677,NA,EF_SE,backpack shock into any seine,good,17.83,sunny,NA,NA,Prickly Sculpin,NA,NA,NA,NA,NA,NA,NA,NA,NA,NA,Medium - large cobble (150-300mm) (6-12in.),Small Instream Objects/Woody Debris,Riffle,NA,NA,NA,1,NA,NA,NA,Overhead Objects,NA,2008
2008-2014,2008-06-17,69,NA,397,Steep side channel - Upstream,39.46298184138251,-121.60336633450677,NA,EF_SE,backpack shock into any seine,good,17.83,sunny,NA,NA,Prickly Sculpin,NA,NA,NA,NA,NA,NA,NA,NA,NA,NA,Medium - large cobble (150-300mm) (6-12in.),Small Instream Objects/Woody Debris,Riffle,NA,NA,NA,1,NA,NA,NA,Overhead Objects,NA,2008
2008-2014,2008-06-17,69,NA,398,Steep side channel - Upstream,39.46298184138251,-121.60336633450677,NA,EF_SE,backpack shock into any seine,good,17.83,sunny,NA,NA,Prickly Sculpin,NA,NA,NA,NA,NA,NA,NA,NA,NA,NA,Medium - large cobble (150-300mm) (6-12in.),Small Instream Objects/Woody Debris,Riffle,NA,NA,NA,1,NA,NA,NA,Overhead Objects,NA,2008
2008-2014,2008-06-17,69,NA,399,Steep side channel - Upstream,39.46298184138251,-121.60336633450677,NA,EF_SE,backpack shock into any seine,good,17.83,sunny,NA,NA,Prickly Sculpin,NA,NA,NA,NA,NA,NA,NA,NA,NA,NA,Medium - large cobble (150-300mm) (6-12in.),Small Instream Objects/Woody Debris,Riffle,NA,NA,NA,1,NA,NA,NA,Overhead Objects,NA,2008
2008-2014,2008-06-17,69,NA,400,Steep side channel - Upstream,39.46298184138251,-121.60336633450677,NA,EF_SE,backpack shock into any seine,good,17.83,sunny,NA,NA,Riffle Sculpin,NA,NA,NA,NA,NA,NA,NA,NA,NA,NA,Medium - large cobble (150-300mm) (6-12in.),Small Instream Objects/Woody Debris,Riffle,NA,NA,NA,1,NA,NA,NA,Overhead Objects,NA,2008
2008-2014,2008-06-17,69,NA,401,Steep side channel - Upstream,39.46298184138251,-121.60336633450677,NA,EF_SE,backpack shock into any seine,good,17.83,sunny,NA,NA,Riffle Sculpin,NA,NA,NA,NA,NA,NA,NA,NA,NA,NA,Medium - large cobble (150-300mm) (6-12in.),Small Instream Objects/Woody Debris,Riffle,NA,NA,NA,1,NA,NA,NA,Overhead Objects,NA,2008
2008-2014,2008-06-17,69,NA,402,Steep side channel - Upstream,39.46298184138251,-121.60336633450677,NA,EF_SE,backpack shock into any seine,good,17.83,sunny,NA,NA,Riffle Sculpin,NA,NA,NA,NA,NA,NA,NA,NA,NA,NA,Medium - large cobble (150-300mm) (6-12in.),Small Instream Objects/Woody Debris,Riffle,NA,NA,NA,1,NA,NA,NA,Overhead Objects,NA,2008
2008-2014,2008-06-17,69,NA,403,Steep side channel - Upstream,39.46298184138251,-121.60336633450677,NA,EF_SE,backpack shock into any seine,good,17.83,sunny,NA,NA,Riffle Sculpin,NA,NA,NA,NA,NA,NA,NA,NA,NA,NA,Medium - large cobble (150-300mm) (6-12in.),Small Instream Objects/Woody Debris,Riffle,NA,NA,NA,1,NA,NA,NA,Overhead Objects,NA,2008
2008-2014,2008-06-17,69,NA,404,Steep side channel - Upstream,39.46298184138251,-121.60336633450677,NA,EF_SE,backpack shock into any seine,good,17.83,sunny,NA,NA,Riffle Sculpin,NA,NA,NA,NA,NA,NA,NA,NA,NA,NA,Medium - large cobble (150-300mm) (6-12in.),Small Instream Objects/Woody Debris,Riffle,NA,NA,NA,1,NA,NA,NA,Overhead Objects,NA,2008
2008-2014,2008-06-17,69,NA,405,Steep side channel - Upstream,39.46298184138251,-121.60336633450677,NA,EF_SE,backpack shock into any seine,good,17.83,sunny,NA,NA,Riffle Sculpin,NA,NA,NA,NA,NA,NA,NA,NA,NA,NA,Medium - large cobble (150-300mm) (6-12in.),Small Instream Objects/Woody Debris,Riffle,NA,NA,NA,1,NA,NA,NA,Overhead Objects,NA,2008
2008-2014,2008-06-17,69,NA,406,Steep side channel - Upstream,39.46298184138251,-121.60336633450677,NA,EF_SE,backpack shock into any seine,good,17.83,sunny,NA,NA,Riffle Sculpin,NA,NA,NA,NA,NA,NA,NA,NA,NA,NA,Medium - large cobble (150-300mm) (6-12in.),Small Instream Objects/Woody Debris,Riffle,NA,NA,NA,1,NA,NA,NA,Overhead Objects,NA,2008
2008-2014,2008-06-17,69,NA,407,Steep side channel - Upstream,39.46298184138251,-121.60336633450677,NA,EF_SE,backpack shock into any seine,good,17.83,sunny,NA,NA,Riffle Sculpin,NA,NA,NA,NA,NA,NA,NA,NA,NA,NA,Medium - large cobble (150-300mm) (6-12in.),Small Instream Objects/Woody Debris,Riffle,NA,NA,NA,1,NA,NA,NA,Overhead Objects,NA,2008
2008-2014,2008-06-17,69,NA,408,Steep side channel - Upstream,39.46298184138251,-121.60336633450677,NA,EF_SE,backpack shock into any seine,good,17.83,sunny,NA,NA,Unid Juvenile Sculpin,NA,NA,NA,NA,NA,NA,NA,NA,NA,NA,Medium - large cobble (150-300mm) (6-12in.),Small Instream Objects/Woody Debris,Riffle,NA,NA,NA,1,NA,NA,NA,Overhead Objects,NA,2008
2008-2014,2008-06-17,69,NA,409,Steep side channel - Upstream,39.46298184138251,-121.60336633450677,NA,EF_SE,backpack shock into any seine,good,17.83,sunny,NA,NA,Unid Juvenile Sculpin,NA,NA,NA,NA,NA,NA,NA,NA,NA,NA,Medium - large cobble (150-300mm) (6-12in.),Small Instream Objects/Woody Debris,Riffle,NA,NA,NA,1,NA,NA,NA,Overhead Objects,NA,2008
2008-2014,2008-06-17,69,NA,410,Steep side channel - Upstream,39.46298184138251,-121.60336633450677,NA,EF_SE,backpack shock into any seine,good,17.83,sunny,NA,NA,Unid Juvenile Sculpin,NA,NA,NA,NA,NA,NA,NA,NA,NA,NA,Medium - large cobble (150-300mm) (6-12in.),Small Instream Objects/Woody Debris,Riffle,NA,NA,NA,1,NA,NA,NA,Overhead Objects,NA,2008
2008-2014,2008-06-17,69,NA,411,Steep side channel - Upstream,39.46298184138251,-121.60336633450677,NA,EF_SE,backpack shock into any seine,good,17.83,sunny,NA,NA,Unid Juvenile Sculpin,NA,NA,NA,NA,NA,NA,NA,NA,NA,NA,Medium - large cobble (150-300mm) (6-12in.),Small Instream Objects/Woody Debris,Riffle,NA,NA,NA,1,NA,NA,NA,Overhead Objects,NA,2008
2008-2014,2008-06-17,69,NA,412,Steep side channel - Upstream,39.46298184138251,-121.60336633450677,NA,EF_SE,backpack shock into any seine,good,17.83,sunny,NA,NA,Unid Juvenile Sculpin,NA,NA,NA,NA,NA,NA,NA,NA,NA,NA,Medium - large cobble (150-300mm) (6-12in.),Small Instream Objects/Woody Debris,Riffle,NA,NA,NA,1,NA,NA,NA,Overhead Objects,NA,2008
2008-2014,2008-06-17,69,NA,413,Steep side channel - Upstream,39.46298184138251,-121.60336633450677,NA,EF_SE,backpack shock into any seine,good,17.83,sunny,NA,NA,Unid Juvenile Sculpin,NA,NA,NA,NA,NA,NA,NA,NA,NA,NA,Medium - large cobble (150-300mm) (6-12in.),Small Instream Objects/Woody Debris,Riffle,NA,NA,NA,1,NA,NA,NA,Overhead Objects,NA,2008
2008-2014,2008-06-17,71,NA,424,Eye side channel,39.45659105038165,-121.61411873782232,NA,EF_SE,backpack shock into any seine,good,17,sunny,NA,NA,Rainbow Trout (wild),105,parr,NA,NA,NA,NA,NA,NA,NA,NA,Small - medium gravel (50-150mm) (2-6in.),Small Instream Objects/Woody Debris,Riffle,NA,NA,NA,1,NA,NA,NA,Overhead Objects,NA,2008
2008-2014,2008-06-17,71,NA,425,Eye side channel,39.45659105038165,-121.61411873782232,NA,EF_SE,backpack shock into any seine,good,17,sunny,NA,NA,Rainbow Trout (wild),84,parr,NA,NA,NA,NA,NA,NA,NA,NA,Small - medium gravel (50-150mm) (2-6in.),Small Instream Objects/Woody Debris,Riffle,NA,NA,NA,1,NA,NA,NA,Overhead Objects,NA,2008
2008-2014,2008-06-17,71,NA,426,Eye side channel,39.45659105038165,-121.61411873782232,NA,EF_SE,backpack shock into any seine,good,17,sunny,NA,NA,Rainbow Trout (wild),91,parr,NA,NA,NA,NA,NA,NA,NA,NA,Small - medium gravel (50-150mm) (2-6in.),Small Instream Objects/Woody Debris,Riffle,NA,NA,NA,1,NA,NA,NA,Overhead Objects,NA,2008
2008-2014,2008-06-17,71,NA,427,Eye side channel,39.45659105038165,-121.61411873782232,NA,EF_SE,backpack shock into any seine,good,17,sunny,NA,NA,Rainbow Trout (wild),84,parr,NA,NA,NA,NA,NA,NA,NA,NA,Small - medium gravel (50-150mm) (2-6in.),Small Instream Objects/Woody Debris,Riffle,NA,NA,NA,1,NA,NA,NA,Overhead Objects,NA,2008
2008-2014,2008-06-17,71,NA,428,Eye side channel,39.45659105038165,-121.61411873782232,NA,EF_SE,backpack shock into any seine,good,17,sunny,NA,NA,Rainbow Trout (wild),92,parr,NA,NA,NA,NA,NA,NA,NA,NA,Small - medium gravel (50-150mm) (2-6in.),Small Instream Objects/Woody Debris,Riffle,NA,NA,NA,1,NA,NA,NA,Overhead Objects,NA,2008
2008-2014,2008-06-17,71,NA,429,Eye side channel,39.45659105038165,-121.61411873782232,NA,EF_SE,backpack shock into any seine,good,17,sunny,NA,NA,Rainbow Trout (wild),101,parr,NA,NA,NA,NA,NA,NA,NA,NA,Small - medium gravel (50-150mm) (2-6in.),Small Instream Objects/Woody Debris,Riffle,NA,NA,NA,1,NA,NA,NA,Overhead Objects,NA,2008
2008-2014,2008-06-17,71,NA,430,Eye side channel,39.45659105038165,-121.61411873782232,NA,EF_SE,backpack shock into any seine,good,17,sunny,NA,NA,Rainbow Trout (wild),77,parr,NA,NA,NA,NA,NA,NA,NA,NA,Small - medium gravel (50-150mm) (2-6in.),Small Instream Objects/Woody Debris,Riffle,NA,NA,NA,1,NA,NA,NA,Overhead Objects,NA,2008
2008-2014,2008-06-17,71,NA,431,Eye side channel,39.45659105038165,-121.61411873782232,NA,EF_SE,backpack shock into any seine,good,17,sunny,NA,NA,Rainbow Trout (wild),61,parr,NA,NA,NA,NA,NA,NA,NA,NA,Small - medium gravel (50-150mm) (2-6in.),Small Instream Objects/Woody Debris,Riffle,NA,NA,NA,1,NA,NA,NA,Overhead Objects,NA,2008
2008-2014,2008-06-17,71,NA,432,Eye side channel,39.45659105038165,-121.61411873782232,NA,EF_SE,backpack shock into any seine,good,17,sunny,NA,NA,Prickly Sculpin,NA,NA,NA,NA,NA,NA,NA,NA,NA,NA,Small - medium gravel (50-150mm) (2-6in.),Small Instream Objects/Woody Debris,Riffle,NA,NA,NA,1,NA,NA,NA,Overhead Objects,NA,2008
2008-2014,2008-06-17,71,NA,433,Eye side channel,39.45659105038165,-121.61411873782232,NA,EF_SE,backpack shock into any seine,good,17,sunny,NA,NA,Prickly Sculpin,NA,NA,NA,NA,NA,NA,NA,NA,NA,NA,Small - medium gravel (50-150mm) (2-6in.),Small Instream Objects/Woody Debris,Riffle,NA,NA,NA,1,NA,NA,NA,Overhead Objects,NA,2008
2008-2014,2008-06-17,71,NA,434,Eye side channel,39.45659105038165,-121.61411873782232,NA,EF_SE,backpack shock into any seine,good,17,sunny,NA,NA,Prickly Sculpin,NA,NA,NA,NA,NA,NA,NA,NA,NA,NA,Small - medium gravel (50-150mm) (2-6in.),Small Instream Objects/Woody Debris,Riffle,NA,NA,NA,1,NA,NA,NA,Overhead Objects,NA,2008
2008-2014,2008-06-17,71,NA,435,Eye side channel,39.45659105038165,-121.61411873782232,NA,EF_SE,backpack shock into any seine,good,17,sunny,NA,NA,Prickly Sculpin,NA,NA,NA,NA,NA,NA,NA,NA,NA,NA,Small - medium gravel (50-150mm) (2-6in.),Small Instream Objects/Woody Debris,Riffle,NA,NA,NA,1,NA,NA,NA,Overhead Objects,NA,2008
2008-2014,2008-06-17,71,NA,436,Eye side channel,39.45659105038165,-121.61411873782232,NA,EF_SE,backpack shock into any seine,good,17,sunny,NA,NA,Prickly Sculpin,NA,NA,NA,NA,NA,NA,NA,NA,NA,NA,Small - medium gravel (50-150mm) (2-6in.),Small Instream Objects/Woody Debris,Riffle,NA,NA,NA,1,NA,NA,NA,Overhead Objects,NA,2008
2008-2014,2008-06-17,71,NA,437,Eye side channel,39.45659105038165,-121.61411873782232,NA,EF_SE,backpack shock into any seine,good,17,sunny,NA,NA,Prickly Sculpin,NA,NA,NA,NA,NA,NA,NA,NA,NA,NA,Small - medium gravel (50-150mm) (2-6in.),Small Instream Objects/Woody Debris,Riffle,NA,NA,NA,1,NA,NA,NA,Overhead Objects,NA,2008
2008-2014,2008-06-17,71,NA,438,Eye side channel,39.45659105038165,-121.61411873782232,NA,EF_SE,backpack shock into any seine,good,17,sunny,NA,NA,Prickly Sculpin,NA,NA,NA,NA,NA,NA,NA,NA,NA,NA,Small - medium gravel (50-150mm) (2-6in.),Small Instream Objects/Woody Debris,Riffle,NA,NA,NA,1,NA,NA,NA,Overhead Objects,NA,2008
2008-2014,2008-06-17,71,NA,439,Eye side channel,39.45659105038165,-121.61411873782232,NA,EF_SE,backpack shock into any seine,good,17,sunny,NA,NA,Prickly Sculpin,NA,NA,NA,NA,NA,NA,NA,NA,NA,NA,Small - medium gravel (50-150mm) (2-6in.),Small Instream Objects/Woody Debris,Riffle,NA,NA,NA,1,NA,NA,NA,Overhead Objects,NA,2008
2008-2014,2008-06-17,71,NA,440,Eye side channel,39.45659105038165,-121.61411873782232,NA,EF_SE,backpack shock into any seine,good,17,sunny,NA,NA,Prickly Sculpin,NA,NA,NA,NA,NA,NA,NA,NA,NA,NA,Small - medium gravel (50-150mm) (2-6in.),Small Instream Objects/Woody Debris,Riffle,NA,NA,NA,1,NA,NA,NA,Overhead Objects,NA,2008
2008-2014,2008-06-17,71,NA,441,Eye side channel,39.45659105038165,-121.61411873782232,NA,EF_SE,backpack shock into any seine,good,17,sunny,NA,NA,Prickly Sculpin,NA,NA,NA,NA,NA,NA,NA,NA,NA,NA,Small - medium gravel (50-150mm) (2-6in.),Small Instream Objects/Woody Debris,Riffle,NA,NA,NA,1,NA,NA,NA,Overhead Objects,NA,2008
2008-2014,2008-06-17,71,NA,442,Eye side channel,39.45659105038165,-121.61411873782232,NA,EF_SE,backpack shock into any seine,good,17,sunny,NA,NA,Prickly Sculpin,NA,NA,NA,NA,NA,NA,NA,NA,NA,NA,Small - medium gravel (50-150mm) (2-6in.),Small Instream Objects/Woody Debris,Riffle,NA,NA,NA,1,NA,NA,NA,Overhead Objects,NA,2008
2008-2014,2008-06-17,71,NA,443,Eye side channel,39.45659105038165,-121.61411873782232,NA,EF_SE,backpack shock into any seine,good,17,sunny,NA,NA,Prickly Sculpin,NA,NA,NA,NA,NA,NA,NA,NA,NA,NA,Small - medium gravel (50-150mm) (2-6in.),Small Instream Objects/Woody Debris,Riffle,NA,NA,NA,1,NA,NA,NA,Overhead Objects,NA,2008
2008-2014,2008-06-17,71,NA,444,Eye side channel,39.45659105038165,-121.61411873782232,NA,EF_SE,backpack shock into any seine,good,17,sunny,NA,NA,Unid Juvenile Sculpin,NA,NA,NA,NA,NA,NA,NA,NA,NA,NA,Small - medium gravel (50-150mm) (2-6in.),Small Instream Objects/Woody Debris,Riffle,NA,NA,NA,1,NA,NA,NA,Overhead Objects,NA,2008
2008-2014,2008-06-17,71,NA,445,Eye side channel,39.45659105038165,-121.61411873782232,NA,EF_SE,backpack shock into any seine,good,17,sunny,NA,NA,Unid Juvenile Sculpin,NA,NA,NA,NA,NA,NA,NA,NA,NA,NA,Small - medium gravel (50-150mm) (2-6in.),Small Instream Objects/Woody Debris,Riffle,NA,NA,NA,1,NA,NA,NA,Overhead Objects,NA,2008
2008-2014,2008-06-17,71,NA,446,Eye side channel,39.45659105038165,-121.61411873782232,NA,EF_SE,backpack shock into any seine,good,17,sunny,NA,NA,Unid Juvenile Sculpin,NA,NA,NA,NA,NA,NA,NA,NA,NA,NA,Small - medium gravel (50-150mm) (2-6in.),Small Instream Objects/Woody Debris,Riffle,NA,NA,NA,1,NA,NA,NA,Overhead Objects,NA,2008
2008-2014,2008-06-17,71,NA,447,Eye side channel,39.45659105038165,-121.61411873782232,NA,EF_SE,backpack shock into any seine,good,17,sunny,NA,NA,Unid Juvenile Sculpin,NA,NA,NA,NA,NA,NA,NA,NA,NA,NA,Small - medium gravel (50-150mm) (2-6in.),Small Instream Objects/Woody Debris,Riffle,NA,NA,NA,1,NA,NA,NA,Overhead Objects,NA,2008
2008-2014,2008-06-17,71,NA,448,Eye side channel,39.45659105038165,-121.61411873782232,NA,EF_SE,backpack shock into any seine,good,17,sunny,NA,NA,Unid Juvenile Sculpin,NA,NA,NA,NA,NA,NA,NA,NA,NA,NA,Small - medium gravel (50-150mm) (2-6in.),Small Instream Objects/Woody Debris,Riffle,NA,NA,NA,1,NA,NA,NA,Overhead Objects,NA,2008
2008-2014,2008-06-17,71,NA,449,Eye side channel,39.45659105038165,-121.61411873782232,NA,EF_SE,backpack shock into any seine,good,17,sunny,NA,NA,Unid Juvenile Sculpin,NA,NA,NA,NA,NA,NA,NA,NA,NA,NA,Small - medium gravel (50-150mm) (2-6in.),Small Instream Objects/Woody Debris,Riffle,NA,NA,NA,1,NA,NA,NA,Overhead Objects,NA,2008
2008-2014,2008-06-17,71,NA,450,Eye side channel,39.45659105038165,-121.61411873782232,NA,EF_SE,backpack shock into any seine,good,17,sunny,NA,NA,Unid Juvenile Sculpin,NA,NA,NA,NA,NA,NA,NA,NA,NA,NA,Small - medium gravel (50-150mm) (2-6in.),Small Instream Objects/Woody Debris,Riffle,NA,NA,NA,1,NA,NA,NA,Overhead Objects,NA,2008
2008-2014,2008-06-17,71,NA,451,Eye side channel,39.45659105038165,-121.61411873782232,NA,EF_SE,backpack shock into any seine,good,17,sunny,NA,NA,Unid Juvenile Sculpin,NA,NA,NA,NA,NA,NA,NA,NA,NA,NA,Small - medium gravel (50-150mm) (2-6in.),Small Instream Objects/Woody Debris,Riffle,NA,NA,NA,1,NA,NA,NA,Overhead Objects,NA,2008
2008-2014,2008-06-17,71,NA,452,Eye side channel,39.45659105038165,-121.61411873782232,NA,EF_SE,backpack shock into any seine,good,17,sunny,NA,NA,Unid Juvenile Sculpin,NA,NA,NA,NA,NA,NA,NA,NA,NA,NA,Small - medium gravel (50-150mm) (2-6in.),Small Instream Objects/Woody Debris,Riffle,NA,NA,NA,1,NA,NA,NA,Overhead Objects,NA,2008
2008-2014,2008-06-17,71,NA,453,Eye side channel,39.45659105038165,-121.61411873782232,NA,EF_SE,backpack shock into any seine,good,17,sunny,NA,NA,Unid Juvenile Sculpin,NA,NA,NA,NA,NA,NA,NA,NA,NA,NA,Small - medium gravel (50-150mm) (2-6in.),Small Instream Objects/Woody Debris,Riffle,NA,NA,NA,1,NA,NA,NA,Overhead Objects,NA,2008
2008-2014,2008-06-17,71,NA,454,Eye side channel,39.45659105038165,-121.61411873782232,NA,EF_SE,backpack shock into any seine,good,17,sunny,NA,NA,Unid Juvenile Sculpin,NA,NA,NA,NA,NA,NA,NA,NA,NA,NA,Small - medium gravel (50-150mm) (2-6in.),Small Instream Objects/Woody Debris,Riffle,NA,NA,NA,1,NA,NA,NA,Overhead Objects,NA,2008
2008-2014,2008-06-17,71,NA,455,Eye side channel,39.45659105038165,-121.61411873782232,NA,EF_SE,backpack shock into any seine,good,17,sunny,NA,NA,Unid Juvenile Sculpin,NA,NA,NA,NA,NA,NA,NA,NA,NA,NA,Small - medium gravel (50-150mm) (2-6in.),Small Instream Objects/Woody Debris,Riffle,NA,NA,NA,1,NA,NA,NA,Overhead Objects,NA,2008
2008-2014,2008-06-17,71,NA,456,Eye side channel,39.45659105038165,-121.61411873782232,NA,EF_SE,backpack shock into any seine,good,17,sunny,NA,NA,Unid Juvenile Sculpin,NA,NA,NA,NA,NA,NA,NA,NA,NA,NA,Small - medium gravel (50-150mm) (2-6in.),Small Instream Objects/Woody Debris,Riffle,NA,NA,NA,1,NA,NA,NA,Overhead Objects,NA,2008
2008-2014,2008-06-17,71,NA,457,Eye side channel,39.45659105038165,-121.61411873782232,NA,EF_SE,backpack shock into any seine,good,17,sunny,NA,NA,Unid Juvenile Sculpin,NA,NA,NA,NA,NA,NA,NA,NA,NA,NA,Small - medium gravel (50-150mm) (2-6in.),Small Instream Objects/Woody Debris,Riffle,NA,NA,NA,1,NA,NA,NA,Overhead Objects,NA,2008
2008-2014,2008-06-17,71,NA,458,Eye side channel,39.45659105038165,-121.61411873782232,NA,EF_SE,backpack shock into any seine,good,17,sunny,NA,NA,Unid Juvenile Sculpin,NA,NA,NA,NA,NA,NA,NA,NA,NA,NA,Small - medium gravel (50-150mm) (2-6in.),Small Instream Objects/Woody Debris,Riffle,NA,NA,NA,1,NA,NA,NA,Overhead Objects,NA,2008
2008-2014,2008-06-17,71,NA,459,Eye side channel,39.45659105038165,-121.61411873782232,NA,EF_SE,backpack shock into any seine,good,17,sunny,NA,NA,Riffle Sculpin,NA,NA,NA,NA,NA,NA,NA,NA,NA,NA,Small - medium gravel (50-150mm) (2-6in.),Small Instream Objects/Woody Debris,Riffle,NA,NA,NA,1,NA,NA,NA,Overhead Objects,NA,2008
2008-2014,2008-06-17,71,NA,460,Eye side channel,39.45659105038165,-121.61411873782232,NA,EF_SE,backpack shock into any seine,good,17,sunny,NA,NA,Riffle Sculpin,NA,NA,NA,NA,NA,NA,NA,NA,NA,NA,Small - medium gravel (50-150mm) (2-6in.),Small Instream Objects/Woody Debris,Riffle,NA,NA,NA,1,NA,NA,NA,Overhead Objects,NA,2008
2008-2014,2008-06-17,74,NA,465,Eye Main RR - Downstream,39.45681138827642,-121.61503175870253,NA,EF_SE,backpack shock into any seine,good,18,sunny,NA,NA,Sacramento Sucker,20,NA,NA,NA,NA,NA,NA,NA,NA,NA,Small - medium gravel (50-150mm) (2-6in.),No Apparent  Cover,Riffle,NA,NA,NA,1,NA,NA,NA,NA,NA,2008
2008-2014,2008-06-17,74,NA,466,Eye Main RR - Downstream,39.45681138827642,-121.61503175870253,NA,EF_SE,backpack shock into any seine,good,18,sunny,NA,NA,Sacramento Sucker,21,NA,NA,NA,NA,NA,NA,NA,NA,NA,Small - medium gravel (50-150mm) (2-6in.),No Apparent  Cover,Riffle,NA,NA,NA,1,NA,NA,NA,NA,NA,2008
2008-2014,2008-06-17,74,NA,467,Eye Main RR - Downstream,39.45681138827642,-121.61503175870253,NA,EF_SE,backpack shock into any seine,good,18,sunny,NA,NA,Sacramento Sucker,20,NA,NA,NA,NA,NA,NA,NA,NA,NA,Small - medium gravel (50-150mm) (2-6in.),No Apparent  Cover,Riffle,NA,NA,NA,1,NA,NA,NA,NA,NA,2008
2008-2014,2008-06-17,74,NA,468,Eye Main RR - Downstream,39.45681138827642,-121.61503175870253,NA,EF_SE,backpack shock into any seine,good,18,sunny,NA,NA,Sacramento Sucker,23,NA,NA,NA,NA,NA,NA,NA,NA,NA,Small - medium gravel (50-150mm) (2-6in.),No Apparent  Cover,Riffle,NA,NA,NA,1,NA,NA,NA,NA,NA,2008
2008-2014,2008-06-17,74,NA,469,Eye Main RR - Downstream,39.45681138827642,-121.61503175870253,NA,EF_SE,backpack shock into any seine,good,18,sunny,NA,NA,Sacramento Sucker,22,NA,NA,NA,NA,NA,NA,NA,NA,NA,Small - medium gravel (50-150mm) (2-6in.),No Apparent  Cover,Riffle,NA,NA,NA,1,NA,NA,NA,NA,NA,2008
2008-2014,2008-06-17,74,NA,470,Eye Main RR - Downstream,39.45681138827642,-121.61503175870253,NA,EF_SE,backpack shock into any seine,good,18,sunny,NA,NA,Prickly Sculpin,NA,NA,NA,NA,NA,NA,NA,NA,NA,NA,Small - medium gravel (50-150mm) (2-6in.),No Apparent  Cover,Riffle,NA,NA,NA,1,NA,NA,NA,NA,NA,2008
2008-2014,2008-06-17,74,NA,471,Eye Main RR - Downstream,39.45681138827642,-121.61503175870253,NA,EF_SE,backpack shock into any seine,good,18,sunny,NA,NA,Prickly Sculpin,NA,NA,NA,NA,NA,NA,NA,NA,NA,NA,Small - medium gravel (50-150mm) (2-6in.),No Apparent  Cover,Riffle,NA,NA,NA,1,NA,NA,NA,NA,NA,2008
2008-2014,2008-06-17,74,NA,472,Eye Main RR - Downstream,39.45681138827642,-121.61503175870253,NA,EF_SE,backpack shock into any seine,good,18,sunny,NA,NA,Speckled Dace,52,NA,NA,NA,NA,NA,NA,NA,NA,NA,Small - medium gravel (50-150mm) (2-6in.),No Apparent  Cover,Riffle,NA,NA,NA,1,NA,NA,NA,NA,NA,2008
2008-2014,2008-06-17,74,NA,473,Eye Main RR - Downstream,39.45681138827642,-121.61503175870253,NA,EF_SE,backpack shock into any seine,good,18,sunny,NA,NA,Unid Juvenile Sculpin,NA,NA,NA,NA,NA,NA,NA,NA,NA,NA,Small - medium gravel (50-150mm) (2-6in.),No Apparent  Cover,Riffle,NA,NA,NA,1,NA,NA,NA,NA,NA,2008
2008-2014,2008-06-17,74,NA,474,Eye Main RR - Downstream,39.45681138827642,-121.61503175870253,NA,EF_SE,backpack shock into any seine,good,18,sunny,NA,NA,Unid Juvenile Sculpin,NA,NA,NA,NA,NA,NA,NA,NA,NA,NA,Small - medium gravel (50-150mm) (2-6in.),No Apparent  Cover,Riffle,NA,NA,NA,1,NA,NA,NA,NA,NA,2008
2008-2014,2008-06-17,74,NA,475,Eye Main RR - Downstream,39.45681138827642,-121.61503175870253,NA,EF_SE,backpack shock into any seine,good,18,sunny,NA,NA,Unid Juvenile Sculpin,NA,NA,NA,NA,NA,NA,NA,NA,NA,NA,Small - medium gravel (50-150mm) (2-6in.),No Apparent  Cover,Riffle,NA,NA,NA,1,NA,NA,NA,NA,NA,2008
2008-2014,2008-06-17,74,NA,476,Eye Main RR - Downstream,39.45681138827642,-121.61503175870253,NA,EF_SE,backpack shock into any seine,good,18,sunny,NA,NA,Unid Juvenile Sculpin,NA,NA,NA,NA,NA,NA,NA,NA,NA,NA,Small - medium gravel (50-150mm) (2-6in.),No Apparent  Cover,Riffle,NA,NA,NA,1,NA,NA,NA,NA,NA,2008
2008-2014,2008-06-17,75,NA,477,Eye Main RR - Upstream,39.45740715380447,-121.61417988668535,NA,EF_SE,backpack shock into any seine,good,18,sunny,NA,NA,Chinook Salmon- Fall,70,silvery parr,NA,NA,NA,NA,NA,NA,NA,NA,Small - medium gravel (50-150mm) (2-6in.),No Apparent  Cover,Riffle,NA,NA,NA,1,NA,NA,NA,NA,NA,2008
2008-2014,2008-06-17,75,NA,478,Eye Main RR - Upstream,39.45740715380447,-121.61417988668535,NA,EF_SE,backpack shock into any seine,good,18,sunny,NA,NA,Prickly Sculpin,NA,NA,NA,NA,NA,NA,NA,NA,NA,NA,Small - medium gravel (50-150mm) (2-6in.),No Apparent  Cover,Riffle,NA,NA,NA,1,NA,NA,NA,NA,NA,2008
2008-2014,2008-06-17,75,NA,479,Eye Main RR - Upstream,39.45740715380447,-121.61417988668535,NA,EF_SE,backpack shock into any seine,good,18,sunny,NA,NA,Prickly Sculpin,NA,NA,NA,NA,NA,NA,NA,NA,NA,NA,Small - medium gravel (50-150mm) (2-6in.),No Apparent  Cover,Riffle,NA,NA,NA,1,NA,NA,NA,NA,NA,2008
2008-2014,2008-06-17,75,NA,480,Eye Main RR - Upstream,39.45740715380447,-121.61417988668535,NA,EF_SE,backpack shock into any seine,good,18,sunny,NA,NA,Prickly Sculpin,NA,NA,NA,NA,NA,NA,NA,NA,NA,NA,Small - medium gravel (50-150mm) (2-6in.),No Apparent  Cover,Riffle,NA,NA,NA,1,NA,NA,NA,NA,NA,2008
2008-2014,2008-06-17,75,NA,481,Eye Main RR - Upstream,39.45740715380447,-121.61417988668535,NA,EF_SE,backpack shock into any seine,good,18,sunny,NA,NA,Unid Juvenile Sculpin,NA,NA,NA,NA,NA,NA,NA,NA,NA,NA,Small - medium gravel (50-150mm) (2-6in.),No Apparent  Cover,Riffle,NA,NA,NA,1,NA,NA,NA,NA,NA,2008
2008-2014,2008-06-25,76,NA,482,G95 SC  RR,39.43121470540894,-121.63242348793818,NA,EF_SE,backpack shock into any seine,good,19.17,overcast,NA,NA,Speckled Dace,NA,NA,NA,NA,NA,NA,NA,NA,NA,NA,Small - medium gravel (50-150mm) (2-6in.),No Apparent  Cover,Riffle,NA,NA,NA,1,NA,NA,NA,NA,NA,2008
2008-2014,2008-06-25,77,NA,483,G95 Main RL,39.43022821798607,-121.62918199217741,NA,EF_SE,backpack shock into any seine,good,19,sunny,NA,NA,Speckled Dace,54,NA,NA,NA,NA,NA,NA,NA,NA,NA,Small - medium gravel (50-150mm) (2-6in.),No Apparent  Cover,Riffle,NA,NA,NA,1,Medium - large cobble (150-300mm) (6-12in.),NA,NA,NA,NA,2008
2008-2014,2008-06-25,77,NA,484,G95 Main RL,39.43022821798607,-121.62918199217741,NA,EF_SE,backpack shock into any seine,good,19,sunny,NA,NA,Prickly Sculpin,NA,NA,NA,NA,NA,NA,NA,NA,NA,NA,Small - medium gravel (50-150mm) (2-6in.),No Apparent  Cover,Riffle,NA,NA,NA,1,Medium - large cobble (150-300mm) (6-12in.),NA,NA,NA,NA,2008
2008-2014,2008-06-25,77,NA,485,G95 Main RL,39.43022821798607,-121.62918199217741,NA,EF_SE,backpack shock into any seine,good,19,sunny,NA,NA,Prickly Sculpin,NA,NA,NA,NA,NA,NA,NA,NA,NA,NA,Small - medium gravel (50-150mm) (2-6in.),No Apparent  Cover,Riffle,NA,NA,NA,1,Medium - large cobble (150-300mm) (6-12in.),NA,NA,NA,NA,2008
2008-2014,2008-06-25,77,NA,486,G95 Main RL,39.43022821798607,-121.62918199217741,NA,EF_SE,backpack shock into any seine,good,19,sunny,NA,NA,Prickly Sculpin,NA,NA,NA,NA,NA,NA,NA,NA,NA,NA,Small - medium gravel (50-150mm) (2-6in.),No Apparent  Cover,Riffle,NA,NA,NA,1,Medium - large cobble (150-300mm) (6-12in.),NA,NA,NA,NA,2008
2008-2014,2008-06-25,77,NA,487,G95 Main RL,39.43022821798607,-121.62918199217741,NA,EF_SE,backpack shock into any seine,good,19,sunny,NA,NA,Unid Juvenile Sculpin,NA,NA,NA,NA,NA,NA,NA,NA,NA,NA,Small - medium gravel (50-150mm) (2-6in.),No Apparent  Cover,Riffle,NA,NA,NA,1,Medium - large cobble (150-300mm) (6-12in.),NA,NA,NA,NA,2008
2008-2014,2008-06-25,77,NA,488,G95 Main RL,39.43022821798607,-121.62918199217741,NA,EF_SE,backpack shock into any seine,good,19,sunny,NA,NA,Unid Juvenile Sculpin,NA,NA,NA,NA,NA,NA,NA,NA,NA,NA,Small - medium gravel (50-150mm) (2-6in.),No Apparent  Cover,Riffle,NA,NA,NA,1,Medium - large cobble (150-300mm) (6-12in.),NA,NA,NA,NA,2008
2008-2014,2008-06-25,78,NA,489,G95 SC  RR,39.43121470540894,-121.63242348793818,NA,EF_SE,39 foot beach seine with bag,good,19,sunny,NA,NA,Wakasagi,41,NA,NA,30.49,4.57,4.27,0.62,0.84,NA,NA,Small - medium gravel (50-150mm) (2-6in.),No Apparent  Cover,Run,NA,NA,NA,1,Fine - small gravel (0-50mm) (0-2in.),NA,NA,NA,NA,2008
2008-2014,2008-06-25,78,NA,490,G95 SC  RR,39.43121470540894,-121.63242348793818,NA,EF_SE,39 foot beach seine with bag,good,19,sunny,NA,NA,Wakasagi,45,NA,NA,30.49,4.57,4.27,0.62,0.84,NA,NA,Small - medium gravel (50-150mm) (2-6in.),No Apparent  Cover,Run,NA,NA,NA,1,Fine - small gravel (0-50mm) (0-2in.),NA,NA,NA,NA,2008
2008-2014,2008-06-25,78,NA,491,G95 SC  RR,39.43121470540894,-121.63242348793818,NA,EF_SE,39 foot beach seine with bag,good,19,sunny,NA,NA,Wakasagi,46,NA,NA,30.49,4.57,4.27,0.62,0.84,NA,NA,Small - medium gravel (50-150mm) (2-6in.),No Apparent  Cover,Run,NA,NA,NA,1,Fine - small gravel (0-50mm) (0-2in.),NA,NA,NA,NA,2008
2008-2014,2008-06-25,78,NA,492,G95 SC  RR,39.43121470540894,-121.63242348793818,NA,EF_SE,39 foot beach seine with bag,good,19,sunny,NA,NA,Wakasagi,43,NA,NA,30.49,4.57,4.27,0.62,0.84,NA,NA,Small - medium gravel (50-150mm) (2-6in.),No Apparent  Cover,Run,NA,NA,NA,1,Fine - small gravel (0-50mm) (0-2in.),NA,NA,NA,NA,2008
2008-2014,2008-06-25,78,NA,493,G95 SC  RR,39.43121470540894,-121.63242348793818,NA,EF_SE,39 foot beach seine with bag,good,19,sunny,NA,NA,Wakasagi,52,NA,NA,30.49,4.57,4.27,0.62,0.84,NA,NA,Small - medium gravel (50-150mm) (2-6in.),No Apparent  Cover,Run,NA,NA,NA,1,Fine - small gravel (0-50mm) (0-2in.),NA,NA,NA,NA,2008
2008-2014,2008-06-25,78,NA,494,G95 SC  RR,39.43121470540894,-121.63242348793818,NA,EF_SE,39 foot beach seine with bag,good,19,sunny,NA,NA,Wakasagi,46,NA,NA,30.49,4.57,4.27,0.62,0.84,NA,NA,Small - medium gravel (50-150mm) (2-6in.),No Apparent  Cover,Run,NA,NA,NA,1,Fine - small gravel (0-50mm) (0-2in.),NA,NA,NA,NA,2008
2008-2014,2008-06-25,78,NA,495,G95 SC  RR,39.43121470540894,-121.63242348793818,NA,EF_SE,39 foot beach seine with bag,good,19,sunny,NA,NA,Wakasagi,44,NA,NA,30.49,4.57,4.27,0.62,0.84,NA,NA,Small - medium gravel (50-150mm) (2-6in.),No Apparent  Cover,Run,NA,NA,NA,1,Fine - small gravel (0-50mm) (0-2in.),NA,NA,NA,NA,2008
2008-2014,2008-06-25,78,NA,496,G95 SC  RR,39.43121470540894,-121.63242348793818,NA,EF_SE,39 foot beach seine with bag,good,19,sunny,NA,NA,Wakasagi,35,NA,NA,30.49,4.57,4.27,0.62,0.84,NA,NA,Small - medium gravel (50-150mm) (2-6in.),No Apparent  Cover,Run,NA,NA,NA,1,Fine - small gravel (0-50mm) (0-2in.),NA,NA,NA,NA,2008
2008-2014,2008-06-25,78,NA,497,G95 SC  RR,39.43121470540894,-121.63242348793818,NA,EF_SE,39 foot beach seine with bag,good,19,sunny,NA,NA,Wakasagi,48,NA,NA,30.49,4.57,4.27,0.62,0.84,NA,NA,Small - medium gravel (50-150mm) (2-6in.),No Apparent  Cover,Run,NA,NA,NA,1,Fine - small gravel (0-50mm) (0-2in.),NA,NA,NA,NA,2008
2008-2014,2008-06-25,78,NA,498,G95 SC  RR,39.43121470540894,-121.63242348793818,NA,EF_SE,39 foot beach seine with bag,good,19,sunny,NA,NA,Wakasagi,52,NA,NA,30.49,4.57,4.27,0.62,0.84,NA,NA,Small - medium gravel (50-150mm) (2-6in.),No Apparent  Cover,Run,NA,NA,NA,1,Fine - small gravel (0-50mm) (0-2in.),NA,NA,NA,NA,2008
2008-2014,2008-06-25,78,NA,499,G95 SC  RR,39.43121470540894,-121.63242348793818,NA,EF_SE,39 foot beach seine with bag,good,19,sunny,NA,NA,Wakasagi,43,NA,NA,30.49,4.57,4.27,0.62,0.84,NA,NA,Small - medium gravel (50-150mm) (2-6in.),No Apparent  Cover,Run,NA,NA,NA,1,Fine - small gravel (0-50mm) (0-2in.),NA,NA,NA,NA,2008
2008-2014,2008-06-25,78,NA,500,G95 SC  RR,39.43121470540894,-121.63242348793818,NA,EF_SE,39 foot beach seine with bag,good,19,sunny,NA,NA,Wakasagi,41,NA,NA,30.49,4.57,4.27,0.62,0.84,NA,NA,Small - medium gravel (50-150mm) (2-6in.),No Apparent  Cover,Run,NA,NA,NA,1,Fine - small gravel (0-50mm) (0-2in.),NA,NA,NA,NA,2008
2008-2014,2008-06-25,78,NA,501,G95 SC  RR,39.43121470540894,-121.63242348793818,NA,EF_SE,39 foot beach seine with bag,good,19,sunny,NA,NA,Wakasagi,48,NA,NA,30.49,4.57,4.27,0.62,0.84,NA,NA,Small - medium gravel (50-150mm) (2-6in.),No Apparent  Cover,Run,NA,NA,NA,1,Fine - small gravel (0-50mm) (0-2in.),NA,NA,NA,NA,2008
2008-2014,2008-06-25,78,NA,502,G95 SC  RR,39.43121470540894,-121.63242348793818,NA,EF_SE,39 foot beach seine with bag,good,19,sunny,NA,NA,Wakasagi,42,NA,NA,30.49,4.57,4.27,0.62,0.84,NA,NA,Small - medium gravel (50-150mm) (2-6in.),No Apparent  Cover,Run,NA,NA,NA,1,Fine - small gravel (0-50mm) (0-2in.),NA,NA,NA,NA,2008
2008-2014,2008-06-25,78,NA,503,G95 SC  RR,39.43121470540894,-121.63242348793818,NA,EF_SE,39 foot beach seine with bag,good,19,sunny,NA,NA,Wakasagi,45,NA,NA,30.49,4.57,4.27,0.62,0.84,NA,NA,Small - medium gravel (50-150mm) (2-6in.),No Apparent  Cover,Run,NA,NA,NA,1,Fine - small gravel (0-50mm) (0-2in.),NA,NA,NA,NA,2008
2008-2014,2008-06-25,78,NA,504,G95 SC  RR,39.43121470540894,-121.63242348793818,NA,EF_SE,39 foot beach seine with bag,good,19,sunny,NA,NA,Sacramento Sucker,46,NA,NA,30.49,4.57,4.27,0.62,0.84,NA,NA,Small - medium gravel (50-150mm) (2-6in.),No Apparent  Cover,Run,NA,NA,NA,1,Fine - small gravel (0-50mm) (0-2in.),NA,NA,NA,NA,2008
2008-2014,2008-06-25,78,NA,505,G95 SC  RR,39.43121470540894,-121.63242348793818,NA,EF_SE,39 foot beach seine with bag,good,19,sunny,NA,NA,Sacramento Sucker,44,NA,NA,30.49,4.57,4.27,0.62,0.84,NA,NA,Small - medium gravel (50-150mm) (2-6in.),No Apparent  Cover,Run,NA,NA,NA,1,Fine - small gravel (0-50mm) (0-2in.),NA,NA,NA,NA,2008
2008-2014,2008-06-25,78,NA,506,G95 SC  RR,39.43121470540894,-121.63242348793818,NA,EF_SE,39 foot beach seine with bag,good,19,sunny,NA,NA,Sacramento Sucker,45,NA,NA,30.49,4.57,4.27,0.62,0.84,NA,NA,Small - medium gravel (50-150mm) (2-6in.),No Apparent  Cover,Run,NA,NA,NA,1,Fine - small gravel (0-50mm) (0-2in.),NA,NA,NA,NA,2008
2008-2014,2008-06-25,78,NA,507,G95 SC  RR,39.43121470540894,-121.63242348793818,NA,EF_SE,39 foot beach seine with bag,good,19,sunny,NA,NA,Sacramento Sucker,46,NA,NA,30.49,4.57,4.27,0.62,0.84,NA,NA,Small - medium gravel (50-150mm) (2-6in.),No Apparent  Cover,Run,NA,NA,NA,1,Fine - small gravel (0-50mm) (0-2in.),NA,NA,NA,NA,2008
2008-2014,2008-06-25,78,NA,508,G95 SC  RR,39.43121470540894,-121.63242348793818,NA,EF_SE,39 foot beach seine with bag,good,19,sunny,NA,NA,Sacramento Sucker,31,NA,NA,30.49,4.57,4.27,0.62,0.84,NA,NA,Small - medium gravel (50-150mm) (2-6in.),No Apparent  Cover,Run,NA,NA,NA,1,Fine - small gravel (0-50mm) (0-2in.),NA,NA,NA,NA,2008
2008-2014,2008-06-25,78,NA,509,G95 SC  RR,39.43121470540894,-121.63242348793818,NA,EF_SE,39 foot beach seine with bag,good,19,sunny,NA,NA,Sacramento Sucker,29,NA,NA,30.49,4.57,4.27,0.62,0.84,NA,NA,Small - medium gravel (50-150mm) (2-6in.),No Apparent  Cover,Run,NA,NA,NA,1,Fine - small gravel (0-50mm) (0-2in.),NA,NA,NA,NA,2008
2008-2014,2008-06-25,78,NA,510,G95 SC  RR,39.43121470540894,-121.63242348793818,NA,EF_SE,39 foot beach seine with bag,good,19,sunny,NA,NA,Sacramento Sucker,50,NA,NA,30.49,4.57,4.27,0.62,0.84,NA,NA,Small - medium gravel (50-150mm) (2-6in.),No Apparent  Cover,Run,NA,NA,NA,1,Fine - small gravel (0-50mm) (0-2in.),NA,NA,NA,NA,2008
2008-2014,2008-06-25,78,NA,511,G95 SC  RR,39.43121470540894,-121.63242348793818,NA,EF_SE,39 foot beach seine with bag,good,19,sunny,NA,NA,Sacramento Sucker,30,NA,NA,30.49,4.57,4.27,0.62,0.84,NA,NA,Small - medium gravel (50-150mm) (2-6in.),No Apparent  Cover,Run,NA,NA,NA,1,Fine - small gravel (0-50mm) (0-2in.),NA,NA,NA,NA,2008
2008-2014,2008-06-25,78,NA,512,G95 SC  RR,39.43121470540894,-121.63242348793818,NA,EF_SE,39 foot beach seine with bag,good,19,sunny,NA,NA,Sacramento Sucker,27,NA,NA,30.49,4.57,4.27,0.62,0.84,NA,NA,Small - medium gravel (50-150mm) (2-6in.),No Apparent  Cover,Run,NA,NA,NA,1,Fine - small gravel (0-50mm) (0-2in.),NA,NA,NA,NA,2008
2008-2014,2008-06-25,78,NA,513,G95 SC  RR,39.43121470540894,-121.63242348793818,NA,EF_SE,39 foot beach seine with bag,good,19,sunny,NA,NA,Sacramento Sucker,44,NA,NA,30.49,4.57,4.27,0.62,0.84,NA,NA,Small - medium gravel (50-150mm) (2-6in.),No Apparent  Cover,Run,NA,NA,NA,1,Fine - small gravel (0-50mm) (0-2in.),NA,NA,NA,NA,2008
2008-2014,2008-06-25,78,NA,514,G95 SC  RR,39.43121470540894,-121.63242348793818,NA,EF_SE,39 foot beach seine with bag,good,19,sunny,NA,NA,Sacramento Sucker,44,NA,NA,30.49,4.57,4.27,0.62,0.84,NA,NA,Small - medium gravel (50-150mm) (2-6in.),No Apparent  Cover,Run,NA,NA,NA,1,Fine - small gravel (0-50mm) (0-2in.),NA,NA,NA,NA,2008
2008-2014,2008-06-25,78,NA,515,G95 SC  RR,39.43121470540894,-121.63242348793818,NA,EF_SE,39 foot beach seine with bag,good,19,sunny,NA,NA,Sacramento Sucker,49,NA,NA,30.49,4.57,4.27,0.62,0.84,NA,NA,Small - medium gravel (50-150mm) (2-6in.),No Apparent  Cover,Run,NA,NA,NA,1,Fine - small gravel (0-50mm) (0-2in.),NA,NA,NA,NA,2008
2008-2014,2008-06-25,78,NA,516,G95 SC  RR,39.43121470540894,-121.63242348793818,NA,EF_SE,39 foot beach seine with bag,good,19,sunny,NA,NA,Sacramento Sucker,41,NA,NA,30.49,4.57,4.27,0.62,0.84,NA,NA,Small - medium gravel (50-150mm) (2-6in.),No Apparent  Cover,Run,NA,NA,NA,1,Fine - small gravel (0-50mm) (0-2in.),NA,NA,NA,NA,2008
2008-2014,2008-06-25,78,NA,517,G95 SC  RR,39.43121470540894,-121.63242348793818,NA,EF_SE,39 foot beach seine with bag,good,19,sunny,NA,NA,Sacramento Sucker,45,NA,NA,30.49,4.57,4.27,0.62,0.84,NA,NA,Small - medium gravel (50-150mm) (2-6in.),No Apparent  Cover,Run,NA,NA,NA,1,Fine - small gravel (0-50mm) (0-2in.),NA,NA,NA,NA,2008
2008-2014,2008-06-25,78,NA,518,G95 SC  RR,39.43121470540894,-121.63242348793818,NA,EF_SE,39 foot beach seine with bag,good,19,sunny,NA,NA,Sacramento Pikeminnow,99,NA,NA,30.49,4.57,4.27,0.62,0.84,NA,NA,Small - medium gravel (50-150mm) (2-6in.),No Apparent  Cover,Run,NA,NA,NA,1,Fine - small gravel (0-50mm) (0-2in.),NA,NA,NA,NA,2008
2008-2014,2008-06-25,78,NA,519,G95 SC  RR,39.43121470540894,-121.63242348793818,NA,EF_SE,39 foot beach seine with bag,good,19,sunny,NA,NA,Sacramento Pikeminnow,92,NA,NA,30.49,4.57,4.27,0.62,0.84,NA,NA,Small - medium gravel (50-150mm) (2-6in.),No Apparent  Cover,Run,NA,NA,NA,1,Fine - small gravel (0-50mm) (0-2in.),NA,NA,NA,NA,2008
2008-2014,2008-06-25,78,NA,520,G95 SC  RR,39.43121470540894,-121.63242348793818,NA,EF_SE,39 foot beach seine with bag,good,19,sunny,NA,NA,Sacramento Pikeminnow,100,NA,NA,30.49,4.57,4.27,0.62,0.84,NA,NA,Small - medium gravel (50-150mm) (2-6in.),No Apparent  Cover,Run,NA,NA,NA,1,Fine - small gravel (0-50mm) (0-2in.),NA,NA,NA,NA,2008
2008-2014,2008-06-25,78,NA,521,G95 SC  RR,39.43121470540894,-121.63242348793818,NA,EF_SE,39 foot beach seine with bag,good,19,sunny,NA,NA,Sacramento Pikeminnow,89,NA,NA,30.49,4.57,4.27,0.62,0.84,NA,NA,Small - medium gravel (50-150mm) (2-6in.),No Apparent  Cover,Run,NA,NA,NA,1,Fine - small gravel (0-50mm) (0-2in.),NA,NA,NA,NA,2008
2008-2014,2008-06-25,78,NA,522,G95 SC  RR,39.43121470540894,-121.63242348793818,NA,EF_SE,39 foot beach seine with bag,good,19,sunny,NA,NA,Sacramento Pikeminnow,91,NA,NA,30.49,4.57,4.27,0.62,0.84,NA,NA,Small - medium gravel (50-150mm) (2-6in.),No Apparent  Cover,Run,NA,NA,NA,1,Fine - small gravel (0-50mm) (0-2in.),NA,NA,NA,NA,2008
2008-2014,2008-06-25,79,NA,523,Vance West RL - Upstream,39.45054126175763,-121.63874099418162,NA,EF_SE,backpack shock into any seine,good,18.44,sunny,NA,NA,Rainbow Trout (wild),83,parr,NA,NA,NA,NA,NA,NA,NA,NA,Small - medium gravel (50-150mm) (2-6in.),No Apparent  Cover,Riffle,NA,NA,NA,1,Fine - small gravel (0-50mm) (0-2in.),Medium - large cobble (150-300mm) (6-12in.),NA,NA,NA,2008
2008-2014,2008-06-25,79,NA,524,Vance West RL - Upstream,39.45054126175763,-121.63874099418162,NA,EF_SE,backpack shock into any seine,good,18.44,sunny,NA,NA,Prickly Sculpin,NA,NA,NA,NA,NA,NA,NA,NA,NA,NA,Small - medium gravel (50-150mm) (2-6in.),No Apparent  Cover,Riffle,NA,NA,NA,1,Fine - small gravel (0-50mm) (0-2in.),Medium - large cobble (150-300mm) (6-12in.),NA,NA,NA,2008
2008-2014,2008-06-25,79,NA,525,Vance West RL - Upstream,39.45054126175763,-121.63874099418162,NA,EF_SE,backpack shock into any seine,good,18.44,sunny,NA,NA,Prickly Sculpin,NA,NA,NA,NA,NA,NA,NA,NA,NA,NA,Small - medium gravel (50-150mm) (2-6in.),No Apparent  Cover,Riffle,NA,NA,NA,1,Fine - small gravel (0-50mm) (0-2in.),Medium - large cobble (150-300mm) (6-12in.),NA,NA,NA,2008
2008-2014,2008-06-25,79,NA,526,Vance West RL - Upstream,39.45054126175763,-121.63874099418162,NA,EF_SE,backpack shock into any seine,good,18.44,sunny,NA,NA,Unid Juvenile Sculpin,NA,NA,NA,NA,NA,NA,NA,NA,NA,NA,Small - medium gravel (50-150mm) (2-6in.),No Apparent  Cover,Riffle,NA,NA,NA,1,Fine - small gravel (0-50mm) (0-2in.),Medium - large cobble (150-300mm) (6-12in.),NA,NA,NA,2008
2008-2014,2008-06-25,79,NA,527,Vance West RL - Upstream,39.45054126175763,-121.63874099418162,NA,EF_SE,backpack shock into any seine,good,18.44,sunny,NA,NA,Unid Juvenile Sculpin,NA,NA,NA,NA,NA,NA,NA,NA,NA,NA,Small - medium gravel (50-150mm) (2-6in.),No Apparent  Cover,Riffle,NA,NA,NA,1,Fine - small gravel (0-50mm) (0-2in.),Medium - large cobble (150-300mm) (6-12in.),NA,NA,NA,2008
2008-2014,2008-06-25,79,NA,528,Vance West RL - Upstream,39.45054126175763,-121.63874099418162,NA,EF_SE,backpack shock into any seine,good,18.44,sunny,NA,NA,Wakasagi,40,NA,NA,NA,NA,NA,NA,NA,NA,NA,Small - medium gravel (50-150mm) (2-6in.),No Apparent  Cover,Riffle,NA,NA,NA,1,Fine - small gravel (0-50mm) (0-2in.),Medium - large cobble (150-300mm) (6-12in.),NA,NA,NA,2008
2008-2014,2008-06-25,79,NA,529,Vance West RL - Upstream,39.45054126175763,-121.63874099418162,NA,EF_SE,backpack shock into any seine,good,18.44,sunny,NA,NA,Wakasagi,45,NA,NA,NA,NA,NA,NA,NA,NA,NA,Small - medium gravel (50-150mm) (2-6in.),No Apparent  Cover,Riffle,NA,NA,NA,1,Fine - small gravel (0-50mm) (0-2in.),Medium - large cobble (150-300mm) (6-12in.),NA,NA,NA,2008
2008-2014,2008-06-25,79,NA,530,Vance West RL - Upstream,39.45054126175763,-121.63874099418162,NA,EF_SE,backpack shock into any seine,good,18.44,sunny,NA,NA,Wakasagi,40,NA,NA,NA,NA,NA,NA,NA,NA,NA,Small - medium gravel (50-150mm) (2-6in.),No Apparent  Cover,Riffle,NA,NA,NA,1,Fine - small gravel (0-50mm) (0-2in.),Medium - large cobble (150-300mm) (6-12in.),NA,NA,NA,2008
2008-2014,2008-06-25,79,NA,531,Vance West RL - Upstream,39.45054126175763,-121.63874099418162,NA,EF_SE,backpack shock into any seine,good,18.44,sunny,NA,NA,Wakasagi,52,NA,NA,NA,NA,NA,NA,NA,NA,NA,Small - medium gravel (50-150mm) (2-6in.),No Apparent  Cover,Riffle,NA,NA,NA,1,Fine - small gravel (0-50mm) (0-2in.),Medium - large cobble (150-300mm) (6-12in.),NA,NA,NA,2008
2008-2014,2008-06-25,79,NA,532,Vance West RL - Upstream,39.45054126175763,-121.63874099418162,NA,EF_SE,backpack shock into any seine,good,18.44,sunny,NA,NA,Wakasagi,37,NA,NA,NA,NA,NA,NA,NA,NA,NA,Small - medium gravel (50-150mm) (2-6in.),No Apparent  Cover,Riffle,NA,NA,NA,1,Fine - small gravel (0-50mm) (0-2in.),Medium - large cobble (150-300mm) (6-12in.),NA,NA,NA,2008
2008-2014,2008-06-25,79,NA,533,Vance West RL - Upstream,39.45054126175763,-121.63874099418162,NA,EF_SE,backpack shock into any seine,good,18.44,sunny,NA,NA,Wakasagi,41,NA,NA,NA,NA,NA,NA,NA,NA,NA,Small - medium gravel (50-150mm) (2-6in.),No Apparent  Cover,Riffle,NA,NA,NA,1,Fine - small gravel (0-50mm) (0-2in.),Medium - large cobble (150-300mm) (6-12in.),NA,NA,NA,2008
2008-2014,2008-06-25,79,NA,534,Vance West RL - Upstream,39.45054126175763,-121.63874099418162,NA,EF_SE,backpack shock into any seine,good,18.44,sunny,NA,NA,Wakasagi,39,NA,NA,NA,NA,NA,NA,NA,NA,NA,Small - medium gravel (50-150mm) (2-6in.),No Apparent  Cover,Riffle,NA,NA,NA,1,Fine - small gravel (0-50mm) (0-2in.),Medium - large cobble (150-300mm) (6-12in.),NA,NA,NA,2008
2008-2014,2008-06-25,79,NA,535,Vance West RL - Upstream,39.45054126175763,-121.63874099418162,NA,EF_SE,backpack shock into any seine,good,18.44,sunny,NA,NA,Wakasagi,40,NA,NA,NA,NA,NA,NA,NA,NA,NA,Small - medium gravel (50-150mm) (2-6in.),No Apparent  Cover,Riffle,NA,NA,NA,1,Fine - small gravel (0-50mm) (0-2in.),Medium - large cobble (150-300mm) (6-12in.),NA,NA,NA,2008
2008-2014,2008-06-25,81,NA,555,Vance East Main RR,39.4509753055808,-121.63794765831399,NA,EF_SE,backpack shock into any seine,good,NA,overcast,NA,NA,Riffle Sculpin,NA,NA,NA,NA,NA,NA,NA,NA,NA,NA,Small - medium gravel (50-150mm) (2-6in.),No Apparent  Cover,Riffle,NA,NA,NA,1,Medium - large cobble (150-300mm) (6-12in.),Fine - small gravel (0-50mm) (0-2in.),NA,NA,NA,2008
2008-2014,2008-06-25,81,NA,556,Vance East Main RR,39.4509753055808,-121.63794765831399,NA,EF_SE,backpack shock into any seine,good,NA,overcast,NA,NA,Speckled Dace,76,NA,NA,NA,NA,NA,NA,NA,NA,NA,Small - medium gravel (50-150mm) (2-6in.),No Apparent  Cover,Riffle,NA,NA,NA,1,Medium - large cobble (150-300mm) (6-12in.),Fine - small gravel (0-50mm) (0-2in.),NA,NA,NA,2008
2008-2014,2008-06-25,81,NA,557,Vance East Main RR,39.4509753055808,-121.63794765831399,NA,EF_SE,backpack shock into any seine,good,NA,overcast,NA,NA,Unid Juvenile Sculpin,NA,NA,NA,NA,NA,NA,NA,NA,NA,NA,Small - medium gravel (50-150mm) (2-6in.),No Apparent  Cover,Riffle,NA,NA,NA,1,Medium - large cobble (150-300mm) (6-12in.),Fine - small gravel (0-50mm) (0-2in.),NA,NA,NA,2008
2008-2014,2008-06-25,81,NA,558,Vance East Main RR,39.4509753055808,-121.63794765831399,NA,EF_SE,backpack shock into any seine,good,NA,overcast,NA,NA,Wakasagi,32,NA,NA,NA,NA,NA,NA,NA,NA,NA,Small - medium gravel (50-150mm) (2-6in.),No Apparent  Cover,Riffle,NA,NA,NA,1,Medium - large cobble (150-300mm) (6-12in.),Fine - small gravel (0-50mm) (0-2in.),NA,NA,NA,2008
2008-2014,2008-06-25,81,NA,559,Vance East Main RR,39.4509753055808,-121.63794765831399,NA,EF_SE,backpack shock into any seine,good,NA,overcast,NA,NA,Unid Juvenile Minnow,24,NA,NA,NA,NA,NA,NA,NA,NA,NA,Small - medium gravel (50-150mm) (2-6in.),No Apparent  Cover,Riffle,NA,NA,NA,1,Medium - large cobble (150-300mm) (6-12in.),Fine - small gravel (0-50mm) (0-2in.),NA,NA,NA,2008
2008-2014,2008-06-25,81,NA,560,Vance East Main RR,39.4509753055808,-121.63794765831399,NA,EF_SE,backpack shock into any seine,good,NA,overcast,NA,NA,Unid Juvenile Minnow,21,NA,NA,NA,NA,NA,NA,NA,NA,NA,Small - medium gravel (50-150mm) (2-6in.),No Apparent  Cover,Riffle,NA,NA,NA,1,Medium - large cobble (150-300mm) (6-12in.),Fine - small gravel (0-50mm) (0-2in.),NA,NA,NA,2008
2008-2014,2008-06-25,81,NA,561,Vance East Main RR,39.4509753055808,-121.63794765831399,NA,EF_SE,backpack shock into any seine,good,NA,overcast,NA,NA,Unid Juvenile Minnow,19,NA,NA,NA,NA,NA,NA,NA,NA,NA,Small - medium gravel (50-150mm) (2-6in.),No Apparent  Cover,Riffle,NA,NA,NA,1,Medium - large cobble (150-300mm) (6-12in.),Fine - small gravel (0-50mm) (0-2in.),NA,NA,NA,2008
2008-2014,2008-06-25,81,NA,562,Vance East Main RR,39.4509753055808,-121.63794765831399,NA,EF_SE,backpack shock into any seine,good,NA,overcast,NA,NA,Unid Juvenile Minnow,22,NA,NA,NA,NA,NA,NA,NA,NA,NA,Small - medium gravel (50-150mm) (2-6in.),No Apparent  Cover,Riffle,NA,NA,NA,1,Medium - large cobble (150-300mm) (6-12in.),Fine - small gravel (0-50mm) (0-2in.),NA,NA,NA,2008
2008-2014,2008-07-24,92,NA,709,Steep Main RR - Upstream,39.462937961867105,-121.60428005334087,NA,EF_SE,backpack shock into any seine,good,17,sunny,NA,NA,Prickly Sculpin,NA,NA,NA,NA,NA,NA,NA,NA,NA,NA,Small - medium gravel (50-150mm) (2-6in.),Small Instream Objects/Woody Debris,Riffle,NA,NA,NA,1,Medium - large cobble (150-300mm) (6-12in.),Boulder (>300mm) (>12in.),Overhead Objects,Large Instream Objects/Woody Debris,NA,2008
2008-2014,2008-07-24,92,NA,710,Steep Main RR - Upstream,39.462937961867105,-121.60428005334087,NA,EF_SE,backpack shock into any seine,good,17,sunny,NA,NA,Prickly Sculpin,NA,NA,NA,NA,NA,NA,NA,NA,NA,NA,Small - medium gravel (50-150mm) (2-6in.),Small Instream Objects/Woody Debris,Riffle,NA,NA,NA,1,Medium - large cobble (150-300mm) (6-12in.),Boulder (>300mm) (>12in.),Overhead Objects,Large Instream Objects/Woody Debris,NA,2008
2008-2014,2008-07-24,92,NA,711,Steep Main RR - Upstream,39.462937961867105,-121.60428005334087,NA,EF_SE,backpack shock into any seine,good,17,sunny,NA,NA,Prickly Sculpin,NA,NA,NA,NA,NA,NA,NA,NA,NA,NA,Small - medium gravel (50-150mm) (2-6in.),Small Instream Objects/Woody Debris,Riffle,NA,NA,NA,1,Medium - large cobble (150-300mm) (6-12in.),Boulder (>300mm) (>12in.),Overhead Objects,Large Instream Objects/Woody Debris,NA,2008
2008-2014,2008-07-24,92,NA,712,Steep Main RR - Upstream,39.462937961867105,-121.60428005334087,NA,EF_SE,backpack shock into any seine,good,17,sunny,NA,NA,Prickly Sculpin,NA,NA,NA,NA,NA,NA,NA,NA,NA,NA,Small - medium gravel (50-150mm) (2-6in.),Small Instream Objects/Woody Debris,Riffle,NA,NA,NA,1,Medium - large cobble (150-300mm) (6-12in.),Boulder (>300mm) (>12in.),Overhead Objects,Large Instream Objects/Woody Debris,NA,2008
2008-2014,2008-07-24,92,NA,713,Steep Main RR - Upstream,39.462937961867105,-121.60428005334087,NA,EF_SE,backpack shock into any seine,good,17,sunny,NA,NA,Prickly Sculpin,NA,NA,NA,NA,NA,NA,NA,NA,NA,NA,Small - medium gravel (50-150mm) (2-6in.),Small Instream Objects/Woody Debris,Riffle,NA,NA,NA,1,Medium - large cobble (150-300mm) (6-12in.),Boulder (>300mm) (>12in.),Overhead Objects,Large Instream Objects/Woody Debris,NA,2008
2008-2014,2008-07-24,92,NA,714,Steep Main RR - Upstream,39.462937961867105,-121.60428005334087,NA,EF_SE,backpack shock into any seine,good,17,sunny,NA,NA,Prickly Sculpin,NA,NA,NA,NA,NA,NA,NA,NA,NA,NA,Small - medium gravel (50-150mm) (2-6in.),Small Instream Objects/Woody Debris,Riffle,NA,NA,NA,1,Medium - large cobble (150-300mm) (6-12in.),Boulder (>300mm) (>12in.),Overhead Objects,Large Instream Objects/Woody Debris,NA,2008
2008-2014,2008-07-24,92,NA,715,Steep Main RR - Upstream,39.462937961867105,-121.60428005334087,NA,EF_SE,backpack shock into any seine,good,17,sunny,NA,NA,Prickly Sculpin,NA,NA,NA,NA,NA,NA,NA,NA,NA,NA,Small - medium gravel (50-150mm) (2-6in.),Small Instream Objects/Woody Debris,Riffle,NA,NA,NA,1,Medium - large cobble (150-300mm) (6-12in.),Boulder (>300mm) (>12in.),Overhead Objects,Large Instream Objects/Woody Debris,NA,2008
2008-2014,2008-07-24,92,NA,716,Steep Main RR - Upstream,39.462937961867105,-121.60428005334087,NA,EF_SE,backpack shock into any seine,good,17,sunny,NA,NA,Prickly Sculpin,NA,NA,NA,NA,NA,NA,NA,NA,NA,NA,Small - medium gravel (50-150mm) (2-6in.),Small Instream Objects/Woody Debris,Riffle,NA,NA,NA,1,Medium - large cobble (150-300mm) (6-12in.),Boulder (>300mm) (>12in.),Overhead Objects,Large Instream Objects/Woody Debris,NA,2008
2008-2014,2008-07-24,92,NA,717,Steep Main RR - Upstream,39.462937961867105,-121.60428005334087,NA,EF_SE,backpack shock into any seine,good,17,sunny,NA,NA,Prickly Sculpin,NA,NA,NA,NA,NA,NA,NA,NA,NA,NA,Small - medium gravel (50-150mm) (2-6in.),Small Instream Objects/Woody Debris,Riffle,NA,NA,NA,1,Medium - large cobble (150-300mm) (6-12in.),Boulder (>300mm) (>12in.),Overhead Objects,Large Instream Objects/Woody Debris,NA,2008
2008-2014,2008-07-24,92,NA,718,Steep Main RR - Upstream,39.462937961867105,-121.60428005334087,NA,EF_SE,backpack shock into any seine,good,17,sunny,NA,NA,Prickly Sculpin,NA,NA,NA,NA,NA,NA,NA,NA,NA,NA,Small - medium gravel (50-150mm) (2-6in.),Small Instream Objects/Woody Debris,Riffle,NA,NA,NA,1,Medium - large cobble (150-300mm) (6-12in.),Boulder (>300mm) (>12in.),Overhead Objects,Large Instream Objects/Woody Debris,NA,2008
2008-2014,2008-07-24,92,NA,719,Steep Main RR - Upstream,39.462937961867105,-121.60428005334087,NA,EF_SE,backpack shock into any seine,good,17,sunny,NA,NA,Prickly Sculpin,NA,NA,NA,NA,NA,NA,NA,NA,NA,NA,Small - medium gravel (50-150mm) (2-6in.),Small Instream Objects/Woody Debris,Riffle,NA,NA,NA,1,Medium - large cobble (150-300mm) (6-12in.),Boulder (>300mm) (>12in.),Overhead Objects,Large Instream Objects/Woody Debris,NA,2008
2008-2014,2008-07-24,92,NA,720,Steep Main RR - Upstream,39.462937961867105,-121.60428005334087,NA,EF_SE,backpack shock into any seine,good,17,sunny,NA,NA,Prickly Sculpin,NA,NA,NA,NA,NA,NA,NA,NA,NA,NA,Small - medium gravel (50-150mm) (2-6in.),Small Instream Objects/Woody Debris,Riffle,NA,NA,NA,1,Medium - large cobble (150-300mm) (6-12in.),Boulder (>300mm) (>12in.),Overhead Objects,Large Instream Objects/Woody Debris,NA,2008
2008-2014,2008-07-24,92,NA,721,Steep Main RR - Upstream,39.462937961867105,-121.60428005334087,NA,EF_SE,backpack shock into any seine,good,17,sunny,NA,NA,Prickly Sculpin,NA,NA,NA,NA,NA,NA,NA,NA,NA,NA,Small - medium gravel (50-150mm) (2-6in.),Small Instream Objects/Woody Debris,Riffle,NA,NA,NA,1,Medium - large cobble (150-300mm) (6-12in.),Boulder (>300mm) (>12in.),Overhead Objects,Large Instream Objects/Woody Debris,NA,2008
2008-2014,2008-07-24,92,NA,722,Steep Main RR - Upstream,39.462937961867105,-121.60428005334087,NA,EF_SE,backpack shock into any seine,good,17,sunny,NA,NA,Riffle Sculpin,NA,NA,NA,NA,NA,NA,NA,NA,NA,NA,Small - medium gravel (50-150mm) (2-6in.),Small Instream Objects/Woody Debris,Riffle,NA,NA,NA,1,Medium - large cobble (150-300mm) (6-12in.),Boulder (>300mm) (>12in.),Overhead Objects,Large Instream Objects/Woody Debris,NA,2008
2008-2014,2008-07-24,92,NA,723,Steep Main RR - Upstream,39.462937961867105,-121.60428005334087,NA,EF_SE,backpack shock into any seine,good,17,sunny,NA,NA,Riffle Sculpin,NA,NA,NA,NA,NA,NA,NA,NA,NA,NA,Small - medium gravel (50-150mm) (2-6in.),Small Instream Objects/Woody Debris,Riffle,NA,NA,NA,1,Medium - large cobble (150-300mm) (6-12in.),Boulder (>300mm) (>12in.),Overhead Objects,Large Instream Objects/Woody Debris,NA,2008
2008-2014,2008-07-24,92,NA,724,Steep Main RR - Upstream,39.462937961867105,-121.60428005334087,NA,EF_SE,backpack shock into any seine,good,17,sunny,NA,NA,Riffle Sculpin,NA,NA,NA,NA,NA,NA,NA,NA,NA,NA,Small - medium gravel (50-150mm) (2-6in.),Small Instream Objects/Woody Debris,Riffle,NA,NA,NA,1,Medium - large cobble (150-300mm) (6-12in.),Boulder (>300mm) (>12in.),Overhead Objects,Large Instream Objects/Woody Debris,NA,2008
2008-2014,2008-07-24,92,NA,725,Steep Main RR - Upstream,39.462937961867105,-121.60428005334087,NA,EF_SE,backpack shock into any seine,good,17,sunny,NA,NA,Riffle Sculpin,NA,NA,NA,NA,NA,NA,NA,NA,NA,NA,Small - medium gravel (50-150mm) (2-6in.),Small Instream Objects/Woody Debris,Riffle,NA,NA,NA,1,Medium - large cobble (150-300mm) (6-12in.),Boulder (>300mm) (>12in.),Overhead Objects,Large Instream Objects/Woody Debris,NA,2008
2008-2014,2008-07-24,92,NA,726,Steep Main RR - Upstream,39.462937961867105,-121.60428005334087,NA,EF_SE,backpack shock into any seine,good,17,sunny,NA,NA,Riffle Sculpin,NA,NA,NA,NA,NA,NA,NA,NA,NA,NA,Small - medium gravel (50-150mm) (2-6in.),Small Instream Objects/Woody Debris,Riffle,NA,NA,NA,1,Medium - large cobble (150-300mm) (6-12in.),Boulder (>300mm) (>12in.),Overhead Objects,Large Instream Objects/Woody Debris,NA,2008
2008-2014,2008-07-24,92,NA,727,Steep Main RR - Upstream,39.462937961867105,-121.60428005334087,NA,EF_SE,backpack shock into any seine,good,17,sunny,NA,NA,Riffle Sculpin,NA,NA,NA,NA,NA,NA,NA,NA,NA,NA,Small - medium gravel (50-150mm) (2-6in.),Small Instream Objects/Woody Debris,Riffle,NA,NA,NA,1,Medium - large cobble (150-300mm) (6-12in.),Boulder (>300mm) (>12in.),Overhead Objects,Large Instream Objects/Woody Debris,NA,2008
2008-2014,2008-07-24,92,NA,728,Steep Main RR - Upstream,39.462937961867105,-121.60428005334087,NA,EF_SE,backpack shock into any seine,good,17,sunny,NA,NA,Riffle Sculpin,NA,NA,NA,NA,NA,NA,NA,NA,NA,NA,Small - medium gravel (50-150mm) (2-6in.),Small Instream Objects/Woody Debris,Riffle,NA,NA,NA,1,Medium - large cobble (150-300mm) (6-12in.),Boulder (>300mm) (>12in.),Overhead Objects,Large Instream Objects/Woody Debris,NA,2008
2008-2014,2008-07-24,92,NA,729,Steep Main RR - Upstream,39.462937961867105,-121.60428005334087,NA,EF_SE,backpack shock into any seine,good,17,sunny,NA,NA,Rainbow Trout (wild),89,parr,NA,NA,NA,NA,NA,NA,NA,NA,Small - medium gravel (50-150mm) (2-6in.),Small Instream Objects/Woody Debris,Riffle,NA,NA,NA,1,Medium - large cobble (150-300mm) (6-12in.),Boulder (>300mm) (>12in.),Overhead Objects,Large Instream Objects/Woody Debris,NA,2008
2008-2014,2008-07-24,92,NA,730,Steep Main RR - Upstream,39.462937961867105,-121.60428005334087,NA,EF_SE,backpack shock into any seine,good,17,sunny,NA,NA,Rainbow Trout (wild),117,parr,NA,NA,NA,NA,NA,NA,NA,NA,Small - medium gravel (50-150mm) (2-6in.),Small Instream Objects/Woody Debris,Riffle,NA,NA,NA,1,Medium - large cobble (150-300mm) (6-12in.),Boulder (>300mm) (>12in.),Overhead Objects,Large Instream Objects/Woody Debris,NA,2008
2008-2014,2008-07-24,92,NA,731,Steep Main RR - Upstream,39.462937961867105,-121.60428005334087,NA,EF_SE,backpack shock into any seine,good,17,sunny,NA,NA,Rainbow Trout (wild),93,parr,NA,NA,NA,NA,NA,NA,NA,NA,Small - medium gravel (50-150mm) (2-6in.),Small Instream Objects/Woody Debris,Riffle,NA,NA,NA,1,Medium - large cobble (150-300mm) (6-12in.),Boulder (>300mm) (>12in.),Overhead Objects,Large Instream Objects/Woody Debris,NA,2008
2008-2014,2008-07-24,92,NA,732,Steep Main RR - Upstream,39.462937961867105,-121.60428005334087,NA,EF_SE,backpack shock into any seine,good,17,sunny,NA,NA,Rainbow Trout (wild),160,parr,NA,NA,NA,NA,NA,NA,NA,NA,Small - medium gravel (50-150mm) (2-6in.),Small Instream Objects/Woody Debris,Riffle,NA,NA,NA,1,Medium - large cobble (150-300mm) (6-12in.),Boulder (>300mm) (>12in.),Overhead Objects,Large Instream Objects/Woody Debris,NA,2008
2008-2014,2008-07-24,92,NA,733,Steep Main RR - Upstream,39.462937961867105,-121.60428005334087,NA,EF_SE,backpack shock into any seine,good,17,sunny,NA,NA,Sacramento Sucker,60,NA,NA,NA,NA,NA,NA,NA,NA,NA,Small - medium gravel (50-150mm) (2-6in.),Small Instream Objects/Woody Debris,Riffle,NA,NA,NA,1,Medium - large cobble (150-300mm) (6-12in.),Boulder (>300mm) (>12in.),Overhead Objects,Large Instream Objects/Woody Debris,NA,2008
2008-2014,2008-07-24,92,NA,734,Steep Main RR - Upstream,39.462937961867105,-121.60428005334087,NA,EF_SE,backpack shock into any seine,good,17,sunny,NA,NA,Chinook Salmon- Fall,73,NA,NA,NA,NA,NA,NA,NA,NA,NA,Small - medium gravel (50-150mm) (2-6in.),Small Instream Objects/Woody Debris,Riffle,NA,NA,NA,1,Medium - large cobble (150-300mm) (6-12in.),Boulder (>300mm) (>12in.),Overhead Objects,Large Instream Objects/Woody Debris,NA,2008
2008-2014,2008-07-24,92,NA,735,Steep Main RR - Upstream,39.462937961867105,-121.60428005334087,NA,EF_SE,backpack shock into any seine,good,17,sunny,NA,NA,Unid Juvenile Sculpin,NA,NA,NA,NA,NA,NA,NA,NA,NA,NA,Small - medium gravel (50-150mm) (2-6in.),Small Instream Objects/Woody Debris,Riffle,NA,NA,NA,1,Medium - large cobble (150-300mm) (6-12in.),Boulder (>300mm) (>12in.),Overhead Objects,Large Instream Objects/Woody Debris,NA,2008
2008-2014,2008-07-24,92,NA,736,Steep Main RR - Upstream,39.462937961867105,-121.60428005334087,NA,EF_SE,backpack shock into any seine,good,17,sunny,NA,NA,Unid Juvenile Sculpin,NA,NA,NA,NA,NA,NA,NA,NA,NA,NA,Small - medium gravel (50-150mm) (2-6in.),Small Instream Objects/Woody Debris,Riffle,NA,NA,NA,1,Medium - large cobble (150-300mm) (6-12in.),Boulder (>300mm) (>12in.),Overhead Objects,Large Instream Objects/Woody Debris,NA,2008
2008-2014,2008-07-24,92,NA,737,Steep Main RR - Upstream,39.462937961867105,-121.60428005334087,NA,EF_SE,backpack shock into any seine,good,17,sunny,NA,NA,Unid Juvenile Sculpin,NA,NA,NA,NA,NA,NA,NA,NA,NA,NA,Small - medium gravel (50-150mm) (2-6in.),Small Instream Objects/Woody Debris,Riffle,NA,NA,NA,1,Medium - large cobble (150-300mm) (6-12in.),Boulder (>300mm) (>12in.),Overhead Objects,Large Instream Objects/Woody Debris,NA,2008
2008-2014,2008-07-24,92,NA,738,Steep Main RR - Upstream,39.462937961867105,-121.60428005334087,NA,EF_SE,backpack shock into any seine,good,17,sunny,NA,NA,Unid Juvenile Sculpin,NA,NA,NA,NA,NA,NA,NA,NA,NA,NA,Small - medium gravel (50-150mm) (2-6in.),Small Instream Objects/Woody Debris,Riffle,NA,NA,NA,1,Medium - large cobble (150-300mm) (6-12in.),Boulder (>300mm) (>12in.),Overhead Objects,Large Instream Objects/Woody Debris,NA,2008
2008-2014,2008-07-24,92,NA,739,Steep Main RR - Upstream,39.462937961867105,-121.60428005334087,NA,EF_SE,backpack shock into any seine,good,17,sunny,NA,NA,Unid Juvenile Sculpin,NA,NA,NA,NA,NA,NA,NA,NA,NA,NA,Small - medium gravel (50-150mm) (2-6in.),Small Instream Objects/Woody Debris,Riffle,NA,NA,NA,1,Medium - large cobble (150-300mm) (6-12in.),Boulder (>300mm) (>12in.),Overhead Objects,Large Instream Objects/Woody Debris,NA,2008
2008-2014,2008-07-24,92,NA,740,Steep Main RR - Upstream,39.462937961867105,-121.60428005334087,NA,EF_SE,backpack shock into any seine,good,17,sunny,NA,NA,Unid Juvenile Sculpin,NA,NA,NA,NA,NA,NA,NA,NA,NA,NA,Small - medium gravel (50-150mm) (2-6in.),Small Instream Objects/Woody Debris,Riffle,NA,NA,NA,1,Medium - large cobble (150-300mm) (6-12in.),Boulder (>300mm) (>12in.),Overhead Objects,Large Instream Objects/Woody Debris,NA,2008
2008-2014,2008-07-24,92,NA,741,Steep Main RR - Upstream,39.462937961867105,-121.60428005334087,NA,EF_SE,backpack shock into any seine,good,17,sunny,NA,NA,Unid Juvenile Sculpin,NA,NA,NA,NA,NA,NA,NA,NA,NA,NA,Small - medium gravel (50-150mm) (2-6in.),Small Instream Objects/Woody Debris,Riffle,NA,NA,NA,1,Medium - large cobble (150-300mm) (6-12in.),Boulder (>300mm) (>12in.),Overhead Objects,Large Instream Objects/Woody Debris,NA,2008
2008-2014,2008-07-24,92,NA,742,Steep Main RR - Upstream,39.462937961867105,-121.60428005334087,NA,EF_SE,backpack shock into any seine,good,17,sunny,NA,NA,Unid Juvenile Sculpin,NA,NA,NA,NA,NA,NA,NA,NA,NA,NA,Small - medium gravel (50-150mm) (2-6in.),Small Instream Objects/Woody Debris,Riffle,NA,NA,NA,1,Medium - large cobble (150-300mm) (6-12in.),Boulder (>300mm) (>12in.),Overhead Objects,Large Instream Objects/Woody Debris,NA,2008
2008-2014,2008-07-24,92,NA,743,Steep Main RR - Upstream,39.462937961867105,-121.60428005334087,NA,EF_SE,backpack shock into any seine,good,17,sunny,NA,NA,Unid Juvenile Sculpin,NA,NA,NA,NA,NA,NA,NA,NA,NA,NA,Small - medium gravel (50-150mm) (2-6in.),Small Instream Objects/Woody Debris,Riffle,NA,NA,NA,1,Medium - large cobble (150-300mm) (6-12in.),Boulder (>300mm) (>12in.),Overhead Objects,Large Instream Objects/Woody Debris,NA,2008
2008-2014,2008-07-24,92,NA,744,Steep Main RR - Upstream,39.462937961867105,-121.60428005334087,NA,EF_SE,backpack shock into any seine,good,17,sunny,NA,NA,Unid Juvenile Sculpin,NA,NA,NA,NA,NA,NA,NA,NA,NA,NA,Small - medium gravel (50-150mm) (2-6in.),Small Instream Objects/Woody Debris,Riffle,NA,NA,NA,1,Medium - large cobble (150-300mm) (6-12in.),Boulder (>300mm) (>12in.),Overhead Objects,Large Instream Objects/Woody Debris,NA,2008
2008-2014,2008-07-24,92,NA,745,Steep Main RR - Upstream,39.462937961867105,-121.60428005334087,NA,EF_SE,backpack shock into any seine,good,17,sunny,NA,NA,Unid Juvenile Sculpin,NA,NA,NA,NA,NA,NA,NA,NA,NA,NA,Small - medium gravel (50-150mm) (2-6in.),Small Instream Objects/Woody Debris,Riffle,NA,NA,NA,1,Medium - large cobble (150-300mm) (6-12in.),Boulder (>300mm) (>12in.),Overhead Objects,Large Instream Objects/Woody Debris,NA,2008
2008-2014,2009-03-17,175,NA,2214,Steep side channel - Downstream,39.46243841443723,-121.60356118035766,NA,EF_SE,backpack shock into any seine,good,10,overcast,NA,600,Chinook Salmon- Fall,37,fry,NA,NA,NA,NA,NA,NA,NA,NA,Fine - small gravel (0-50mm) (0-2in.),Large Instream Objects/Woody Debris,Riffle,NA,NA,NA,1,Small - medium gravel (50-150mm) (2-6in.),NA,Undercut Bank,Overhead Objects,NA,2009
2008-2014,2009-03-17,175,NA,2215,Steep side channel - Downstream,39.46243841443723,-121.60356118035766,NA,EF_SE,backpack shock into any seine,good,10,overcast,NA,600,Chinook Salmon- Fall,39,fry,NA,NA,NA,NA,NA,NA,NA,NA,Fine - small gravel (0-50mm) (0-2in.),Large Instream Objects/Woody Debris,Riffle,NA,NA,NA,1,Small - medium gravel (50-150mm) (2-6in.),NA,Undercut Bank,Overhead Objects,NA,2009
2008-2014,2009-03-17,175,NA,2216,Steep side channel - Downstream,39.46243841443723,-121.60356118035766,NA,EF_SE,backpack shock into any seine,good,10,overcast,NA,600,Chinook Salmon- Fall,39,fry,NA,NA,NA,NA,NA,NA,NA,NA,Fine - small gravel (0-50mm) (0-2in.),Large Instream Objects/Woody Debris,Riffle,NA,NA,NA,1,Small - medium gravel (50-150mm) (2-6in.),NA,Undercut Bank,Overhead Objects,NA,2009
2008-2014,2009-03-17,175,NA,2217,Steep side channel - Downstream,39.46243841443723,-121.60356118035766,NA,EF_SE,backpack shock into any seine,good,10,overcast,NA,600,Chinook Salmon- Fall,35,fry,NA,NA,NA,NA,NA,NA,NA,NA,Fine - small gravel (0-50mm) (0-2in.),Large Instream Objects/Woody Debris,Riffle,NA,NA,NA,1,Small - medium gravel (50-150mm) (2-6in.),NA,Undercut Bank,Overhead Objects,NA,2009
2008-2014,2009-03-17,176,NA,2218,Steep side channel - Upstream,39.46298184138251,-121.60336633450677,NA,EF_SE,backpack shock into any seine,good,10,overcast,NA,600,Chinook Salmon- Fall,57,parr,NA,NA,NA,NA,NA,NA,NA,NA,Small - medium gravel (50-150mm) (2-6in.),Overhead Objects,Riffle,NA,NA,NA,1,Medium - large cobble (150-300mm) (6-12in.),NA,NA,Undercut Bank,NA,2009
2008-2014,2009-03-17,176,NA,2219,Steep side channel - Upstream,39.46298184138251,-121.60336633450677,NA,EF_SE,backpack shock into any seine,good,10,overcast,NA,600,Chinook Salmon- Fall,52,parr,NA,NA,NA,NA,NA,NA,NA,NA,Small - medium gravel (50-150mm) (2-6in.),Overhead Objects,Riffle,NA,NA,NA,1,Medium - large cobble (150-300mm) (6-12in.),NA,NA,Undercut Bank,NA,2009
2008-2014,2009-03-17,176,NA,2222,Steep side channel - Upstream,39.46298184138251,-121.60336633450677,NA,EF_SE,backpack shock into any seine,good,10,overcast,NA,600,Chinook Salmon- Fall,40,fry,NA,NA,NA,NA,NA,NA,NA,NA,Small - medium gravel (50-150mm) (2-6in.),Overhead Objects,Riffle,NA,NA,NA,1,Medium - large cobble (150-300mm) (6-12in.),NA,NA,Undercut Bank,NA,2009
2008-2014,2009-03-17,176,NA,2223,Steep side channel - Upstream,39.46298184138251,-121.60336633450677,NA,EF_SE,backpack shock into any seine,good,10,overcast,NA,600,Chinook Salmon- Fall,37,fry,NA,NA,NA,NA,NA,NA,NA,NA,Small - medium gravel (50-150mm) (2-6in.),Overhead Objects,Riffle,NA,NA,NA,1,Medium - large cobble (150-300mm) (6-12in.),NA,NA,Undercut Bank,NA,2009
2008-2014,2009-03-17,176,NA,2235,Steep side channel - Upstream,39.46298184138251,-121.60336633450677,NA,EF_SE,backpack shock into any seine,good,10,overcast,NA,600,Prickly Sculpin,NA,NA,NA,NA,NA,NA,NA,NA,NA,NA,Small - medium gravel (50-150mm) (2-6in.),Overhead Objects,Riffle,NA,NA,NA,1,Medium - large cobble (150-300mm) (6-12in.),NA,NA,Undercut Bank,NA,2009
2008-2014,2009-03-17,179,NA,2303,Steep Main RR - Upstream,39.462937961867105,-121.60428005334087,NA,EF_SE,backpack shock into any seine,good,10.1,overcast,NA,600,Riffle Sculpin,NA,NA,NA,NA,NA,NA,NA,NA,NA,NA,Small - medium gravel (50-150mm) (2-6in.),Small Instream Objects/Woody Debris,Riffle,NA,NA,NA,1,Medium - large cobble (150-300mm) (6-12in.),NA,Undercut Bank,Large Instream Objects/Woody Debris,NA,2009
2008-2014,2009-03-17,179,NA,2304,Steep Main RR - Upstream,39.462937961867105,-121.60428005334087,NA,EF_SE,backpack shock into any seine,good,10.1,overcast,NA,600,Riffle Sculpin,NA,NA,NA,NA,NA,NA,NA,NA,NA,NA,Small - medium gravel (50-150mm) (2-6in.),Small Instream Objects/Woody Debris,Riffle,NA,NA,NA,1,Medium - large cobble (150-300mm) (6-12in.),NA,Undercut Bank,Large Instream Objects/Woody Debris,NA,2009
2008-2014,2009-03-17,179,NA,2305,Steep Main RR - Upstream,39.462937961867105,-121.60428005334087,NA,EF_SE,backpack shock into any seine,good,10.1,overcast,NA,600,Riffle Sculpin,NA,NA,NA,NA,NA,NA,NA,NA,NA,NA,Small - medium gravel (50-150mm) (2-6in.),Small Instream Objects/Woody Debris,Riffle,NA,NA,NA,1,Medium - large cobble (150-300mm) (6-12in.),NA,Undercut Bank,Large Instream Objects/Woody Debris,NA,2009
2008-2014,2009-03-17,179,NA,2306,Steep Main RR - Upstream,39.462937961867105,-121.60428005334087,NA,EF_SE,backpack shock into any seine,good,10.1,overcast,NA,600,Riffle Sculpin,NA,NA,NA,NA,NA,NA,NA,NA,NA,NA,Small - medium gravel (50-150mm) (2-6in.),Small Instream Objects/Woody Debris,Riffle,NA,NA,NA,1,Medium - large cobble (150-300mm) (6-12in.),NA,Undercut Bank,Large Instream Objects/Woody Debris,NA,2009
2008-2014,2009-03-17,179,NA,2307,Steep Main RR - Upstream,39.462937961867105,-121.60428005334087,NA,EF_SE,backpack shock into any seine,good,10.1,overcast,NA,600,Riffle Sculpin,NA,NA,NA,NA,NA,NA,NA,NA,NA,NA,Small - medium gravel (50-150mm) (2-6in.),Small Instream Objects/Woody Debris,Riffle,NA,NA,NA,1,Medium - large cobble (150-300mm) (6-12in.),NA,Undercut Bank,Large Instream Objects/Woody Debris,NA,2009
2008-2014,2009-03-17,179,NA,2308,Steep Main RR - Upstream,39.462937961867105,-121.60428005334087,NA,EF_SE,backpack shock into any seine,good,10.1,overcast,NA,600,Riffle Sculpin,NA,NA,NA,NA,NA,NA,NA,NA,NA,NA,Small - medium gravel (50-150mm) (2-6in.),Small Instream Objects/Woody Debris,Riffle,NA,NA,NA,1,Medium - large cobble (150-300mm) (6-12in.),NA,Undercut Bank,Large Instream Objects/Woody Debris,NA,2009
2008-2014,2009-03-17,179,NA,2309,Steep Main RR - Upstream,39.462937961867105,-121.60428005334087,NA,EF_SE,backpack shock into any seine,good,10.1,overcast,NA,600,Riffle Sculpin,NA,NA,NA,NA,NA,NA,NA,NA,NA,NA,Small - medium gravel (50-150mm) (2-6in.),Small Instream Objects/Woody Debris,Riffle,NA,NA,NA,1,Medium - large cobble (150-300mm) (6-12in.),NA,Undercut Bank,Large Instream Objects/Woody Debris,NA,2009
2008-2014,2009-03-17,179,NA,2310,Steep Main RR - Upstream,39.462937961867105,-121.60428005334087,NA,EF_SE,backpack shock into any seine,good,10.1,overcast,NA,600,Riffle Sculpin,NA,NA,NA,NA,NA,NA,NA,NA,NA,NA,Small - medium gravel (50-150mm) (2-6in.),Small Instream Objects/Woody Debris,Riffle,NA,NA,NA,1,Medium - large cobble (150-300mm) (6-12in.),NA,Undercut Bank,Large Instream Objects/Woody Debris,NA,2009
2008-2014,2009-03-17,179,NA,2311,Steep Main RR - Upstream,39.462937961867105,-121.60428005334087,NA,EF_SE,backpack shock into any seine,good,10.1,overcast,NA,600,Prickly Sculpin,NA,NA,NA,NA,NA,NA,NA,NA,NA,NA,Small - medium gravel (50-150mm) (2-6in.),Small Instream Objects/Woody Debris,Riffle,NA,NA,NA,1,Medium - large cobble (150-300mm) (6-12in.),NA,Undercut Bank,Large Instream Objects/Woody Debris,NA,2009
2008-2014,2009-03-17,179,NA,2312,Steep Main RR - Upstream,39.462937961867105,-121.60428005334087,NA,EF_SE,backpack shock into any seine,good,10.1,overcast,NA,600,Prickly Sculpin,NA,NA,NA,NA,NA,NA,NA,NA,NA,NA,Small - medium gravel (50-150mm) (2-6in.),Small Instream Objects/Woody Debris,Riffle,NA,NA,NA,1,Medium - large cobble (150-300mm) (6-12in.),NA,Undercut Bank,Large Instream Objects/Woody Debris,NA,2009
2008-2014,2009-03-17,179,NA,2313,Steep Main RR - Upstream,39.462937961867105,-121.60428005334087,NA,EF_SE,backpack shock into any seine,good,10.1,overcast,NA,600,Prickly Sculpin,NA,NA,NA,NA,NA,NA,NA,NA,NA,NA,Small - medium gravel (50-150mm) (2-6in.),Small Instream Objects/Woody Debris,Riffle,NA,NA,NA,1,Medium - large cobble (150-300mm) (6-12in.),NA,Undercut Bank,Large Instream Objects/Woody Debris,NA,2009
2008-2014,2009-03-17,179,NA,2314,Steep Main RR - Upstream,39.462937961867105,-121.60428005334087,NA,EF_SE,backpack shock into any seine,good,10.1,overcast,NA,600,Prickly Sculpin,NA,NA,NA,NA,NA,NA,NA,NA,NA,NA,Small - medium gravel (50-150mm) (2-6in.),Small Instream Objects/Woody Debris,Riffle,NA,NA,NA,1,Medium - large cobble (150-300mm) (6-12in.),NA,Undercut Bank,Large Instream Objects/Woody Debris,NA,2009
2008-2014,2009-03-17,179,NA,2315,Steep Main RR - Upstream,39.462937961867105,-121.60428005334087,NA,EF_SE,backpack shock into any seine,good,10.1,overcast,NA,600,Prickly Sculpin,NA,NA,NA,NA,NA,NA,NA,NA,NA,NA,Small - medium gravel (50-150mm) (2-6in.),Small Instream Objects/Woody Debris,Riffle,NA,NA,NA,1,Medium - large cobble (150-300mm) (6-12in.),NA,Undercut Bank,Large Instream Objects/Woody Debris,NA,2009
2008-2014,2009-03-17,179,NA,2316,Steep Main RR - Upstream,39.462937961867105,-121.60428005334087,NA,EF_SE,backpack shock into any seine,good,10.1,overcast,NA,600,Prickly Sculpin,NA,NA,NA,NA,NA,NA,NA,NA,NA,NA,Small - medium gravel (50-150mm) (2-6in.),Small Instream Objects/Woody Debris,Riffle,NA,NA,NA,1,Medium - large cobble (150-300mm) (6-12in.),NA,Undercut Bank,Large Instream Objects/Woody Debris,NA,2009
2008-2014,2009-03-17,179,NA,2317,Steep Main RR - Upstream,39.462937961867105,-121.60428005334087,NA,EF_SE,backpack shock into any seine,good,10.1,overcast,NA,600,Prickly Sculpin,NA,NA,NA,NA,NA,NA,NA,NA,NA,NA,Small - medium gravel (50-150mm) (2-6in.),Small Instream Objects/Woody Debris,Riffle,NA,NA,NA,1,Medium - large cobble (150-300mm) (6-12in.),NA,Undercut Bank,Large Instream Objects/Woody Debris,NA,2009
2008-2014,2009-03-17,179,NA,2318,Steep Main RR - Upstream,39.462937961867105,-121.60428005334087,NA,EF_SE,backpack shock into any seine,good,10.1,overcast,NA,600,Prickly Sculpin,NA,NA,NA,NA,NA,NA,NA,NA,NA,NA,Small - medium gravel (50-150mm) (2-6in.),Small Instream Objects/Woody Debris,Riffle,NA,NA,NA,1,Medium - large cobble (150-300mm) (6-12in.),NA,Undercut Bank,Large Instream Objects/Woody Debris,NA,2009
2008-2014,2009-03-17,179,NA,2319,Steep Main RR - Upstream,39.462937961867105,-121.60428005334087,NA,EF_SE,backpack shock into any seine,good,10.1,overcast,NA,600,Prickly Sculpin,NA,NA,NA,NA,NA,NA,NA,NA,NA,NA,Small - medium gravel (50-150mm) (2-6in.),Small Instream Objects/Woody Debris,Riffle,NA,NA,NA,1,Medium - large cobble (150-300mm) (6-12in.),NA,Undercut Bank,Large Instream Objects/Woody Debris,NA,2009
2008-2014,2009-03-17,179,NA,2320,Steep Main RR - Upstream,39.462937961867105,-121.60428005334087,NA,EF_SE,backpack shock into any seine,good,10.1,overcast,NA,600,Prickly Sculpin,NA,NA,NA,NA,NA,NA,NA,NA,NA,NA,Small - medium gravel (50-150mm) (2-6in.),Small Instream Objects/Woody Debris,Riffle,NA,NA,NA,1,Medium - large cobble (150-300mm) (6-12in.),NA,Undercut Bank,Large Instream Objects/Woody Debris,NA,2009
2008-2014,2009-03-17,179,NA,2321,Steep Main RR - Upstream,39.462937961867105,-121.60428005334087,NA,EF_SE,backpack shock into any seine,good,10.1,overcast,NA,600,Prickly Sculpin,NA,NA,NA,NA,NA,NA,NA,NA,NA,NA,Small - medium gravel (50-150mm) (2-6in.),Small Instream Objects/Woody Debris,Riffle,NA,NA,NA,1,Medium - large cobble (150-300mm) (6-12in.),NA,Undercut Bank,Large Instream Objects/Woody Debris,NA,2009
2008-2014,2008-06-18,66,NA,310,Steep Main RR - Upstream,39.462937961867105,-121.60428005334087,NA,EF_SE,backpack shock into any seine,good,17,sunny,NA,NA,Prickly Sculpin,NA,NA,NA,NA,NA,NA,NA,NA,NA,NA,Small - medium gravel (50-150mm) (2-6in.),Small Instream Objects/Woody Debris,Riffle,NA,NA,NA,1,Medium - large cobble (150-300mm) (6-12in.),NA,NA,NA,NA,2008
2008-2014,2008-06-18,66,NA,311,Steep Main RR - Upstream,39.462937961867105,-121.60428005334087,NA,EF_SE,backpack shock into any seine,good,17,sunny,NA,NA,Prickly Sculpin,NA,NA,NA,NA,NA,NA,NA,NA,NA,NA,Small - medium gravel (50-150mm) (2-6in.),Small Instream Objects/Woody Debris,Riffle,NA,NA,NA,1,Medium - large cobble (150-300mm) (6-12in.),NA,NA,NA,NA,2008
2008-2014,2008-06-18,66,NA,312,Steep Main RR - Upstream,39.462937961867105,-121.60428005334087,NA,EF_SE,backpack shock into any seine,good,17,sunny,NA,NA,Prickly Sculpin,NA,NA,NA,NA,NA,NA,NA,NA,NA,NA,Small - medium gravel (50-150mm) (2-6in.),Small Instream Objects/Woody Debris,Riffle,NA,NA,NA,1,Medium - large cobble (150-300mm) (6-12in.),NA,NA,NA,NA,2008
2008-2014,2008-06-18,66,NA,313,Steep Main RR - Upstream,39.462937961867105,-121.60428005334087,NA,EF_SE,backpack shock into any seine,good,17,sunny,NA,NA,Prickly Sculpin,NA,NA,NA,NA,NA,NA,NA,NA,NA,NA,Small - medium gravel (50-150mm) (2-6in.),Small Instream Objects/Woody Debris,Riffle,NA,NA,NA,1,Medium - large cobble (150-300mm) (6-12in.),NA,NA,NA,NA,2008
2008-2014,2008-06-18,66,NA,314,Steep Main RR - Upstream,39.462937961867105,-121.60428005334087,NA,EF_SE,backpack shock into any seine,good,17,sunny,NA,NA,Prickly Sculpin,NA,NA,NA,NA,NA,NA,NA,NA,NA,NA,Small - medium gravel (50-150mm) (2-6in.),Small Instream Objects/Woody Debris,Riffle,NA,NA,NA,1,Medium - large cobble (150-300mm) (6-12in.),NA,NA,NA,NA,2008
2008-2014,2008-06-18,66,NA,315,Steep Main RR - Upstream,39.462937961867105,-121.60428005334087,NA,EF_SE,backpack shock into any seine,good,17,sunny,NA,NA,Prickly Sculpin,NA,NA,NA,NA,NA,NA,NA,NA,NA,NA,Small - medium gravel (50-150mm) (2-6in.),Small Instream Objects/Woody Debris,Riffle,NA,NA,NA,1,Medium - large cobble (150-300mm) (6-12in.),NA,NA,NA,NA,2008
2008-2014,2008-06-18,66,NA,316,Steep Main RR - Upstream,39.462937961867105,-121.60428005334087,NA,EF_SE,backpack shock into any seine,good,17,sunny,NA,NA,Prickly Sculpin,NA,NA,NA,NA,NA,NA,NA,NA,NA,NA,Small - medium gravel (50-150mm) (2-6in.),Small Instream Objects/Woody Debris,Riffle,NA,NA,NA,1,Medium - large cobble (150-300mm) (6-12in.),NA,NA,NA,NA,2008
2008-2014,2008-06-18,66,NA,317,Steep Main RR - Upstream,39.462937961867105,-121.60428005334087,NA,EF_SE,backpack shock into any seine,good,17,sunny,NA,NA,Prickly Sculpin,NA,NA,NA,NA,NA,NA,NA,NA,NA,NA,Small - medium gravel (50-150mm) (2-6in.),Small Instream Objects/Woody Debris,Riffle,NA,NA,NA,1,Medium - large cobble (150-300mm) (6-12in.),NA,NA,NA,NA,2008
2008-2014,2008-06-18,66,NA,318,Steep Main RR - Upstream,39.462937961867105,-121.60428005334087,NA,EF_SE,backpack shock into any seine,good,17,sunny,NA,NA,Prickly Sculpin,NA,NA,NA,NA,NA,NA,NA,NA,NA,NA,Small - medium gravel (50-150mm) (2-6in.),Small Instream Objects/Woody Debris,Riffle,NA,NA,NA,1,Medium - large cobble (150-300mm) (6-12in.),NA,NA,NA,NA,2008
2008-2014,2008-06-18,66,NA,319,Steep Main RR - Upstream,39.462937961867105,-121.60428005334087,NA,EF_SE,backpack shock into any seine,good,17,sunny,NA,NA,Prickly Sculpin,NA,NA,NA,NA,NA,NA,NA,NA,NA,NA,Small - medium gravel (50-150mm) (2-6in.),Small Instream Objects/Woody Debris,Riffle,NA,NA,NA,1,Medium - large cobble (150-300mm) (6-12in.),NA,NA,NA,NA,2008
2008-2014,2008-06-18,66,NA,320,Steep Main RR - Upstream,39.462937961867105,-121.60428005334087,NA,EF_SE,backpack shock into any seine,good,17,sunny,NA,NA,Prickly Sculpin,NA,NA,NA,NA,NA,NA,NA,NA,NA,NA,Small - medium gravel (50-150mm) (2-6in.),Small Instream Objects/Woody Debris,Riffle,NA,NA,NA,1,Medium - large cobble (150-300mm) (6-12in.),NA,NA,NA,NA,2008
2008-2014,2008-06-18,66,NA,321,Steep Main RR - Upstream,39.462937961867105,-121.60428005334087,NA,EF_SE,backpack shock into any seine,good,17,sunny,NA,NA,Prickly Sculpin,NA,NA,NA,NA,NA,NA,NA,NA,NA,NA,Small - medium gravel (50-150mm) (2-6in.),Small Instream Objects/Woody Debris,Riffle,NA,NA,NA,1,Medium - large cobble (150-300mm) (6-12in.),NA,NA,NA,NA,2008
2008-2014,2008-06-18,66,NA,322,Steep Main RR - Upstream,39.462937961867105,-121.60428005334087,NA,EF_SE,backpack shock into any seine,good,17,sunny,NA,NA,Prickly Sculpin,NA,NA,NA,NA,NA,NA,NA,NA,NA,NA,Small - medium gravel (50-150mm) (2-6in.),Small Instream Objects/Woody Debris,Riffle,NA,NA,NA,1,Medium - large cobble (150-300mm) (6-12in.),NA,NA,NA,NA,2008
2008-2014,2008-06-18,66,NA,323,Steep Main RR - Upstream,39.462937961867105,-121.60428005334087,NA,EF_SE,backpack shock into any seine,good,17,sunny,NA,NA,Prickly Sculpin,NA,NA,NA,NA,NA,NA,NA,NA,NA,NA,Small - medium gravel (50-150mm) (2-6in.),Small Instream Objects/Woody Debris,Riffle,NA,NA,NA,1,Medium - large cobble (150-300mm) (6-12in.),NA,NA,NA,NA,2008
2008-2014,2008-06-18,66,NA,324,Steep Main RR - Upstream,39.462937961867105,-121.60428005334087,NA,EF_SE,backpack shock into any seine,good,17,sunny,NA,NA,Prickly Sculpin,NA,NA,NA,NA,NA,NA,NA,NA,NA,NA,Small - medium gravel (50-150mm) (2-6in.),Small Instream Objects/Woody Debris,Riffle,NA,NA,NA,1,Medium - large cobble (150-300mm) (6-12in.),NA,NA,NA,NA,2008
2008-2014,2008-06-18,66,NA,325,Steep Main RR - Upstream,39.462937961867105,-121.60428005334087,NA,EF_SE,backpack shock into any seine,good,17,sunny,NA,NA,Prickly Sculpin,NA,NA,NA,NA,NA,NA,NA,NA,NA,NA,Small - medium gravel (50-150mm) (2-6in.),Small Instream Objects/Woody Debris,Riffle,NA,NA,NA,1,Medium - large cobble (150-300mm) (6-12in.),NA,NA,NA,NA,2008
2008-2014,2008-06-18,66,NA,326,Steep Main RR - Upstream,39.462937961867105,-121.60428005334087,NA,EF_SE,backpack shock into any seine,good,17,sunny,NA,NA,Prickly Sculpin,NA,NA,NA,NA,NA,NA,NA,NA,NA,NA,Small - medium gravel (50-150mm) (2-6in.),Small Instream Objects/Woody Debris,Riffle,NA,NA,NA,1,Medium - large cobble (150-300mm) (6-12in.),NA,NA,NA,NA,2008
2008-2014,2008-06-18,66,NA,327,Steep Main RR - Upstream,39.462937961867105,-121.60428005334087,NA,EF_SE,backpack shock into any seine,good,17,sunny,NA,NA,Prickly Sculpin,NA,NA,NA,NA,NA,NA,NA,NA,NA,NA,Small - medium gravel (50-150mm) (2-6in.),Small Instream Objects/Woody Debris,Riffle,NA,NA,NA,1,Medium - large cobble (150-300mm) (6-12in.),NA,NA,NA,NA,2008
2008-2014,2008-06-18,66,NA,328,Steep Main RR - Upstream,39.462937961867105,-121.60428005334087,NA,EF_SE,backpack shock into any seine,good,17,sunny,NA,NA,Prickly Sculpin,NA,NA,NA,NA,NA,NA,NA,NA,NA,NA,Small - medium gravel (50-150mm) (2-6in.),Small Instream Objects/Woody Debris,Riffle,NA,NA,NA,1,Medium - large cobble (150-300mm) (6-12in.),NA,NA,NA,NA,2008
2008-2014,2008-06-18,66,NA,329,Steep Main RR - Upstream,39.462937961867105,-121.60428005334087,NA,EF_SE,backpack shock into any seine,good,17,sunny,NA,NA,Prickly Sculpin,NA,NA,NA,NA,NA,NA,NA,NA,NA,NA,Small - medium gravel (50-150mm) (2-6in.),Small Instream Objects/Woody Debris,Riffle,NA,NA,NA,1,Medium - large cobble (150-300mm) (6-12in.),NA,NA,NA,NA,2008
2008-2014,2008-07-24,92,NA,746,Steep Main RR - Upstream,39.462937961867105,-121.60428005334087,NA,EF_SE,backpack shock into any seine,good,17,sunny,NA,NA,Unid Juvenile Sculpin,NA,NA,NA,NA,NA,NA,NA,NA,NA,NA,Small - medium gravel (50-150mm) (2-6in.),Small Instream Objects/Woody Debris,Riffle,NA,NA,NA,1,Medium - large cobble (150-300mm) (6-12in.),Boulder (>300mm) (>12in.),Overhead Objects,Large Instream Objects/Woody Debris,NA,2008
2008-2014,2008-07-24,92,NA,747,Steep Main RR - Upstream,39.462937961867105,-121.60428005334087,NA,EF_SE,backpack shock into any seine,good,17,sunny,NA,NA,Unid Juvenile Sculpin,NA,NA,NA,NA,NA,NA,NA,NA,NA,NA,Small - medium gravel (50-150mm) (2-6in.),Small Instream Objects/Woody Debris,Riffle,NA,NA,NA,1,Medium - large cobble (150-300mm) (6-12in.),Boulder (>300mm) (>12in.),Overhead Objects,Large Instream Objects/Woody Debris,NA,2008
2008-2014,2008-07-24,92,NA,748,Steep Main RR - Upstream,39.462937961867105,-121.60428005334087,NA,EF_SE,backpack shock into any seine,good,17,sunny,NA,NA,Unid Juvenile Sculpin,NA,NA,NA,NA,NA,NA,NA,NA,NA,NA,Small - medium gravel (50-150mm) (2-6in.),Small Instream Objects/Woody Debris,Riffle,NA,NA,NA,1,Medium - large cobble (150-300mm) (6-12in.),Boulder (>300mm) (>12in.),Overhead Objects,Large Instream Objects/Woody Debris,NA,2008
2008-2014,2008-07-24,93,NA,749,Steep Main RR - Downstream,39.462240707619635,-121.60468317506228,NA,EF_SE,backpack shock into any seine,good,16,sunny,NA,NA,Riffle Sculpin,NA,NA,NA,NA,NA,NA,NA,NA,NA,NA,Small - medium gravel (50-150mm) (2-6in.),Large Instream Objects/Woody Debris,Riffle,NA,NA,NA,1,Medium - large cobble (150-300mm) (6-12in.),Boulder (>300mm) (>12in.),NA,Overhead Objects,NA,2008
2008-2014,2008-07-24,93,NA,750,Steep Main RR - Downstream,39.462240707619635,-121.60468317506228,NA,EF_SE,backpack shock into any seine,good,16,sunny,NA,NA,Riffle Sculpin,NA,NA,NA,NA,NA,NA,NA,NA,NA,NA,Small - medium gravel (50-150mm) (2-6in.),Large Instream Objects/Woody Debris,Riffle,NA,NA,NA,1,Medium - large cobble (150-300mm) (6-12in.),Boulder (>300mm) (>12in.),NA,Overhead Objects,NA,2008
2008-2014,2008-07-24,93,NA,751,Steep Main RR - Downstream,39.462240707619635,-121.60468317506228,NA,EF_SE,backpack shock into any seine,good,16,sunny,NA,NA,Riffle Sculpin,NA,NA,NA,NA,NA,NA,NA,NA,NA,NA,Small - medium gravel (50-150mm) (2-6in.),Large Instream Objects/Woody Debris,Riffle,NA,NA,NA,1,Medium - large cobble (150-300mm) (6-12in.),Boulder (>300mm) (>12in.),NA,Overhead Objects,NA,2008
2008-2014,2008-07-24,93,NA,752,Steep Main RR - Downstream,39.462240707619635,-121.60468317506228,NA,EF_SE,backpack shock into any seine,good,16,sunny,NA,NA,Riffle Sculpin,NA,NA,NA,NA,NA,NA,NA,NA,NA,NA,Small - medium gravel (50-150mm) (2-6in.),Large Instream Objects/Woody Debris,Riffle,NA,NA,NA,1,Medium - large cobble (150-300mm) (6-12in.),Boulder (>300mm) (>12in.),NA,Overhead Objects,NA,2008
2008-2014,2008-07-24,93,NA,753,Steep Main RR - Downstream,39.462240707619635,-121.60468317506228,NA,EF_SE,backpack shock into any seine,good,16,sunny,NA,NA,Riffle Sculpin,NA,NA,NA,NA,NA,NA,NA,NA,NA,NA,Small - medium gravel (50-150mm) (2-6in.),Large Instream Objects/Woody Debris,Riffle,NA,NA,NA,1,Medium - large cobble (150-300mm) (6-12in.),Boulder (>300mm) (>12in.),NA,Overhead Objects,NA,2008
2008-2014,2008-07-24,93,NA,754,Steep Main RR - Downstream,39.462240707619635,-121.60468317506228,NA,EF_SE,backpack shock into any seine,good,16,sunny,NA,NA,Riffle Sculpin,NA,NA,NA,NA,NA,NA,NA,NA,NA,NA,Small - medium gravel (50-150mm) (2-6in.),Large Instream Objects/Woody Debris,Riffle,NA,NA,NA,1,Medium - large cobble (150-300mm) (6-12in.),Boulder (>300mm) (>12in.),NA,Overhead Objects,NA,2008
2008-2014,2008-07-24,93,NA,755,Steep Main RR - Downstream,39.462240707619635,-121.60468317506228,NA,EF_SE,backpack shock into any seine,good,16,sunny,NA,NA,Riffle Sculpin,NA,NA,NA,NA,NA,NA,NA,NA,NA,NA,Small - medium gravel (50-150mm) (2-6in.),Large Instream Objects/Woody Debris,Riffle,NA,NA,NA,1,Medium - large cobble (150-300mm) (6-12in.),Boulder (>300mm) (>12in.),NA,Overhead Objects,NA,2008
2008-2014,2008-07-24,93,NA,756,Steep Main RR - Downstream,39.462240707619635,-121.60468317506228,NA,EF_SE,backpack shock into any seine,good,16,sunny,NA,NA,Riffle Sculpin,NA,n/a,NA,NA,NA,NA,NA,NA,NA,NA,Small - medium gravel (50-150mm) (2-6in.),Large Instream Objects/Woody Debris,Riffle,NA,NA,NA,1,Medium - large cobble (150-300mm) (6-12in.),Boulder (>300mm) (>12in.),NA,Overhead Objects,NA,2008
2008-2014,2008-07-24,93,NA,757,Steep Main RR - Downstream,39.462240707619635,-121.60468317506228,NA,EF_SE,backpack shock into any seine,good,16,sunny,NA,NA,Riffle Sculpin,NA,NA,NA,NA,NA,NA,NA,NA,NA,NA,Small - medium gravel (50-150mm) (2-6in.),Large Instream Objects/Woody Debris,Riffle,NA,NA,NA,1,Medium - large cobble (150-300mm) (6-12in.),Boulder (>300mm) (>12in.),NA,Overhead Objects,NA,2008
2008-2014,2008-07-24,93,NA,758,Steep Main RR - Downstream,39.462240707619635,-121.60468317506228,NA,EF_SE,backpack shock into any seine,good,16,sunny,NA,NA,Riffle Sculpin,NA,NA,NA,NA,NA,NA,NA,NA,NA,NA,Small - medium gravel (50-150mm) (2-6in.),Large Instream Objects/Woody Debris,Riffle,NA,NA,NA,1,Medium - large cobble (150-300mm) (6-12in.),Boulder (>300mm) (>12in.),NA,Overhead Objects,NA,2008
2008-2014,2008-07-24,93,NA,759,Steep Main RR - Downstream,39.462240707619635,-121.60468317506228,NA,EF_SE,backpack shock into any seine,good,16,sunny,NA,NA,Riffle Sculpin,NA,NA,NA,NA,NA,NA,NA,NA,NA,NA,Small - medium gravel (50-150mm) (2-6in.),Large Instream Objects/Woody Debris,Riffle,NA,NA,NA,1,Medium - large cobble (150-300mm) (6-12in.),Boulder (>300mm) (>12in.),NA,Overhead Objects,NA,2008
2008-2014,2008-07-24,93,NA,760,Steep Main RR - Downstream,39.462240707619635,-121.60468317506228,NA,EF_SE,backpack shock into any seine,good,16,sunny,NA,NA,Riffle Sculpin,NA,NA,NA,NA,NA,NA,NA,NA,NA,NA,Small - medium gravel (50-150mm) (2-6in.),Large Instream Objects/Woody Debris,Riffle,NA,NA,NA,1,Medium - large cobble (150-300mm) (6-12in.),Boulder (>300mm) (>12in.),NA,Overhead Objects,NA,2008
2008-2014,2008-07-24,93,NA,761,Steep Main RR - Downstream,39.462240707619635,-121.60468317506228,NA,EF_SE,backpack shock into any seine,good,16,sunny,NA,NA,Riffle Sculpin,NA,NA,NA,NA,NA,NA,NA,NA,NA,NA,Small - medium gravel (50-150mm) (2-6in.),Large Instream Objects/Woody Debris,Riffle,NA,NA,NA,1,Medium - large cobble (150-300mm) (6-12in.),Boulder (>300mm) (>12in.),NA,Overhead Objects,NA,2008
2008-2014,2008-07-24,93,NA,762,Steep Main RR - Downstream,39.462240707619635,-121.60468317506228,NA,EF_SE,backpack shock into any seine,good,16,sunny,NA,NA,Riffle Sculpin,NA,NA,NA,NA,NA,NA,NA,NA,NA,NA,Small - medium gravel (50-150mm) (2-6in.),Large Instream Objects/Woody Debris,Riffle,NA,NA,NA,1,Medium - large cobble (150-300mm) (6-12in.),Boulder (>300mm) (>12in.),NA,Overhead Objects,NA,2008
2008-2014,2008-07-24,93,NA,763,Steep Main RR - Downstream,39.462240707619635,-121.60468317506228,NA,EF_SE,backpack shock into any seine,good,16,sunny,NA,NA,Riffle Sculpin,NA,NA,NA,NA,NA,NA,NA,NA,NA,NA,Small - medium gravel (50-150mm) (2-6in.),Large Instream Objects/Woody Debris,Riffle,NA,NA,NA,1,Medium - large cobble (150-300mm) (6-12in.),Boulder (>300mm) (>12in.),NA,Overhead Objects,NA,2008
2008-2014,2008-07-24,93,NA,764,Steep Main RR - Downstream,39.462240707619635,-121.60468317506228,NA,EF_SE,backpack shock into any seine,good,16,sunny,NA,NA,Riffle Sculpin,NA,NA,NA,NA,NA,NA,NA,NA,NA,NA,Small - medium gravel (50-150mm) (2-6in.),Large Instream Objects/Woody Debris,Riffle,NA,NA,NA,1,Medium - large cobble (150-300mm) (6-12in.),Boulder (>300mm) (>12in.),NA,Overhead Objects,NA,2008
2008-2014,2008-07-24,93,NA,765,Steep Main RR - Downstream,39.462240707619635,-121.60468317506228,NA,EF_SE,backpack shock into any seine,good,16,sunny,NA,NA,Riffle Sculpin,NA,NA,NA,NA,NA,NA,NA,NA,NA,NA,Small - medium gravel (50-150mm) (2-6in.),Large Instream Objects/Woody Debris,Riffle,NA,NA,NA,1,Medium - large cobble (150-300mm) (6-12in.),Boulder (>300mm) (>12in.),NA,Overhead Objects,NA,2008
2008-2014,2008-07-24,93,NA,766,Steep Main RR - Downstream,39.462240707619635,-121.60468317506228,NA,EF_SE,backpack shock into any seine,good,16,sunny,NA,NA,Riffle Sculpin,NA,NA,NA,NA,NA,NA,NA,NA,NA,NA,Small - medium gravel (50-150mm) (2-6in.),Large Instream Objects/Woody Debris,Riffle,NA,NA,NA,1,Medium - large cobble (150-300mm) (6-12in.),Boulder (>300mm) (>12in.),NA,Overhead Objects,NA,2008
2008-2014,2008-07-24,93,NA,767,Steep Main RR - Downstream,39.462240707619635,-121.60468317506228,NA,EF_SE,backpack shock into any seine,good,16,sunny,NA,NA,Riffle Sculpin,NA,NA,NA,NA,NA,NA,NA,NA,NA,NA,Small - medium gravel (50-150mm) (2-6in.),Large Instream Objects/Woody Debris,Riffle,NA,NA,NA,1,Medium - large cobble (150-300mm) (6-12in.),Boulder (>300mm) (>12in.),NA,Overhead Objects,NA,2008
2008-2014,2008-07-24,93,NA,768,Steep Main RR - Downstream,39.462240707619635,-121.60468317506228,NA,EF_SE,backpack shock into any seine,good,16,sunny,NA,NA,Riffle Sculpin,NA,NA,NA,NA,NA,NA,NA,NA,NA,NA,Small - medium gravel (50-150mm) (2-6in.),Large Instream Objects/Woody Debris,Riffle,NA,NA,NA,1,Medium - large cobble (150-300mm) (6-12in.),Boulder (>300mm) (>12in.),NA,Overhead Objects,NA,2008
2008-2014,2008-07-24,93,NA,769,Steep Main RR - Downstream,39.462240707619635,-121.60468317506228,NA,EF_SE,backpack shock into any seine,good,16,sunny,NA,NA,Riffle Sculpin,NA,NA,NA,NA,NA,NA,NA,NA,NA,NA,Small - medium gravel (50-150mm) (2-6in.),Large Instream Objects/Woody Debris,Riffle,NA,NA,NA,2,Medium - large cobble (150-300mm) (6-12in.),Boulder (>300mm) (>12in.),NA,Overhead Objects,NA,2008
2008-2014,2008-07-24,93,NA,770,Steep Main RR - Downstream,39.462240707619635,-121.60468317506228,NA,EF_SE,backpack shock into any seine,good,16,sunny,NA,NA,Prickly Sculpin,NA,NA,NA,NA,NA,NA,NA,NA,NA,NA,Small - medium gravel (50-150mm) (2-6in.),Large Instream Objects/Woody Debris,Riffle,NA,NA,NA,1,Medium - large cobble (150-300mm) (6-12in.),Boulder (>300mm) (>12in.),NA,Overhead Objects,NA,2008
2008-2014,2008-07-24,93,NA,771,Steep Main RR - Downstream,39.462240707619635,-121.60468317506228,NA,EF_SE,backpack shock into any seine,good,16,sunny,NA,NA,Prickly Sculpin,NA,NA,NA,NA,NA,NA,NA,NA,NA,NA,Small - medium gravel (50-150mm) (2-6in.),Large Instream Objects/Woody Debris,Riffle,NA,NA,NA,1,Medium - large cobble (150-300mm) (6-12in.),Boulder (>300mm) (>12in.),NA,Overhead Objects,NA,2008
2008-2014,2008-07-24,93,NA,772,Steep Main RR - Downstream,39.462240707619635,-121.60468317506228,NA,EF_SE,backpack shock into any seine,good,16,sunny,NA,NA,Prickly Sculpin,NA,NA,NA,NA,NA,NA,NA,NA,NA,NA,Small - medium gravel (50-150mm) (2-6in.),Large Instream Objects/Woody Debris,Riffle,NA,NA,NA,1,Medium - large cobble (150-300mm) (6-12in.),Boulder (>300mm) (>12in.),NA,Overhead Objects,NA,2008
2008-2014,2008-07-24,93,NA,773,Steep Main RR - Downstream,39.462240707619635,-121.60468317506228,NA,EF_SE,backpack shock into any seine,good,16,sunny,NA,NA,Prickly Sculpin,NA,NA,NA,NA,NA,NA,NA,NA,NA,NA,Small - medium gravel (50-150mm) (2-6in.),Large Instream Objects/Woody Debris,Riffle,NA,NA,NA,1,Medium - large cobble (150-300mm) (6-12in.),Boulder (>300mm) (>12in.),NA,Overhead Objects,NA,2008
2008-2014,2008-07-24,93,NA,774,Steep Main RR - Downstream,39.462240707619635,-121.60468317506228,NA,EF_SE,backpack shock into any seine,good,16,sunny,NA,NA,Prickly Sculpin,NA,NA,NA,NA,NA,NA,NA,NA,NA,NA,Small - medium gravel (50-150mm) (2-6in.),Large Instream Objects/Woody Debris,Riffle,NA,NA,NA,1,Medium - large cobble (150-300mm) (6-12in.),Boulder (>300mm) (>12in.),NA,Overhead Objects,NA,2008
2008-2014,2008-07-24,93,NA,775,Steep Main RR - Downstream,39.462240707619635,-121.60468317506228,NA,EF_SE,backpack shock into any seine,good,16,sunny,NA,NA,Prickly Sculpin,NA,NA,NA,NA,NA,NA,NA,NA,NA,NA,Small - medium gravel (50-150mm) (2-6in.),Large Instream Objects/Woody Debris,Riffle,NA,NA,NA,1,Medium - large cobble (150-300mm) (6-12in.),Boulder (>300mm) (>12in.),NA,Overhead Objects,NA,2008
2008-2014,2008-07-24,93,NA,776,Steep Main RR - Downstream,39.462240707619635,-121.60468317506228,NA,EF_SE,backpack shock into any seine,good,16,sunny,NA,NA,Prickly Sculpin,NA,NA,NA,NA,NA,NA,NA,NA,NA,NA,Small - medium gravel (50-150mm) (2-6in.),Large Instream Objects/Woody Debris,Riffle,NA,NA,NA,1,Medium - large cobble (150-300mm) (6-12in.),Boulder (>300mm) (>12in.),NA,Overhead Objects,NA,2008
2008-2014,2008-07-24,93,NA,777,Steep Main RR - Downstream,39.462240707619635,-121.60468317506228,NA,EF_SE,backpack shock into any seine,good,16,sunny,NA,NA,Prickly Sculpin,NA,NA,NA,NA,NA,NA,NA,NA,NA,NA,Small - medium gravel (50-150mm) (2-6in.),Large Instream Objects/Woody Debris,Riffle,NA,NA,NA,1,Medium - large cobble (150-300mm) (6-12in.),Boulder (>300mm) (>12in.),NA,Overhead Objects,NA,2008
2008-2014,2008-07-24,93,NA,778,Steep Main RR - Downstream,39.462240707619635,-121.60468317506228,NA,EF_SE,backpack shock into any seine,good,16,sunny,NA,NA,Prickly Sculpin,NA,NA,NA,NA,NA,NA,NA,NA,NA,NA,Small - medium gravel (50-150mm) (2-6in.),Large Instream Objects/Woody Debris,Riffle,NA,NA,NA,1,Medium - large cobble (150-300mm) (6-12in.),Boulder (>300mm) (>12in.),NA,Overhead Objects,NA,2008
2008-2014,2008-07-24,93,NA,779,Steep Main RR - Downstream,39.462240707619635,-121.60468317506228,NA,EF_SE,backpack shock into any seine,good,16,sunny,NA,NA,Prickly Sculpin,NA,NA,NA,NA,NA,NA,NA,NA,NA,NA,Small - medium gravel (50-150mm) (2-6in.),Large Instream Objects/Woody Debris,Riffle,NA,NA,NA,1,Medium - large cobble (150-300mm) (6-12in.),Boulder (>300mm) (>12in.),NA,Overhead Objects,NA,2008
2008-2014,2008-07-24,93,NA,780,Steep Main RR - Downstream,39.462240707619635,-121.60468317506228,NA,EF_SE,backpack shock into any seine,good,16,sunny,NA,NA,Prickly Sculpin,NA,NA,NA,NA,NA,NA,NA,NA,NA,NA,Small - medium gravel (50-150mm) (2-6in.),Large Instream Objects/Woody Debris,Riffle,NA,NA,NA,1,Medium - large cobble (150-300mm) (6-12in.),Boulder (>300mm) (>12in.),NA,Overhead Objects,NA,2008
2008-2014,2008-07-24,93,NA,781,Steep Main RR - Downstream,39.462240707619635,-121.60468317506228,NA,EF_SE,backpack shock into any seine,good,16,sunny,NA,NA,Unid Juvenile Sculpin,NA,NA,NA,NA,NA,NA,NA,NA,NA,NA,Small - medium gravel (50-150mm) (2-6in.),Large Instream Objects/Woody Debris,Riffle,NA,NA,NA,1,Medium - large cobble (150-300mm) (6-12in.),Boulder (>300mm) (>12in.),NA,Overhead Objects,NA,2008
2008-2014,2008-07-24,93,NA,782,Steep Main RR - Downstream,39.462240707619635,-121.60468317506228,NA,EF_SE,backpack shock into any seine,good,16,sunny,NA,NA,Unid Juvenile Sculpin,NA,NA,NA,NA,NA,NA,NA,NA,NA,NA,Small - medium gravel (50-150mm) (2-6in.),Large Instream Objects/Woody Debris,Riffle,NA,NA,NA,1,Medium - large cobble (150-300mm) (6-12in.),Boulder (>300mm) (>12in.),NA,Overhead Objects,NA,2008
2008-2014,2008-07-24,93,NA,783,Steep Main RR - Downstream,39.462240707619635,-121.60468317506228,NA,EF_SE,backpack shock into any seine,good,16,sunny,NA,NA,Unid Juvenile Sculpin,NA,NA,NA,NA,NA,NA,NA,NA,NA,NA,Small - medium gravel (50-150mm) (2-6in.),Large Instream Objects/Woody Debris,Riffle,NA,NA,NA,1,Medium - large cobble (150-300mm) (6-12in.),Boulder (>300mm) (>12in.),NA,Overhead Objects,NA,2008
2008-2014,2008-07-24,93,NA,784,Steep Main RR - Downstream,39.462240707619635,-121.60468317506228,NA,EF_SE,backpack shock into any seine,good,16,sunny,NA,NA,Unid Juvenile Sculpin,NA,NA,NA,NA,NA,NA,NA,NA,NA,NA,Small - medium gravel (50-150mm) (2-6in.),Large Instream Objects/Woody Debris,Riffle,NA,NA,NA,1,Medium - large cobble (150-300mm) (6-12in.),Boulder (>300mm) (>12in.),NA,Overhead Objects,NA,2008
2008-2014,2008-07-24,93,NA,785,Steep Main RR - Downstream,39.462240707619635,-121.60468317506228,NA,EF_SE,backpack shock into any seine,good,16,sunny,NA,NA,Unid Juvenile Sculpin,NA,NA,NA,NA,NA,NA,NA,NA,NA,NA,Small - medium gravel (50-150mm) (2-6in.),Large Instream Objects/Woody Debris,Riffle,NA,NA,NA,1,Medium - large cobble (150-300mm) (6-12in.),Boulder (>300mm) (>12in.),NA,Overhead Objects,NA,2008
2008-2014,2008-07-24,93,NA,786,Steep Main RR - Downstream,39.462240707619635,-121.60468317506228,NA,EF_SE,backpack shock into any seine,good,16,sunny,NA,NA,Unid Juvenile Sculpin,NA,NA,NA,NA,NA,NA,NA,NA,NA,NA,Small - medium gravel (50-150mm) (2-6in.),Large Instream Objects/Woody Debris,Riffle,NA,NA,NA,1,Medium - large cobble (150-300mm) (6-12in.),Boulder (>300mm) (>12in.),NA,Overhead Objects,NA,2008
2008-2014,2008-07-24,93,NA,787,Steep Main RR - Downstream,39.462240707619635,-121.60468317506228,NA,EF_SE,backpack shock into any seine,good,16,sunny,NA,NA,Unid Juvenile Sculpin,NA,NA,NA,NA,NA,NA,NA,NA,NA,NA,Small - medium gravel (50-150mm) (2-6in.),Large Instream Objects/Woody Debris,Riffle,NA,NA,NA,1,Medium - large cobble (150-300mm) (6-12in.),Boulder (>300mm) (>12in.),NA,Overhead Objects,NA,2008
2008-2014,2008-07-24,93,NA,788,Steep Main RR - Downstream,39.462240707619635,-121.60468317506228,NA,EF_SE,backpack shock into any seine,good,16,sunny,NA,NA,Unid Juvenile Sculpin,NA,NA,NA,NA,NA,NA,NA,NA,NA,NA,Small - medium gravel (50-150mm) (2-6in.),Large Instream Objects/Woody Debris,Riffle,NA,NA,NA,1,Medium - large cobble (150-300mm) (6-12in.),Boulder (>300mm) (>12in.),NA,Overhead Objects,NA,2008
2008-2014,2008-07-24,94,NA,789,Eye Main RR - Upstream,39.45740715380447,-121.61417988668535,NA,EF_SE,backpack shock into any seine,good,16,sunny,NA,NA,Prickly Sculpin,NA,NA,NA,NA,NA,NA,NA,NA,NA,NA,Small - medium gravel (50-150mm) (2-6in.),No Apparent  Cover,Riffle,NA,NA,NA,1,Medium - large cobble (150-300mm) (6-12in.),NA,NA,Submerged Aquatic Veg/Algae,NA,2008
2008-2014,2008-07-24,94,NA,790,Eye Main RR - Upstream,39.45740715380447,-121.61417988668535,NA,EF_SE,backpack shock into any seine,good,16,sunny,NA,NA,Prickly Sculpin,NA,NA,NA,NA,NA,NA,NA,NA,NA,NA,Small - medium gravel (50-150mm) (2-6in.),No Apparent  Cover,Riffle,NA,NA,NA,1,Medium - large cobble (150-300mm) (6-12in.),NA,NA,Submerged Aquatic Veg/Algae,NA,2008
2008-2014,2008-07-24,94,NA,791,Eye Main RR - Upstream,39.45740715380447,-121.61417988668535,NA,EF_SE,backpack shock into any seine,good,16,sunny,NA,NA,Prickly Sculpin,NA,NA,NA,NA,NA,NA,NA,NA,NA,NA,Small - medium gravel (50-150mm) (2-6in.),No Apparent  Cover,Riffle,NA,NA,NA,1,Medium - large cobble (150-300mm) (6-12in.),NA,NA,Submerged Aquatic Veg/Algae,NA,2008
2008-2014,2008-07-24,94,NA,792,Eye Main RR - Upstream,39.45740715380447,-121.61417988668535,NA,EF_SE,backpack shock into any seine,good,16,sunny,NA,NA,Prickly Sculpin,NA,NA,NA,NA,NA,NA,NA,NA,NA,NA,Small - medium gravel (50-150mm) (2-6in.),No Apparent  Cover,Riffle,NA,NA,NA,1,Medium - large cobble (150-300mm) (6-12in.),NA,NA,Submerged Aquatic Veg/Algae,NA,2008
2008-2014,2008-07-24,94,NA,793,Eye Main RR - Upstream,39.45740715380447,-121.61417988668535,NA,EF_SE,backpack shock into any seine,good,16,sunny,NA,NA,Unid Juvenile Sculpin,NA,NA,NA,NA,NA,NA,NA,NA,NA,NA,Small - medium gravel (50-150mm) (2-6in.),No Apparent  Cover,Riffle,NA,NA,NA,1,Medium - large cobble (150-300mm) (6-12in.),NA,NA,Submerged Aquatic Veg/Algae,NA,2008
2008-2014,2008-07-24,94,NA,794,Eye Main RR - Upstream,39.45740715380447,-121.61417988668535,NA,EF_SE,backpack shock into any seine,good,16,sunny,NA,NA,Unid Juvenile Sculpin,NA,NA,NA,NA,NA,NA,NA,NA,NA,NA,Small - medium gravel (50-150mm) (2-6in.),No Apparent  Cover,Riffle,NA,NA,NA,1,Medium - large cobble (150-300mm) (6-12in.),NA,NA,Submerged Aquatic Veg/Algae,NA,2008
2008-2014,2008-07-24,94,NA,795,Eye Main RR - Upstream,39.45740715380447,-121.61417988668535,NA,EF_SE,backpack shock into any seine,good,16,sunny,NA,NA,Unid Juvenile Sculpin,NA,NA,NA,NA,NA,NA,NA,NA,NA,NA,Small - medium gravel (50-150mm) (2-6in.),No Apparent  Cover,Riffle,NA,NA,NA,1,Medium - large cobble (150-300mm) (6-12in.),NA,NA,Submerged Aquatic Veg/Algae,NA,2008
2008-2014,2008-07-24,94,NA,796,Eye Main RR - Upstream,39.45740715380447,-121.61417988668535,NA,EF_SE,backpack shock into any seine,good,16,sunny,NA,NA,Unid Juvenile Sculpin,NA,NA,NA,NA,NA,NA,NA,NA,NA,NA,Small - medium gravel (50-150mm) (2-6in.),No Apparent  Cover,Riffle,NA,NA,NA,1,Medium - large cobble (150-300mm) (6-12in.),NA,NA,Submerged Aquatic Veg/Algae,NA,2008
2008-2014,2008-07-24,94,NA,797,Eye Main RR - Upstream,39.45740715380447,-121.61417988668535,NA,EF_SE,backpack shock into any seine,good,16,sunny,NA,NA,Unid Juvenile Sculpin,NA,NA,NA,NA,NA,NA,NA,NA,NA,NA,Small - medium gravel (50-150mm) (2-6in.),No Apparent  Cover,Riffle,NA,NA,NA,1,Medium - large cobble (150-300mm) (6-12in.),NA,NA,Submerged Aquatic Veg/Algae,NA,2008
2008-2014,2008-07-24,94,NA,798,Eye Main RR - Upstream,39.45740715380447,-121.61417988668535,NA,EF_SE,backpack shock into any seine,good,16,sunny,NA,NA,Unid Juvenile Sculpin,NA,NA,NA,NA,NA,NA,NA,NA,NA,NA,Small - medium gravel (50-150mm) (2-6in.),No Apparent  Cover,Riffle,NA,NA,NA,1,Medium - large cobble (150-300mm) (6-12in.),NA,NA,Submerged Aquatic Veg/Algae,NA,2008
2008-2014,2008-07-24,94,NA,799,Eye Main RR - Upstream,39.45740715380447,-121.61417988668535,NA,EF_SE,backpack shock into any seine,good,16,sunny,NA,NA,Unid Juvenile Sculpin,NA,NA,NA,NA,NA,NA,NA,NA,NA,NA,Small - medium gravel (50-150mm) (2-6in.),No Apparent  Cover,Riffle,NA,NA,NA,1,Medium - large cobble (150-300mm) (6-12in.),NA,NA,Submerged Aquatic Veg/Algae,NA,2008
2008-2014,2008-07-24,94,NA,800,Eye Main RR - Upstream,39.45740715380447,-121.61417988668535,NA,EF_SE,backpack shock into any seine,good,16,sunny,NA,NA,Unid Juvenile Sculpin,NA,NA,NA,NA,NA,NA,NA,NA,NA,NA,Small - medium gravel (50-150mm) (2-6in.),No Apparent  Cover,Riffle,NA,NA,NA,1,Medium - large cobble (150-300mm) (6-12in.),NA,NA,Submerged Aquatic Veg/Algae,NA,2008
2008-2014,2008-07-24,94,NA,801,Eye Main RR - Upstream,39.45740715380447,-121.61417988668535,NA,EF_SE,backpack shock into any seine,good,16,sunny,NA,NA,Unid Juvenile Sculpin,NA,NA,NA,NA,NA,NA,NA,NA,NA,NA,Small - medium gravel (50-150mm) (2-6in.),No Apparent  Cover,Riffle,NA,NA,NA,1,Medium - large cobble (150-300mm) (6-12in.),NA,NA,Submerged Aquatic Veg/Algae,NA,2008
2008-2014,2008-07-24,94,NA,802,Eye Main RR - Upstream,39.45740715380447,-121.61417988668535,NA,EF_SE,backpack shock into any seine,good,16,sunny,NA,NA,Unid Juvenile Sculpin,NA,NA,NA,NA,NA,NA,NA,NA,NA,NA,Small - medium gravel (50-150mm) (2-6in.),No Apparent  Cover,Riffle,NA,NA,NA,1,Medium - large cobble (150-300mm) (6-12in.),NA,NA,Submerged Aquatic Veg/Algae,NA,2008
2008-2014,2008-07-24,94,NA,803,Eye Main RR - Upstream,39.45740715380447,-121.61417988668535,NA,EF_SE,backpack shock into any seine,good,16,sunny,NA,NA,Unid Juvenile Sculpin,NA,NA,NA,NA,NA,NA,NA,NA,NA,NA,Small - medium gravel (50-150mm) (2-6in.),No Apparent  Cover,Riffle,NA,NA,NA,1,Medium - large cobble (150-300mm) (6-12in.),NA,NA,Submerged Aquatic Veg/Algae,NA,2008
2008-2014,2008-07-24,94,NA,804,Eye Main RR - Upstream,39.45740715380447,-121.61417988668535,NA,EF_SE,backpack shock into any seine,good,16,sunny,NA,NA,Unid Juvenile Sculpin,NA,NA,NA,NA,NA,NA,NA,NA,NA,NA,Small - medium gravel (50-150mm) (2-6in.),No Apparent  Cover,Riffle,NA,NA,NA,1,Medium - large cobble (150-300mm) (6-12in.),NA,NA,Submerged Aquatic Veg/Algae,NA,2008
2008-2014,2008-07-24,95,NA,805,Eye Main RR - Downstream,39.45681138827642,-121.61503175870253,NA,EF_SE,backpack shock into any seine,good,15.5,sunny,NA,NA,Prickly Sculpin,NA,NA,NA,NA,NA,NA,NA,NA,NA,NA,Medium - large cobble (150-300mm) (6-12in.),No Apparent  Cover,Riffle,NA,NA,NA,1,NA,NA,NA,NA,NA,2008
2008-2014,2008-07-24,95,NA,806,Eye Main RR - Downstream,39.45681138827642,-121.61503175870253,NA,EF_SE,backpack shock into any seine,good,15.5,sunny,NA,NA,Prickly Sculpin,NA,NA,NA,NA,NA,NA,NA,NA,NA,NA,Medium - large cobble (150-300mm) (6-12in.),No Apparent  Cover,Riffle,NA,NA,NA,1,NA,NA,NA,NA,NA,2008
2008-2014,2008-07-24,95,NA,807,Eye Main RR - Downstream,39.45681138827642,-121.61503175870253,NA,EF_SE,backpack shock into any seine,good,15.5,sunny,NA,NA,Prickly Sculpin,NA,NA,NA,NA,NA,NA,NA,NA,NA,NA,Medium - large cobble (150-300mm) (6-12in.),No Apparent  Cover,Riffle,NA,NA,NA,1,NA,NA,NA,NA,NA,2008
2008-2014,2008-07-24,95,NA,808,Eye Main RR - Downstream,39.45681138827642,-121.61503175870253,NA,EF_SE,backpack shock into any seine,good,15.5,sunny,NA,NA,Riffle Sculpin,NA,NA,NA,NA,NA,NA,NA,NA,NA,NA,Medium - large cobble (150-300mm) (6-12in.),No Apparent  Cover,Riffle,NA,NA,NA,1,NA,NA,NA,NA,NA,2008
2008-2014,2008-07-24,95,NA,809,Eye Main RR - Downstream,39.45681138827642,-121.61503175870253,NA,EF_SE,backpack shock into any seine,good,15.5,sunny,NA,NA,Riffle Sculpin,NA,NA,NA,NA,NA,NA,NA,NA,NA,NA,Medium - large cobble (150-300mm) (6-12in.),No Apparent  Cover,Riffle,NA,NA,NA,1,NA,NA,NA,NA,NA,2008
2008-2014,2008-07-24,95,NA,810,Eye Main RR - Downstream,39.45681138827642,-121.61503175870253,NA,EF_SE,backpack shock into any seine,good,15.5,sunny,NA,NA,Riffle Sculpin,NA,NA,NA,NA,NA,NA,NA,NA,NA,NA,Medium - large cobble (150-300mm) (6-12in.),No Apparent  Cover,Riffle,NA,NA,NA,1,NA,NA,NA,NA,NA,2008
2008-2014,2008-07-24,95,NA,811,Eye Main RR - Downstream,39.45681138827642,-121.61503175870253,NA,EF_SE,backpack shock into any seine,good,15.5,sunny,NA,NA,Unid Juvenile Sculpin,NA,NA,NA,NA,NA,NA,NA,NA,NA,NA,Medium - large cobble (150-300mm) (6-12in.),No Apparent  Cover,Riffle,NA,NA,NA,1,NA,NA,NA,NA,NA,2008
2008-2014,2008-07-24,95,NA,812,Eye Main RR - Downstream,39.45681138827642,-121.61503175870253,NA,EF_SE,backpack shock into any seine,good,15.5,sunny,NA,NA,Unid Juvenile Sculpin,NA,NA,NA,NA,NA,NA,NA,NA,NA,NA,Medium - large cobble (150-300mm) (6-12in.),No Apparent  Cover,Riffle,NA,NA,NA,1,NA,NA,NA,NA,NA,2008
2008-2014,2008-07-24,95,NA,813,Eye Main RR - Downstream,39.45681138827642,-121.61503175870253,NA,EF_SE,backpack shock into any seine,good,15.5,sunny,NA,NA,Unid Juvenile Sculpin,NA,NA,NA,NA,NA,NA,NA,NA,NA,NA,Medium - large cobble (150-300mm) (6-12in.),No Apparent  Cover,Riffle,NA,NA,NA,1,NA,NA,NA,NA,NA,2008
2008-2014,2008-07-24,95,NA,814,Eye Main RR - Downstream,39.45681138827642,-121.61503175870253,NA,EF_SE,backpack shock into any seine,good,15.5,sunny,NA,NA,Unid Juvenile Sculpin,NA,NA,NA,NA,NA,NA,NA,NA,NA,NA,Medium - large cobble (150-300mm) (6-12in.),No Apparent  Cover,Riffle,NA,NA,NA,1,NA,NA,NA,NA,NA,2008
2008-2014,2008-07-24,95,NA,815,Eye Main RR - Downstream,39.45681138827642,-121.61503175870253,NA,EF_SE,backpack shock into any seine,good,15.5,sunny,NA,NA,Unid Juvenile Sculpin,NA,NA,NA,NA,NA,NA,NA,NA,NA,NA,Medium - large cobble (150-300mm) (6-12in.),No Apparent  Cover,Riffle,NA,NA,NA,1,NA,NA,NA,NA,NA,2008
2008-2014,2008-07-24,95,NA,816,Eye Main RR - Downstream,39.45681138827642,-121.61503175870253,NA,EF_SE,backpack shock into any seine,good,15.5,sunny,NA,NA,Unid Juvenile Sculpin,NA,NA,NA,NA,NA,NA,NA,NA,NA,NA,Medium - large cobble (150-300mm) (6-12in.),No Apparent  Cover,Riffle,NA,NA,NA,1,NA,NA,NA,NA,NA,2008
2008-2014,2008-07-24,95,NA,817,Eye Main RR - Downstream,39.45681138827642,-121.61503175870253,NA,EF_SE,backpack shock into any seine,good,15.5,sunny,NA,NA,Unid Juvenile Sculpin,NA,NA,NA,NA,NA,NA,NA,NA,NA,NA,Medium - large cobble (150-300mm) (6-12in.),No Apparent  Cover,Riffle,NA,NA,NA,1,NA,NA,NA,NA,NA,2008
2008-2014,2008-07-24,95,NA,818,Eye Main RR - Downstream,39.45681138827642,-121.61503175870253,NA,EF_SE,backpack shock into any seine,good,15.5,sunny,NA,NA,Sacramento Sucker,32,NA,NA,NA,NA,NA,NA,NA,NA,NA,Medium - large cobble (150-300mm) (6-12in.),No Apparent  Cover,Riffle,NA,NA,NA,1,NA,NA,NA,NA,NA,2008
2008-2014,2008-07-24,95,NA,819,Eye Main RR - Downstream,39.45681138827642,-121.61503175870253,NA,EF_SE,backpack shock into any seine,good,15.5,sunny,NA,NA,Sacramento Sucker,33,NA,NA,NA,NA,NA,NA,NA,NA,NA,Medium - large cobble (150-300mm) (6-12in.),No Apparent  Cover,Riffle,NA,NA,NA,1,NA,NA,NA,NA,NA,2008
2008-2014,2008-07-24,95,NA,820,Eye Main RR - Downstream,39.45681138827642,-121.61503175870253,NA,EF_SE,backpack shock into any seine,good,15.5,sunny,NA,NA,Unid Juvenile Minnow,25,NA,NA,NA,NA,NA,NA,NA,NA,NA,Medium - large cobble (150-300mm) (6-12in.),No Apparent  Cover,Riffle,NA,NA,NA,1,NA,NA,NA,NA,NA,2008
2008-2014,2008-07-24,95,NA,821,Eye Main RR - Downstream,39.45681138827642,-121.61503175870253,NA,EF_SE,backpack shock into any seine,good,15.5,sunny,NA,NA,Unid Juvenile Minnow,29,NA,NA,NA,NA,NA,NA,NA,NA,NA,Medium - large cobble (150-300mm) (6-12in.),No Apparent  Cover,Riffle,NA,NA,NA,1,NA,NA,NA,NA,NA,2008
2008-2014,2008-07-24,95,NA,822,Eye Main RR - Downstream,39.45681138827642,-121.61503175870253,NA,EF_SE,backpack shock into any seine,good,15.5,sunny,NA,NA,Unid Juvenile Minnow,26,NA,NA,NA,NA,NA,NA,NA,NA,NA,Medium - large cobble (150-300mm) (6-12in.),No Apparent  Cover,Riffle,NA,NA,NA,1,NA,NA,NA,NA,NA,2008
2008-2014,2008-07-24,96,NA,823,Eye side channel,39.45659105038165,-121.61411873782232,NA,EF_SE,25 foot beach seine with bag,good,15,overcast,NA,NA,Riffle Sculpin,NA,NA,NA,NA,NA,NA,NA,NA,NA,NA,Small - medium gravel (50-150mm) (2-6in.),Small Instream Objects/Woody Debris,Riffle,NA,NA,NA,1,Medium - large cobble (150-300mm) (6-12in.),NA,Undercut Bank,Overhead Objects,NA,2008
2008-2014,2008-07-24,96,NA,824,Eye side channel,39.45659105038165,-121.61411873782232,NA,EF_SE,25 foot beach seine with bag,good,15,overcast,NA,NA,Riffle Sculpin,NA,NA,NA,NA,NA,NA,NA,NA,NA,NA,Small - medium gravel (50-150mm) (2-6in.),Small Instream Objects/Woody Debris,Riffle,NA,NA,NA,1,Medium - large cobble (150-300mm) (6-12in.),NA,Undercut Bank,Overhead Objects,NA,2008
2008-2014,2008-07-24,96,NA,825,Eye side channel,39.45659105038165,-121.61411873782232,NA,EF_SE,25 foot beach seine with bag,good,15,overcast,NA,NA,Riffle Sculpin,NA,NA,NA,NA,NA,NA,NA,NA,NA,NA,Small - medium gravel (50-150mm) (2-6in.),Small Instream Objects/Woody Debris,Riffle,NA,NA,NA,1,Medium - large cobble (150-300mm) (6-12in.),NA,Undercut Bank,Overhead Objects,NA,2008
2008-2014,2008-07-24,96,NA,826,Eye side channel,39.45659105038165,-121.61411873782232,NA,EF_SE,25 foot beach seine with bag,good,15,overcast,NA,NA,Prickly Sculpin,NA,NA,NA,NA,NA,NA,NA,NA,NA,NA,Small - medium gravel (50-150mm) (2-6in.),Small Instream Objects/Woody Debris,Riffle,NA,NA,NA,1,Medium - large cobble (150-300mm) (6-12in.),NA,Undercut Bank,Overhead Objects,NA,2008
2008-2014,2008-07-24,96,NA,827,Eye side channel,39.45659105038165,-121.61411873782232,NA,EF_SE,25 foot beach seine with bag,good,15,overcast,NA,NA,Prickly Sculpin,NA,NA,NA,NA,NA,NA,NA,NA,NA,NA,Small - medium gravel (50-150mm) (2-6in.),Small Instream Objects/Woody Debris,Riffle,NA,NA,NA,1,Medium - large cobble (150-300mm) (6-12in.),NA,Undercut Bank,Overhead Objects,NA,2008
2008-2014,2008-07-24,96,NA,828,Eye side channel,39.45659105038165,-121.61411873782232,NA,EF_SE,25 foot beach seine with bag,good,15,overcast,NA,NA,Prickly Sculpin,NA,NA,NA,NA,NA,NA,NA,NA,NA,NA,Small - medium gravel (50-150mm) (2-6in.),Small Instream Objects/Woody Debris,Riffle,NA,NA,NA,1,Medium - large cobble (150-300mm) (6-12in.),NA,Undercut Bank,Overhead Objects,NA,2008
2008-2014,2008-07-24,96,NA,829,Eye side channel,39.45659105038165,-121.61411873782232,NA,EF_SE,25 foot beach seine with bag,good,15,overcast,NA,NA,Rainbow Trout (wild),114,silvery parr,NA,NA,NA,NA,NA,NA,NA,NA,Small - medium gravel (50-150mm) (2-6in.),Small Instream Objects/Woody Debris,Riffle,NA,NA,NA,1,Medium - large cobble (150-300mm) (6-12in.),NA,Undercut Bank,Overhead Objects,NA,2008
2008-2014,2008-07-24,96,NA,830,Eye side channel,39.45659105038165,-121.61411873782232,NA,EF_SE,25 foot beach seine with bag,good,15,overcast,NA,NA,Rainbow Trout (wild),96,parr,NA,NA,NA,NA,NA,NA,NA,NA,Small - medium gravel (50-150mm) (2-6in.),Small Instream Objects/Woody Debris,Riffle,NA,NA,NA,1,Medium - large cobble (150-300mm) (6-12in.),NA,Undercut Bank,Overhead Objects,NA,2008
2008-2014,2008-07-24,96,NA,831,Eye side channel,39.45659105038165,-121.61411873782232,NA,EF_SE,25 foot beach seine with bag,good,15,overcast,NA,NA,Unid Juvenile Sculpin,NA,NA,NA,NA,NA,NA,NA,NA,NA,NA,Small - medium gravel (50-150mm) (2-6in.),Small Instream Objects/Woody Debris,Riffle,NA,NA,NA,1,Medium - large cobble (150-300mm) (6-12in.),NA,Undercut Bank,Overhead Objects,NA,2008
2008-2014,2008-07-24,97,NA,832,Bedrock Park RL,39.51299134724815,-121.56877267584329,NA,EF_SE,backpack shock into any seine,good,17,sunny,NA,NA,Riffle Sculpin,NA,NA,NA,NA,NA,NA,NA,NA,NA,NA,Medium - large cobble (150-300mm) (6-12in.),Large Instream Objects/Woody Debris,Run,NA,NA,NA,1,Boulder (>300mm) (>12in.),NA,NA,Undercut Bank,NA,2008
2008-2014,2008-07-24,97,NA,833,Bedrock Park RL,39.51299134724815,-121.56877267584329,NA,EF_SE,backpack shock into any seine,good,17,sunny,NA,NA,Riffle Sculpin,NA,NA,NA,NA,NA,NA,NA,NA,NA,NA,Medium - large cobble (150-300mm) (6-12in.),Large Instream Objects/Woody Debris,Run,NA,NA,NA,1,Boulder (>300mm) (>12in.),NA,NA,Undercut Bank,NA,2008
2008-2014,2008-07-24,97,NA,834,Bedrock Park RL,39.51299134724815,-121.56877267584329,NA,EF_SE,backpack shock into any seine,good,17,sunny,NA,NA,Riffle Sculpin,NA,NA,NA,NA,NA,NA,NA,NA,NA,NA,Medium - large cobble (150-300mm) (6-12in.),Large Instream Objects/Woody Debris,Run,NA,NA,NA,1,Boulder (>300mm) (>12in.),NA,NA,Undercut Bank,NA,2008
2008-2014,2008-07-24,97,NA,835,Bedrock Park RL,39.51299134724815,-121.56877267584329,NA,EF_SE,backpack shock into any seine,good,17,sunny,NA,NA,Riffle Sculpin,NA,NA,NA,NA,NA,NA,NA,NA,NA,NA,Medium - large cobble (150-300mm) (6-12in.),Large Instream Objects/Woody Debris,Run,NA,NA,NA,1,Boulder (>300mm) (>12in.),NA,NA,Undercut Bank,NA,2008
2008-2014,2008-07-24,97,NA,836,Bedrock Park RL,39.51299134724815,-121.56877267584329,NA,EF_SE,backpack shock into any seine,good,17,sunny,NA,NA,Riffle Sculpin,NA,NA,NA,NA,NA,NA,NA,NA,NA,NA,Medium - large cobble (150-300mm) (6-12in.),Large Instream Objects/Woody Debris,Run,NA,NA,NA,1,Boulder (>300mm) (>12in.),NA,NA,Undercut Bank,NA,2008
2008-2014,2008-07-24,97,NA,837,Bedrock Park RL,39.51299134724815,-121.56877267584329,NA,EF_SE,backpack shock into any seine,good,17,sunny,NA,NA,Riffle Sculpin,NA,NA,NA,NA,NA,NA,NA,NA,NA,NA,Medium - large cobble (150-300mm) (6-12in.),Large Instream Objects/Woody Debris,Run,NA,NA,NA,1,Boulder (>300mm) (>12in.),NA,NA,Undercut Bank,NA,2008
2008-2014,2008-07-24,97,NA,838,Bedrock Park RL,39.51299134724815,-121.56877267584329,NA,EF_SE,backpack shock into any seine,good,17,sunny,NA,NA,Riffle Sculpin,NA,NA,NA,NA,NA,NA,NA,NA,NA,NA,Medium - large cobble (150-300mm) (6-12in.),Large Instream Objects/Woody Debris,Run,NA,NA,NA,1,Boulder (>300mm) (>12in.),NA,NA,Undercut Bank,NA,2008
2008-2014,2008-07-24,97,NA,839,Bedrock Park RL,39.51299134724815,-121.56877267584329,NA,EF_SE,backpack shock into any seine,good,17,sunny,NA,NA,Riffle Sculpin,NA,NA,NA,NA,NA,NA,NA,NA,NA,NA,Medium - large cobble (150-300mm) (6-12in.),Large Instream Objects/Woody Debris,Run,NA,NA,NA,1,Boulder (>300mm) (>12in.),NA,NA,Undercut Bank,NA,2008
2008-2014,2008-07-24,97,NA,840,Bedrock Park RL,39.51299134724815,-121.56877267584329,NA,EF_SE,backpack shock into any seine,good,17,sunny,NA,NA,Riffle Sculpin,NA,NA,NA,NA,NA,NA,NA,NA,NA,NA,Medium - large cobble (150-300mm) (6-12in.),Large Instream Objects/Woody Debris,Run,NA,NA,NA,1,Boulder (>300mm) (>12in.),NA,NA,Undercut Bank,NA,2008
2008-2014,2008-07-24,97,NA,841,Bedrock Park RL,39.51299134724815,-121.56877267584329,NA,EF_SE,backpack shock into any seine,good,17,sunny,NA,NA,Riffle Sculpin,NA,NA,NA,NA,NA,NA,NA,NA,NA,NA,Medium - large cobble (150-300mm) (6-12in.),Large Instream Objects/Woody Debris,Run,NA,NA,NA,1,Boulder (>300mm) (>12in.),NA,NA,Undercut Bank,NA,2008
2008-2014,2008-07-24,97,NA,842,Bedrock Park RL,39.51299134724815,-121.56877267584329,NA,EF_SE,backpack shock into any seine,good,17,sunny,NA,NA,Prickly Sculpin,NA,NA,NA,NA,NA,NA,NA,NA,NA,NA,Medium - large cobble (150-300mm) (6-12in.),Large Instream Objects/Woody Debris,Run,NA,NA,NA,1,Boulder (>300mm) (>12in.),NA,NA,Undercut Bank,NA,2008
2008-2014,2008-07-24,97,NA,843,Bedrock Park RL,39.51299134724815,-121.56877267584329,NA,EF_SE,backpack shock into any seine,good,17,sunny,NA,NA,Prickly Sculpin,NA,NA,NA,NA,NA,NA,NA,NA,NA,NA,Medium - large cobble (150-300mm) (6-12in.),Large Instream Objects/Woody Debris,Run,NA,NA,NA,1,Boulder (>300mm) (>12in.),NA,NA,Undercut Bank,NA,2008
2008-2014,2008-07-24,97,NA,844,Bedrock Park RL,39.51299134724815,-121.56877267584329,NA,EF_SE,backpack shock into any seine,good,17,sunny,NA,NA,Prickly Sculpin,NA,NA,NA,NA,NA,NA,NA,NA,NA,NA,Medium - large cobble (150-300mm) (6-12in.),Large Instream Objects/Woody Debris,Run,NA,NA,NA,1,Boulder (>300mm) (>12in.),NA,NA,Undercut Bank,NA,2008
2008-2014,2008-07-24,97,NA,845,Bedrock Park RL,39.51299134724815,-121.56877267584329,NA,EF_SE,backpack shock into any seine,good,17,sunny,NA,NA,Prickly Sculpin,NA,NA,NA,NA,NA,NA,NA,NA,NA,NA,Medium - large cobble (150-300mm) (6-12in.),Large Instream Objects/Woody Debris,Run,NA,NA,NA,1,Boulder (>300mm) (>12in.),NA,NA,Undercut Bank,NA,2008
2008-2014,2008-07-24,97,NA,846,Bedrock Park RL,39.51299134724815,-121.56877267584329,NA,EF_SE,backpack shock into any seine,good,17,sunny,NA,NA,Prickly Sculpin,NA,NA,NA,NA,NA,NA,NA,NA,NA,NA,Medium - large cobble (150-300mm) (6-12in.),Large Instream Objects/Woody Debris,Run,NA,NA,NA,1,Boulder (>300mm) (>12in.),NA,NA,Undercut Bank,NA,2008
2008-2014,2008-07-24,97,NA,847,Bedrock Park RL,39.51299134724815,-121.56877267584329,NA,EF_SE,backpack shock into any seine,good,17,sunny,NA,NA,Unid Juvenile Sculpin,NA,NA,NA,NA,NA,NA,NA,NA,NA,NA,Medium - large cobble (150-300mm) (6-12in.),Large Instream Objects/Woody Debris,Run,NA,NA,NA,1,Boulder (>300mm) (>12in.),NA,NA,Undercut Bank,NA,2008
2008-2014,2008-07-24,97,NA,848,Bedrock Park RL,39.51299134724815,-121.56877267584329,NA,EF_SE,backpack shock into any seine,good,17,sunny,NA,NA,Unid Juvenile Sculpin,NA,NA,NA,NA,NA,NA,NA,NA,NA,NA,Medium - large cobble (150-300mm) (6-12in.),Large Instream Objects/Woody Debris,Run,NA,NA,NA,1,Boulder (>300mm) (>12in.),NA,NA,Undercut Bank,NA,2008
2008-2014,2008-07-24,97,NA,849,Bedrock Park RL,39.51299134724815,-121.56877267584329,NA,EF_SE,backpack shock into any seine,good,17,sunny,NA,NA,Unid Juvenile Sculpin,NA,NA,NA,NA,NA,NA,NA,NA,NA,NA,Medium - large cobble (150-300mm) (6-12in.),Large Instream Objects/Woody Debris,Run,NA,NA,NA,1,Boulder (>300mm) (>12in.),NA,NA,Undercut Bank,NA,2008
2008-2014,2008-07-24,97,NA,850,Bedrock Park RL,39.51299134724815,-121.56877267584329,NA,EF_SE,backpack shock into any seine,good,17,sunny,NA,NA,Unid Juvenile Sculpin,NA,NA,NA,NA,NA,NA,NA,NA,NA,NA,Medium - large cobble (150-300mm) (6-12in.),Large Instream Objects/Woody Debris,Run,NA,NA,NA,1,Boulder (>300mm) (>12in.),NA,NA,Undercut Bank,NA,2008
2008-2014,2008-07-24,97,NA,851,Bedrock Park RL,39.51299134724815,-121.56877267584329,NA,EF_SE,backpack shock into any seine,good,17,sunny,NA,NA,Unid Juvenile Sculpin,NA,NA,NA,NA,NA,NA,NA,NA,NA,NA,Medium - large cobble (150-300mm) (6-12in.),Large Instream Objects/Woody Debris,Run,NA,NA,NA,1,Boulder (>300mm) (>12in.),NA,NA,Undercut Bank,NA,2008
2008-2014,2008-07-24,97,NA,852,Bedrock Park RL,39.51299134724815,-121.56877267584329,NA,EF_SE,backpack shock into any seine,good,17,sunny,NA,NA,Unid Juvenile Sculpin,NA,NA,NA,NA,NA,NA,NA,NA,NA,NA,Medium - large cobble (150-300mm) (6-12in.),Large Instream Objects/Woody Debris,Run,NA,NA,NA,1,Boulder (>300mm) (>12in.),NA,NA,Undercut Bank,NA,2008
2008-2014,2008-07-24,97,NA,853,Bedrock Park RL,39.51299134724815,-121.56877267584329,NA,EF_SE,backpack shock into any seine,good,17,sunny,NA,NA,Unid Juvenile Sculpin,NA,NA,NA,NA,NA,NA,NA,NA,NA,NA,Medium - large cobble (150-300mm) (6-12in.),Large Instream Objects/Woody Debris,Run,NA,NA,NA,1,Boulder (>300mm) (>12in.),NA,NA,Undercut Bank,NA,2008
2008-2014,2008-07-24,97,NA,854,Bedrock Park RL,39.51299134724815,-121.56877267584329,NA,EF_SE,backpack shock into any seine,good,17,sunny,NA,NA,Unid Juvenile Sculpin,NA,NA,NA,NA,NA,NA,NA,NA,NA,NA,Medium - large cobble (150-300mm) (6-12in.),Large Instream Objects/Woody Debris,Run,NA,NA,NA,1,Boulder (>300mm) (>12in.),NA,NA,Undercut Bank,NA,2008
2008-2014,2008-07-24,97,NA,855,Bedrock Park RL,39.51299134724815,-121.56877267584329,NA,EF_SE,backpack shock into any seine,good,17,sunny,NA,NA,Unid Juvenile Sculpin,NA,NA,NA,NA,NA,NA,NA,NA,NA,NA,Medium - large cobble (150-300mm) (6-12in.),Large Instream Objects/Woody Debris,Run,NA,NA,NA,1,Boulder (>300mm) (>12in.),NA,NA,Undercut Bank,NA,2008
2008-2014,2008-07-24,97,NA,856,Bedrock Park RL,39.51299134724815,-121.56877267584329,NA,EF_SE,backpack shock into any seine,good,17,sunny,NA,NA,Unid Juvenile Sculpin,NA,NA,NA,NA,NA,NA,NA,NA,NA,NA,Medium - large cobble (150-300mm) (6-12in.),Large Instream Objects/Woody Debris,Run,NA,NA,NA,1,Boulder (>300mm) (>12in.),NA,NA,Undercut Bank,NA,2008
2008-2014,2008-07-24,97,NA,857,Bedrock Park RL,39.51299134724815,-121.56877267584329,NA,EF_SE,backpack shock into any seine,good,17,sunny,NA,NA,Unid Juvenile Sculpin,NA,NA,NA,NA,NA,NA,NA,NA,NA,NA,Medium - large cobble (150-300mm) (6-12in.),Large Instream Objects/Woody Debris,Run,NA,NA,NA,1,Boulder (>300mm) (>12in.),NA,NA,Undercut Bank,NA,2008
2008-2014,2008-07-24,97,NA,858,Bedrock Park RL,39.51299134724815,-121.56877267584329,NA,EF_SE,backpack shock into any seine,good,17,sunny,NA,NA,Unid Juvenile Sculpin,NA,NA,NA,NA,NA,NA,NA,NA,NA,NA,Medium - large cobble (150-300mm) (6-12in.),Large Instream Objects/Woody Debris,Run,NA,NA,NA,1,Boulder (>300mm) (>12in.),NA,NA,Undercut Bank,NA,2008
2008-2014,2008-07-24,97,NA,859,Bedrock Park RL,39.51299134724815,-121.56877267584329,NA,EF_SE,backpack shock into any seine,good,17,sunny,NA,NA,Sacramento Sucker,49,NA,NA,NA,NA,NA,NA,NA,NA,NA,Medium - large cobble (150-300mm) (6-12in.),Large Instream Objects/Woody Debris,Run,NA,NA,NA,1,Boulder (>300mm) (>12in.),NA,NA,Undercut Bank,NA,2008
2008-2014,2008-07-24,97,NA,860,Bedrock Park RL,39.51299134724815,-121.56877267584329,NA,EF_SE,backpack shock into any seine,good,17,sunny,NA,NA,Sacramento Sucker,47,NA,NA,NA,NA,NA,NA,NA,NA,NA,Medium - large cobble (150-300mm) (6-12in.),Large Instream Objects/Woody Debris,Run,NA,NA,NA,1,Boulder (>300mm) (>12in.),NA,NA,Undercut Bank,NA,2008
2008-2014,2008-07-24,97,NA,861,Bedrock Park RL,39.51299134724815,-121.56877267584329,NA,EF_SE,backpack shock into any seine,good,17,sunny,NA,NA,Sacramento Sucker,48,NA,NA,NA,NA,NA,NA,NA,NA,NA,Medium - large cobble (150-300mm) (6-12in.),Large Instream Objects/Woody Debris,Run,NA,NA,NA,1,Boulder (>300mm) (>12in.),NA,NA,Undercut Bank,NA,2008
2008-2014,2008-07-24,97,NA,862,Bedrock Park RL,39.51299134724815,-121.56877267584329,NA,EF_SE,backpack shock into any seine,good,17,sunny,NA,NA,Sacramento Sucker,41,NA,NA,NA,NA,NA,NA,NA,NA,NA,Medium - large cobble (150-300mm) (6-12in.),Large Instream Objects/Woody Debris,Run,NA,NA,NA,1,Boulder (>300mm) (>12in.),NA,NA,Undercut Bank,NA,2008
2008-2014,2008-07-24,98,NA,863,Steep side channel - Downstream,39.46243841443723,-121.60356118035766,NA,EF_SE,backpack shock into any seine,good,17,sunny,NA,NA,Unid Juvenile Sculpin,NA,NA,NA,NA,NA,NA,NA,NA,NA,NA,Small - medium gravel (50-150mm) (2-6in.),Large Instream Objects/Woody Debris,Run,NA,NA,NA,1,NA,NA,NA,NA,NA,2008
2008-2014,2008-07-24,98,NA,864,Steep side channel - Downstream,39.46243841443723,-121.60356118035766,NA,EF_SE,backpack shock into any seine,good,17,sunny,NA,NA,Unid Juvenile Sculpin,NA,NA,NA,NA,NA,NA,NA,NA,NA,NA,Small - medium gravel (50-150mm) (2-6in.),Large Instream Objects/Woody Debris,Run,NA,NA,NA,1,NA,NA,NA,NA,NA,2008
2008-2014,2008-07-24,98,NA,865,Steep side channel - Downstream,39.46243841443723,-121.60356118035766,NA,EF_SE,backpack shock into any seine,good,17,sunny,NA,NA,Unid Juvenile Sculpin,NA,NA,NA,NA,NA,NA,NA,NA,NA,NA,Small - medium gravel (50-150mm) (2-6in.),Large Instream Objects/Woody Debris,Run,NA,NA,NA,1,NA,NA,NA,NA,NA,2008
2008-2014,2008-07-24,98,NA,866,Steep side channel - Downstream,39.46243841443723,-121.60356118035766,NA,EF_SE,backpack shock into any seine,good,17,sunny,NA,NA,Unid Juvenile Sculpin,NA,NA,NA,NA,NA,NA,NA,NA,NA,NA,Small - medium gravel (50-150mm) (2-6in.),Large Instream Objects/Woody Debris,Run,NA,NA,NA,1,NA,NA,NA,NA,NA,2008
2008-2014,2008-07-24,98,NA,867,Steep side channel - Downstream,39.46243841443723,-121.60356118035766,NA,EF_SE,backpack shock into any seine,good,17,sunny,NA,NA,Unid Juvenile Sculpin,NA,NA,NA,NA,NA,NA,NA,NA,NA,NA,Small - medium gravel (50-150mm) (2-6in.),Large Instream Objects/Woody Debris,Run,NA,NA,NA,1,NA,NA,NA,NA,NA,2008
2008-2014,2008-07-24,99,NA,868,Steep side channel - Upstream,39.46298184138251,-121.60336633450677,NA,EF_SE,backpack shock into any seine,fair,16,sunny,NA,NA,Unid Juvenile Sculpin,NA,NA,NA,NA,NA,NA,NA,NA,NA,NA,Small - medium gravel (50-150mm) (2-6in.),Undercut Bank,Riffle,NA,NA,NA,1,Medium - large cobble (150-300mm) (6-12in.),NA,NA,NA,NA,2008
2008-2014,2008-07-24,99,NA,869,Steep side channel - Upstream,39.46298184138251,-121.60336633450677,NA,EF_SE,backpack shock into any seine,fair,16,sunny,NA,NA,Unid Juvenile Sculpin,NA,NA,NA,NA,NA,NA,NA,NA,NA,NA,Small - medium gravel (50-150mm) (2-6in.),Undercut Bank,Riffle,NA,NA,NA,1,Medium - large cobble (150-300mm) (6-12in.),NA,NA,NA,NA,2008
2008-2014,2008-07-28,100,NA,870,Auditorium RL - Downstream,39.51521827977437,-121.55994996353618,NA,EF_SE,backpack shock into any seine,good,15,sunny,NA,NA,Unid Juvenile Sculpin,NA,NA,NA,NA,NA,NA,NA,NA,NA,NA,Medium - large cobble (150-300mm) (6-12in.),Large Instream Objects/Woody Debris,Riffle,NA,NA,NA,1,Boulder (>300mm) (>12in.),NA,NA,Overhead Objects,NA,2008
2008-2014,2008-07-28,100,NA,871,Auditorium RL - Downstream,39.51521827977437,-121.55994996353618,NA,EF_SE,backpack shock into any seine,good,15,sunny,NA,NA,Unid Juvenile Sculpin,NA,NA,NA,NA,NA,NA,NA,NA,NA,NA,Medium - large cobble (150-300mm) (6-12in.),Large Instream Objects/Woody Debris,Riffle,NA,NA,NA,1,Boulder (>300mm) (>12in.),NA,NA,Overhead Objects,NA,2008
2008-2014,2008-07-28,100,NA,872,Auditorium RL - Downstream,39.51521827977437,-121.55994996353618,NA,EF_SE,backpack shock into any seine,good,15,sunny,NA,NA,Unid Juvenile Sculpin,NA,NA,NA,NA,NA,NA,NA,NA,NA,NA,Medium - large cobble (150-300mm) (6-12in.),Large Instream Objects/Woody Debris,Riffle,NA,NA,NA,1,Boulder (>300mm) (>12in.),NA,NA,Overhead Objects,NA,2008
2008-2014,2008-07-28,100,NA,873,Auditorium RL - Downstream,39.51521827977437,-121.55994996353618,NA,EF_SE,backpack shock into any seine,good,15,sunny,NA,NA,Unid Juvenile Sculpin,NA,NA,NA,NA,NA,NA,NA,NA,NA,NA,Medium - large cobble (150-300mm) (6-12in.),Large Instream Objects/Woody Debris,Riffle,NA,NA,NA,1,Boulder (>300mm) (>12in.),NA,NA,Overhead Objects,NA,2008
2008-2014,2008-07-28,100,NA,874,Auditorium RL - Downstream,39.51521827977437,-121.55994996353618,NA,EF_SE,backpack shock into any seine,good,15,sunny,NA,NA,Unid Juvenile Sculpin,NA,NA,NA,NA,NA,NA,NA,NA,NA,NA,Medium - large cobble (150-300mm) (6-12in.),Large Instream Objects/Woody Debris,Riffle,NA,NA,NA,1,Boulder (>300mm) (>12in.),NA,NA,Overhead Objects,NA,2008
2008-2014,2008-07-28,100,NA,875,Auditorium RL - Downstream,39.51521827977437,-121.55994996353618,NA,EF_SE,backpack shock into any seine,good,15,sunny,NA,NA,Unid Juvenile Sculpin,NA,NA,NA,NA,NA,NA,NA,NA,NA,NA,Medium - large cobble (150-300mm) (6-12in.),Large Instream Objects/Woody Debris,Riffle,NA,NA,NA,1,Boulder (>300mm) (>12in.),NA,NA,Overhead Objects,NA,2008
2008-2014,2008-07-28,100,NA,876,Auditorium RL - Downstream,39.51521827977437,-121.55994996353618,NA,EF_SE,backpack shock into any seine,good,15,sunny,NA,NA,Unid Juvenile Sculpin,NA,NA,NA,NA,NA,NA,NA,NA,NA,NA,Medium - large cobble (150-300mm) (6-12in.),Large Instream Objects/Woody Debris,Riffle,NA,NA,NA,1,Boulder (>300mm) (>12in.),NA,NA,Overhead Objects,NA,2008
2008-2014,2008-07-28,100,NA,877,Auditorium RL - Downstream,39.51521827977437,-121.55994996353618,NA,EF_SE,backpack shock into any seine,good,15,sunny,NA,NA,Unid Juvenile Sculpin,NA,NA,NA,NA,NA,NA,NA,NA,NA,NA,Medium - large cobble (150-300mm) (6-12in.),Large Instream Objects/Woody Debris,Riffle,NA,NA,NA,1,Boulder (>300mm) (>12in.),NA,NA,Overhead Objects,NA,2008
2008-2014,2008-07-28,100,NA,878,Auditorium RL - Downstream,39.51521827977437,-121.55994996353618,NA,EF_SE,backpack shock into any seine,good,15,sunny,NA,NA,Prickly Sculpin,NA,NA,NA,NA,NA,NA,NA,NA,NA,NA,Medium - large cobble (150-300mm) (6-12in.),Large Instream Objects/Woody Debris,Riffle,NA,NA,NA,1,Boulder (>300mm) (>12in.),NA,NA,Overhead Objects,NA,2008
2008-2014,2008-07-28,100,NA,879,Auditorium RL - Downstream,39.51521827977437,-121.55994996353618,NA,EF_SE,backpack shock into any seine,good,15,sunny,NA,NA,Prickly Sculpin,NA,NA,NA,NA,NA,NA,NA,NA,NA,NA,Medium - large cobble (150-300mm) (6-12in.),Large Instream Objects/Woody Debris,Riffle,NA,NA,NA,1,Boulder (>300mm) (>12in.),NA,NA,Overhead Objects,NA,2008
2008-2014,2008-07-28,100,NA,880,Auditorium RL - Downstream,39.51521827977437,-121.55994996353618,NA,EF_SE,backpack shock into any seine,good,15,sunny,NA,NA,Riffle Sculpin,NA,NA,NA,NA,NA,NA,NA,NA,NA,NA,Medium - large cobble (150-300mm) (6-12in.),Large Instream Objects/Woody Debris,Riffle,NA,NA,NA,1,Boulder (>300mm) (>12in.),NA,NA,Overhead Objects,NA,2008
2008-2014,2008-07-28,100,NA,881,Auditorium RL - Downstream,39.51521827977437,-121.55994996353618,NA,EF_SE,backpack shock into any seine,good,15,sunny,NA,NA,Riffle Sculpin,NA,NA,NA,NA,NA,NA,NA,NA,NA,NA,Medium - large cobble (150-300mm) (6-12in.),Large Instream Objects/Woody Debris,Riffle,NA,NA,NA,1,Boulder (>300mm) (>12in.),NA,NA,Overhead Objects,NA,2008
2008-2014,2008-07-28,100,NA,882,Auditorium RL - Downstream,39.51521827977437,-121.55994996353618,NA,EF_SE,backpack shock into any seine,good,15,sunny,NA,NA,Riffle Sculpin,NA,NA,NA,NA,NA,NA,NA,NA,NA,NA,Medium - large cobble (150-300mm) (6-12in.),Large Instream Objects/Woody Debris,Riffle,NA,NA,NA,1,Boulder (>300mm) (>12in.),NA,NA,Overhead Objects,NA,2008
2008-2014,2008-07-28,100,NA,883,Auditorium RL - Downstream,39.51521827977437,-121.55994996353618,NA,EF_SE,backpack shock into any seine,good,15,sunny,NA,NA,Riffle Sculpin,NA,NA,NA,NA,NA,NA,NA,NA,NA,NA,Medium - large cobble (150-300mm) (6-12in.),Large Instream Objects/Woody Debris,Riffle,NA,NA,NA,1,Boulder (>300mm) (>12in.),NA,NA,Overhead Objects,NA,2008
2008-2014,2008-07-28,100,NA,884,Auditorium RL - Downstream,39.51521827977437,-121.55994996353618,NA,EF_SE,backpack shock into any seine,good,15,sunny,NA,NA,Riffle Sculpin,NA,NA,NA,NA,NA,NA,NA,NA,NA,NA,Medium - large cobble (150-300mm) (6-12in.),Large Instream Objects/Woody Debris,Riffle,NA,NA,NA,1,Boulder (>300mm) (>12in.),NA,NA,Overhead Objects,NA,2008
2008-2014,2008-07-28,101,NA,885,Vance West RL - Upstream,39.45054126175763,-121.63874099418162,NA,EF_SE,backpack shock into any seine,good,18,sunny,NA,NA,Prickly Sculpin,NA,NA,NA,NA,NA,NA,NA,NA,NA,NA,Medium - large cobble (150-300mm) (6-12in.),No Apparent  Cover,Riffle,NA,NA,NA,1,NA,NA,NA,NA,NA,2008
2008-2014,2008-07-28,101,NA,886,Vance West RL - Upstream,39.45054126175763,-121.63874099418162,NA,EF_SE,backpack shock into any seine,good,18,sunny,NA,NA,Prickly Sculpin,NA,NA,NA,NA,NA,NA,NA,NA,NA,NA,Medium - large cobble (150-300mm) (6-12in.),No Apparent  Cover,Riffle,NA,NA,NA,1,NA,NA,NA,NA,NA,2008
2008-2014,2008-07-28,101,NA,887,Vance West RL - Upstream,39.45054126175763,-121.63874099418162,NA,EF_SE,backpack shock into any seine,good,18,sunny,NA,NA,Prickly Sculpin,NA,NA,NA,NA,NA,NA,NA,NA,NA,NA,Medium - large cobble (150-300mm) (6-12in.),No Apparent  Cover,Riffle,NA,NA,NA,1,NA,NA,NA,NA,NA,2008
2008-2014,2008-07-28,101,NA,888,Vance West RL - Upstream,39.45054126175763,-121.63874099418162,NA,EF_SE,backpack shock into any seine,good,18,sunny,NA,NA,Prickly Sculpin,NA,NA,NA,NA,NA,NA,NA,NA,NA,NA,Medium - large cobble (150-300mm) (6-12in.),No Apparent  Cover,Riffle,NA,NA,NA,1,NA,NA,NA,NA,NA,2008
2008-2014,2008-07-28,101,NA,889,Vance West RL - Upstream,39.45054126175763,-121.63874099418162,NA,EF_SE,backpack shock into any seine,good,18,sunny,NA,NA,Prickly Sculpin,NA,NA,NA,NA,NA,NA,NA,NA,NA,NA,Medium - large cobble (150-300mm) (6-12in.),No Apparent  Cover,Riffle,NA,NA,NA,1,NA,NA,NA,NA,NA,2008
2008-2014,2008-07-28,101,NA,890,Vance West RL - Upstream,39.45054126175763,-121.63874099418162,NA,EF_SE,backpack shock into any seine,good,18,sunny,NA,NA,Prickly Sculpin,NA,NA,NA,NA,NA,NA,NA,NA,NA,NA,Medium - large cobble (150-300mm) (6-12in.),No Apparent  Cover,Riffle,NA,NA,NA,1,NA,NA,NA,NA,NA,2008
2008-2014,2008-07-28,101,NA,891,Vance West RL - Upstream,39.45054126175763,-121.63874099418162,NA,EF_SE,backpack shock into any seine,good,18,sunny,NA,NA,Prickly Sculpin,NA,NA,NA,NA,NA,NA,NA,NA,NA,NA,Medium - large cobble (150-300mm) (6-12in.),No Apparent  Cover,Riffle,NA,NA,NA,1,NA,NA,NA,NA,NA,2008
2008-2014,2008-07-28,101,NA,892,Vance West RL - Upstream,39.45054126175763,-121.63874099418162,NA,EF_SE,backpack shock into any seine,good,18,sunny,NA,NA,Prickly Sculpin,NA,NA,NA,NA,NA,NA,NA,NA,NA,NA,Medium - large cobble (150-300mm) (6-12in.),No Apparent  Cover,Riffle,NA,NA,NA,1,NA,NA,NA,NA,NA,2008
2008-2014,2008-07-28,101,NA,893,Vance West RL - Upstream,39.45054126175763,-121.63874099418162,NA,EF_SE,backpack shock into any seine,good,18,sunny,NA,NA,Unid Juvenile Sculpin,NA,NA,NA,NA,NA,NA,NA,NA,NA,NA,Medium - large cobble (150-300mm) (6-12in.),No Apparent  Cover,Riffle,NA,NA,NA,1,NA,NA,NA,NA,NA,2008
2008-2014,2008-07-28,101,NA,894,Vance West RL - Upstream,39.45054126175763,-121.63874099418162,NA,EF_SE,backpack shock into any seine,good,18,sunny,NA,NA,Unid Juvenile Sculpin,NA,NA,NA,NA,NA,NA,NA,NA,NA,NA,Medium - large cobble (150-300mm) (6-12in.),No Apparent  Cover,Riffle,NA,NA,NA,1,NA,NA,NA,NA,NA,2008
2008-2014,2008-07-28,101,NA,895,Vance West RL - Upstream,39.45054126175763,-121.63874099418162,NA,EF_SE,backpack shock into any seine,good,18,sunny,NA,NA,Unid Juvenile Sculpin,NA,NA,NA,NA,NA,NA,NA,NA,NA,NA,Medium - large cobble (150-300mm) (6-12in.),No Apparent  Cover,Riffle,NA,NA,NA,1,NA,NA,NA,NA,NA,2008
2008-2014,2008-07-28,101,NA,896,Vance West RL - Upstream,39.45054126175763,-121.63874099418162,NA,EF_SE,backpack shock into any seine,good,18,sunny,NA,NA,Unid Juvenile Sculpin,NA,NA,NA,NA,NA,NA,NA,NA,NA,NA,Medium - large cobble (150-300mm) (6-12in.),No Apparent  Cover,Riffle,NA,NA,NA,1,NA,NA,NA,NA,NA,2008
2008-2014,2008-07-28,101,NA,897,Vance West RL - Upstream,39.45054126175763,-121.63874099418162,NA,EF_SE,backpack shock into any seine,good,18,sunny,NA,NA,Unid Juvenile Sculpin,NA,NA,NA,NA,NA,NA,NA,NA,NA,NA,Medium - large cobble (150-300mm) (6-12in.),No Apparent  Cover,Riffle,NA,NA,NA,1,NA,NA,NA,NA,NA,2008
2008-2014,2008-07-28,101,NA,898,Vance West RL - Upstream,39.45054126175763,-121.63874099418162,NA,EF_SE,backpack shock into any seine,good,18,sunny,NA,NA,Unid Juvenile Sculpin,NA,NA,NA,NA,NA,NA,NA,NA,NA,NA,Medium - large cobble (150-300mm) (6-12in.),No Apparent  Cover,Riffle,NA,NA,NA,1,NA,NA,NA,NA,NA,2008
2008-2014,2008-07-28,101,NA,899,Vance West RL - Upstream,39.45054126175763,-121.63874099418162,NA,EF_SE,backpack shock into any seine,good,18,sunny,NA,NA,Unid Juvenile Sculpin,NA,NA,NA,NA,NA,NA,NA,NA,NA,NA,Medium - large cobble (150-300mm) (6-12in.),No Apparent  Cover,Riffle,NA,NA,NA,1,NA,NA,NA,NA,NA,2008
2008-2014,2008-07-28,101,NA,900,Vance West RL - Upstream,39.45054126175763,-121.63874099418162,NA,EF_SE,backpack shock into any seine,good,18,sunny,NA,NA,Unid Juvenile Sculpin,NA,NA,NA,NA,NA,NA,NA,NA,NA,NA,Medium - large cobble (150-300mm) (6-12in.),No Apparent  Cover,Riffle,NA,NA,NA,1,NA,NA,NA,NA,NA,2008
2008-2014,2008-07-28,101,NA,901,Vance West RL - Upstream,39.45054126175763,-121.63874099418162,NA,EF_SE,backpack shock into any seine,good,18,sunny,NA,NA,Unid Juvenile Sculpin,NA,NA,NA,NA,NA,NA,NA,NA,NA,NA,Medium - large cobble (150-300mm) (6-12in.),No Apparent  Cover,Riffle,NA,NA,NA,1,NA,NA,NA,NA,NA,2008
2008-2014,2008-07-28,101,NA,902,Vance West RL - Upstream,39.45054126175763,-121.63874099418162,NA,EF_SE,backpack shock into any seine,good,18,sunny,NA,NA,Unid Juvenile Sculpin,NA,NA,NA,NA,NA,NA,NA,NA,NA,NA,Medium - large cobble (150-300mm) (6-12in.),No Apparent  Cover,Riffle,NA,NA,NA,1,NA,NA,NA,NA,NA,2008
2008-2014,2008-07-28,101,NA,903,Vance West RL - Upstream,39.45054126175763,-121.63874099418162,NA,EF_SE,backpack shock into any seine,good,18,sunny,NA,NA,Unid Juvenile Sculpin,NA,NA,NA,NA,NA,NA,NA,NA,NA,NA,Medium - large cobble (150-300mm) (6-12in.),No Apparent  Cover,Riffle,NA,NA,NA,1,NA,NA,NA,NA,NA,2008
2008-2014,2008-07-28,101,NA,904,Vance West RL - Upstream,39.45054126175763,-121.63874099418162,NA,EF_SE,backpack shock into any seine,good,18,sunny,NA,NA,Unid Juvenile Sculpin,NA,NA,NA,NA,NA,NA,NA,NA,NA,NA,Medium - large cobble (150-300mm) (6-12in.),No Apparent  Cover,Riffle,NA,NA,NA,1,NA,NA,NA,NA,NA,2008
2008-2014,2008-07-28,101,NA,905,Vance West RL - Upstream,39.45054126175763,-121.63874099418162,NA,EF_SE,backpack shock into any seine,good,18,sunny,NA,NA,Unid Juvenile Sculpin,NA,NA,NA,NA,NA,NA,NA,NA,NA,NA,Medium - large cobble (150-300mm) (6-12in.),No Apparent  Cover,Riffle,NA,NA,NA,1,NA,NA,NA,NA,NA,2008
2008-2014,2008-07-28,101,NA,906,Vance West RL - Upstream,39.45054126175763,-121.63874099418162,NA,EF_SE,backpack shock into any seine,good,18,sunny,NA,NA,Unid Juvenile Sculpin,NA,NA,NA,NA,NA,NA,NA,NA,NA,NA,Medium - large cobble (150-300mm) (6-12in.),No Apparent  Cover,Riffle,NA,NA,NA,1,NA,NA,NA,NA,NA,2008
2008-2014,2008-07-28,101,NA,907,Vance West RL - Upstream,39.45054126175763,-121.63874099418162,NA,EF_SE,backpack shock into any seine,good,18,sunny,NA,NA,Unid Juvenile Sculpin,NA,NA,NA,NA,NA,NA,NA,NA,NA,NA,Medium - large cobble (150-300mm) (6-12in.),No Apparent  Cover,Riffle,NA,NA,NA,1,NA,NA,NA,NA,NA,2008
2008-2014,2008-07-28,101,NA,908,Vance West RL - Upstream,39.45054126175763,-121.63874099418162,NA,EF_SE,backpack shock into any seine,good,18,sunny,NA,NA,Unid Juvenile Sculpin,NA,NA,NA,NA,NA,NA,NA,NA,NA,NA,Medium - large cobble (150-300mm) (6-12in.),No Apparent  Cover,Riffle,NA,NA,NA,1,NA,NA,NA,NA,NA,2008
2008-2014,2008-07-28,101,NA,909,Vance West RL - Upstream,39.45054126175763,-121.63874099418162,NA,EF_SE,backpack shock into any seine,good,18,sunny,NA,NA,Unid Juvenile Sculpin,NA,NA,NA,NA,NA,NA,NA,NA,NA,NA,Medium - large cobble (150-300mm) (6-12in.),No Apparent  Cover,Riffle,NA,NA,NA,1,NA,NA,NA,NA,NA,2008
2008-2014,2008-07-28,101,NA,910,Vance West RL - Upstream,39.45054126175763,-121.63874099418162,NA,EF_SE,backpack shock into any seine,good,18,sunny,NA,NA,Unid Juvenile Sculpin,NA,NA,NA,NA,NA,NA,NA,NA,NA,NA,Medium - large cobble (150-300mm) (6-12in.),No Apparent  Cover,Riffle,NA,NA,NA,1,NA,NA,NA,NA,NA,2008
2008-2014,2008-07-28,103,NA,921,Vance East Main RR,39.4509753055808,-121.63794765831399,NA,EF_SE,backpack shock into any seine,good,19,sunny,NA,NA,Unid Juvenile Sculpin,NA,NA,NA,NA,NA,NA,NA,NA,NA,NA,Small - medium gravel (50-150mm) (2-6in.),No Apparent  Cover,Riffle,NA,NA,NA,1,Medium - large cobble (150-300mm) (6-12in.),NA,NA,NA,NA,2008
2008-2014,2008-07-28,103,NA,922,Vance East Main RR,39.4509753055808,-121.63794765831399,NA,EF_SE,backpack shock into any seine,good,19,sunny,NA,NA,Unid Juvenile Sculpin,NA,NA,NA,NA,NA,NA,NA,NA,NA,NA,Small - medium gravel (50-150mm) (2-6in.),No Apparent  Cover,Riffle,NA,NA,NA,1,Medium - large cobble (150-300mm) (6-12in.),NA,NA,NA,NA,2008
2008-2014,2008-07-28,103,NA,923,Vance East Main RR,39.4509753055808,-121.63794765831399,NA,EF_SE,backpack shock into any seine,good,19,sunny,NA,NA,Unid Juvenile Sculpin,NA,NA,NA,NA,NA,NA,NA,NA,NA,NA,Small - medium gravel (50-150mm) (2-6in.),No Apparent  Cover,Riffle,NA,NA,NA,1,Medium - large cobble (150-300mm) (6-12in.),NA,NA,NA,NA,2008
2008-2014,2008-07-28,103,NA,924,Vance East Main RR,39.4509753055808,-121.63794765831399,NA,EF_SE,backpack shock into any seine,good,19,sunny,NA,NA,Prickly Sculpin,NA,NA,NA,NA,NA,NA,NA,NA,NA,NA,Small - medium gravel (50-150mm) (2-6in.),No Apparent  Cover,Riffle,NA,NA,NA,1,Medium - large cobble (150-300mm) (6-12in.),NA,NA,NA,NA,2008
2008-2014,2008-07-28,103,NA,925,Vance East Main RR,39.4509753055808,-121.63794765831399,NA,EF_SE,backpack shock into any seine,good,19,sunny,NA,NA,Prickly Sculpin,NA,NA,NA,NA,NA,NA,NA,NA,NA,NA,Small - medium gravel (50-150mm) (2-6in.),No Apparent  Cover,Riffle,NA,NA,NA,1,Medium - large cobble (150-300mm) (6-12in.),NA,NA,NA,NA,2008
2008-2014,2008-07-29,104,NA,926,G95 Main RL,39.43022821798607,-121.62918199217741,NA,EF_SE,backpack shock into any seine,good,19,sunny,NA,NA,Unid Juvenile Sculpin,NA,NA,NA,NA,NA,NA,NA,NA,NA,NA,Small - medium gravel (50-150mm) (2-6in.),No Apparent  Cover,Riffle,NA,NA,NA,1,NA,NA,NA,NA,NA,2008
2008-2014,2008-07-29,104,NA,927,G95 Main RL,39.43022821798607,-121.62918199217741,NA,EF_SE,backpack shock into any seine,good,19,sunny,NA,NA,Unid Juvenile Sculpin,NA,NA,NA,NA,NA,NA,NA,NA,NA,NA,Small - medium gravel (50-150mm) (2-6in.),No Apparent  Cover,Riffle,NA,NA,NA,1,NA,NA,NA,NA,NA,2008
2008-2014,2008-07-29,104,NA,928,G95 Main RL,39.43022821798607,-121.62918199217741,NA,EF_SE,backpack shock into any seine,good,19,sunny,NA,NA,Unid Juvenile Sculpin,NA,NA,NA,NA,NA,NA,NA,NA,NA,NA,Small - medium gravel (50-150mm) (2-6in.),No Apparent  Cover,Riffle,NA,NA,NA,1,NA,NA,NA,NA,NA,2008
2008-2014,2008-07-29,104,NA,929,G95 Main RL,39.43022821798607,-121.62918199217741,NA,EF_SE,backpack shock into any seine,good,19,sunny,NA,NA,Unid Juvenile Sculpin,NA,NA,NA,NA,NA,NA,NA,NA,NA,NA,Small - medium gravel (50-150mm) (2-6in.),No Apparent  Cover,Riffle,NA,NA,NA,1,NA,NA,NA,NA,NA,2008
2008-2014,2008-07-29,104,NA,930,G95 Main RL,39.43022821798607,-121.62918199217741,NA,EF_SE,backpack shock into any seine,good,19,sunny,NA,NA,Unid Juvenile Sculpin,NA,NA,NA,NA,NA,NA,NA,NA,NA,NA,Small - medium gravel (50-150mm) (2-6in.),No Apparent  Cover,Riffle,NA,NA,NA,1,NA,NA,NA,NA,NA,2008
2008-2014,2008-07-29,104,NA,931,G95 Main RL,39.43022821798607,-121.62918199217741,NA,EF_SE,backpack shock into any seine,good,19,sunny,NA,NA,Unid Juvenile Sculpin,NA,NA,NA,NA,NA,NA,NA,NA,NA,NA,Small - medium gravel (50-150mm) (2-6in.),No Apparent  Cover,Riffle,NA,NA,NA,1,NA,NA,NA,NA,NA,2008
2008-2014,2008-07-29,104,NA,932,G95 Main RL,39.43022821798607,-121.62918199217741,NA,EF_SE,backpack shock into any seine,good,19,sunny,NA,NA,Unid Juvenile Sculpin,NA,NA,NA,NA,NA,NA,NA,NA,NA,NA,Small - medium gravel (50-150mm) (2-6in.),No Apparent  Cover,Riffle,NA,NA,NA,1,NA,NA,NA,NA,NA,2008
2008-2014,2008-07-29,104,NA,933,G95 Main RL,39.43022821798607,-121.62918199217741,NA,EF_SE,backpack shock into any seine,good,19,sunny,NA,NA,Unid Juvenile Sculpin,NA,NA,NA,NA,NA,NA,NA,NA,NA,NA,Small - medium gravel (50-150mm) (2-6in.),No Apparent  Cover,Riffle,NA,NA,NA,1,NA,NA,NA,NA,NA,2008
2008-2014,2008-07-29,104,NA,934,G95 Main RL,39.43022821798607,-121.62918199217741,NA,EF_SE,backpack shock into any seine,good,19,sunny,NA,NA,Unid Juvenile Sculpin,NA,NA,NA,NA,NA,NA,NA,NA,NA,NA,Small - medium gravel (50-150mm) (2-6in.),No Apparent  Cover,Riffle,NA,NA,NA,1,NA,NA,NA,NA,NA,2008
2008-2014,2008-07-29,104,NA,935,G95 Main RL,39.43022821798607,-121.62918199217741,NA,EF_SE,backpack shock into any seine,good,19,sunny,NA,NA,Unid Juvenile Sculpin,NA,NA,NA,NA,NA,NA,NA,NA,NA,NA,Small - medium gravel (50-150mm) (2-6in.),No Apparent  Cover,Riffle,NA,NA,NA,1,NA,NA,NA,NA,NA,2008
2008-2014,2008-07-29,104,NA,936,G95 Main RL,39.43022821798607,-121.62918199217741,NA,EF_SE,backpack shock into any seine,good,19,sunny,NA,NA,Unid Juvenile Sculpin,NA,NA,NA,NA,NA,NA,NA,NA,NA,NA,Small - medium gravel (50-150mm) (2-6in.),No Apparent  Cover,Riffle,NA,NA,NA,1,NA,NA,NA,NA,NA,2008
2008-2014,2008-07-29,104,NA,937,G95 Main RL,39.43022821798607,-121.62918199217741,NA,EF_SE,backpack shock into any seine,good,19,sunny,NA,NA,Unid Juvenile Sculpin,NA,NA,NA,NA,NA,NA,NA,NA,NA,NA,Small - medium gravel (50-150mm) (2-6in.),No Apparent  Cover,Riffle,NA,NA,NA,1,NA,NA,NA,NA,NA,2008
2008-2014,2008-07-29,104,NA,938,G95 Main RL,39.43022821798607,-121.62918199217741,NA,EF_SE,backpack shock into any seine,good,19,sunny,NA,NA,Unid Juvenile Sculpin,NA,NA,NA,NA,NA,NA,NA,NA,NA,NA,Small - medium gravel (50-150mm) (2-6in.),No Apparent  Cover,Riffle,NA,NA,NA,1,NA,NA,NA,NA,NA,2008
2008-2014,2008-07-29,104,NA,939,G95 Main RL,39.43022821798607,-121.62918199217741,NA,EF_SE,backpack shock into any seine,good,19,sunny,NA,NA,Unid Juvenile Sculpin,NA,NA,NA,NA,NA,NA,NA,NA,NA,NA,Small - medium gravel (50-150mm) (2-6in.),No Apparent  Cover,Riffle,NA,NA,NA,1,NA,NA,NA,NA,NA,2008
2008-2014,2008-07-29,104,NA,940,G95 Main RL,39.43022821798607,-121.62918199217741,NA,EF_SE,backpack shock into any seine,good,19,sunny,NA,NA,Unid Juvenile Sculpin,NA,NA,NA,NA,NA,NA,NA,NA,NA,NA,Small - medium gravel (50-150mm) (2-6in.),No Apparent  Cover,Riffle,NA,NA,NA,1,NA,NA,NA,NA,NA,2008
2008-2014,2008-07-29,104,NA,941,G95 Main RL,39.43022821798607,-121.62918199217741,NA,EF_SE,backpack shock into any seine,good,19,sunny,NA,NA,Unid Juvenile Sculpin,NA,NA,NA,NA,NA,NA,NA,NA,NA,NA,Small - medium gravel (50-150mm) (2-6in.),No Apparent  Cover,Riffle,NA,NA,NA,1,NA,NA,NA,NA,NA,2008
2008-2014,2008-07-29,104,NA,942,G95 Main RL,39.43022821798607,-121.62918199217741,NA,EF_SE,backpack shock into any seine,good,19,sunny,NA,NA,Unid Juvenile Sculpin,NA,NA,NA,NA,NA,NA,NA,NA,NA,NA,Small - medium gravel (50-150mm) (2-6in.),No Apparent  Cover,Riffle,NA,NA,NA,1,NA,NA,NA,NA,NA,2008
2008-2014,2008-07-29,104,NA,943,G95 Main RL,39.43022821798607,-121.62918199217741,NA,EF_SE,backpack shock into any seine,good,19,sunny,NA,NA,Unid Juvenile Sculpin,NA,NA,NA,NA,NA,NA,NA,NA,NA,NA,Small - medium gravel (50-150mm) (2-6in.),No Apparent  Cover,Riffle,NA,NA,NA,1,NA,NA,NA,NA,NA,2008
2008-2014,2008-07-29,104,NA,944,G95 Main RL,39.43022821798607,-121.62918199217741,NA,EF_SE,backpack shock into any seine,good,19,sunny,NA,NA,Unid Juvenile Sculpin,NA,NA,NA,NA,NA,NA,NA,NA,NA,NA,Small - medium gravel (50-150mm) (2-6in.),No Apparent  Cover,Riffle,NA,NA,NA,1,NA,NA,NA,NA,NA,2008
2008-2014,2008-07-29,104,NA,945,G95 Main RL,39.43022821798607,-121.62918199217741,NA,EF_SE,backpack shock into any seine,good,19,sunny,NA,NA,Unid Juvenile Sculpin,NA,NA,NA,NA,NA,NA,NA,NA,NA,NA,Small - medium gravel (50-150mm) (2-6in.),No Apparent  Cover,Riffle,NA,NA,NA,1,NA,NA,NA,NA,NA,2008
2008-2014,2008-07-29,104,NA,946,G95 Main RL,39.43022821798607,-121.62918199217741,NA,EF_SE,backpack shock into any seine,good,19,sunny,NA,NA,Unid Juvenile Sculpin,NA,NA,NA,NA,NA,NA,NA,NA,NA,NA,Small - medium gravel (50-150mm) (2-6in.),No Apparent  Cover,Riffle,NA,NA,NA,9,NA,NA,NA,NA,NA,2008
2008-2014,2008-07-29,104,NA,947,G95 Main RL,39.43022821798607,-121.62918199217741,NA,EF_SE,backpack shock into any seine,good,19,sunny,NA,NA,Prickly Sculpin,NA,NA,NA,NA,NA,NA,NA,NA,NA,NA,Small - medium gravel (50-150mm) (2-6in.),No Apparent  Cover,Riffle,NA,NA,NA,1,NA,NA,NA,NA,NA,2008
2008-2014,2008-07-29,104,NA,948,G95 Main RL,39.43022821798607,-121.62918199217741,NA,EF_SE,backpack shock into any seine,good,19,sunny,NA,NA,Prickly Sculpin,NA,NA,NA,NA,NA,NA,NA,NA,NA,NA,Small - medium gravel (50-150mm) (2-6in.),No Apparent  Cover,Riffle,NA,NA,NA,1,NA,NA,NA,NA,NA,2008
2008-2014,2008-07-29,104,NA,949,G95 Main RL,39.43022821798607,-121.62918199217741,NA,EF_SE,backpack shock into any seine,good,19,sunny,NA,NA,Prickly Sculpin,NA,NA,NA,NA,NA,NA,NA,NA,NA,NA,Small - medium gravel (50-150mm) (2-6in.),No Apparent  Cover,Riffle,NA,NA,NA,1,NA,NA,NA,NA,NA,2008
2008-2014,2008-07-29,104,NA,950,G95 Main RL,39.43022821798607,-121.62918199217741,NA,EF_SE,backpack shock into any seine,good,19,sunny,NA,NA,Prickly Sculpin,NA,NA,NA,NA,NA,NA,NA,NA,NA,NA,Small - medium gravel (50-150mm) (2-6in.),No Apparent  Cover,Riffle,NA,NA,NA,1,NA,NA,NA,NA,NA,2008
2008-2014,2008-07-29,104,NA,951,G95 Main RL,39.43022821798607,-121.62918199217741,NA,EF_SE,backpack shock into any seine,good,19,sunny,NA,NA,Prickly Sculpin,NA,NA,NA,NA,NA,NA,NA,NA,NA,NA,Small - medium gravel (50-150mm) (2-6in.),No Apparent  Cover,Riffle,NA,NA,NA,1,NA,NA,NA,NA,NA,2008
2008-2014,2008-07-29,104,NA,952,G95 Main RL,39.43022821798607,-121.62918199217741,NA,EF_SE,backpack shock into any seine,good,19,sunny,NA,NA,Prickly Sculpin,NA,NA,NA,NA,NA,NA,NA,NA,NA,NA,Small - medium gravel (50-150mm) (2-6in.),No Apparent  Cover,Riffle,NA,NA,NA,1,NA,NA,NA,NA,NA,2008
2008-2014,2008-07-29,104,NA,953,G95 Main RL,39.43022821798607,-121.62918199217741,NA,EF_SE,backpack shock into any seine,good,19,sunny,NA,NA,Speckled Dace,70,NA,NA,NA,NA,NA,NA,NA,NA,NA,Small - medium gravel (50-150mm) (2-6in.),No Apparent  Cover,Riffle,NA,NA,NA,1,NA,NA,NA,NA,NA,2008
2008-2014,2008-07-29,105,NA,954,G95 SC RL,NA,NA,NA,EF_SE,backpack shock into any seine,good,18.5,sunny,NA,NA,Prickly Sculpin,NA,NA,NA,NA,NA,NA,NA,NA,NA,NA,Small - medium gravel (50-150mm) (2-6in.),No Apparent  Cover,Riffle,NA,NA,NA,1,NA,NA,NA,NA,NA,2008
2008-2014,2008-07-29,105,NA,955,G95 SC RL,NA,NA,NA,EF_SE,backpack shock into any seine,good,18.5,sunny,NA,NA,Prickly Sculpin,NA,NA,NA,NA,NA,NA,NA,NA,NA,NA,Small - medium gravel (50-150mm) (2-6in.),No Apparent  Cover,Riffle,NA,NA,NA,1,NA,NA,NA,NA,NA,2008
2008-2014,2008-07-29,105,NA,956,G95 SC RL,NA,NA,NA,EF_SE,backpack shock into any seine,good,18.5,sunny,NA,NA,Prickly Sculpin,NA,NA,NA,NA,NA,NA,NA,NA,NA,NA,Small - medium gravel (50-150mm) (2-6in.),No Apparent  Cover,Riffle,NA,NA,NA,1,NA,NA,NA,NA,NA,2008
2008-2014,2008-07-29,105,NA,957,G95 SC RL,NA,NA,NA,EF_SE,backpack shock into any seine,good,18.5,sunny,NA,NA,Prickly Sculpin,NA,NA,NA,NA,NA,NA,NA,NA,NA,NA,Small - medium gravel (50-150mm) (2-6in.),No Apparent  Cover,Riffle,NA,NA,NA,1,NA,NA,NA,NA,NA,2008
2008-2014,2008-07-29,105,NA,958,G95 SC RL,NA,NA,NA,EF_SE,backpack shock into any seine,good,18.5,sunny,NA,NA,Prickly Sculpin,NA,NA,NA,NA,NA,NA,NA,NA,NA,NA,Small - medium gravel (50-150mm) (2-6in.),No Apparent  Cover,Riffle,NA,NA,NA,1,NA,NA,NA,NA,NA,2008
2008-2014,2008-07-29,105,NA,959,G95 SC RL,NA,NA,NA,EF_SE,backpack shock into any seine,good,18.5,sunny,NA,NA,Prickly Sculpin,NA,NA,NA,NA,NA,NA,NA,NA,NA,NA,Small - medium gravel (50-150mm) (2-6in.),No Apparent  Cover,Riffle,NA,NA,NA,1,NA,NA,NA,NA,NA,2008
2008-2014,2008-07-29,105,NA,960,G95 SC RL,NA,NA,NA,EF_SE,backpack shock into any seine,good,18.5,sunny,NA,NA,Unid Juvenile Sculpin,NA,NA,NA,NA,NA,NA,NA,NA,NA,NA,Small - medium gravel (50-150mm) (2-6in.),No Apparent  Cover,Riffle,NA,NA,NA,1,NA,NA,NA,NA,NA,2008
2008-2014,2008-07-29,105,NA,961,G95 SC RL,NA,NA,NA,EF_SE,backpack shock into any seine,good,18.5,sunny,NA,NA,Unid Juvenile Sculpin,NA,NA,NA,NA,NA,NA,NA,NA,NA,NA,Small - medium gravel (50-150mm) (2-6in.),No Apparent  Cover,Riffle,NA,NA,NA,1,NA,NA,NA,NA,NA,2008
2008-2014,2008-07-29,105,NA,962,G95 SC RL,NA,NA,NA,EF_SE,backpack shock into any seine,good,18.5,sunny,NA,NA,Unid Juvenile Sculpin,NA,n/a,NA,NA,NA,NA,NA,NA,NA,NA,Small - medium gravel (50-150mm) (2-6in.),No Apparent  Cover,Riffle,NA,NA,NA,1,NA,NA,NA,NA,NA,2008
2008-2014,2008-07-29,105,NA,963,G95 SC RL,NA,NA,NA,EF_SE,backpack shock into any seine,good,18.5,sunny,NA,NA,Unid Juvenile Sculpin,NA,NA,NA,NA,NA,NA,NA,NA,NA,NA,Small - medium gravel (50-150mm) (2-6in.),No Apparent  Cover,Riffle,NA,NA,NA,1,NA,NA,NA,NA,NA,2008
2008-2014,2008-07-29,105,NA,964,G95 SC RL,NA,NA,NA,EF_SE,backpack shock into any seine,good,18.5,sunny,NA,NA,Unid Juvenile Sculpin,NA,NA,NA,NA,NA,NA,NA,NA,NA,NA,Small - medium gravel (50-150mm) (2-6in.),No Apparent  Cover,Riffle,NA,NA,NA,1,NA,NA,NA,NA,NA,2008
2008-2014,2008-07-29,105,NA,965,G95 SC RL,NA,NA,NA,EF_SE,backpack shock into any seine,good,18.5,sunny,NA,NA,Sacramento Pikeminnow,35,NA,NA,NA,NA,NA,NA,NA,NA,NA,Small - medium gravel (50-150mm) (2-6in.),No Apparent  Cover,Riffle,NA,NA,NA,1,NA,NA,NA,NA,NA,2008
2008-2014,2008-07-29,107,NA,990,Hour Main RL - Downstream,39.41543092064467,-121.62768391143213,NA,EF_SE,backpack shock into any seine,good,21,sunny,NA,NA,Unid Juvenile Sculpin,NA,NA,NA,NA,NA,NA,NA,NA,NA,NA,Medium - large cobble (150-300mm) (6-12in.),No Apparent  Cover,Riffle,NA,NA,NA,1,NA,NA,NA,NA,NA,2008
2008-2014,2008-07-29,107,NA,991,Hour Main RL - Downstream,39.41543092064467,-121.62768391143213,NA,EF_SE,backpack shock into any seine,good,21,sunny,NA,NA,Unid Juvenile Sculpin,NA,NA,NA,NA,NA,NA,NA,NA,NA,NA,Medium - large cobble (150-300mm) (6-12in.),No Apparent  Cover,Riffle,NA,NA,NA,1,NA,NA,NA,NA,NA,2008
2008-2014,2008-07-29,107,NA,992,Hour Main RL - Downstream,39.41543092064467,-121.62768391143213,NA,EF_SE,backpack shock into any seine,good,21,sunny,NA,NA,Unid Juvenile Sculpin,NA,NA,NA,NA,NA,NA,NA,NA,NA,NA,Medium - large cobble (150-300mm) (6-12in.),No Apparent  Cover,Riffle,NA,NA,NA,1,NA,NA,NA,NA,NA,2008
2008-2014,2008-07-29,107,NA,993,Hour Main RL - Downstream,39.41543092064467,-121.62768391143213,NA,EF_SE,backpack shock into any seine,good,21,sunny,NA,NA,Unid Juvenile Sculpin,NA,NA,NA,NA,NA,NA,NA,NA,NA,NA,Medium - large cobble (150-300mm) (6-12in.),No Apparent  Cover,Riffle,NA,NA,NA,1,NA,NA,NA,NA,NA,2008
2008-2014,2008-07-29,107,NA,994,Hour Main RL - Downstream,39.41543092064467,-121.62768391143213,NA,EF_SE,backpack shock into any seine,good,21,sunny,NA,NA,Unid Juvenile Sculpin,NA,NA,NA,NA,NA,NA,NA,NA,NA,NA,Medium - large cobble (150-300mm) (6-12in.),No Apparent  Cover,Riffle,NA,NA,NA,1,NA,NA,NA,NA,NA,2008
2008-2014,2008-07-29,107,NA,995,Hour Main RL - Downstream,39.41543092064467,-121.62768391143213,NA,EF_SE,backpack shock into any seine,good,21,sunny,NA,NA,Unid Juvenile Sculpin,NA,NA,NA,NA,NA,NA,NA,NA,NA,NA,Medium - large cobble (150-300mm) (6-12in.),No Apparent  Cover,Riffle,NA,NA,NA,1,NA,NA,NA,NA,NA,2008
2008-2014,2008-07-29,107,NA,996,Hour Main RL - Downstream,39.41543092064467,-121.62768391143213,NA,EF_SE,backpack shock into any seine,good,21,sunny,NA,NA,Unid Juvenile Sculpin,NA,NA,NA,NA,NA,NA,NA,NA,NA,NA,Medium - large cobble (150-300mm) (6-12in.),No Apparent  Cover,Riffle,NA,NA,NA,1,NA,NA,NA,NA,NA,2008
2008-2014,2008-07-29,107,NA,997,Hour Main RL - Downstream,39.41543092064467,-121.62768391143213,NA,EF_SE,backpack shock into any seine,good,21,sunny,NA,NA,Unid Juvenile Sculpin,NA,NA,NA,NA,NA,NA,NA,NA,NA,NA,Medium - large cobble (150-300mm) (6-12in.),No Apparent  Cover,Riffle,NA,NA,NA,1,NA,NA,NA,NA,NA,2008
2008-2014,2008-07-29,107,NA,998,Hour Main RL - Downstream,39.41543092064467,-121.62768391143213,NA,EF_SE,backpack shock into any seine,good,21,sunny,NA,NA,Unid Juvenile Sculpin,NA,NA,NA,NA,NA,NA,NA,NA,NA,NA,Medium - large cobble (150-300mm) (6-12in.),No Apparent  Cover,Riffle,NA,NA,NA,1,NA,NA,NA,NA,NA,2008
2008-2014,2008-07-29,110,NA,1011,Hour side channel RL - Upstream,39.421311301618935,-121.62456313944345,NA,EF_SE,backpack shock into any seine,good,21,sunny,NA,NA,Speckled Dace,62,NA,NA,NA,NA,NA,NA,NA,NA,NA,Small - medium gravel (50-150mm) (2-6in.),No Apparent  Cover,Riffle,NA,NA,NA,1,Medium - large cobble (150-300mm) (6-12in.),NA,NA,NA,NA,2008
2008-2014,2008-07-29,110,NA,1012,Hour side channel RL - Upstream,39.421311301618935,-121.62456313944345,NA,EF_SE,backpack shock into any seine,good,21,sunny,NA,NA,Speckled Dace,56,NA,NA,NA,NA,NA,NA,NA,NA,NA,Small - medium gravel (50-150mm) (2-6in.),No Apparent  Cover,Riffle,NA,NA,NA,1,Medium - large cobble (150-300mm) (6-12in.),NA,NA,NA,NA,2008
2008-2014,2008-07-29,110,NA,1013,Hour side channel RL - Upstream,39.421311301618935,-121.62456313944345,NA,EF_SE,backpack shock into any seine,good,21,sunny,NA,NA,Speckled Dace,70,NA,NA,NA,NA,NA,NA,NA,NA,NA,Small - medium gravel (50-150mm) (2-6in.),No Apparent  Cover,Riffle,NA,NA,NA,1,Medium - large cobble (150-300mm) (6-12in.),NA,NA,NA,NA,2008
2008-2014,2008-07-29,110,NA,1014,Hour side channel RL - Upstream,39.421311301618935,-121.62456313944345,NA,EF_SE,backpack shock into any seine,good,21,sunny,NA,NA,Speckled Dace,55,NA,NA,NA,NA,NA,NA,NA,NA,NA,Small - medium gravel (50-150mm) (2-6in.),No Apparent  Cover,Riffle,NA,NA,NA,1,Medium - large cobble (150-300mm) (6-12in.),NA,NA,NA,NA,2008
2008-2014,2008-07-29,110,NA,1015,Hour side channel RL - Upstream,39.421311301618935,-121.62456313944345,NA,EF_SE,backpack shock into any seine,good,21,sunny,NA,NA,Speckled Dace,74,NA,NA,NA,NA,NA,NA,NA,NA,NA,Small - medium gravel (50-150mm) (2-6in.),No Apparent  Cover,Riffle,NA,NA,NA,1,Medium - large cobble (150-300mm) (6-12in.),NA,NA,NA,NA,2008
2008-2014,2008-07-29,110,NA,1016,Hour side channel RL - Upstream,39.421311301618935,-121.62456313944345,NA,EF_SE,backpack shock into any seine,good,21,sunny,NA,NA,Prickly Sculpin,NA,NA,NA,NA,NA,NA,NA,NA,NA,NA,Small - medium gravel (50-150mm) (2-6in.),No Apparent  Cover,Riffle,NA,NA,NA,1,Medium - large cobble (150-300mm) (6-12in.),NA,NA,NA,NA,2008
2008-2014,2008-07-29,110,NA,1017,Hour side channel RL - Upstream,39.421311301618935,-121.62456313944345,NA,EF_SE,backpack shock into any seine,good,21,sunny,NA,NA,Prickly Sculpin,NA,NA,NA,NA,NA,NA,NA,NA,NA,NA,Small - medium gravel (50-150mm) (2-6in.),No Apparent  Cover,Riffle,NA,NA,NA,1,Medium - large cobble (150-300mm) (6-12in.),NA,NA,NA,NA,2008
2008-2014,2008-07-29,110,NA,1018,Hour side channel RL - Upstream,39.421311301618935,-121.62456313944345,NA,EF_SE,backpack shock into any seine,good,21,sunny,NA,NA,Unid Juvenile Sculpin,NA,NA,NA,NA,NA,NA,NA,NA,NA,NA,Small - medium gravel (50-150mm) (2-6in.),No Apparent  Cover,Riffle,NA,NA,NA,1,Medium - large cobble (150-300mm) (6-12in.),NA,NA,NA,NA,2008
2008-2014,2008-07-29,110,NA,1019,Hour side channel RL - Upstream,39.421311301618935,-121.62456313944345,NA,EF_SE,backpack shock into any seine,good,21,sunny,NA,NA,Unid Juvenile Sculpin,NA,NA,NA,NA,NA,NA,NA,NA,NA,NA,Small - medium gravel (50-150mm) (2-6in.),No Apparent  Cover,Riffle,NA,NA,NA,1,Medium - large cobble (150-300mm) (6-12in.),NA,NA,NA,NA,2008
2008-2014,2008-07-29,110,NA,1020,Hour side channel RL - Upstream,39.421311301618935,-121.62456313944345,NA,EF_SE,backpack shock into any seine,good,21,sunny,NA,NA,Unid Juvenile Sculpin,NA,NA,NA,NA,NA,NA,NA,NA,NA,NA,Small - medium gravel (50-150mm) (2-6in.),No Apparent  Cover,Riffle,NA,NA,NA,1,Medium - large cobble (150-300mm) (6-12in.),NA,NA,NA,NA,2008
2008-2014,2008-07-29,110,NA,1021,Hour side channel RL - Upstream,39.421311301618935,-121.62456313944345,NA,EF_SE,backpack shock into any seine,good,21,sunny,NA,NA,Unid Juvenile Sculpin,NA,NA,NA,NA,NA,NA,NA,NA,NA,NA,Small - medium gravel (50-150mm) (2-6in.),No Apparent  Cover,Riffle,NA,NA,NA,1,Medium - large cobble (150-300mm) (6-12in.),NA,NA,NA,NA,2008
2008-2014,2008-07-29,110,NA,1022,Hour side channel RL - Upstream,39.421311301618935,-121.62456313944345,NA,EF_SE,backpack shock into any seine,good,21,sunny,NA,NA,Unid Juvenile Sculpin,NA,NA,NA,NA,NA,NA,NA,NA,NA,NA,Small - medium gravel (50-150mm) (2-6in.),No Apparent  Cover,Riffle,NA,NA,NA,1,Medium - large cobble (150-300mm) (6-12in.),NA,NA,NA,NA,2008
2008-2014,2008-07-29,110,NA,1023,Hour side channel RL - Upstream,39.421311301618935,-121.62456313944345,NA,EF_SE,backpack shock into any seine,good,21,sunny,NA,NA,Unid Juvenile Sculpin,NA,NA,NA,NA,NA,NA,NA,NA,NA,NA,Small - medium gravel (50-150mm) (2-6in.),No Apparent  Cover,Riffle,NA,NA,NA,1,Medium - large cobble (150-300mm) (6-12in.),NA,NA,NA,NA,2008
2008-2014,2008-07-29,110,NA,1024,Hour side channel RL - Upstream,39.421311301618935,-121.62456313944345,NA,EF_SE,backpack shock into any seine,good,21,sunny,NA,NA,Unid Juvenile Sculpin,NA,NA,NA,NA,NA,NA,NA,NA,NA,NA,Small - medium gravel (50-150mm) (2-6in.),No Apparent  Cover,Riffle,NA,NA,NA,1,Medium - large cobble (150-300mm) (6-12in.),NA,NA,NA,NA,2008
2008-2014,2008-07-29,110,NA,1025,Hour side channel RL - Upstream,39.421311301618935,-121.62456313944345,NA,EF_SE,backpack shock into any seine,good,21,sunny,NA,NA,Unid Juvenile Sculpin,NA,NA,NA,NA,NA,NA,NA,NA,NA,NA,Small - medium gravel (50-150mm) (2-6in.),No Apparent  Cover,Riffle,NA,NA,NA,1,Medium - large cobble (150-300mm) (6-12in.),NA,NA,NA,NA,2008
2008-2014,2008-07-29,110,NA,1026,Hour side channel RL - Upstream,39.421311301618935,-121.62456313944345,NA,EF_SE,backpack shock into any seine,good,21,sunny,NA,NA,Unid Juvenile Sculpin,NA,NA,NA,NA,NA,NA,NA,NA,NA,NA,Small - medium gravel (50-150mm) (2-6in.),No Apparent  Cover,Riffle,NA,NA,NA,1,Medium - large cobble (150-300mm) (6-12in.),NA,NA,NA,NA,2008
2008-2014,2008-07-29,110,NA,1027,Hour side channel RL - Upstream,39.421311301618935,-121.62456313944345,NA,EF_SE,backpack shock into any seine,good,21,sunny,NA,NA,Unid Juvenile Sculpin,NA,NA,NA,NA,NA,NA,NA,NA,NA,NA,Small - medium gravel (50-150mm) (2-6in.),No Apparent  Cover,Riffle,NA,NA,NA,1,Medium - large cobble (150-300mm) (6-12in.),NA,NA,NA,NA,2008
2008-2014,2008-07-29,110,NA,1028,Hour side channel RL - Upstream,39.421311301618935,-121.62456313944345,NA,EF_SE,backpack shock into any seine,good,21,sunny,NA,NA,Unid Juvenile Sculpin,NA,NA,NA,NA,NA,NA,NA,NA,NA,NA,Small - medium gravel (50-150mm) (2-6in.),No Apparent  Cover,Riffle,NA,NA,NA,1,Medium - large cobble (150-300mm) (6-12in.),NA,NA,NA,NA,2008
2008-2014,2008-07-29,110,NA,1029,Hour side channel RL - Upstream,39.421311301618935,-121.62456313944345,NA,EF_SE,backpack shock into any seine,good,21,sunny,NA,NA,Unid Juvenile Sculpin,NA,NA,NA,NA,NA,NA,NA,NA,NA,NA,Small - medium gravel (50-150mm) (2-6in.),No Apparent  Cover,Riffle,NA,NA,NA,1,Medium - large cobble (150-300mm) (6-12in.),NA,NA,NA,NA,2008
2008-2014,2008-07-29,110,NA,1030,Hour side channel RL - Upstream,39.421311301618935,-121.62456313944345,NA,EF_SE,backpack shock into any seine,good,21,sunny,NA,NA,Unid Juvenile Sculpin,NA,NA,NA,NA,NA,NA,NA,NA,NA,NA,Small - medium gravel (50-150mm) (2-6in.),No Apparent  Cover,Riffle,NA,NA,NA,1,Medium - large cobble (150-300mm) (6-12in.),NA,NA,NA,NA,2008
2008-2014,2008-07-29,110,NA,1031,Hour side channel RL - Upstream,39.421311301618935,-121.62456313944345,NA,EF_SE,backpack shock into any seine,good,21,sunny,NA,NA,Unid Juvenile Sculpin,NA,NA,NA,NA,NA,NA,NA,NA,NA,NA,Small - medium gravel (50-150mm) (2-6in.),No Apparent  Cover,Riffle,NA,NA,NA,1,Medium - large cobble (150-300mm) (6-12in.),NA,NA,NA,NA,2008
2008-2014,2008-07-29,113,NA,1081,Junkyard Main RR,39.34701749272387,-121.6264369490586,NA,EF_SE,backpack shock into any seine,good,21,sunny,NA,NA,Unid Juvenile Sculpin,NA,NA,NA,NA,NA,NA,NA,NA,NA,NA,Small - medium gravel (50-150mm) (2-6in.),No Apparent  Cover,Riffle,NA,NA,NA,1,NA,NA,NA,NA,NA,2008
2008-2014,2008-07-29,113,NA,1082,Junkyard Main RR,39.34701749272387,-121.6264369490586,NA,EF_SE,backpack shock into any seine,good,21,sunny,NA,NA,Unid Juvenile Sculpin,NA,NA,NA,NA,NA,NA,NA,NA,NA,NA,Small - medium gravel (50-150mm) (2-6in.),No Apparent  Cover,Riffle,NA,NA,NA,1,NA,NA,NA,NA,NA,2008
2008-2014,2008-07-29,113,NA,1083,Junkyard Main RR,39.34701749272387,-121.6264369490586,NA,EF_SE,backpack shock into any seine,good,21,sunny,NA,NA,Unid Juvenile Sculpin,NA,NA,NA,NA,NA,NA,NA,NA,NA,NA,Small - medium gravel (50-150mm) (2-6in.),No Apparent  Cover,Riffle,NA,NA,NA,1,NA,NA,NA,NA,NA,2008
2008-2014,2008-07-29,113,NA,1084,Junkyard Main RR,39.34701749272387,-121.6264369490586,NA,EF_SE,backpack shock into any seine,good,21,sunny,NA,NA,Unid Juvenile Sculpin,NA,NA,NA,NA,NA,NA,NA,NA,NA,NA,Small - medium gravel (50-150mm) (2-6in.),No Apparent  Cover,Riffle,NA,NA,NA,1,NA,NA,NA,NA,NA,2008
2008-2014,2008-07-29,113,NA,1085,Junkyard Main RR,39.34701749272387,-121.6264369490586,NA,EF_SE,backpack shock into any seine,good,21,sunny,NA,NA,Unid Juvenile Sculpin,NA,NA,NA,NA,NA,NA,NA,NA,NA,NA,Small - medium gravel (50-150mm) (2-6in.),No Apparent  Cover,Riffle,NA,NA,NA,1,NA,NA,NA,NA,NA,2008
2008-2014,2008-07-29,113,NA,1086,Junkyard Main RR,39.34701749272387,-121.6264369490586,NA,EF_SE,backpack shock into any seine,good,21,sunny,NA,NA,Unid Juvenile Sculpin,NA,NA,NA,NA,NA,NA,NA,NA,NA,NA,Small - medium gravel (50-150mm) (2-6in.),No Apparent  Cover,Riffle,NA,NA,NA,1,NA,NA,NA,NA,NA,2008
2008-2014,2008-07-29,113,NA,1087,Junkyard Main RR,39.34701749272387,-121.6264369490586,NA,EF_SE,backpack shock into any seine,good,21,sunny,NA,NA,Unid Juvenile Sculpin,NA,NA,NA,NA,NA,NA,NA,NA,NA,NA,Small - medium gravel (50-150mm) (2-6in.),No Apparent  Cover,Riffle,NA,NA,NA,1,NA,NA,NA,NA,NA,2008
2008-2014,2008-07-29,113,NA,1088,Junkyard Main RR,39.34701749272387,-121.6264369490586,NA,EF_SE,backpack shock into any seine,good,21,sunny,NA,NA,Unid Juvenile Sculpin,NA,NA,NA,NA,NA,NA,NA,NA,NA,NA,Small - medium gravel (50-150mm) (2-6in.),No Apparent  Cover,Riffle,NA,NA,NA,1,NA,NA,NA,NA,NA,2008
2008-2014,2008-07-29,113,NA,1089,Junkyard Main RR,39.34701749272387,-121.6264369490586,NA,EF_SE,backpack shock into any seine,good,21,sunny,NA,NA,Unid Juvenile Sculpin,NA,NA,NA,NA,NA,NA,NA,NA,NA,NA,Small - medium gravel (50-150mm) (2-6in.),No Apparent  Cover,Riffle,NA,NA,NA,1,NA,NA,NA,NA,NA,2008
2008-2014,2008-07-29,113,NA,1090,Junkyard Main RR,39.34701749272387,-121.6264369490586,NA,EF_SE,backpack shock into any seine,good,21,sunny,NA,NA,Unid Juvenile Sculpin,NA,NA,NA,NA,NA,NA,NA,NA,NA,NA,Small - medium gravel (50-150mm) (2-6in.),No Apparent  Cover,Riffle,NA,NA,NA,1,NA,NA,NA,NA,NA,2008
2008-2014,2008-07-29,113,NA,1091,Junkyard Main RR,39.34701749272387,-121.6264369490586,NA,EF_SE,backpack shock into any seine,good,21,sunny,NA,NA,Unid Juvenile Sculpin,NA,NA,NA,NA,NA,NA,NA,NA,NA,NA,Small - medium gravel (50-150mm) (2-6in.),No Apparent  Cover,Riffle,NA,NA,NA,1,NA,NA,NA,NA,NA,2008
2008-2014,2008-07-29,113,NA,1092,Junkyard Main RR,39.34701749272387,-121.6264369490586,NA,EF_SE,backpack shock into any seine,good,21,sunny,NA,NA,Unid Juvenile Sculpin,NA,NA,NA,NA,NA,NA,NA,NA,NA,NA,Small - medium gravel (50-150mm) (2-6in.),No Apparent  Cover,Riffle,NA,NA,NA,1,NA,NA,NA,NA,NA,2008
2008-2014,2008-07-29,113,NA,1093,Junkyard Main RR,39.34701749272387,-121.6264369490586,NA,EF_SE,backpack shock into any seine,good,21,sunny,NA,NA,Unid Juvenile Sculpin,NA,NA,NA,NA,NA,NA,NA,NA,NA,NA,Small - medium gravel (50-150mm) (2-6in.),No Apparent  Cover,Riffle,NA,NA,NA,1,NA,NA,NA,NA,NA,2008
2008-2014,2008-07-29,113,NA,1094,Junkyard Main RR,39.34701749272387,-121.6264369490586,NA,EF_SE,backpack shock into any seine,good,21,sunny,NA,NA,Unid Juvenile Sculpin,NA,NA,NA,NA,NA,NA,NA,NA,NA,NA,Small - medium gravel (50-150mm) (2-6in.),No Apparent  Cover,Riffle,NA,NA,NA,1,NA,NA,NA,NA,NA,2008
2008-2014,2008-07-29,113,NA,1095,Junkyard Main RR,39.34701749272387,-121.6264369490586,NA,EF_SE,backpack shock into any seine,good,21,sunny,NA,NA,Unid Juvenile Sculpin,NA,NA,NA,NA,NA,NA,NA,NA,NA,NA,Small - medium gravel (50-150mm) (2-6in.),No Apparent  Cover,Riffle,NA,NA,NA,1,NA,NA,NA,NA,NA,2008
2008-2014,2008-07-29,113,NA,1096,Junkyard Main RR,39.34701749272387,-121.6264369490586,NA,EF_SE,backpack shock into any seine,good,21,sunny,NA,NA,Unid Juvenile Sculpin,NA,NA,NA,NA,NA,NA,NA,NA,NA,NA,Small - medium gravel (50-150mm) (2-6in.),No Apparent  Cover,Riffle,NA,NA,NA,1,NA,NA,NA,NA,NA,2008
2008-2014,2008-07-29,113,NA,1097,Junkyard Main RR,39.34701749272387,-121.6264369490586,NA,EF_SE,backpack shock into any seine,good,21,sunny,NA,NA,Unid Juvenile Sculpin,NA,NA,NA,NA,NA,NA,NA,NA,NA,NA,Small - medium gravel (50-150mm) (2-6in.),No Apparent  Cover,Riffle,NA,NA,NA,1,NA,NA,NA,NA,NA,2008
2008-2014,2008-07-29,113,NA,1098,Junkyard Main RR,39.34701749272387,-121.6264369490586,NA,EF_SE,backpack shock into any seine,good,21,sunny,NA,NA,Unid Juvenile Sculpin,NA,NA,NA,NA,NA,NA,NA,NA,NA,NA,Small - medium gravel (50-150mm) (2-6in.),No Apparent  Cover,Riffle,NA,NA,NA,1,NA,NA,NA,NA,NA,2008
2008-2014,2008-07-29,113,NA,1099,Junkyard Main RR,39.34701749272387,-121.6264369490586,NA,EF_SE,backpack shock into any seine,good,21,sunny,NA,NA,Unid Juvenile Sculpin,NA,NA,NA,NA,NA,NA,NA,NA,NA,NA,Small - medium gravel (50-150mm) (2-6in.),No Apparent  Cover,Riffle,NA,NA,NA,1,NA,NA,NA,NA,NA,2008
2008-2014,2008-07-29,113,NA,1100,Junkyard Main RR,39.34701749272387,-121.6264369490586,NA,EF_SE,backpack shock into any seine,good,21,sunny,NA,NA,Unid Juvenile Sculpin,NA,NA,NA,NA,NA,NA,NA,NA,NA,NA,Small - medium gravel (50-150mm) (2-6in.),No Apparent  Cover,Riffle,NA,NA,NA,1,NA,NA,NA,NA,NA,2008
2008-2014,2008-07-29,113,NA,1101,Junkyard Main RR,39.34701749272387,-121.6264369490586,NA,EF_SE,backpack shock into any seine,good,21,sunny,NA,NA,Unid Juvenile Sculpin,NA,NA,NA,NA,NA,NA,NA,NA,NA,NA,Small - medium gravel (50-150mm) (2-6in.),No Apparent  Cover,Riffle,NA,NA,NA,1,NA,NA,NA,NA,NA,2008
2008-2014,2008-07-29,113,NA,1102,Junkyard Main RR,39.34701749272387,-121.6264369490586,NA,EF_SE,backpack shock into any seine,good,21,sunny,NA,NA,Sacramento Pikeminnow,45,NA,NA,NA,NA,NA,NA,NA,NA,NA,Small - medium gravel (50-150mm) (2-6in.),No Apparent  Cover,Riffle,NA,NA,NA,1,NA,NA,NA,NA,NA,2008
2008-2014,2008-07-29,113,NA,1103,Junkyard Main RR,39.34701749272387,-121.6264369490586,NA,EF_SE,backpack shock into any seine,good,21,sunny,NA,NA,Sacramento Pikeminnow,57,NA,NA,NA,NA,NA,NA,NA,NA,NA,Small - medium gravel (50-150mm) (2-6in.),No Apparent  Cover,Riffle,NA,NA,NA,1,NA,NA,NA,NA,NA,2008
2008-2014,2008-07-29,113,NA,1104,Junkyard Main RR,39.34701749272387,-121.6264369490586,NA,EF_SE,backpack shock into any seine,good,21,sunny,NA,NA,Sacramento Pikeminnow,55,NA,NA,NA,NA,NA,NA,NA,NA,NA,Small - medium gravel (50-150mm) (2-6in.),No Apparent  Cover,Riffle,NA,NA,NA,1,NA,NA,NA,NA,NA,2008
2008-2014,2008-07-29,113,NA,1105,Junkyard Main RR,39.34701749272387,-121.6264369490586,NA,EF_SE,backpack shock into any seine,good,21,sunny,NA,NA,Sacramento Pikeminnow,40,NA,NA,NA,NA,NA,NA,NA,NA,NA,Small - medium gravel (50-150mm) (2-6in.),No Apparent  Cover,Riffle,NA,NA,NA,1,NA,NA,NA,NA,NA,2008
2008-2014,2008-07-29,113,NA,1106,Junkyard Main RR,39.34701749272387,-121.6264369490586,NA,EF_SE,backpack shock into any seine,good,21,sunny,NA,NA,Sacramento Pikeminnow,47,NA,NA,NA,NA,NA,NA,NA,NA,NA,Small - medium gravel (50-150mm) (2-6in.),No Apparent  Cover,Riffle,NA,NA,NA,1,NA,NA,NA,NA,NA,2008
2008-2014,2008-07-29,113,NA,1107,Junkyard Main RR,39.34701749272387,-121.6264369490586,NA,EF_SE,backpack shock into any seine,good,21,sunny,NA,NA,Sacramento Pikeminnow,43,NA,NA,NA,NA,NA,NA,NA,NA,NA,Small - medium gravel (50-150mm) (2-6in.),No Apparent  Cover,Riffle,NA,NA,NA,1,NA,NA,NA,NA,NA,2008
2008-2014,2008-07-29,113,NA,1108,Junkyard Main RR,39.34701749272387,-121.6264369490586,NA,EF_SE,backpack shock into any seine,good,21,sunny,NA,NA,Sacramento Pikeminnow,50,NA,NA,NA,NA,NA,NA,NA,NA,NA,Small - medium gravel (50-150mm) (2-6in.),No Apparent  Cover,Riffle,NA,NA,NA,1,NA,NA,NA,NA,NA,2008
2008-2014,2008-07-29,113,NA,1109,Junkyard Main RR,39.34701749272387,-121.6264369490586,NA,EF_SE,backpack shock into any seine,good,21,sunny,NA,NA,Prickly Sculpin,NA,NA,NA,NA,NA,NA,NA,NA,NA,NA,Small - medium gravel (50-150mm) (2-6in.),No Apparent  Cover,Riffle,NA,NA,NA,1,NA,NA,NA,NA,NA,2008
2008-2014,2008-07-29,113,NA,1110,Junkyard Main RR,39.34701749272387,-121.6264369490586,NA,EF_SE,backpack shock into any seine,good,21,sunny,NA,NA,Prickly Sculpin,NA,NA,NA,NA,NA,NA,NA,NA,NA,NA,Small - medium gravel (50-150mm) (2-6in.),No Apparent  Cover,Riffle,NA,NA,NA,1,NA,NA,NA,NA,NA,2008
2008-2014,2008-07-29,113,NA,1111,Junkyard Main RR,39.34701749272387,-121.6264369490586,NA,EF_SE,backpack shock into any seine,good,21,sunny,NA,NA,Prickly Sculpin,NA,NA,NA,NA,NA,NA,NA,NA,NA,NA,Small - medium gravel (50-150mm) (2-6in.),No Apparent  Cover,Riffle,NA,NA,NA,1,NA,NA,NA,NA,NA,2008
2008-2014,2008-07-29,113,NA,1112,Junkyard Main RR,39.34701749272387,-121.6264369490586,NA,EF_SE,backpack shock into any seine,good,21,sunny,NA,NA,Prickly Sculpin,NA,NA,NA,NA,NA,NA,NA,NA,NA,NA,Small - medium gravel (50-150mm) (2-6in.),No Apparent  Cover,Riffle,NA,NA,NA,1,NA,NA,NA,NA,NA,2008
2008-2014,2008-07-29,114,NA,1113,Junkyard side channel 1 - RL,39.34696863559275,-121.62696832729495,NA,EF_SE,backpack shock into any seine,good,20,sunny,NA,NA,Speckled Dace,48,NA,NA,NA,NA,NA,NA,NA,NA,NA,Small - medium gravel (50-150mm) (2-6in.),No Apparent  Cover,Riffle,NA,NA,NA,1,NA,NA,NA,NA,NA,2008
2008-2014,2008-07-29,114,NA,1114,Junkyard side channel 1 - RL,39.34696863559275,-121.62696832729495,NA,EF_SE,backpack shock into any seine,good,20,sunny,NA,NA,Speckled Dace,48,NA,NA,NA,NA,NA,NA,NA,NA,NA,Small - medium gravel (50-150mm) (2-6in.),No Apparent  Cover,Riffle,NA,NA,NA,1,NA,NA,NA,NA,NA,2008
2008-2014,2008-07-29,114,NA,1115,Junkyard side channel 1 - RL,39.34696863559275,-121.62696832729495,NA,EF_SE,backpack shock into any seine,good,20,sunny,NA,NA,Speckled Dace,60,NA,NA,NA,NA,NA,NA,NA,NA,NA,Small - medium gravel (50-150mm) (2-6in.),No Apparent  Cover,Riffle,NA,NA,NA,1,NA,NA,NA,NA,NA,2008
2008-2014,2008-07-29,114,NA,1116,Junkyard side channel 1 - RL,39.34696863559275,-121.62696832729495,NA,EF_SE,backpack shock into any seine,good,20,sunny,NA,NA,Speckled Dace,61,NA,NA,NA,NA,NA,NA,NA,NA,NA,Small - medium gravel (50-150mm) (2-6in.),No Apparent  Cover,Riffle,NA,NA,NA,1,NA,NA,NA,NA,NA,2008
2008-2014,2008-07-29,114,NA,1117,Junkyard side channel 1 - RL,39.34696863559275,-121.62696832729495,NA,EF_SE,backpack shock into any seine,good,20,sunny,NA,NA,Speckled Dace,60,NA,NA,NA,NA,NA,NA,NA,NA,NA,Small - medium gravel (50-150mm) (2-6in.),No Apparent  Cover,Riffle,NA,NA,NA,1,NA,NA,NA,NA,NA,2008
2008-2014,2008-07-29,114,NA,1118,Junkyard side channel 1 - RL,39.34696863559275,-121.62696832729495,NA,EF_SE,backpack shock into any seine,good,20,sunny,NA,NA,Speckled Dace,50,NA,NA,NA,NA,NA,NA,NA,NA,NA,Small - medium gravel (50-150mm) (2-6in.),No Apparent  Cover,Riffle,NA,NA,NA,1,NA,NA,NA,NA,NA,2008
2008-2014,2008-07-29,114,NA,1119,Junkyard side channel 1 - RL,39.34696863559275,-121.62696832729495,NA,EF_SE,backpack shock into any seine,good,20,sunny,NA,NA,Unid Juvenile Sculpin,NA,NA,NA,NA,NA,NA,NA,NA,NA,NA,Small - medium gravel (50-150mm) (2-6in.),No Apparent  Cover,Riffle,NA,NA,NA,1,NA,NA,NA,NA,NA,2008
2008-2014,2008-07-29,114,NA,1120,Junkyard side channel 1 - RL,39.34696863559275,-121.62696832729495,NA,EF_SE,backpack shock into any seine,good,20,sunny,NA,NA,Unid Juvenile Sculpin,NA,NA,NA,NA,NA,NA,NA,NA,NA,NA,Small - medium gravel (50-150mm) (2-6in.),No Apparent  Cover,Riffle,NA,NA,NA,1,NA,NA,NA,NA,NA,2008
2008-2014,2008-07-29,114,NA,1121,Junkyard side channel 1 - RL,39.34696863559275,-121.62696832729495,NA,EF_SE,backpack shock into any seine,good,20,sunny,NA,NA,Unid Juvenile Sculpin,NA,NA,NA,NA,NA,NA,NA,NA,NA,NA,Small - medium gravel (50-150mm) (2-6in.),No Apparent  Cover,Riffle,NA,NA,NA,1,NA,NA,NA,NA,NA,2008
2008-2014,2008-07-29,114,NA,1122,Junkyard side channel 1 - RL,39.34696863559275,-121.62696832729495,NA,EF_SE,backpack shock into any seine,good,20,sunny,NA,NA,Unid Juvenile Sculpin,NA,NA,NA,NA,NA,NA,NA,NA,NA,NA,Small - medium gravel (50-150mm) (2-6in.),No Apparent  Cover,Riffle,NA,NA,NA,1,NA,NA,NA,NA,NA,2008
2008-2014,2008-07-29,114,NA,1123,Junkyard side channel 1 - RL,39.34696863559275,-121.62696832729495,NA,EF_SE,backpack shock into any seine,good,20,sunny,NA,NA,Unid Juvenile Sculpin,NA,NA,NA,NA,NA,NA,NA,NA,NA,NA,Small - medium gravel (50-150mm) (2-6in.),No Apparent  Cover,Riffle,NA,NA,NA,1,NA,NA,NA,NA,NA,2008
2008-2014,2008-07-29,114,NA,1124,Junkyard side channel 1 - RL,39.34696863559275,-121.62696832729495,NA,EF_SE,backpack shock into any seine,good,20,sunny,NA,NA,Unid Juvenile Sculpin,NA,NA,NA,NA,NA,NA,NA,NA,NA,NA,Small - medium gravel (50-150mm) (2-6in.),No Apparent  Cover,Riffle,NA,NA,NA,1,NA,NA,NA,NA,NA,2008
2008-2014,2008-07-29,114,NA,1125,Junkyard side channel 1 - RL,39.34696863559275,-121.62696832729495,NA,EF_SE,backpack shock into any seine,good,20,sunny,NA,NA,Unid Juvenile Sculpin,NA,NA,NA,NA,NA,NA,NA,NA,NA,NA,Small - medium gravel (50-150mm) (2-6in.),No Apparent  Cover,Riffle,NA,NA,NA,1,NA,NA,NA,NA,NA,2008
2008-2014,2008-07-29,114,NA,1126,Junkyard side channel 1 - RL,39.34696863559275,-121.62696832729495,NA,EF_SE,backpack shock into any seine,good,20,sunny,NA,NA,Unid Juvenile Sculpin,NA,NA,NA,NA,NA,NA,NA,NA,NA,NA,Small - medium gravel (50-150mm) (2-6in.),No Apparent  Cover,Riffle,NA,NA,NA,1,NA,NA,NA,NA,NA,2008
2008-2014,2008-07-29,114,NA,1127,Junkyard side channel 1 - RL,39.34696863559275,-121.62696832729495,NA,EF_SE,backpack shock into any seine,good,20,sunny,NA,NA,Unid Juvenile Sculpin,NA,NA,NA,NA,NA,NA,NA,NA,NA,NA,Small - medium gravel (50-150mm) (2-6in.),No Apparent  Cover,Riffle,NA,NA,NA,1,NA,NA,NA,NA,NA,2008
2008-2014,2008-07-29,114,NA,1128,Junkyard side channel 1 - RL,39.34696863559275,-121.62696832729495,NA,EF_SE,backpack shock into any seine,good,20,sunny,NA,NA,Unid Juvenile Sculpin,NA,NA,NA,NA,NA,NA,NA,NA,NA,NA,Small - medium gravel (50-150mm) (2-6in.),No Apparent  Cover,Riffle,NA,NA,NA,1,NA,NA,NA,NA,NA,2008
2008-2014,2008-07-29,114,NA,1129,Junkyard side channel 1 - RL,39.34696863559275,-121.62696832729495,NA,EF_SE,backpack shock into any seine,good,20,sunny,NA,NA,Unid Juvenile Sculpin,NA,NA,NA,NA,NA,NA,NA,NA,NA,NA,Small - medium gravel (50-150mm) (2-6in.),No Apparent  Cover,Riffle,NA,NA,NA,1,NA,NA,NA,NA,NA,2008
2008-2014,2008-07-29,114,NA,1130,Junkyard side channel 1 - RL,39.34696863559275,-121.62696832729495,NA,EF_SE,backpack shock into any seine,good,20,sunny,NA,NA,Unid Juvenile Sculpin,NA,NA,NA,NA,NA,NA,NA,NA,NA,NA,Small - medium gravel (50-150mm) (2-6in.),No Apparent  Cover,Riffle,NA,NA,NA,1,NA,NA,NA,NA,NA,2008
2008-2014,2008-07-29,114,NA,1131,Junkyard side channel 1 - RL,39.34696863559275,-121.62696832729495,NA,EF_SE,backpack shock into any seine,good,20,sunny,NA,NA,Unid Juvenile Sculpin,NA,NA,NA,NA,NA,NA,NA,NA,NA,NA,Small - medium gravel (50-150mm) (2-6in.),No Apparent  Cover,Riffle,NA,NA,NA,1,NA,NA,NA,NA,NA,2008
2008-2014,2008-07-29,114,NA,1132,Junkyard side channel 1 - RL,39.34696863559275,-121.62696832729495,NA,EF_SE,backpack shock into any seine,good,20,sunny,NA,NA,Sacramento Pikeminnow,126,NA,NA,NA,NA,NA,NA,NA,NA,NA,Small - medium gravel (50-150mm) (2-6in.),No Apparent  Cover,Riffle,NA,NA,NA,1,NA,NA,NA,NA,NA,2008
2008-2014,2008-07-29,114,NA,1133,Junkyard side channel 1 - RL,39.34696863559275,-121.62696832729495,NA,EF_SE,backpack shock into any seine,good,20,sunny,NA,NA,Sacramento Pikeminnow,42,NA,NA,NA,NA,NA,NA,NA,NA,NA,Small - medium gravel (50-150mm) (2-6in.),No Apparent  Cover,Riffle,NA,NA,NA,1,NA,NA,NA,NA,NA,2008
2008-2014,2008-07-29,114,NA,1134,Junkyard side channel 1 - RL,39.34696863559275,-121.62696832729495,NA,EF_SE,backpack shock into any seine,good,20,sunny,NA,NA,Sacramento Pikeminnow,41,NA,NA,NA,NA,NA,NA,NA,NA,NA,Small - medium gravel (50-150mm) (2-6in.),No Apparent  Cover,Riffle,NA,NA,NA,1,NA,NA,NA,NA,NA,2008
2008-2014,2008-07-29,114,NA,1135,Junkyard side channel 1 - RL,39.34696863559275,-121.62696832729495,NA,EF_SE,backpack shock into any seine,good,20,sunny,NA,NA,Sacramento Pikeminnow,52,NA,NA,NA,NA,NA,NA,NA,NA,NA,Small - medium gravel (50-150mm) (2-6in.),No Apparent  Cover,Riffle,NA,NA,NA,1,NA,NA,NA,NA,NA,2008
2008-2014,2008-07-29,114,NA,1136,Junkyard side channel 1 - RL,39.34696863559275,-121.62696832729495,NA,EF_SE,backpack shock into any seine,good,20,sunny,NA,NA,Sacramento Pikeminnow,53,NA,NA,NA,NA,NA,NA,NA,NA,NA,Small - medium gravel (50-150mm) (2-6in.),No Apparent  Cover,Riffle,NA,NA,NA,1,NA,NA,NA,NA,NA,2008
2008-2014,2008-07-29,114,NA,1137,Junkyard side channel 1 - RL,39.34696863559275,-121.62696832729495,NA,EF_SE,backpack shock into any seine,good,20,sunny,NA,NA,Sacramento Pikeminnow,51,NA,NA,NA,NA,NA,NA,NA,NA,NA,Small - medium gravel (50-150mm) (2-6in.),No Apparent  Cover,Riffle,NA,NA,NA,1,NA,NA,NA,NA,NA,2008
2008-2014,2008-07-29,114,NA,1138,Junkyard side channel 1 - RL,39.34696863559275,-121.62696832729495,NA,EF_SE,backpack shock into any seine,good,20,sunny,NA,NA,Sacramento Pikeminnow,42,NA,NA,NA,NA,NA,NA,NA,NA,NA,Small - medium gravel (50-150mm) (2-6in.),No Apparent  Cover,Riffle,NA,NA,NA,1,NA,NA,NA,NA,NA,2008
2008-2014,2008-07-29,114,NA,1139,Junkyard side channel 1 - RL,39.34696863559275,-121.62696832729495,NA,EF_SE,backpack shock into any seine,good,20,sunny,NA,NA,Sacramento Pikeminnow,28,NA,NA,NA,NA,NA,NA,NA,NA,NA,Small - medium gravel (50-150mm) (2-6in.),No Apparent  Cover,Riffle,NA,NA,NA,1,NA,NA,NA,NA,NA,2008
2008-2014,2008-07-29,114,NA,1140,Junkyard side channel 1 - RL,39.34696863559275,-121.62696832729495,NA,EF_SE,backpack shock into any seine,good,20,sunny,NA,NA,Sacramento Pikeminnow,52,NA,NA,NA,NA,NA,NA,NA,NA,NA,Small - medium gravel (50-150mm) (2-6in.),No Apparent  Cover,Riffle,NA,NA,NA,1,NA,NA,NA,NA,NA,2008
2008-2014,2008-07-29,114,NA,1141,Junkyard side channel 1 - RL,39.34696863559275,-121.62696832729495,NA,EF_SE,backpack shock into any seine,good,20,sunny,NA,NA,Sacramento Pikeminnow,46,NA,NA,NA,NA,NA,NA,NA,NA,NA,Small - medium gravel (50-150mm) (2-6in.),No Apparent  Cover,Riffle,NA,NA,NA,1,NA,NA,NA,NA,NA,2008
2008-2014,2008-07-29,114,NA,1142,Junkyard side channel 1 - RL,39.34696863559275,-121.62696832729495,NA,EF_SE,backpack shock into any seine,good,20,sunny,NA,NA,Sacramento Pikeminnow,43,NA,NA,NA,NA,NA,NA,NA,NA,NA,Small - medium gravel (50-150mm) (2-6in.),No Apparent  Cover,Riffle,NA,NA,NA,1,NA,NA,NA,NA,NA,2008
2008-2014,2008-07-29,114,NA,1143,Junkyard side channel 1 - RL,39.34696863559275,-121.62696832729495,NA,EF_SE,backpack shock into any seine,good,20,sunny,NA,NA,Sacramento Pikeminnow,52,NA,NA,NA,NA,NA,NA,NA,NA,NA,Small - medium gravel (50-150mm) (2-6in.),No Apparent  Cover,Riffle,NA,NA,NA,1,NA,NA,NA,NA,NA,2008
2008-2014,2008-07-29,114,NA,1144,Junkyard side channel 1 - RL,39.34696863559275,-121.62696832729495,NA,EF_SE,backpack shock into any seine,good,20,sunny,NA,NA,Sacramento Pikeminnow,48,NA,NA,NA,NA,NA,NA,NA,NA,NA,Small - medium gravel (50-150mm) (2-6in.),No Apparent  Cover,Riffle,NA,NA,NA,1,NA,NA,NA,NA,NA,2008
2008-2014,2008-07-29,114,NA,1145,Junkyard side channel 1 - RL,39.34696863559275,-121.62696832729495,NA,EF_SE,backpack shock into any seine,good,20,sunny,NA,NA,Sacramento Pikeminnow,42,NA,NA,NA,NA,NA,NA,NA,NA,NA,Small - medium gravel (50-150mm) (2-6in.),No Apparent  Cover,Riffle,NA,NA,NA,1,NA,NA,NA,NA,NA,2008
2008-2014,2008-07-29,114,NA,1146,Junkyard side channel 1 - RL,39.34696863559275,-121.62696832729495,NA,EF_SE,backpack shock into any seine,good,20,sunny,NA,NA,Sacramento Pikeminnow,56,NA,NA,NA,NA,NA,NA,NA,NA,NA,Small - medium gravel (50-150mm) (2-6in.),No Apparent  Cover,Riffle,NA,NA,NA,1,NA,NA,NA,NA,NA,2008
2008-2014,2008-07-29,114,NA,1147,Junkyard side channel 1 - RL,39.34696863559275,-121.62696832729495,NA,EF_SE,backpack shock into any seine,good,20,sunny,NA,NA,Sacramento Sucker,62,NA,NA,NA,NA,NA,NA,NA,NA,NA,Small - medium gravel (50-150mm) (2-6in.),No Apparent  Cover,Riffle,NA,NA,NA,1,NA,NA,NA,NA,NA,2008
2008-2014,2008-07-29,114,NA,1148,Junkyard side channel 1 - RL,39.34696863559275,-121.62696832729495,NA,EF_SE,backpack shock into any seine,good,20,sunny,NA,NA,Sacramento Sucker,67,NA,NA,NA,NA,NA,NA,NA,NA,NA,Small - medium gravel (50-150mm) (2-6in.),No Apparent  Cover,Riffle,NA,NA,NA,1,NA,NA,NA,NA,NA,2008
2008-2014,2008-07-29,114,NA,1149,Junkyard side channel 1 - RL,39.34696863559275,-121.62696832729495,NA,EF_SE,backpack shock into any seine,good,20,sunny,NA,NA,Sacramento Sucker,62,NA,NA,NA,NA,NA,NA,NA,NA,NA,Small - medium gravel (50-150mm) (2-6in.),No Apparent  Cover,Riffle,NA,NA,NA,1,NA,NA,NA,NA,NA,2008
2008-2014,2008-07-29,114,NA,1150,Junkyard side channel 1 - RL,39.34696863559275,-121.62696832729495,NA,EF_SE,backpack shock into any seine,good,20,sunny,NA,NA,Sacramento Sucker,51,NA,NA,NA,NA,NA,NA,NA,NA,NA,Small - medium gravel (50-150mm) (2-6in.),No Apparent  Cover,Riffle,NA,NA,NA,1,NA,NA,NA,NA,NA,2008
2008-2014,2008-07-29,114,NA,1151,Junkyard side channel 1 - RL,39.34696863559275,-121.62696832729495,NA,EF_SE,backpack shock into any seine,good,20,sunny,NA,NA,Sacramento Sucker,43,NA,NA,NA,NA,NA,NA,NA,NA,NA,Small - medium gravel (50-150mm) (2-6in.),No Apparent  Cover,Riffle,NA,NA,NA,1,NA,NA,NA,NA,NA,2008
2008-2014,2008-07-29,114,NA,1152,Junkyard side channel 1 - RL,39.34696863559275,-121.62696832729495,NA,EF_SE,backpack shock into any seine,good,20,sunny,NA,NA,Sacramento Sucker,45,NA,NA,NA,NA,NA,NA,NA,NA,NA,Small - medium gravel (50-150mm) (2-6in.),No Apparent  Cover,Riffle,NA,NA,NA,1,NA,NA,NA,NA,NA,2008
2008-2014,2008-07-29,114,NA,1153,Junkyard side channel 1 - RL,39.34696863559275,-121.62696832729495,NA,EF_SE,backpack shock into any seine,good,20,sunny,NA,NA,Sacramento Sucker,70,NA,NA,NA,NA,NA,NA,NA,NA,NA,Small - medium gravel (50-150mm) (2-6in.),No Apparent  Cover,Riffle,NA,NA,NA,1,NA,NA,NA,NA,NA,2008
2008-2014,2008-07-29,114,NA,1154,Junkyard side channel 1 - RL,39.34696863559275,-121.62696832729495,NA,EF_SE,backpack shock into any seine,good,20,sunny,NA,NA,Sacramento Sucker,71,NA,NA,NA,NA,NA,NA,NA,NA,NA,Small - medium gravel (50-150mm) (2-6in.),No Apparent  Cover,Riffle,NA,NA,NA,1,NA,NA,NA,NA,NA,2008
2008-2014,2008-07-29,114,NA,1155,Junkyard side channel 1 - RL,39.34696863559275,-121.62696832729495,NA,EF_SE,backpack shock into any seine,good,20,sunny,NA,NA,Sacramento Sucker,74,NA,NA,NA,NA,NA,NA,NA,NA,NA,Small - medium gravel (50-150mm) (2-6in.),No Apparent  Cover,Riffle,NA,NA,NA,1,NA,NA,NA,NA,NA,2008
2008-2014,2008-07-29,114,NA,1156,Junkyard side channel 1 - RL,39.34696863559275,-121.62696832729495,NA,EF_SE,backpack shock into any seine,good,20,sunny,NA,NA,Sacramento Sucker,70,NA,NA,NA,NA,NA,NA,NA,NA,NA,Small - medium gravel (50-150mm) (2-6in.),No Apparent  Cover,Riffle,NA,NA,NA,1,NA,NA,NA,NA,NA,2008
2008-2014,2008-07-29,114,NA,1157,Junkyard side channel 1 - RL,39.34696863559275,-121.62696832729495,NA,EF_SE,backpack shock into any seine,good,20,sunny,NA,NA,Sacramento Sucker,66,NA,NA,NA,NA,NA,NA,NA,NA,NA,Small - medium gravel (50-150mm) (2-6in.),No Apparent  Cover,Riffle,NA,NA,NA,1,NA,NA,NA,NA,NA,2008
2008-2014,2008-07-29,114,NA,1158,Junkyard side channel 1 - RL,39.34696863559275,-121.62696832729495,NA,EF_SE,backpack shock into any seine,good,20,sunny,NA,NA,Sacramento Sucker,70,NA,NA,NA,NA,NA,NA,NA,NA,NA,Small - medium gravel (50-150mm) (2-6in.),No Apparent  Cover,Riffle,NA,NA,NA,1,NA,NA,NA,NA,NA,2008
2008-2014,2008-08-26,119,NA,1219,Junkyard side channel 1 - RL,39.34696863559275,-121.62696832729495,NA,EF_SE,backpack shock into any seine,good,21,sunny,NA,NA,Sacramento Pikeminnow,56,NA,NA,NA,NA,NA,NA,NA,NA,NA,Small - medium gravel (50-150mm) (2-6in.),No Apparent  Cover,Riffle,NA,NA,NA,1,NA,NA,NA,NA,NA,2008
2008-2014,2008-08-26,119,NA,1220,Junkyard side channel 1 - RL,39.34696863559275,-121.62696832729495,NA,EF_SE,backpack shock into any seine,good,21,sunny,NA,NA,Sacramento Pikeminnow,35,NA,NA,NA,NA,NA,NA,NA,NA,NA,Small - medium gravel (50-150mm) (2-6in.),No Apparent  Cover,Riffle,NA,NA,NA,1,NA,NA,NA,NA,NA,2008
2008-2014,2008-08-26,119,NA,1221,Junkyard side channel 1 - RL,39.34696863559275,-121.62696832729495,NA,EF_SE,backpack shock into any seine,good,21,sunny,NA,NA,Sacramento Pikeminnow,50,NA,NA,NA,NA,NA,NA,NA,NA,NA,Small - medium gravel (50-150mm) (2-6in.),No Apparent  Cover,Riffle,NA,NA,NA,1,NA,NA,NA,NA,NA,2008
2008-2014,2008-08-26,119,NA,1222,Junkyard side channel 1 - RL,39.34696863559275,-121.62696832729495,NA,EF_SE,backpack shock into any seine,good,21,sunny,NA,NA,Sacramento Pikeminnow,43,NA,NA,NA,NA,NA,NA,NA,NA,NA,Small - medium gravel (50-150mm) (2-6in.),No Apparent  Cover,Riffle,NA,NA,NA,1,NA,NA,NA,NA,NA,2008
2008-2014,2008-08-26,119,NA,1223,Junkyard side channel 1 - RL,39.34696863559275,-121.62696832729495,NA,EF_SE,backpack shock into any seine,good,21,sunny,NA,NA,Sacramento Pikeminnow,45,NA,NA,NA,NA,NA,NA,NA,NA,NA,Small - medium gravel (50-150mm) (2-6in.),No Apparent  Cover,Riffle,NA,NA,NA,1,NA,NA,NA,NA,NA,2008
2008-2014,2008-08-26,119,NA,1224,Junkyard side channel 1 - RL,39.34696863559275,-121.62696832729495,NA,EF_SE,backpack shock into any seine,good,21,sunny,NA,NA,Sacramento Pikeminnow,43,NA,NA,NA,NA,NA,NA,NA,NA,NA,Small - medium gravel (50-150mm) (2-6in.),No Apparent  Cover,Riffle,NA,NA,NA,1,NA,NA,NA,NA,NA,2008
2008-2014,2008-08-26,119,NA,1225,Junkyard side channel 1 - RL,39.34696863559275,-121.62696832729495,NA,EF_SE,backpack shock into any seine,good,21,sunny,NA,NA,Sacramento Pikeminnow,53,NA,NA,NA,NA,NA,NA,NA,NA,NA,Small - medium gravel (50-150mm) (2-6in.),No Apparent  Cover,Riffle,NA,NA,NA,1,NA,NA,NA,NA,NA,2008
2008-2014,2008-08-26,119,NA,1226,Junkyard side channel 1 - RL,39.34696863559275,-121.62696832729495,NA,EF_SE,backpack shock into any seine,good,21,sunny,NA,NA,Sacramento Pikeminnow,57,NA,NA,NA,NA,NA,NA,NA,NA,NA,Small - medium gravel (50-150mm) (2-6in.),No Apparent  Cover,Riffle,NA,NA,NA,1,NA,NA,NA,NA,NA,2008
2008-2014,2008-08-26,119,NA,1227,Junkyard side channel 1 - RL,39.34696863559275,-121.62696832729495,NA,EF_SE,backpack shock into any seine,good,21,sunny,NA,NA,Sacramento Pikeminnow,50,NA,NA,NA,NA,NA,NA,NA,NA,NA,Small - medium gravel (50-150mm) (2-6in.),No Apparent  Cover,Riffle,NA,NA,NA,1,NA,NA,NA,NA,NA,2008
2008-2014,2008-08-26,119,NA,1228,Junkyard side channel 1 - RL,39.34696863559275,-121.62696832729495,NA,EF_SE,backpack shock into any seine,good,21,sunny,NA,NA,Sacramento Pikeminnow,55,NA,NA,NA,NA,NA,NA,NA,NA,NA,Small - medium gravel (50-150mm) (2-6in.),No Apparent  Cover,Riffle,NA,NA,NA,1,NA,NA,NA,NA,NA,2008
2008-2014,2008-08-26,119,NA,1229,Junkyard side channel 1 - RL,39.34696863559275,-121.62696832729495,NA,EF_SE,backpack shock into any seine,good,21,sunny,NA,NA,Sacramento Pikeminnow,60,NA,NA,NA,NA,NA,NA,NA,NA,NA,Small - medium gravel (50-150mm) (2-6in.),No Apparent  Cover,Riffle,NA,NA,NA,1,NA,NA,NA,NA,NA,2008
2008-2014,2008-08-26,119,NA,1230,Junkyard side channel 1 - RL,39.34696863559275,-121.62696832729495,NA,EF_SE,backpack shock into any seine,good,21,sunny,NA,NA,Sacramento Pikeminnow,54,NA,NA,NA,NA,NA,NA,NA,NA,NA,Small - medium gravel (50-150mm) (2-6in.),No Apparent  Cover,Riffle,NA,NA,NA,1,NA,NA,NA,NA,NA,2008
2008-2014,2008-08-26,119,NA,1231,Junkyard side channel 1 - RL,39.34696863559275,-121.62696832729495,NA,EF_SE,backpack shock into any seine,good,21,sunny,NA,NA,Unid Juvenile Sculpin,NA,NA,NA,NA,NA,NA,NA,NA,NA,NA,Small - medium gravel (50-150mm) (2-6in.),No Apparent  Cover,Riffle,NA,NA,NA,1,NA,NA,NA,NA,NA,2008
2008-2014,2008-08-26,119,NA,1232,Junkyard side channel 1 - RL,39.34696863559275,-121.62696832729495,NA,EF_SE,backpack shock into any seine,good,21,sunny,NA,NA,Unid Juvenile Sculpin,NA,NA,NA,NA,NA,NA,NA,NA,NA,NA,Small - medium gravel (50-150mm) (2-6in.),No Apparent  Cover,Riffle,NA,NA,NA,1,NA,NA,NA,NA,NA,2008
2008-2014,2008-08-26,119,NA,1233,Junkyard side channel 1 - RL,39.34696863559275,-121.62696832729495,NA,EF_SE,backpack shock into any seine,good,21,sunny,NA,NA,Unid Juvenile Sculpin,NA,NA,NA,NA,NA,NA,NA,NA,NA,NA,Small - medium gravel (50-150mm) (2-6in.),No Apparent  Cover,Riffle,NA,NA,NA,1,NA,NA,NA,NA,NA,2008
2008-2014,2008-08-26,119,NA,1234,Junkyard side channel 1 - RL,39.34696863559275,-121.62696832729495,NA,EF_SE,backpack shock into any seine,good,21,sunny,NA,NA,Unid Juvenile Sculpin,NA,NA,NA,NA,NA,NA,NA,NA,NA,NA,Small - medium gravel (50-150mm) (2-6in.),No Apparent  Cover,Riffle,NA,NA,NA,1,NA,NA,NA,NA,NA,2008
2008-2014,2008-08-26,119,NA,1235,Junkyard side channel 1 - RL,39.34696863559275,-121.62696832729495,NA,EF_SE,backpack shock into any seine,good,21,sunny,NA,NA,Unid Juvenile Sculpin,NA,NA,NA,NA,NA,NA,NA,NA,NA,NA,Small - medium gravel (50-150mm) (2-6in.),No Apparent  Cover,Riffle,NA,NA,NA,1,NA,NA,NA,NA,NA,2008
2008-2014,2008-08-26,119,NA,1236,Junkyard side channel 1 - RL,39.34696863559275,-121.62696832729495,NA,EF_SE,backpack shock into any seine,good,21,sunny,NA,NA,Unid Juvenile Sculpin,NA,NA,NA,NA,NA,NA,NA,NA,NA,NA,Small - medium gravel (50-150mm) (2-6in.),No Apparent  Cover,Riffle,NA,NA,NA,1,NA,NA,NA,NA,NA,2008
2008-2014,2008-08-26,119,NA,1237,Junkyard side channel 1 - RL,39.34696863559275,-121.62696832729495,NA,EF_SE,backpack shock into any seine,good,21,sunny,NA,NA,Unid Juvenile Sculpin,NA,NA,NA,NA,NA,NA,NA,NA,NA,NA,Small - medium gravel (50-150mm) (2-6in.),No Apparent  Cover,Riffle,NA,NA,NA,1,NA,NA,NA,NA,NA,2008
2008-2014,2008-08-26,119,NA,1238,Junkyard side channel 1 - RL,39.34696863559275,-121.62696832729495,NA,EF_SE,backpack shock into any seine,good,21,sunny,NA,NA,Speckled Dace,46,NA,NA,NA,NA,NA,NA,NA,NA,NA,Small - medium gravel (50-150mm) (2-6in.),No Apparent  Cover,Riffle,NA,NA,NA,1,NA,NA,NA,NA,NA,2008
2008-2014,2008-08-26,119,NA,1239,Junkyard side channel 1 - RL,39.34696863559275,-121.62696832729495,NA,EF_SE,backpack shock into any seine,good,21,sunny,NA,NA,Speckled Dace,62,NA,NA,NA,NA,NA,NA,NA,NA,NA,Small - medium gravel (50-150mm) (2-6in.),No Apparent  Cover,Riffle,NA,NA,NA,1,NA,NA,NA,NA,NA,2008
2008-2014,2008-08-26,119,NA,1240,Junkyard side channel 1 - RL,39.34696863559275,-121.62696832729495,NA,EF_SE,backpack shock into any seine,good,21,sunny,NA,NA,Speckled Dace,37,NA,NA,NA,NA,NA,NA,NA,NA,NA,Small - medium gravel (50-150mm) (2-6in.),No Apparent  Cover,Riffle,NA,NA,NA,1,NA,NA,NA,NA,NA,2008
2008-2014,2008-08-26,119,NA,1241,Junkyard side channel 1 - RL,39.34696863559275,-121.62696832729495,NA,EF_SE,backpack shock into any seine,good,21,sunny,NA,NA,Sacramento Sucker,80,NA,NA,NA,NA,NA,NA,NA,NA,NA,Small - medium gravel (50-150mm) (2-6in.),No Apparent  Cover,Riffle,NA,NA,NA,1,NA,NA,NA,NA,NA,2008
2008-2014,2008-08-26,119,NA,1242,Junkyard side channel 1 - RL,39.34696863559275,-121.62696832729495,NA,EF_SE,backpack shock into any seine,good,21,sunny,NA,NA,Sacramento Sucker,67,NA,NA,NA,NA,NA,NA,NA,NA,NA,Small - medium gravel (50-150mm) (2-6in.),No Apparent  Cover,Riffle,NA,NA,NA,1,NA,NA,NA,NA,NA,2008
2008-2014,2008-08-26,119,NA,1243,Junkyard side channel 1 - RL,39.34696863559275,-121.62696832729495,NA,EF_SE,backpack shock into any seine,good,21,sunny,NA,NA,Sacramento Sucker,68,NA,NA,NA,NA,NA,NA,NA,NA,NA,Small - medium gravel (50-150mm) (2-6in.),No Apparent  Cover,Riffle,NA,NA,NA,1,NA,NA,NA,NA,NA,2008
2008-2014,2008-08-26,119,NA,1244,Junkyard side channel 1 - RL,39.34696863559275,-121.62696832729495,NA,EF_SE,backpack shock into any seine,good,21,sunny,NA,NA,Sacramento Sucker,46,NA,NA,NA,NA,NA,NA,NA,NA,NA,Small - medium gravel (50-150mm) (2-6in.),No Apparent  Cover,Riffle,NA,NA,NA,1,NA,NA,NA,NA,NA,2008
2008-2014,2008-08-26,119,NA,1245,Junkyard side channel 1 - RL,39.34696863559275,-121.62696832729495,NA,EF_SE,backpack shock into any seine,good,21,sunny,NA,NA,Sacramento Sucker,69,NA,NA,NA,NA,NA,NA,NA,NA,NA,Small - medium gravel (50-150mm) (2-6in.),No Apparent  Cover,Riffle,NA,NA,NA,1,NA,NA,NA,NA,NA,2008
2008-2014,2008-08-26,119,NA,1246,Junkyard side channel 1 - RL,39.34696863559275,-121.62696832729495,NA,EF_SE,backpack shock into any seine,good,21,sunny,NA,NA,Sacramento Sucker,70,NA,NA,NA,NA,NA,NA,NA,NA,NA,Small - medium gravel (50-150mm) (2-6in.),No Apparent  Cover,Riffle,NA,NA,NA,1,NA,NA,NA,NA,NA,2008
2008-2014,2008-08-26,119,NA,1247,Junkyard side channel 1 - RL,39.34696863559275,-121.62696832729495,NA,EF_SE,backpack shock into any seine,good,21,sunny,NA,NA,Sacramento Sucker,63,NA,NA,NA,NA,NA,NA,NA,NA,NA,Small - medium gravel (50-150mm) (2-6in.),No Apparent  Cover,Riffle,NA,NA,NA,1,NA,NA,NA,NA,NA,2008
2008-2014,2008-08-26,119,NA,1248,Junkyard side channel 1 - RL,39.34696863559275,-121.62696832729495,NA,EF_SE,backpack shock into any seine,good,21,sunny,NA,NA,Sacramento Sucker,60,NA,NA,NA,NA,NA,NA,NA,NA,NA,Small - medium gravel (50-150mm) (2-6in.),No Apparent  Cover,Riffle,NA,NA,NA,1,NA,NA,NA,NA,NA,2008
2008-2014,2008-08-26,119,NA,1249,Junkyard side channel 1 - RL,39.34696863559275,-121.62696832729495,NA,EF_SE,backpack shock into any seine,good,21,sunny,NA,NA,Sacramento Sucker,74,NA,NA,NA,NA,NA,NA,NA,NA,NA,Small - medium gravel (50-150mm) (2-6in.),No Apparent  Cover,Riffle,NA,NA,NA,1,NA,NA,NA,NA,NA,2008
2008-2014,2008-08-26,120,NA,1250,Junkyard Main RR,39.34701749272387,-121.6264369490586,NA,EF_SE,backpack shock into any seine,good,20.5,sunny,NA,NA,Sacramento Pikeminnow,42,NA,NA,NA,NA,NA,NA,NA,NA,NA,Small - medium gravel (50-150mm) (2-6in.),No Apparent  Cover,Riffle,NA,NA,NA,1,NA,NA,NA,NA,NA,2008
2008-2014,2008-08-26,120,NA,1251,Junkyard Main RR,39.34701749272387,-121.6264369490586,NA,EF_SE,backpack shock into any seine,good,20.5,sunny,NA,NA,Sacramento Pikeminnow,73,NA,NA,NA,NA,NA,NA,NA,NA,NA,Small - medium gravel (50-150mm) (2-6in.),No Apparent  Cover,Riffle,NA,NA,NA,1,NA,NA,NA,NA,NA,2008
2008-2014,2008-08-26,120,NA,1252,Junkyard Main RR,39.34701749272387,-121.6264369490586,NA,EF_SE,backpack shock into any seine,good,20.5,sunny,NA,NA,Sacramento Pikeminnow,60,NA,NA,NA,NA,NA,NA,NA,NA,NA,Small - medium gravel (50-150mm) (2-6in.),No Apparent  Cover,Riffle,NA,NA,NA,1,NA,NA,NA,NA,NA,2008
2008-2014,2008-08-26,120,NA,1253,Junkyard Main RR,39.34701749272387,-121.6264369490586,NA,EF_SE,backpack shock into any seine,good,20.5,sunny,NA,NA,Sacramento Pikeminnow,55,NA,NA,NA,NA,NA,NA,NA,NA,NA,Small - medium gravel (50-150mm) (2-6in.),No Apparent  Cover,Riffle,NA,NA,NA,1,NA,NA,NA,NA,NA,2008
2008-2014,2008-08-26,120,NA,1254,Junkyard Main RR,39.34701749272387,-121.6264369490586,NA,EF_SE,backpack shock into any seine,good,20.5,sunny,NA,NA,Sacramento Pikeminnow,75,NA,NA,NA,NA,NA,NA,NA,NA,NA,Small - medium gravel (50-150mm) (2-6in.),No Apparent  Cover,Riffle,NA,NA,NA,1,NA,NA,NA,NA,NA,2008
2008-2014,2008-08-26,120,NA,1255,Junkyard Main RR,39.34701749272387,-121.6264369490586,NA,EF_SE,backpack shock into any seine,good,20.5,sunny,NA,NA,Sacramento Pikeminnow,45,NA,NA,NA,NA,NA,NA,NA,NA,NA,Small - medium gravel (50-150mm) (2-6in.),No Apparent  Cover,Riffle,NA,NA,NA,1,NA,NA,NA,NA,NA,2008
2008-2014,2008-08-26,120,NA,1256,Junkyard Main RR,39.34701749272387,-121.6264369490586,NA,EF_SE,backpack shock into any seine,good,20.5,sunny,NA,NA,Sacramento Pikeminnow,53,NA,NA,NA,NA,NA,NA,NA,NA,NA,Small - medium gravel (50-150mm) (2-6in.),No Apparent  Cover,Riffle,NA,NA,NA,1,NA,NA,NA,NA,NA,2008
2008-2014,2008-08-26,120,NA,1257,Junkyard Main RR,39.34701749272387,-121.6264369490586,NA,EF_SE,backpack shock into any seine,good,20.5,sunny,NA,NA,Speckled Dace,72,NA,NA,NA,NA,NA,NA,NA,NA,NA,Small - medium gravel (50-150mm) (2-6in.),No Apparent  Cover,Riffle,NA,NA,NA,1,NA,NA,NA,NA,NA,2008
2008-2014,2008-08-26,120,NA,1258,Junkyard Main RR,39.34701749272387,-121.6264369490586,NA,EF_SE,backpack shock into any seine,good,20.5,sunny,NA,NA,Speckled Dace,54,NA,NA,NA,NA,NA,NA,NA,NA,NA,Small - medium gravel (50-150mm) (2-6in.),No Apparent  Cover,Riffle,NA,NA,NA,1,NA,NA,NA,NA,NA,2008
2008-2014,2008-08-26,120,NA,1259,Junkyard Main RR,39.34701749272387,-121.6264369490586,NA,EF_SE,backpack shock into any seine,good,20.5,sunny,NA,NA,Speckled Dace,54,NA,NA,NA,NA,NA,NA,NA,NA,NA,Small - medium gravel (50-150mm) (2-6in.),No Apparent  Cover,Riffle,NA,NA,NA,1,NA,NA,NA,NA,NA,2008
2008-2014,2008-08-26,120,NA,1260,Junkyard Main RR,39.34701749272387,-121.6264369490586,NA,EF_SE,backpack shock into any seine,good,20.5,sunny,NA,NA,Speckled Dace,52,NA,NA,NA,NA,NA,NA,NA,NA,NA,Small - medium gravel (50-150mm) (2-6in.),No Apparent  Cover,Riffle,NA,NA,NA,1,NA,NA,NA,NA,NA,2008
2008-2014,2008-08-26,120,NA,1261,Junkyard Main RR,39.34701749272387,-121.6264369490586,NA,EF_SE,backpack shock into any seine,good,20.5,sunny,NA,NA,Speckled Dace,52,NA,NA,NA,NA,NA,NA,NA,NA,NA,Small - medium gravel (50-150mm) (2-6in.),No Apparent  Cover,Riffle,NA,NA,NA,1,NA,NA,NA,NA,NA,2008
2008-2014,2008-08-26,120,NA,1262,Junkyard Main RR,39.34701749272387,-121.6264369490586,NA,EF_SE,backpack shock into any seine,good,20.5,sunny,NA,NA,Speckled Dace,45,NA,NA,NA,NA,NA,NA,NA,NA,NA,Small - medium gravel (50-150mm) (2-6in.),No Apparent  Cover,Riffle,NA,NA,NA,1,NA,NA,NA,NA,NA,2008
2008-2014,2008-08-26,120,NA,1263,Junkyard Main RR,39.34701749272387,-121.6264369490586,NA,EF_SE,backpack shock into any seine,good,20.5,sunny,NA,NA,Speckled Dace,46,NA,NA,NA,NA,NA,NA,NA,NA,NA,Small - medium gravel (50-150mm) (2-6in.),No Apparent  Cover,Riffle,NA,NA,NA,1,NA,NA,NA,NA,NA,2008
2008-2014,2008-08-26,120,NA,1264,Junkyard Main RR,39.34701749272387,-121.6264369490586,NA,EF_SE,backpack shock into any seine,good,20.5,sunny,NA,NA,Speckled Dace,53,NA,NA,NA,NA,NA,NA,NA,NA,NA,Small - medium gravel (50-150mm) (2-6in.),No Apparent  Cover,Riffle,NA,NA,NA,1,NA,NA,NA,NA,NA,2008
2008-2014,2008-08-26,120,NA,1265,Junkyard Main RR,39.34701749272387,-121.6264369490586,NA,EF_SE,backpack shock into any seine,good,20.5,sunny,NA,NA,Speckled Dace,52,NA,NA,NA,NA,NA,NA,NA,NA,NA,Small - medium gravel (50-150mm) (2-6in.),No Apparent  Cover,Riffle,NA,NA,NA,1,NA,NA,NA,NA,NA,2008
2008-2014,2008-08-26,120,NA,1266,Junkyard Main RR,39.34701749272387,-121.6264369490586,NA,EF_SE,backpack shock into any seine,good,20.5,sunny,NA,NA,Unid Juvenile Sculpin,NA,NA,NA,NA,NA,NA,NA,NA,NA,NA,Small - medium gravel (50-150mm) (2-6in.),No Apparent  Cover,Riffle,NA,NA,NA,1,NA,NA,NA,NA,NA,2008
2008-2014,2008-08-26,120,NA,1267,Junkyard Main RR,39.34701749272387,-121.6264369490586,NA,EF_SE,backpack shock into any seine,good,20.5,sunny,NA,NA,Unid Juvenile Sculpin,NA,NA,NA,NA,NA,NA,NA,NA,NA,NA,Small - medium gravel (50-150mm) (2-6in.),No Apparent  Cover,Riffle,NA,NA,NA,1,NA,NA,NA,NA,NA,2008
2008-2014,2008-08-26,120,NA,1268,Junkyard Main RR,39.34701749272387,-121.6264369490586,NA,EF_SE,backpack shock into any seine,good,20.5,sunny,NA,NA,Unid Juvenile Sculpin,NA,NA,NA,NA,NA,NA,NA,NA,NA,NA,Small - medium gravel (50-150mm) (2-6in.),No Apparent  Cover,Riffle,NA,NA,NA,1,NA,NA,NA,NA,NA,2008
2008-2014,2008-08-26,120,NA,1269,Junkyard Main RR,39.34701749272387,-121.6264369490586,NA,EF_SE,backpack shock into any seine,good,20.5,sunny,NA,NA,Unid Juvenile Sculpin,NA,NA,NA,NA,NA,NA,NA,NA,NA,NA,Small - medium gravel (50-150mm) (2-6in.),No Apparent  Cover,Riffle,NA,NA,NA,1,NA,NA,NA,NA,NA,2008
2008-2014,2008-08-26,120,NA,1270,Junkyard Main RR,39.34701749272387,-121.6264369490586,NA,EF_SE,backpack shock into any seine,good,20.5,sunny,NA,NA,Unid Juvenile Sculpin,NA,NA,NA,NA,NA,NA,NA,NA,NA,NA,Small - medium gravel (50-150mm) (2-6in.),No Apparent  Cover,Riffle,NA,NA,NA,1,NA,NA,NA,NA,NA,2008
2008-2014,2008-08-26,120,NA,1271,Junkyard Main RR,39.34701749272387,-121.6264369490586,NA,EF_SE,backpack shock into any seine,good,20.5,sunny,NA,NA,Unid Juvenile Sculpin,NA,NA,NA,NA,NA,NA,NA,NA,NA,NA,Small - medium gravel (50-150mm) (2-6in.),No Apparent  Cover,Riffle,NA,NA,NA,1,NA,NA,NA,NA,NA,2008
2008-2014,2008-08-26,120,NA,1272,Junkyard Main RR,39.34701749272387,-121.6264369490586,NA,EF_SE,backpack shock into any seine,good,20.5,sunny,NA,NA,Unid Juvenile Sculpin,NA,NA,NA,NA,NA,NA,NA,NA,NA,NA,Small - medium gravel (50-150mm) (2-6in.),No Apparent  Cover,Riffle,NA,NA,NA,1,NA,NA,NA,NA,NA,2008
2008-2014,2008-08-26,120,NA,1273,Junkyard Main RR,39.34701749272387,-121.6264369490586,NA,EF_SE,backpack shock into any seine,good,20.5,sunny,NA,NA,Unid Juvenile Sculpin,NA,NA,NA,NA,NA,NA,NA,NA,NA,NA,Small - medium gravel (50-150mm) (2-6in.),No Apparent  Cover,Riffle,NA,NA,NA,1,NA,NA,NA,NA,NA,2008
2008-2014,2008-08-26,120,NA,1274,Junkyard Main RR,39.34701749272387,-121.6264369490586,NA,EF_SE,backpack shock into any seine,good,20.5,sunny,NA,NA,Unid Juvenile Sculpin,NA,NA,NA,NA,NA,NA,NA,NA,NA,NA,Small - medium gravel (50-150mm) (2-6in.),No Apparent  Cover,Riffle,NA,NA,NA,1,NA,NA,NA,NA,NA,2008
2008-2014,2008-08-26,120,NA,1275,Junkyard Main RR,39.34701749272387,-121.6264369490586,NA,EF_SE,backpack shock into any seine,good,20.5,sunny,NA,NA,Unid Juvenile Sculpin,NA,NA,NA,NA,NA,NA,NA,NA,NA,NA,Small - medium gravel (50-150mm) (2-6in.),No Apparent  Cover,Riffle,NA,NA,NA,1,NA,NA,NA,NA,NA,2008
2008-2014,2008-08-26,120,NA,1276,Junkyard Main RR,39.34701749272387,-121.6264369490586,NA,EF_SE,backpack shock into any seine,good,20.5,sunny,NA,NA,Unid Juvenile Sculpin,NA,NA,NA,NA,NA,NA,NA,NA,NA,NA,Small - medium gravel (50-150mm) (2-6in.),No Apparent  Cover,Riffle,NA,NA,NA,1,NA,NA,NA,NA,NA,2008
2008-2014,2008-08-26,120,NA,1277,Junkyard Main RR,39.34701749272387,-121.6264369490586,NA,EF_SE,backpack shock into any seine,good,20.5,sunny,NA,NA,Unid Juvenile Sculpin,NA,NA,NA,NA,NA,NA,NA,NA,NA,NA,Small - medium gravel (50-150mm) (2-6in.),No Apparent  Cover,Riffle,NA,NA,NA,1,NA,NA,NA,NA,NA,2008
2008-2014,2008-08-26,120,NA,1278,Junkyard Main RR,39.34701749272387,-121.6264369490586,NA,EF_SE,backpack shock into any seine,good,20.5,sunny,NA,NA,Unid Juvenile Sculpin,NA,NA,NA,NA,NA,NA,NA,NA,NA,NA,Small - medium gravel (50-150mm) (2-6in.),No Apparent  Cover,Riffle,NA,NA,NA,1,NA,NA,NA,NA,NA,2008
2008-2014,2008-08-26,120,NA,1279,Junkyard Main RR,39.34701749272387,-121.6264369490586,NA,EF_SE,backpack shock into any seine,good,20.5,sunny,NA,NA,Unid Juvenile Sculpin,NA,NA,NA,NA,NA,NA,NA,NA,NA,NA,Small - medium gravel (50-150mm) (2-6in.),No Apparent  Cover,Riffle,NA,NA,NA,1,NA,NA,NA,NA,NA,2008
2008-2014,2008-08-26,120,NA,1280,Junkyard Main RR,39.34701749272387,-121.6264369490586,NA,EF_SE,backpack shock into any seine,good,20.5,sunny,NA,NA,Unid Juvenile Sculpin,NA,NA,NA,NA,NA,NA,NA,NA,NA,NA,Small - medium gravel (50-150mm) (2-6in.),No Apparent  Cover,Riffle,NA,NA,NA,1,NA,NA,NA,NA,NA,2008
2008-2014,2008-08-26,120,NA,1281,Junkyard Main RR,39.34701749272387,-121.6264369490586,NA,EF_SE,backpack shock into any seine,good,20.5,sunny,NA,NA,Unid Juvenile Sculpin,NA,NA,NA,NA,NA,NA,NA,NA,NA,NA,Small - medium gravel (50-150mm) (2-6in.),No Apparent  Cover,Riffle,NA,NA,NA,1,NA,NA,NA,NA,NA,2008
2008-2014,2008-08-26,120,NA,1282,Junkyard Main RR,39.34701749272387,-121.6264369490586,NA,EF_SE,backpack shock into any seine,good,20.5,sunny,NA,NA,Unid Juvenile Sculpin,NA,NA,NA,NA,NA,NA,NA,NA,NA,NA,Small - medium gravel (50-150mm) (2-6in.),No Apparent  Cover,Riffle,NA,NA,NA,1,NA,NA,NA,NA,NA,2008
2008-2014,2008-08-26,120,NA,1283,Junkyard Main RR,39.34701749272387,-121.6264369490586,NA,EF_SE,backpack shock into any seine,good,20.5,sunny,NA,NA,Unid Juvenile Sculpin,NA,NA,NA,NA,NA,NA,NA,NA,NA,NA,Small - medium gravel (50-150mm) (2-6in.),No Apparent  Cover,Riffle,NA,NA,NA,1,NA,NA,NA,NA,NA,2008
2008-2014,2008-08-26,120,NA,1284,Junkyard Main RR,39.34701749272387,-121.6264369490586,NA,EF_SE,backpack shock into any seine,good,20.5,sunny,NA,NA,Unid Juvenile Sculpin,NA,NA,NA,NA,NA,NA,NA,NA,NA,NA,Small - medium gravel (50-150mm) (2-6in.),No Apparent  Cover,Riffle,NA,NA,NA,1,NA,NA,NA,NA,NA,2008
2008-2014,2008-08-26,120,NA,1285,Junkyard Main RR,39.34701749272387,-121.6264369490586,NA,EF_SE,backpack shock into any seine,good,20.5,sunny,NA,NA,Unid Juvenile Sculpin,NA,NA,NA,NA,NA,NA,NA,NA,NA,NA,Small - medium gravel (50-150mm) (2-6in.),No Apparent  Cover,Riffle,NA,NA,NA,1,NA,NA,NA,NA,NA,2008
2008-2014,2008-08-26,120,NA,1286,Junkyard Main RR,39.34701749272387,-121.6264369490586,NA,EF_SE,backpack shock into any seine,good,20.5,sunny,NA,NA,Unid Juvenile Sculpin,NA,NA,NA,NA,NA,NA,NA,NA,NA,NA,Small - medium gravel (50-150mm) (2-6in.),No Apparent  Cover,Riffle,NA,NA,NA,4,NA,NA,NA,NA,NA,2008
2008-2014,2008-08-26,122,NA,1295,Hour Main RL - Downstream,39.41543092064467,-121.62768391143213,NA,EF_SE,backpack shock into any seine,good,19.5,sunny,NA,NA,Unid Juvenile Sculpin,NA,NA,NA,NA,NA,NA,NA,NA,NA,NA,Medium - large cobble (150-300mm) (6-12in.),Submerged Aquatic Veg/Algae,Glide,NA,NA,NA,1,NA,NA,NA,NA,NA,2008
2008-2014,2008-08-26,122,NA,1296,Hour Main RL - Downstream,39.41543092064467,-121.62768391143213,NA,EF_SE,backpack shock into any seine,good,19.5,sunny,NA,NA,Unid Juvenile Sculpin,NA,NA,NA,NA,NA,NA,NA,NA,NA,NA,Medium - large cobble (150-300mm) (6-12in.),Submerged Aquatic Veg/Algae,Glide,NA,NA,NA,1,NA,NA,NA,NA,NA,2008
2008-2014,2008-08-26,122,NA,1297,Hour Main RL - Downstream,39.41543092064467,-121.62768391143213,NA,EF_SE,backpack shock into any seine,good,19.5,sunny,NA,NA,Unid Juvenile Sculpin,NA,NA,NA,NA,NA,NA,NA,NA,NA,NA,Medium - large cobble (150-300mm) (6-12in.),Submerged Aquatic Veg/Algae,Glide,NA,NA,NA,1,NA,NA,NA,NA,NA,2008
2008-2014,2008-08-26,122,NA,1298,Hour Main RL - Downstream,39.41543092064467,-121.62768391143213,NA,EF_SE,backpack shock into any seine,good,19.5,sunny,NA,NA,Unid Juvenile Sculpin,NA,NA,NA,NA,NA,NA,NA,NA,NA,NA,Medium - large cobble (150-300mm) (6-12in.),Submerged Aquatic Veg/Algae,Glide,NA,NA,NA,1,NA,NA,NA,NA,NA,2008
2008-2014,2008-08-26,122,NA,1299,Hour Main RL - Downstream,39.41543092064467,-121.62768391143213,NA,EF_SE,backpack shock into any seine,good,19.5,sunny,NA,NA,Unid Juvenile Sculpin,NA,NA,NA,NA,NA,NA,NA,NA,NA,NA,Medium - large cobble (150-300mm) (6-12in.),Submerged Aquatic Veg/Algae,Glide,NA,NA,NA,1,NA,NA,NA,NA,NA,2008
2008-2014,2008-08-26,122,NA,1300,Hour Main RL - Downstream,39.41543092064467,-121.62768391143213,NA,EF_SE,backpack shock into any seine,good,19.5,sunny,NA,NA,Prickly Sculpin,NA,NA,NA,NA,NA,NA,NA,NA,NA,NA,Medium - large cobble (150-300mm) (6-12in.),Submerged Aquatic Veg/Algae,Glide,NA,NA,NA,1,NA,NA,NA,NA,NA,2008
2008-2014,2008-08-26,124,NA,1329,Hour side channel RL - Upstream,39.421311301618935,-121.62456313944345,NA,EF_SE,backpack shock into any seine,good,22,sunny,NA,NA,Prickly Sculpin,NA,NA,NA,NA,NA,NA,NA,NA,NA,NA,Small - medium gravel (50-150mm) (2-6in.),Submerged Aquatic Veg/Algae,Riffle,NA,NA,NA,1,NA,NA,NA,NA,NA,2008
2008-2014,2008-08-26,124,NA,1330,Hour side channel RL - Upstream,39.421311301618935,-121.62456313944345,NA,EF_SE,backpack shock into any seine,good,22,sunny,NA,NA,Speckled Dace,38,NA,NA,NA,NA,NA,NA,NA,NA,NA,Small - medium gravel (50-150mm) (2-6in.),Submerged Aquatic Veg/Algae,Riffle,NA,NA,NA,1,NA,NA,NA,NA,NA,2008
2008-2014,2008-08-26,124,NA,1331,Hour side channel RL - Upstream,39.421311301618935,-121.62456313944345,NA,EF_SE,backpack shock into any seine,good,22,sunny,NA,NA,Speckled Dace,58,NA,NA,NA,NA,NA,NA,NA,NA,NA,Small - medium gravel (50-150mm) (2-6in.),Submerged Aquatic Veg/Algae,Riffle,NA,NA,NA,1,NA,NA,NA,NA,NA,2008
2008-2014,2008-08-26,124,NA,1332,Hour side channel RL - Upstream,39.421311301618935,-121.62456313944345,NA,EF_SE,backpack shock into any seine,good,22,sunny,NA,NA,Speckled Dace,59,NA,NA,NA,NA,NA,NA,NA,NA,NA,Small - medium gravel (50-150mm) (2-6in.),Submerged Aquatic Veg/Algae,Riffle,NA,NA,NA,1,NA,NA,NA,NA,NA,2008
2008-2014,2008-08-26,124,NA,1333,Hour side channel RL - Upstream,39.421311301618935,-121.62456313944345,NA,EF_SE,backpack shock into any seine,good,22,sunny,NA,NA,Speckled Dace,71,NA,NA,NA,NA,NA,NA,NA,NA,NA,Small - medium gravel (50-150mm) (2-6in.),Submerged Aquatic Veg/Algae,Riffle,NA,NA,NA,1,NA,NA,NA,NA,NA,2008
2008-2014,2008-08-26,124,NA,1334,Hour side channel RL - Upstream,39.421311301618935,-121.62456313944345,NA,EF_SE,backpack shock into any seine,good,22,sunny,NA,NA,Speckled Dace,70,NA,NA,NA,NA,NA,NA,NA,NA,NA,Small - medium gravel (50-150mm) (2-6in.),Submerged Aquatic Veg/Algae,Riffle,NA,NA,NA,1,NA,NA,NA,NA,NA,2008
2008-2014,2008-08-26,124,NA,1335,Hour side channel RL - Upstream,39.421311301618935,-121.62456313944345,NA,EF_SE,backpack shock into any seine,good,22,sunny,NA,NA,Speckled Dace,39,NA,NA,NA,NA,NA,NA,NA,NA,NA,Small - medium gravel (50-150mm) (2-6in.),Submerged Aquatic Veg/Algae,Riffle,NA,NA,NA,1,NA,NA,NA,NA,NA,2008
2008-2014,2008-08-26,124,NA,1336,Hour side channel RL - Upstream,39.421311301618935,-121.62456313944345,NA,EF_SE,backpack shock into any seine,good,22,sunny,NA,NA,Speckled Dace,43,NA,NA,NA,NA,NA,NA,NA,NA,NA,Small - medium gravel (50-150mm) (2-6in.),Submerged Aquatic Veg/Algae,Riffle,NA,NA,NA,1,NA,NA,NA,NA,NA,2008
2008-2014,2008-08-26,124,NA,1337,Hour side channel RL - Upstream,39.421311301618935,-121.62456313944345,NA,EF_SE,backpack shock into any seine,good,22,sunny,NA,NA,Speckled Dace,61,NA,NA,NA,NA,NA,NA,NA,NA,NA,Small - medium gravel (50-150mm) (2-6in.),Submerged Aquatic Veg/Algae,Riffle,NA,NA,NA,1,NA,NA,NA,NA,NA,2008
2008-2014,2008-08-26,124,NA,1338,Hour side channel RL - Upstream,39.421311301618935,-121.62456313944345,NA,EF_SE,backpack shock into any seine,good,22,sunny,NA,NA,Unid Juvenile Sculpin,NA,NA,NA,NA,NA,NA,NA,NA,NA,NA,Small - medium gravel (50-150mm) (2-6in.),Submerged Aquatic Veg/Algae,Riffle,NA,NA,NA,1,NA,NA,NA,NA,NA,2008
2008-2014,2008-08-26,124,NA,1339,Hour side channel RL - Upstream,39.421311301618935,-121.62456313944345,NA,EF_SE,backpack shock into any seine,good,22,sunny,NA,NA,Unid Juvenile Sculpin,NA,NA,NA,NA,NA,NA,NA,NA,NA,NA,Small - medium gravel (50-150mm) (2-6in.),Submerged Aquatic Veg/Algae,Riffle,NA,NA,NA,1,NA,NA,NA,NA,NA,2008
2008-2014,2008-08-26,124,NA,1340,Hour side channel RL - Upstream,39.421311301618935,-121.62456313944345,NA,EF_SE,backpack shock into any seine,good,22,sunny,NA,NA,Unid Juvenile Sculpin,NA,NA,NA,NA,NA,NA,NA,NA,NA,NA,Small - medium gravel (50-150mm) (2-6in.),Submerged Aquatic Veg/Algae,Riffle,NA,NA,NA,1,NA,NA,NA,NA,NA,2008
2008-2014,2008-08-26,124,NA,1341,Hour side channel RL - Upstream,39.421311301618935,-121.62456313944345,NA,EF_SE,backpack shock into any seine,good,22,sunny,NA,NA,Unid Juvenile Sculpin,NA,NA,NA,NA,NA,NA,NA,NA,NA,NA,Small - medium gravel (50-150mm) (2-6in.),Submerged Aquatic Veg/Algae,Riffle,NA,NA,NA,1,NA,NA,NA,NA,NA,2008
2008-2014,2009-03-17,179,NA,2322,Steep Main RR - Upstream,39.462937961867105,-121.60428005334087,NA,EF_SE,backpack shock into any seine,good,10.1,overcast,NA,600,Prickly Sculpin,NA,NA,NA,NA,NA,NA,NA,NA,NA,NA,Small - medium gravel (50-150mm) (2-6in.),Small Instream Objects/Woody Debris,Riffle,NA,NA,NA,1,Medium - large cobble (150-300mm) (6-12in.),NA,Undercut Bank,Large Instream Objects/Woody Debris,NA,2009
2008-2014,2009-03-17,179,NA,2323,Steep Main RR - Upstream,39.462937961867105,-121.60428005334087,NA,EF_SE,backpack shock into any seine,good,10.1,overcast,NA,600,Prickly Sculpin,NA,NA,NA,NA,NA,NA,NA,NA,NA,NA,Small - medium gravel (50-150mm) (2-6in.),Small Instream Objects/Woody Debris,Riffle,NA,NA,NA,1,Medium - large cobble (150-300mm) (6-12in.),NA,Undercut Bank,Large Instream Objects/Woody Debris,NA,2009
2008-2014,2009-03-18,180,NA,2324,Bedrock Park RL,39.51299134724815,-121.56877267584329,NA,EF_SE,backpack shock into any seine,good,10,sunny,NA,600,Chinook Salmon- Fall,35,parr,NA,NA,NA,NA,NA,NA,NA,NA,Medium - large cobble (150-300mm) (6-12in.),No Apparent  Cover,Riffle,NA,NA,NA,1,Boulder (>300mm) (>12in.),NA,NA,NA,NA,2009
2008-2014,2009-03-18,180,NA,2325,Bedrock Park RL,39.51299134724815,-121.56877267584329,NA,EF_SE,backpack shock into any seine,good,10,sunny,NA,600,Chinook Salmon- Fall,47,parr,NA,NA,NA,NA,NA,NA,NA,NA,Medium - large cobble (150-300mm) (6-12in.),No Apparent  Cover,Riffle,NA,NA,NA,1,Boulder (>300mm) (>12in.),NA,NA,NA,NA,2009
2008-2014,2009-03-18,180,NA,2326,Bedrock Park RL,39.51299134724815,-121.56877267584329,NA,EF_SE,backpack shock into any seine,good,10,sunny,NA,600,Chinook Salmon- Fall,46,parr,NA,NA,NA,NA,NA,NA,NA,NA,Medium - large cobble (150-300mm) (6-12in.),No Apparent  Cover,Riffle,NA,NA,NA,1,Boulder (>300mm) (>12in.),NA,NA,NA,NA,2009
2008-2014,2009-03-18,180,NA,2327,Bedrock Park RL,39.51299134724815,-121.56877267584329,NA,EF_SE,backpack shock into any seine,good,10,sunny,NA,600,Chinook Salmon- Fall,42,parr,NA,NA,NA,NA,NA,NA,NA,NA,Medium - large cobble (150-300mm) (6-12in.),No Apparent  Cover,Riffle,NA,NA,NA,1,Boulder (>300mm) (>12in.),NA,NA,NA,NA,2009
2008-2014,2009-03-18,180,NA,2328,Bedrock Park RL,39.51299134724815,-121.56877267584329,NA,EF_SE,backpack shock into any seine,good,10,sunny,NA,600,Chinook Salmon- Fall,48,parr,NA,NA,NA,NA,NA,NA,NA,NA,Medium - large cobble (150-300mm) (6-12in.),No Apparent  Cover,Riffle,NA,NA,NA,1,Boulder (>300mm) (>12in.),NA,NA,NA,NA,2009
2008-2014,2009-03-18,180,NA,2329,Bedrock Park RL,39.51299134724815,-121.56877267584329,NA,EF_SE,backpack shock into any seine,good,10,sunny,NA,600,Riffle Sculpin,NA,NA,NA,NA,NA,NA,NA,NA,NA,NA,Medium - large cobble (150-300mm) (6-12in.),No Apparent  Cover,Riffle,NA,NA,NA,1,Boulder (>300mm) (>12in.),NA,NA,NA,NA,2009
2008-2014,2009-03-18,180,NA,2330,Bedrock Park RL,39.51299134724815,-121.56877267584329,NA,EF_SE,backpack shock into any seine,good,10,sunny,NA,600,Riffle Sculpin,NA,NA,NA,NA,NA,NA,NA,NA,NA,NA,Medium - large cobble (150-300mm) (6-12in.),No Apparent  Cover,Riffle,NA,NA,NA,1,Boulder (>300mm) (>12in.),NA,NA,NA,NA,2009
2008-2014,2009-03-18,180,NA,2331,Bedrock Park RL,39.51299134724815,-121.56877267584329,NA,EF_SE,backpack shock into any seine,good,10,sunny,NA,600,Riffle Sculpin,NA,NA,NA,NA,NA,NA,NA,NA,NA,NA,Medium - large cobble (150-300mm) (6-12in.),No Apparent  Cover,Riffle,NA,NA,NA,1,Boulder (>300mm) (>12in.),NA,NA,NA,NA,2009
2008-2014,2009-03-18,180,NA,2332,Bedrock Park RL,39.51299134724815,-121.56877267584329,NA,EF_SE,backpack shock into any seine,good,10,sunny,NA,600,Riffle Sculpin,NA,NA,NA,NA,NA,NA,NA,NA,NA,NA,Medium - large cobble (150-300mm) (6-12in.),No Apparent  Cover,Riffle,NA,NA,NA,1,Boulder (>300mm) (>12in.),NA,NA,NA,NA,2009
2008-2014,2009-03-18,180,NA,2333,Bedrock Park RL,39.51299134724815,-121.56877267584329,NA,EF_SE,backpack shock into any seine,good,10,sunny,NA,600,Riffle Sculpin,NA,NA,NA,NA,NA,NA,NA,NA,NA,NA,Medium - large cobble (150-300mm) (6-12in.),No Apparent  Cover,Riffle,NA,NA,NA,1,Boulder (>300mm) (>12in.),NA,NA,NA,NA,2009
2008-2014,2009-03-18,180,NA,2334,Bedrock Park RL,39.51299134724815,-121.56877267584329,NA,EF_SE,backpack shock into any seine,good,10,sunny,NA,600,Riffle Sculpin,NA,NA,NA,NA,NA,NA,NA,NA,NA,NA,Medium - large cobble (150-300mm) (6-12in.),No Apparent  Cover,Riffle,NA,NA,NA,1,Boulder (>300mm) (>12in.),NA,NA,NA,NA,2009
2008-2014,2009-03-18,180,NA,2335,Bedrock Park RL,39.51299134724815,-121.56877267584329,NA,EF_SE,backpack shock into any seine,good,10,sunny,NA,600,Riffle Sculpin,NA,NA,NA,NA,NA,NA,NA,NA,NA,NA,Medium - large cobble (150-300mm) (6-12in.),No Apparent  Cover,Riffle,NA,NA,NA,1,Boulder (>300mm) (>12in.),NA,NA,NA,NA,2009
2008-2014,2009-03-18,180,NA,2336,Bedrock Park RL,39.51299134724815,-121.56877267584329,NA,EF_SE,backpack shock into any seine,good,10,sunny,NA,600,Riffle Sculpin,NA,NA,NA,NA,NA,NA,NA,NA,NA,NA,Medium - large cobble (150-300mm) (6-12in.),No Apparent  Cover,Riffle,NA,NA,NA,1,Boulder (>300mm) (>12in.),NA,NA,NA,NA,2009
2008-2014,2009-03-18,180,NA,2337,Bedrock Park RL,39.51299134724815,-121.56877267584329,NA,EF_SE,backpack shock into any seine,good,10,sunny,NA,600,Prickly Sculpin,NA,NA,NA,NA,NA,NA,NA,NA,NA,NA,Medium - large cobble (150-300mm) (6-12in.),No Apparent  Cover,Riffle,NA,NA,NA,1,Boulder (>300mm) (>12in.),NA,NA,NA,NA,2009
2008-2014,2009-03-19,183,NA,2406,Auditorium RR - Downstream,NA,NA,NA,EF_SE,backpack shock into any seine,good,10,sunny,NA,600,Chinook Salmon- Fall,36,parr,NA,NA,NA,NA,NA,NA,NA,NA,Small - medium gravel (50-150mm) (2-6in.),No Apparent  Cover,Run,NA,NA,NA,1,Medium - large cobble (150-300mm) (6-12in.),NA,NA,NA,NA,2009
2008-2014,2009-03-19,183,NA,2407,Auditorium RR - Downstream,NA,NA,NA,EF_SE,backpack shock into any seine,good,10,sunny,NA,600,Riffle Sculpin,NA,NA,NA,NA,NA,NA,NA,NA,NA,NA,Small - medium gravel (50-150mm) (2-6in.),No Apparent  Cover,Run,NA,NA,NA,1,Medium - large cobble (150-300mm) (6-12in.),NA,NA,NA,NA,2009
2008-2014,2009-03-18,184,NA,2408,Vance East Main RR,39.4509753055808,-121.63794765831399,NA,EF_SE,backpack shock into any seine,good,12,sunny,NA,850,Prickly Sculpin,NA,NA,NA,NA,NA,NA,NA,NA,NA,NA,Medium - large cobble (150-300mm) (6-12in.),No Apparent  Cover,Riffle,NA,NA,NA,1,NA,NA,NA,NA,NA,2009
2008-2014,2009-03-18,184,NA,2409,Vance East Main RR,39.4509753055808,-121.63794765831399,NA,EF_SE,backpack shock into any seine,good,12,sunny,NA,850,Prickly Sculpin,NA,NA,NA,NA,NA,NA,NA,NA,NA,NA,Medium - large cobble (150-300mm) (6-12in.),No Apparent  Cover,Riffle,NA,NA,NA,1,NA,NA,NA,NA,NA,2009
2008-2014,2009-03-18,184,NA,2410,Vance East Main RR,39.4509753055808,-121.63794765831399,NA,EF_SE,backpack shock into any seine,good,12,sunny,NA,850,Prickly Sculpin,NA,NA,NA,NA,NA,NA,NA,NA,NA,NA,Medium - large cobble (150-300mm) (6-12in.),No Apparent  Cover,Riffle,NA,NA,NA,1,NA,NA,NA,NA,NA,2009
2008-2014,2009-03-18,184,NA,2411,Vance East Main RR,39.4509753055808,-121.63794765831399,NA,EF_SE,backpack shock into any seine,good,12,sunny,NA,850,Prickly Sculpin,NA,NA,NA,NA,NA,NA,NA,NA,NA,NA,Medium - large cobble (150-300mm) (6-12in.),No Apparent  Cover,Riffle,NA,NA,NA,1,NA,NA,NA,NA,NA,2009
2008-2014,2009-03-18,184,NA,2412,Vance East Main RR,39.4509753055808,-121.63794765831399,NA,EF_SE,backpack shock into any seine,good,12,sunny,NA,850,Prickly Sculpin,NA,NA,NA,NA,NA,NA,NA,NA,NA,NA,Medium - large cobble (150-300mm) (6-12in.),No Apparent  Cover,Riffle,NA,NA,NA,1,NA,NA,NA,NA,NA,2009
2008-2014,2009-03-18,184,NA,2413,Vance East Main RR,39.4509753055808,-121.63794765831399,NA,EF_SE,backpack shock into any seine,good,12,sunny,NA,850,Prickly Sculpin,NA,NA,NA,NA,NA,NA,NA,NA,NA,NA,Medium - large cobble (150-300mm) (6-12in.),No Apparent  Cover,Riffle,NA,NA,NA,1,NA,NA,NA,NA,NA,2009
2008-2014,2009-03-18,184,NA,2414,Vance East Main RR,39.4509753055808,-121.63794765831399,NA,EF_SE,backpack shock into any seine,good,12,sunny,NA,850,Prickly Sculpin,NA,NA,NA,NA,NA,NA,NA,NA,NA,NA,Medium - large cobble (150-300mm) (6-12in.),No Apparent  Cover,Riffle,NA,NA,NA,1,NA,NA,NA,NA,NA,2009
2008-2014,2009-03-18,184,NA,2415,Vance East Main RR,39.4509753055808,-121.63794765831399,NA,EF_SE,backpack shock into any seine,good,12,sunny,NA,850,Prickly Sculpin,NA,NA,NA,NA,NA,NA,NA,NA,NA,NA,Medium - large cobble (150-300mm) (6-12in.),No Apparent  Cover,Riffle,NA,NA,NA,1,NA,NA,NA,NA,NA,2009
2008-2014,2009-03-18,184,NA,2416,Vance East Main RR,39.4509753055808,-121.63794765831399,NA,EF_SE,backpack shock into any seine,good,12,sunny,NA,850,Prickly Sculpin,NA,NA,NA,NA,NA,NA,NA,NA,NA,NA,Medium - large cobble (150-300mm) (6-12in.),No Apparent  Cover,Riffle,NA,NA,NA,1,NA,NA,NA,NA,NA,2009
2008-2014,2009-03-18,184,NA,2417,Vance East Main RR,39.4509753055808,-121.63794765831399,NA,EF_SE,backpack shock into any seine,good,12,sunny,NA,850,Prickly Sculpin,NA,NA,NA,NA,NA,NA,NA,NA,NA,NA,Medium - large cobble (150-300mm) (6-12in.),No Apparent  Cover,Riffle,NA,NA,NA,1,NA,NA,NA,NA,NA,2009
2008-2014,2009-03-18,184,NA,2418,Vance East Main RR,39.4509753055808,-121.63794765831399,NA,EF_SE,backpack shock into any seine,good,12,sunny,NA,850,Prickly Sculpin,NA,NA,NA,NA,NA,NA,NA,NA,NA,NA,Medium - large cobble (150-300mm) (6-12in.),No Apparent  Cover,Riffle,NA,NA,NA,1,NA,NA,NA,NA,NA,2009
2008-2014,2009-03-18,184,NA,2419,Vance East Main RR,39.4509753055808,-121.63794765831399,NA,EF_SE,backpack shock into any seine,good,12,sunny,NA,850,Prickly Sculpin,NA,NA,NA,NA,NA,NA,NA,NA,NA,NA,Medium - large cobble (150-300mm) (6-12in.),No Apparent  Cover,Riffle,NA,NA,NA,1,NA,NA,NA,NA,NA,2009
2008-2014,2009-03-18,185,NA,2420,Vance West RL - Upstream,39.45054126175763,-121.63874099418162,NA,EF_SE,backpack shock into any seine,good,12,sunny,NA,850,Unid Juvenile Sculpin,NA,NA,NA,NA,NA,NA,NA,NA,NA,NA,Small - medium gravel (50-150mm) (2-6in.),No Apparent  Cover,Riffle,NA,NA,NA,1,NA,NA,NA,NA,NA,2009
2008-2014,2009-03-18,185,NA,2421,Vance West RL - Upstream,39.45054126175763,-121.63874099418162,NA,EF_SE,backpack shock into any seine,good,12,sunny,NA,850,Unid Juvenile Sculpin,NA,NA,NA,NA,NA,NA,NA,NA,NA,NA,Small - medium gravel (50-150mm) (2-6in.),No Apparent  Cover,Riffle,NA,NA,NA,1,NA,NA,NA,NA,NA,2009
2008-2014,2009-03-18,185,NA,2422,Vance West RL - Upstream,39.45054126175763,-121.63874099418162,NA,EF_SE,backpack shock into any seine,good,12,sunny,NA,850,Unid Juvenile Sculpin,NA,NA,NA,NA,NA,NA,NA,NA,NA,NA,Small - medium gravel (50-150mm) (2-6in.),No Apparent  Cover,Riffle,NA,NA,NA,1,NA,NA,NA,NA,NA,2009
2008-2014,2009-03-18,185,NA,2423,Vance West RL - Upstream,39.45054126175763,-121.63874099418162,NA,EF_SE,backpack shock into any seine,good,12,sunny,NA,850,Unid Juvenile Sculpin,NA,NA,NA,NA,NA,NA,NA,NA,NA,NA,Small - medium gravel (50-150mm) (2-6in.),No Apparent  Cover,Riffle,NA,NA,NA,1,NA,NA,NA,NA,NA,2009
2008-2014,2009-03-18,185,NA,2424,Vance West RL - Upstream,39.45054126175763,-121.63874099418162,NA,EF_SE,backpack shock into any seine,good,12,sunny,NA,850,Unid Juvenile Sculpin,NA,NA,NA,NA,NA,NA,NA,NA,NA,NA,Small - medium gravel (50-150mm) (2-6in.),No Apparent  Cover,Riffle,NA,NA,NA,1,NA,NA,NA,NA,NA,2009
2008-2014,2009-03-18,185,NA,2425,Vance West RL - Upstream,39.45054126175763,-121.63874099418162,NA,EF_SE,backpack shock into any seine,good,12,sunny,NA,850,Unid Juvenile Sculpin,NA,NA,NA,NA,NA,NA,NA,NA,NA,NA,Small - medium gravel (50-150mm) (2-6in.),No Apparent  Cover,Riffle,NA,NA,NA,1,NA,NA,NA,NA,NA,2009
2008-2014,2009-03-18,185,NA,2426,Vance West RL - Upstream,39.45054126175763,-121.63874099418162,NA,EF_SE,backpack shock into any seine,good,12,sunny,NA,850,Unid Juvenile Sculpin,NA,NA,NA,NA,NA,NA,NA,NA,NA,NA,Small - medium gravel (50-150mm) (2-6in.),No Apparent  Cover,Riffle,NA,NA,NA,1,NA,NA,NA,NA,NA,2009
2008-2014,2009-03-18,185,NA,2427,Vance West RL - Upstream,39.45054126175763,-121.63874099418162,NA,EF_SE,backpack shock into any seine,good,12,sunny,NA,850,Unid Juvenile Sculpin,NA,NA,NA,NA,NA,NA,NA,NA,NA,NA,Small - medium gravel (50-150mm) (2-6in.),No Apparent  Cover,Riffle,NA,NA,NA,1,NA,NA,NA,NA,NA,2009
2008-2014,2009-03-18,185,NA,2428,Vance West RL - Upstream,39.45054126175763,-121.63874099418162,NA,EF_SE,backpack shock into any seine,good,12,sunny,NA,850,Unid Juvenile Sculpin,NA,NA,NA,NA,NA,NA,NA,NA,NA,NA,Small - medium gravel (50-150mm) (2-6in.),No Apparent  Cover,Riffle,NA,NA,NA,1,NA,NA,NA,NA,NA,2009
2008-2014,2009-03-18,185,NA,2429,Vance West RL - Upstream,39.45054126175763,-121.63874099418162,NA,EF_SE,backpack shock into any seine,good,12,sunny,NA,850,Unid Juvenile Sculpin,NA,NA,NA,NA,NA,NA,NA,NA,NA,NA,Small - medium gravel (50-150mm) (2-6in.),No Apparent  Cover,Riffle,NA,NA,NA,1,NA,NA,NA,NA,NA,2009
2008-2014,2009-03-18,185,NA,2430,Vance West RL - Upstream,39.45054126175763,-121.63874099418162,NA,EF_SE,backpack shock into any seine,good,12,sunny,NA,850,Unid Juvenile Sculpin,NA,NA,NA,NA,NA,NA,NA,NA,NA,NA,Small - medium gravel (50-150mm) (2-6in.),No Apparent  Cover,Riffle,NA,NA,NA,1,NA,NA,NA,NA,NA,2009
2008-2014,2009-03-18,185,NA,2431,Vance West RL - Upstream,39.45054126175763,-121.63874099418162,NA,EF_SE,backpack shock into any seine,good,12,sunny,NA,850,Unid Juvenile Sculpin,NA,NA,NA,NA,NA,NA,NA,NA,NA,NA,Small - medium gravel (50-150mm) (2-6in.),No Apparent  Cover,Riffle,NA,NA,NA,1,NA,NA,NA,NA,NA,2009
2008-2014,2008-08-26,124,NA,1342,Hour side channel RL - Upstream,39.421311301618935,-121.62456313944345,NA,EF_SE,backpack shock into any seine,good,22,sunny,NA,NA,Unid Juvenile Sculpin,NA,NA,NA,NA,NA,NA,NA,NA,NA,NA,Small - medium gravel (50-150mm) (2-6in.),Submerged Aquatic Veg/Algae,Riffle,NA,NA,NA,1,NA,NA,NA,NA,NA,2008
2008-2014,2008-08-26,124,NA,1343,Hour side channel RL - Upstream,39.421311301618935,-121.62456313944345,NA,EF_SE,backpack shock into any seine,good,22,sunny,NA,NA,Unid Juvenile Sculpin,NA,NA,NA,NA,NA,NA,NA,NA,NA,NA,Small - medium gravel (50-150mm) (2-6in.),Submerged Aquatic Veg/Algae,Riffle,NA,NA,NA,1,NA,NA,NA,NA,NA,2008
2008-2014,2008-08-26,124,NA,1344,Hour side channel RL - Upstream,39.421311301618935,-121.62456313944345,NA,EF_SE,backpack shock into any seine,good,22,sunny,NA,NA,Unid Juvenile Sculpin,NA,NA,NA,NA,NA,NA,NA,NA,NA,NA,Small - medium gravel (50-150mm) (2-6in.),Submerged Aquatic Veg/Algae,Riffle,NA,NA,NA,1,NA,NA,NA,NA,NA,2008
2008-2014,2008-08-26,124,NA,1345,Hour side channel RL - Upstream,39.421311301618935,-121.62456313944345,NA,EF_SE,backpack shock into any seine,good,22,sunny,NA,NA,Unid Juvenile Sculpin,NA,NA,NA,NA,NA,NA,NA,NA,NA,NA,Small - medium gravel (50-150mm) (2-6in.),Submerged Aquatic Veg/Algae,Riffle,NA,NA,NA,1,NA,NA,NA,NA,NA,2008
2008-2014,2008-08-26,124,NA,1346,Hour side channel RL - Upstream,39.421311301618935,-121.62456313944345,NA,EF_SE,backpack shock into any seine,good,22,sunny,NA,NA,Unid Juvenile Sculpin,NA,NA,NA,NA,NA,NA,NA,NA,NA,NA,Small - medium gravel (50-150mm) (2-6in.),Submerged Aquatic Veg/Algae,Riffle,NA,NA,NA,1,NA,NA,NA,NA,NA,2008
2008-2014,2008-08-26,124,NA,1347,Hour side channel RL - Upstream,39.421311301618935,-121.62456313944345,NA,EF_SE,backpack shock into any seine,good,22,sunny,NA,NA,Unid Juvenile Sculpin,NA,NA,NA,NA,NA,NA,NA,NA,NA,NA,Small - medium gravel (50-150mm) (2-6in.),Submerged Aquatic Veg/Algae,Riffle,NA,NA,NA,1,NA,NA,NA,NA,NA,2008
2008-2014,2008-08-26,124,NA,1348,Hour side channel RL - Upstream,39.421311301618935,-121.62456313944345,NA,EF_SE,backpack shock into any seine,good,22,sunny,NA,NA,Prickly Sculpin,NA,NA,NA,NA,NA,NA,NA,NA,NA,NA,Small - medium gravel (50-150mm) (2-6in.),Submerged Aquatic Veg/Algae,Riffle,NA,NA,NA,1,NA,NA,NA,NA,NA,2008
2008-2014,2008-08-18,126,NA,1384,Eye side channel,39.45659105038165,-121.61411873782232,NA,EF_SE,backpack shock into any seine,good,16,sunny,NA,NA,Prickly Sculpin,NA,NA,NA,NA,NA,NA,NA,NA,NA,NA,Small - medium gravel (50-150mm) (2-6in.),Small Instream Objects/Woody Debris,Riffle,NA,NA,NA,1,Medium - large cobble (150-300mm) (6-12in.),NA,Undercut Bank,Overhead Objects,NA,2008
2008-2014,2008-08-18,126,NA,1385,Eye side channel,39.45659105038165,-121.61411873782232,NA,EF_SE,backpack shock into any seine,good,16,sunny,NA,NA,Prickly Sculpin,NA,NA,NA,NA,NA,NA,NA,NA,NA,NA,Small - medium gravel (50-150mm) (2-6in.),Small Instream Objects/Woody Debris,Riffle,NA,NA,NA,1,Medium - large cobble (150-300mm) (6-12in.),NA,Undercut Bank,Overhead Objects,NA,2008
2008-2014,2008-08-18,126,NA,1386,Eye side channel,39.45659105038165,-121.61411873782232,NA,EF_SE,backpack shock into any seine,good,16,sunny,NA,NA,Prickly Sculpin,NA,NA,NA,NA,NA,NA,NA,NA,NA,NA,Small - medium gravel (50-150mm) (2-6in.),Small Instream Objects/Woody Debris,Riffle,NA,NA,NA,1,Medium - large cobble (150-300mm) (6-12in.),NA,Undercut Bank,Overhead Objects,NA,2008
2008-2014,2008-08-18,126,NA,1387,Eye side channel,39.45659105038165,-121.61411873782232,NA,EF_SE,backpack shock into any seine,good,16,sunny,NA,NA,Prickly Sculpin,NA,NA,NA,NA,NA,NA,NA,NA,NA,NA,Small - medium gravel (50-150mm) (2-6in.),Small Instream Objects/Woody Debris,Riffle,NA,NA,NA,1,Medium - large cobble (150-300mm) (6-12in.),NA,Undercut Bank,Overhead Objects,NA,2008
2008-2014,2008-08-18,126,NA,1388,Eye side channel,39.45659105038165,-121.61411873782232,NA,EF_SE,backpack shock into any seine,good,16,sunny,NA,NA,Prickly Sculpin,NA,NA,NA,NA,NA,NA,NA,NA,NA,NA,Small - medium gravel (50-150mm) (2-6in.),Small Instream Objects/Woody Debris,Riffle,NA,NA,NA,1,Medium - large cobble (150-300mm) (6-12in.),NA,Undercut Bank,Overhead Objects,NA,2008
2008-2014,2008-08-18,126,NA,1389,Eye side channel,39.45659105038165,-121.61411873782232,NA,EF_SE,backpack shock into any seine,good,16,sunny,NA,NA,Prickly Sculpin,NA,NA,NA,NA,NA,NA,NA,NA,NA,NA,Small - medium gravel (50-150mm) (2-6in.),Small Instream Objects/Woody Debris,Riffle,NA,NA,NA,1,Medium - large cobble (150-300mm) (6-12in.),NA,Undercut Bank,Overhead Objects,NA,2008
2008-2014,2008-08-18,126,NA,1390,Eye side channel,39.45659105038165,-121.61411873782232,NA,EF_SE,backpack shock into any seine,good,16,sunny,NA,NA,Riffle Sculpin,NA,NA,NA,NA,NA,NA,NA,NA,NA,NA,Small - medium gravel (50-150mm) (2-6in.),Small Instream Objects/Woody Debris,Riffle,NA,NA,NA,1,Medium - large cobble (150-300mm) (6-12in.),NA,Undercut Bank,Overhead Objects,NA,2008
2008-2014,2008-08-18,126,NA,1391,Eye side channel,39.45659105038165,-121.61411873782232,NA,EF_SE,backpack shock into any seine,good,16,sunny,NA,NA,Riffle Sculpin,NA,NA,NA,NA,NA,NA,NA,NA,NA,NA,Small - medium gravel (50-150mm) (2-6in.),Small Instream Objects/Woody Debris,Riffle,NA,NA,NA,1,Medium - large cobble (150-300mm) (6-12in.),NA,Undercut Bank,Overhead Objects,NA,2008
2008-2014,2008-08-18,126,NA,1392,Eye side channel,39.45659105038165,-121.61411873782232,NA,EF_SE,backpack shock into any seine,good,16,sunny,NA,NA,Riffle Sculpin,NA,NA,NA,NA,NA,NA,NA,NA,NA,NA,Small - medium gravel (50-150mm) (2-6in.),Small Instream Objects/Woody Debris,Riffle,NA,NA,NA,1,Medium - large cobble (150-300mm) (6-12in.),NA,Undercut Bank,Overhead Objects,NA,2008
2008-2014,2008-08-18,126,NA,1393,Eye side channel,39.45659105038165,-121.61411873782232,NA,EF_SE,backpack shock into any seine,good,16,sunny,NA,NA,Unid Juvenile Sculpin,NA,NA,NA,NA,NA,NA,NA,NA,NA,NA,Small - medium gravel (50-150mm) (2-6in.),Small Instream Objects/Woody Debris,Riffle,NA,NA,NA,1,Medium - large cobble (150-300mm) (6-12in.),NA,Undercut Bank,Overhead Objects,NA,2008
2008-2014,2008-08-18,126,NA,1394,Eye side channel,39.45659105038165,-121.61411873782232,NA,EF_SE,backpack shock into any seine,good,16,sunny,NA,NA,Unid Juvenile Sculpin,NA,NA,NA,NA,NA,NA,NA,NA,NA,NA,Small - medium gravel (50-150mm) (2-6in.),Small Instream Objects/Woody Debris,Riffle,NA,NA,NA,1,Medium - large cobble (150-300mm) (6-12in.),NA,Undercut Bank,Overhead Objects,NA,2008
2008-2014,2008-08-18,126,NA,1395,Eye side channel,39.45659105038165,-121.61411873782232,NA,EF_SE,backpack shock into any seine,good,16,sunny,NA,NA,Unid Juvenile Sculpin,NA,NA,NA,NA,NA,NA,NA,NA,NA,NA,Small - medium gravel (50-150mm) (2-6in.),Small Instream Objects/Woody Debris,Riffle,NA,NA,NA,1,Medium - large cobble (150-300mm) (6-12in.),NA,Undercut Bank,Overhead Objects,NA,2008
2008-2014,2008-08-18,126,NA,1396,Eye side channel,39.45659105038165,-121.61411873782232,NA,EF_SE,backpack shock into any seine,good,16,sunny,NA,NA,Rainbow Trout (wild),91,parr,NA,NA,NA,NA,NA,NA,NA,NA,Small - medium gravel (50-150mm) (2-6in.),Small Instream Objects/Woody Debris,Riffle,NA,NA,NA,1,Medium - large cobble (150-300mm) (6-12in.),NA,Undercut Bank,Overhead Objects,NA,2008
2008-2014,2008-08-18,128,NA,1402,Eye Main RR - Downstream,39.45681138827642,-121.61503175870253,NA,EF_SE,backpack shock into any seine,good,17,sunny,NA,NA,Unid Juvenile Sculpin,NA,NA,NA,NA,NA,NA,NA,NA,NA,NA,Small - medium gravel (50-150mm) (2-6in.),No Apparent  Cover,Riffle,NA,NA,NA,1,Medium - large cobble (150-300mm) (6-12in.),NA,NA,NA,NA,2008
2008-2014,2008-08-18,128,NA,1403,Eye Main RR - Downstream,39.45681138827642,-121.61503175870253,NA,EF_SE,backpack shock into any seine,good,17,sunny,NA,NA,Unid Juvenile Sculpin,NA,NA,NA,NA,NA,NA,NA,NA,NA,NA,Small - medium gravel (50-150mm) (2-6in.),No Apparent  Cover,Riffle,NA,NA,NA,1,Medium - large cobble (150-300mm) (6-12in.),NA,NA,NA,NA,2008
2008-2014,2008-08-18,128,NA,1404,Eye Main RR - Downstream,39.45681138827642,-121.61503175870253,NA,EF_SE,backpack shock into any seine,good,17,sunny,NA,NA,Unid Juvenile Sculpin,NA,NA,NA,NA,NA,NA,NA,NA,NA,NA,Small - medium gravel (50-150mm) (2-6in.),No Apparent  Cover,Riffle,NA,NA,NA,1,Medium - large cobble (150-300mm) (6-12in.),NA,NA,NA,NA,2008
2008-2014,2008-08-18,128,NA,1405,Eye Main RR - Downstream,39.45681138827642,-121.61503175870253,NA,EF_SE,backpack shock into any seine,good,17,sunny,NA,NA,Unid Juvenile Sculpin,NA,NA,NA,NA,NA,NA,NA,NA,NA,NA,Small - medium gravel (50-150mm) (2-6in.),No Apparent  Cover,Riffle,NA,NA,NA,1,Medium - large cobble (150-300mm) (6-12in.),NA,NA,NA,NA,2008
2008-2014,2008-08-18,128,NA,1406,Eye Main RR - Downstream,39.45681138827642,-121.61503175870253,NA,EF_SE,backpack shock into any seine,good,17,sunny,NA,NA,Unid Juvenile Sculpin,NA,NA,NA,NA,NA,NA,NA,NA,NA,NA,Small - medium gravel (50-150mm) (2-6in.),No Apparent  Cover,Riffle,NA,NA,NA,1,Medium - large cobble (150-300mm) (6-12in.),NA,NA,NA,NA,2008
2008-2014,2008-08-18,128,NA,1407,Eye Main RR - Downstream,39.45681138827642,-121.61503175870253,NA,EF_SE,backpack shock into any seine,good,17,sunny,NA,NA,Unid Juvenile Sculpin,NA,NA,NA,NA,NA,NA,NA,NA,NA,NA,Small - medium gravel (50-150mm) (2-6in.),No Apparent  Cover,Riffle,NA,NA,NA,1,Medium - large cobble (150-300mm) (6-12in.),NA,NA,NA,NA,2008
2008-2014,2008-08-18,128,NA,1408,Eye Main RR - Downstream,39.45681138827642,-121.61503175870253,NA,EF_SE,backpack shock into any seine,good,17,sunny,NA,NA,Unid Juvenile Sculpin,NA,NA,NA,NA,NA,NA,NA,NA,NA,NA,Small - medium gravel (50-150mm) (2-6in.),No Apparent  Cover,Riffle,NA,NA,NA,1,Medium - large cobble (150-300mm) (6-12in.),NA,NA,NA,NA,2008
2008-2014,2008-08-18,128,NA,1409,Eye Main RR - Downstream,39.45681138827642,-121.61503175870253,NA,EF_SE,backpack shock into any seine,good,17,sunny,NA,NA,Unid Juvenile Sculpin,NA,NA,NA,NA,NA,NA,NA,NA,NA,NA,Small - medium gravel (50-150mm) (2-6in.),No Apparent  Cover,Riffle,NA,NA,NA,1,Medium - large cobble (150-300mm) (6-12in.),NA,NA,NA,NA,2008
2008-2014,2008-08-18,128,NA,1410,Eye Main RR - Downstream,39.45681138827642,-121.61503175870253,NA,EF_SE,backpack shock into any seine,good,17,sunny,NA,NA,Unid Juvenile Sculpin,NA,NA,NA,NA,NA,NA,NA,NA,NA,NA,Small - medium gravel (50-150mm) (2-6in.),No Apparent  Cover,Riffle,NA,NA,NA,1,Medium - large cobble (150-300mm) (6-12in.),NA,NA,NA,NA,2008
2008-2014,2008-08-18,128,NA,1411,Eye Main RR - Downstream,39.45681138827642,-121.61503175870253,NA,EF_SE,backpack shock into any seine,good,17,sunny,NA,NA,Unid Juvenile Sculpin,NA,NA,NA,NA,NA,NA,NA,NA,NA,NA,Small - medium gravel (50-150mm) (2-6in.),No Apparent  Cover,Riffle,NA,NA,NA,1,Medium - large cobble (150-300mm) (6-12in.),NA,NA,NA,NA,2008
2008-2014,2008-08-18,128,NA,1412,Eye Main RR - Downstream,39.45681138827642,-121.61503175870253,NA,EF_SE,backpack shock into any seine,good,17,sunny,NA,NA,Unid Juvenile Sculpin,NA,NA,NA,NA,NA,NA,NA,NA,NA,NA,Small - medium gravel (50-150mm) (2-6in.),No Apparent  Cover,Riffle,NA,NA,NA,1,Medium - large cobble (150-300mm) (6-12in.),NA,NA,NA,NA,2008
2008-2014,2008-08-18,128,NA,1413,Eye Main RR - Downstream,39.45681138827642,-121.61503175870253,NA,EF_SE,backpack shock into any seine,good,17,sunny,NA,NA,Unid Juvenile Sculpin,NA,NA,NA,NA,NA,NA,NA,NA,NA,NA,Small - medium gravel (50-150mm) (2-6in.),No Apparent  Cover,Riffle,NA,NA,NA,1,Medium - large cobble (150-300mm) (6-12in.),NA,NA,NA,NA,2008
2008-2014,2008-08-18,128,NA,1414,Eye Main RR - Downstream,39.45681138827642,-121.61503175870253,NA,EF_SE,backpack shock into any seine,good,17,sunny,NA,NA,Unid Juvenile Sculpin,NA,NA,NA,NA,NA,NA,NA,NA,NA,NA,Small - medium gravel (50-150mm) (2-6in.),No Apparent  Cover,Riffle,NA,NA,NA,1,Medium - large cobble (150-300mm) (6-12in.),NA,NA,NA,NA,2008
2008-2014,2008-08-18,128,NA,1415,Eye Main RR - Downstream,39.45681138827642,-121.61503175870253,NA,EF_SE,backpack shock into any seine,good,17,sunny,NA,NA,Unid Juvenile Sculpin,NA,NA,NA,NA,NA,NA,NA,NA,NA,NA,Small - medium gravel (50-150mm) (2-6in.),No Apparent  Cover,Riffle,NA,NA,NA,1,Medium - large cobble (150-300mm) (6-12in.),NA,NA,NA,NA,2008
2008-2014,2008-08-18,128,NA,1416,Eye Main RR - Downstream,39.45681138827642,-121.61503175870253,NA,EF_SE,backpack shock into any seine,good,17,sunny,NA,NA,Unid Juvenile Sculpin,NA,NA,NA,NA,NA,NA,NA,NA,NA,NA,Small - medium gravel (50-150mm) (2-6in.),No Apparent  Cover,Riffle,NA,NA,NA,1,Medium - large cobble (150-300mm) (6-12in.),NA,NA,NA,NA,2008
2008-2014,2008-08-18,128,NA,1417,Eye Main RR - Downstream,39.45681138827642,-121.61503175870253,NA,EF_SE,backpack shock into any seine,good,17,sunny,NA,NA,Riffle Sculpin,NA,NA,NA,NA,NA,NA,NA,NA,NA,NA,Small - medium gravel (50-150mm) (2-6in.),No Apparent  Cover,Riffle,NA,NA,NA,1,Medium - large cobble (150-300mm) (6-12in.),NA,NA,NA,NA,2008
2008-2014,2008-08-18,128,NA,1418,Eye Main RR - Downstream,39.45681138827642,-121.61503175870253,NA,EF_SE,backpack shock into any seine,good,17,sunny,NA,NA,Riffle Sculpin,NA,NA,NA,NA,NA,NA,NA,NA,NA,NA,Small - medium gravel (50-150mm) (2-6in.),No Apparent  Cover,Riffle,NA,NA,NA,1,Medium - large cobble (150-300mm) (6-12in.),NA,NA,NA,NA,2008
2008-2014,2008-08-18,128,NA,1419,Eye Main RR - Downstream,39.45681138827642,-121.61503175870253,NA,EF_SE,backpack shock into any seine,good,17,sunny,NA,NA,Riffle Sculpin,NA,NA,NA,NA,NA,NA,NA,NA,NA,NA,Small - medium gravel (50-150mm) (2-6in.),No Apparent  Cover,Riffle,NA,NA,NA,1,Medium - large cobble (150-300mm) (6-12in.),NA,NA,NA,NA,2008
2008-2014,2008-08-18,128,NA,1420,Eye Main RR - Downstream,39.45681138827642,-121.61503175870253,NA,EF_SE,backpack shock into any seine,good,17,sunny,NA,NA,Speckled Dace,68,NA,NA,NA,NA,NA,NA,NA,NA,NA,Small - medium gravel (50-150mm) (2-6in.),No Apparent  Cover,Riffle,NA,NA,NA,1,Medium - large cobble (150-300mm) (6-12in.),NA,NA,NA,NA,2008
2008-2014,2008-08-18,128,NA,1421,Eye Main RR - Downstream,39.45681138827642,-121.61503175870253,NA,EF_SE,backpack shock into any seine,good,17,sunny,NA,NA,Prickly Sculpin,NA,NA,NA,NA,NA,NA,NA,NA,NA,NA,Small - medium gravel (50-150mm) (2-6in.),No Apparent  Cover,Riffle,NA,NA,NA,1,Medium - large cobble (150-300mm) (6-12in.),NA,NA,NA,NA,2008
2008-2014,2008-08-18,128,NA,1422,Eye Main RR - Downstream,39.45681138827642,-121.61503175870253,NA,EF_SE,backpack shock into any seine,good,17,sunny,NA,NA,Prickly Sculpin,NA,NA,NA,NA,NA,NA,NA,NA,NA,NA,Small - medium gravel (50-150mm) (2-6in.),No Apparent  Cover,Riffle,NA,NA,NA,1,Medium - large cobble (150-300mm) (6-12in.),NA,NA,NA,NA,2008
2008-2014,2008-08-18,128,NA,1423,Eye Main RR - Downstream,39.45681138827642,-121.61503175870253,NA,EF_SE,backpack shock into any seine,good,17,sunny,NA,NA,Prickly Sculpin,NA,NA,NA,NA,NA,NA,NA,NA,NA,NA,Small - medium gravel (50-150mm) (2-6in.),No Apparent  Cover,Riffle,NA,NA,NA,1,Medium - large cobble (150-300mm) (6-12in.),NA,NA,NA,NA,2008
2008-2014,2008-08-18,128,NA,1424,Eye Main RR - Downstream,39.45681138827642,-121.61503175870253,NA,EF_SE,backpack shock into any seine,good,17,sunny,NA,NA,Prickly Sculpin,NA,NA,NA,NA,NA,NA,NA,NA,NA,NA,Small - medium gravel (50-150mm) (2-6in.),No Apparent  Cover,Riffle,NA,NA,NA,1,Medium - large cobble (150-300mm) (6-12in.),NA,NA,NA,NA,2008
2008-2014,2008-08-18,128,NA,1425,Eye Main RR - Downstream,39.45681138827642,-121.61503175870253,NA,EF_SE,backpack shock into any seine,good,17,sunny,NA,NA,Sacramento Sucker,33,NA,NA,NA,NA,NA,NA,NA,NA,NA,Small - medium gravel (50-150mm) (2-6in.),No Apparent  Cover,Riffle,NA,NA,NA,1,Medium - large cobble (150-300mm) (6-12in.),NA,NA,NA,NA,2008
2008-2014,2008-08-18,128,NA,1426,Eye Main RR - Downstream,39.45681138827642,-121.61503175870253,NA,EF_SE,backpack shock into any seine,good,17,sunny,NA,NA,Sacramento Sucker,25,NA,NA,NA,NA,NA,NA,NA,NA,NA,Small - medium gravel (50-150mm) (2-6in.),No Apparent  Cover,Riffle,NA,NA,NA,1,Medium - large cobble (150-300mm) (6-12in.),NA,NA,NA,NA,2008
2008-2014,2008-08-18,128,NA,1427,Eye Main RR - Downstream,39.45681138827642,-121.61503175870253,NA,EF_SE,backpack shock into any seine,good,17,sunny,NA,NA,Sacramento Sucker,26,NA,NA,NA,NA,NA,NA,NA,NA,NA,Small - medium gravel (50-150mm) (2-6in.),No Apparent  Cover,Riffle,NA,NA,NA,1,Medium - large cobble (150-300mm) (6-12in.),NA,NA,NA,NA,2008
2008-2014,2008-08-18,128,NA,1428,Eye Main RR - Downstream,39.45681138827642,-121.61503175870253,NA,EF_SE,backpack shock into any seine,good,17,sunny,NA,NA,Sacramento Sucker,34,NA,NA,NA,NA,NA,NA,NA,NA,NA,Small - medium gravel (50-150mm) (2-6in.),No Apparent  Cover,Riffle,NA,NA,NA,1,Medium - large cobble (150-300mm) (6-12in.),NA,NA,NA,NA,2008
2008-2014,2008-08-18,128,NA,1429,Eye Main RR - Downstream,39.45681138827642,-121.61503175870253,NA,EF_SE,backpack shock into any seine,good,17,sunny,NA,NA,Sacramento Pikeminnow,35,NA,NA,NA,NA,NA,NA,NA,NA,NA,Small - medium gravel (50-150mm) (2-6in.),No Apparent  Cover,Riffle,NA,NA,NA,1,Medium - large cobble (150-300mm) (6-12in.),NA,NA,NA,NA,2008
2008-2014,2008-08-18,128,NA,1430,Eye Main RR - Downstream,39.45681138827642,-121.61503175870253,NA,EF_SE,backpack shock into any seine,good,17,sunny,NA,NA,Sacramento Pikeminnow,31,NA,NA,NA,NA,NA,NA,NA,NA,NA,Small - medium gravel (50-150mm) (2-6in.),No Apparent  Cover,Riffle,NA,NA,NA,1,Medium - large cobble (150-300mm) (6-12in.),NA,NA,NA,NA,2008
2008-2014,2008-08-18,128,NA,1431,Eye Main RR - Downstream,39.45681138827642,-121.61503175870253,NA,EF_SE,backpack shock into any seine,good,17,sunny,NA,NA,Sacramento Pikeminnow,25,NA,NA,NA,NA,NA,NA,NA,NA,NA,Small - medium gravel (50-150mm) (2-6in.),No Apparent  Cover,Riffle,NA,NA,NA,1,Medium - large cobble (150-300mm) (6-12in.),NA,NA,NA,NA,2008
2008-2014,2008-08-18,128,NA,1432,Eye Main RR - Downstream,39.45681138827642,-121.61503175870253,NA,EF_SE,backpack shock into any seine,good,17,sunny,NA,NA,Sacramento Pikeminnow,30,NA,NA,NA,NA,NA,NA,NA,NA,NA,Small - medium gravel (50-150mm) (2-6in.),No Apparent  Cover,Riffle,NA,NA,NA,1,Medium - large cobble (150-300mm) (6-12in.),NA,NA,NA,NA,2008
2008-2014,2008-08-18,128,NA,1433,Eye Main RR - Downstream,39.45681138827642,-121.61503175870253,NA,EF_SE,backpack shock into any seine,good,17,sunny,NA,NA,Sacramento Pikeminnow,24,NA,NA,NA,NA,NA,NA,NA,NA,NA,Small - medium gravel (50-150mm) (2-6in.),No Apparent  Cover,Riffle,NA,NA,NA,1,Medium - large cobble (150-300mm) (6-12in.),NA,NA,NA,NA,2008
2008-2014,2008-08-18,128,NA,1434,Eye Main RR - Downstream,39.45681138827642,-121.61503175870253,NA,EF_SE,backpack shock into any seine,good,17,sunny,NA,NA,Sacramento Pikeminnow,23,NA,NA,NA,NA,NA,NA,NA,NA,NA,Small - medium gravel (50-150mm) (2-6in.),No Apparent  Cover,Riffle,NA,NA,NA,1,Medium - large cobble (150-300mm) (6-12in.),NA,NA,NA,NA,2008
2008-2014,2008-08-18,129,NA,1435,Eye Main RR - Upstream,39.45740715380447,-121.61417988668535,NA,EF_SE,backpack shock into any seine,good,17,sunny,NA,NA,Prickly Sculpin,NA,NA,NA,NA,NA,NA,NA,NA,NA,NA,Small - medium gravel (50-150mm) (2-6in.),No Apparent  Cover,Riffle,NA,NA,NA,1,Medium - large cobble (150-300mm) (6-12in.),NA,NA,NA,NA,2008
2008-2014,2008-08-18,129,NA,1436,Eye Main RR - Upstream,39.45740715380447,-121.61417988668535,NA,EF_SE,backpack shock into any seine,good,17,sunny,NA,NA,Prickly Sculpin,NA,NA,NA,NA,NA,NA,NA,NA,NA,NA,Small - medium gravel (50-150mm) (2-6in.),No Apparent  Cover,Riffle,NA,NA,NA,1,Medium - large cobble (150-300mm) (6-12in.),NA,NA,NA,NA,2008
2008-2014,2008-08-18,129,NA,1437,Eye Main RR - Upstream,39.45740715380447,-121.61417988668535,NA,EF_SE,backpack shock into any seine,good,17,sunny,NA,NA,Prickly Sculpin,NA,NA,NA,NA,NA,NA,NA,NA,NA,NA,Small - medium gravel (50-150mm) (2-6in.),No Apparent  Cover,Riffle,NA,NA,NA,1,Medium - large cobble (150-300mm) (6-12in.),NA,NA,NA,NA,2008
2008-2014,2008-08-18,129,NA,1438,Eye Main RR - Upstream,39.45740715380447,-121.61417988668535,NA,EF_SE,backpack shock into any seine,good,17,sunny,NA,NA,Prickly Sculpin,NA,NA,NA,NA,NA,NA,NA,NA,NA,NA,Small - medium gravel (50-150mm) (2-6in.),No Apparent  Cover,Riffle,NA,NA,NA,1,Medium - large cobble (150-300mm) (6-12in.),NA,NA,NA,NA,2008
2008-2014,2008-08-18,129,NA,1439,Eye Main RR - Upstream,39.45740715380447,-121.61417988668535,NA,EF_SE,backpack shock into any seine,good,17,sunny,NA,NA,Prickly Sculpin,NA,NA,NA,NA,NA,NA,NA,NA,NA,NA,Small - medium gravel (50-150mm) (2-6in.),No Apparent  Cover,Riffle,NA,NA,NA,1,Medium - large cobble (150-300mm) (6-12in.),NA,NA,NA,NA,2008
2008-2014,2008-08-18,129,NA,1440,Eye Main RR - Upstream,39.45740715380447,-121.61417988668535,NA,EF_SE,backpack shock into any seine,good,17,sunny,NA,NA,Riffle Sculpin,NA,NA,NA,NA,NA,NA,NA,NA,NA,NA,Small - medium gravel (50-150mm) (2-6in.),No Apparent  Cover,Riffle,NA,NA,NA,1,Medium - large cobble (150-300mm) (6-12in.),NA,NA,NA,NA,2008
2008-2014,2008-08-18,129,NA,1441,Eye Main RR - Upstream,39.45740715380447,-121.61417988668535,NA,EF_SE,backpack shock into any seine,good,17,sunny,NA,NA,Riffle Sculpin,NA,NA,NA,NA,NA,NA,NA,NA,NA,NA,Small - medium gravel (50-150mm) (2-6in.),No Apparent  Cover,Riffle,NA,NA,NA,1,Medium - large cobble (150-300mm) (6-12in.),NA,NA,NA,NA,2008
2008-2014,2008-08-18,129,NA,1442,Eye Main RR - Upstream,39.45740715380447,-121.61417988668535,NA,EF_SE,backpack shock into any seine,good,17,sunny,NA,NA,Riffle Sculpin,NA,NA,NA,NA,NA,NA,NA,NA,NA,NA,Small - medium gravel (50-150mm) (2-6in.),No Apparent  Cover,Riffle,NA,NA,NA,1,Medium - large cobble (150-300mm) (6-12in.),NA,NA,NA,NA,2008
2008-2014,2008-08-18,129,NA,1443,Eye Main RR - Upstream,39.45740715380447,-121.61417988668535,NA,EF_SE,backpack shock into any seine,good,17,sunny,NA,NA,Riffle Sculpin,NA,NA,NA,NA,NA,NA,NA,NA,NA,NA,Small - medium gravel (50-150mm) (2-6in.),No Apparent  Cover,Riffle,NA,NA,NA,1,Medium - large cobble (150-300mm) (6-12in.),NA,NA,NA,NA,2008
2008-2014,2008-08-18,129,NA,1444,Eye Main RR - Upstream,39.45740715380447,-121.61417988668535,NA,EF_SE,backpack shock into any seine,good,17,sunny,NA,NA,Unid Juvenile Sculpin,NA,NA,NA,NA,NA,NA,NA,NA,NA,NA,Small - medium gravel (50-150mm) (2-6in.),No Apparent  Cover,Riffle,NA,NA,NA,1,Medium - large cobble (150-300mm) (6-12in.),NA,NA,NA,NA,2008
2008-2014,2008-08-18,129,NA,1445,Eye Main RR - Upstream,39.45740715380447,-121.61417988668535,NA,EF_SE,backpack shock into any seine,good,17,sunny,NA,NA,Unid Juvenile Sculpin,NA,NA,NA,NA,NA,NA,NA,NA,NA,NA,Small - medium gravel (50-150mm) (2-6in.),No Apparent  Cover,Riffle,NA,NA,NA,1,Medium - large cobble (150-300mm) (6-12in.),NA,NA,NA,NA,2008
2008-2014,2008-08-18,129,NA,1446,Eye Main RR - Upstream,39.45740715380447,-121.61417988668535,NA,EF_SE,backpack shock into any seine,good,17,sunny,NA,NA,Unid Juvenile Sculpin,NA,NA,NA,NA,NA,NA,NA,NA,NA,NA,Small - medium gravel (50-150mm) (2-6in.),No Apparent  Cover,Riffle,NA,NA,NA,1,Medium - large cobble (150-300mm) (6-12in.),NA,NA,NA,NA,2008
2008-2014,2008-08-18,129,NA,1447,Eye Main RR - Upstream,39.45740715380447,-121.61417988668535,NA,EF_SE,backpack shock into any seine,good,17,sunny,NA,NA,Unid Juvenile Sculpin,NA,NA,NA,NA,NA,NA,NA,NA,NA,NA,Small - medium gravel (50-150mm) (2-6in.),No Apparent  Cover,Riffle,NA,NA,NA,1,Medium - large cobble (150-300mm) (6-12in.),NA,NA,NA,NA,2008
2008-2014,2008-08-18,129,NA,1448,Eye Main RR - Upstream,39.45740715380447,-121.61417988668535,NA,EF_SE,backpack shock into any seine,good,17,sunny,NA,NA,Unid Juvenile Sculpin,NA,NA,NA,NA,NA,NA,NA,NA,NA,NA,Small - medium gravel (50-150mm) (2-6in.),No Apparent  Cover,Riffle,NA,NA,NA,1,Medium - large cobble (150-300mm) (6-12in.),NA,NA,NA,NA,2008
2008-2014,2008-08-18,129,NA,1449,Eye Main RR - Upstream,39.45740715380447,-121.61417988668535,NA,EF_SE,backpack shock into any seine,good,17,sunny,NA,NA,Unid Juvenile Sculpin,NA,NA,NA,NA,NA,NA,NA,NA,NA,NA,Small - medium gravel (50-150mm) (2-6in.),No Apparent  Cover,Riffle,NA,NA,NA,1,Medium - large cobble (150-300mm) (6-12in.),NA,NA,NA,NA,2008
2008-2014,2008-08-18,129,NA,1450,Eye Main RR - Upstream,39.45740715380447,-121.61417988668535,NA,EF_SE,backpack shock into any seine,good,17,sunny,NA,NA,Unid Juvenile Sculpin,NA,NA,NA,NA,NA,NA,NA,NA,NA,NA,Small - medium gravel (50-150mm) (2-6in.),No Apparent  Cover,Riffle,NA,NA,NA,1,Medium - large cobble (150-300mm) (6-12in.),NA,NA,NA,NA,2008
2008-2014,2008-08-25,132,NA,1514,Auditorium RL - Downstream,39.51521827977437,-121.55994996353618,NA,EF_SE,backpack shock into any seine,good,16.5,sunny,NA,NA,Unid Juvenile Sculpin,NA,NA,NA,NA,NA,NA,NA,NA,NA,NA,Medium - large cobble (150-300mm) (6-12in.),No Apparent  Cover,Riffle,NA,NA,NA,1,NA,NA,NA,NA,NA,2008
2008-2014,2008-08-25,132,NA,1515,Auditorium RL - Downstream,39.51521827977437,-121.55994996353618,NA,EF_SE,backpack shock into any seine,good,16.5,sunny,NA,NA,Unid Juvenile Sculpin,NA,NA,NA,NA,NA,NA,NA,NA,NA,NA,Medium - large cobble (150-300mm) (6-12in.),No Apparent  Cover,Riffle,NA,NA,NA,1,NA,NA,NA,NA,NA,2008
2008-2014,2008-08-25,132,NA,1516,Auditorium RL - Downstream,39.51521827977437,-121.55994996353618,NA,EF_SE,backpack shock into any seine,good,16.5,sunny,NA,NA,Unid Juvenile Sculpin,NA,NA,NA,NA,NA,NA,NA,NA,NA,NA,Medium - large cobble (150-300mm) (6-12in.),No Apparent  Cover,Riffle,NA,NA,NA,1,NA,NA,NA,NA,NA,2008
2008-2014,2008-08-25,132,NA,1517,Auditorium RL - Downstream,39.51521827977437,-121.55994996353618,NA,EF_SE,backpack shock into any seine,good,16.5,sunny,NA,NA,Unid Juvenile Sculpin,NA,NA,NA,NA,NA,NA,NA,NA,NA,NA,Medium - large cobble (150-300mm) (6-12in.),No Apparent  Cover,Riffle,NA,NA,NA,1,NA,NA,NA,NA,NA,2008
2008-2014,2008-08-25,132,NA,1518,Auditorium RL - Downstream,39.51521827977437,-121.55994996353618,NA,EF_SE,backpack shock into any seine,good,16.5,sunny,NA,NA,Unid Juvenile Sculpin,NA,NA,NA,NA,NA,NA,NA,NA,NA,NA,Medium - large cobble (150-300mm) (6-12in.),No Apparent  Cover,Riffle,NA,NA,NA,1,NA,NA,NA,NA,NA,2008
2008-2014,2008-08-25,132,NA,1519,Auditorium RL - Downstream,39.51521827977437,-121.55994996353618,NA,EF_SE,backpack shock into any seine,good,16.5,sunny,NA,NA,Unid Juvenile Sculpin,NA,NA,NA,NA,NA,NA,NA,NA,NA,NA,Medium - large cobble (150-300mm) (6-12in.),No Apparent  Cover,Riffle,NA,NA,NA,1,NA,NA,NA,NA,NA,2008
2008-2014,2008-08-25,132,NA,1520,Auditorium RL - Downstream,39.51521827977437,-121.55994996353618,NA,EF_SE,backpack shock into any seine,good,16.5,sunny,NA,NA,Unid Juvenile Sculpin,NA,NA,NA,NA,NA,NA,NA,NA,NA,NA,Medium - large cobble (150-300mm) (6-12in.),No Apparent  Cover,Riffle,NA,NA,NA,1,NA,NA,NA,NA,NA,2008
2008-2014,2008-08-25,132,NA,1521,Auditorium RL - Downstream,39.51521827977437,-121.55994996353618,NA,EF_SE,backpack shock into any seine,good,16.5,sunny,NA,NA,Unid Juvenile Sculpin,NA,NA,NA,NA,NA,NA,NA,NA,NA,NA,Medium - large cobble (150-300mm) (6-12in.),No Apparent  Cover,Riffle,NA,NA,NA,1,NA,NA,NA,NA,NA,2008
2008-2014,2008-08-25,132,NA,1522,Auditorium RL - Downstream,39.51521827977437,-121.55994996353618,NA,EF_SE,backpack shock into any seine,good,16.5,sunny,NA,NA,Unid Juvenile Sculpin,NA,NA,NA,NA,NA,NA,NA,NA,NA,NA,Medium - large cobble (150-300mm) (6-12in.),No Apparent  Cover,Riffle,NA,NA,NA,1,NA,NA,NA,NA,NA,2008
2008-2014,2008-08-25,132,NA,1523,Auditorium RL - Downstream,39.51521827977437,-121.55994996353618,NA,EF_SE,backpack shock into any seine,good,16.5,sunny,NA,NA,Unid Juvenile Sculpin,NA,NA,NA,NA,NA,NA,NA,NA,NA,NA,Medium - large cobble (150-300mm) (6-12in.),No Apparent  Cover,Riffle,NA,NA,NA,1,NA,NA,NA,NA,NA,2008
2008-2014,2008-08-25,132,NA,1524,Auditorium RL - Downstream,39.51521827977437,-121.55994996353618,NA,EF_SE,backpack shock into any seine,good,16.5,sunny,NA,NA,Unid Juvenile Sculpin,NA,NA,NA,NA,NA,NA,NA,NA,NA,NA,Medium - large cobble (150-300mm) (6-12in.),No Apparent  Cover,Riffle,NA,NA,NA,1,NA,NA,NA,NA,NA,2008
2008-2014,2008-08-25,132,NA,1525,Auditorium RL - Downstream,39.51521827977437,-121.55994996353618,NA,EF_SE,backpack shock into any seine,good,16.5,sunny,NA,NA,Unid Juvenile Sculpin,NA,NA,NA,NA,NA,NA,NA,NA,NA,NA,Medium - large cobble (150-300mm) (6-12in.),No Apparent  Cover,Riffle,NA,NA,NA,1,NA,NA,NA,NA,NA,2008
2008-2014,2008-08-25,132,NA,1526,Auditorium RL - Downstream,39.51521827977437,-121.55994996353618,NA,EF_SE,backpack shock into any seine,good,16.5,sunny,NA,NA,Unid Juvenile Sculpin,NA,NA,NA,NA,NA,NA,NA,NA,NA,NA,Medium - large cobble (150-300mm) (6-12in.),No Apparent  Cover,Riffle,NA,NA,NA,1,NA,NA,NA,NA,NA,2008
2008-2014,2008-08-25,132,NA,1527,Auditorium RL - Downstream,39.51521827977437,-121.55994996353618,NA,EF_SE,backpack shock into any seine,good,16.5,sunny,NA,NA,Riffle Sculpin,NA,NA,NA,NA,NA,NA,NA,NA,NA,NA,Medium - large cobble (150-300mm) (6-12in.),No Apparent  Cover,Riffle,NA,NA,NA,1,NA,NA,NA,NA,NA,2008
2008-2014,2008-08-18,133,NA,1528,Bedrock Park RL,39.51299134724815,-121.56877267584329,NA,EF_SE,backpack shock into any seine,good,16.5,sunny,NA,NA,Riffle Sculpin,NA,NA,NA,NA,NA,NA,NA,NA,NA,NA,Medium - large cobble (150-300mm) (6-12in.),No Apparent  Cover,Riffle,NA,NA,NA,1,NA,NA,NA,NA,NA,2008
2008-2014,2008-08-18,133,NA,1529,Bedrock Park RL,39.51299134724815,-121.56877267584329,NA,EF_SE,backpack shock into any seine,good,16.5,sunny,NA,NA,Riffle Sculpin,NA,NA,NA,NA,NA,NA,NA,NA,NA,NA,Medium - large cobble (150-300mm) (6-12in.),No Apparent  Cover,Riffle,NA,NA,NA,1,NA,NA,NA,NA,NA,2008
2008-2014,2008-08-18,133,NA,1530,Bedrock Park RL,39.51299134724815,-121.56877267584329,NA,EF_SE,backpack shock into any seine,good,16.5,sunny,NA,NA,Unid Juvenile Sculpin,NA,NA,NA,NA,NA,NA,NA,NA,NA,NA,Medium - large cobble (150-300mm) (6-12in.),No Apparent  Cover,Riffle,NA,NA,NA,1,NA,NA,NA,NA,NA,2008
2008-2014,2008-08-18,133,NA,1531,Bedrock Park RL,39.51299134724815,-121.56877267584329,NA,EF_SE,backpack shock into any seine,good,16.5,sunny,NA,NA,Unid Juvenile Sculpin,NA,NA,NA,NA,NA,NA,NA,NA,NA,NA,Medium - large cobble (150-300mm) (6-12in.),No Apparent  Cover,Riffle,NA,NA,NA,1,NA,NA,NA,NA,NA,2008
2008-2014,2008-08-18,133,NA,1532,Bedrock Park RL,39.51299134724815,-121.56877267584329,NA,EF_SE,backpack shock into any seine,good,16.5,sunny,NA,NA,Unid Juvenile Sculpin,NA,NA,NA,NA,NA,NA,NA,NA,NA,NA,Medium - large cobble (150-300mm) (6-12in.),No Apparent  Cover,Riffle,NA,NA,NA,1,NA,NA,NA,NA,NA,2008
2008-2014,2008-08-18,133,NA,1533,Bedrock Park RL,39.51299134724815,-121.56877267584329,NA,EF_SE,backpack shock into any seine,good,16.5,sunny,NA,NA,Unid Juvenile Sculpin,NA,NA,NA,NA,NA,NA,NA,NA,NA,NA,Medium - large cobble (150-300mm) (6-12in.),No Apparent  Cover,Riffle,NA,NA,NA,1,NA,NA,NA,NA,NA,2008
2008-2014,2008-08-18,133,NA,1534,Bedrock Park RL,39.51299134724815,-121.56877267584329,NA,EF_SE,backpack shock into any seine,good,16.5,sunny,NA,NA,Unid Juvenile Sculpin,NA,NA,NA,NA,NA,NA,NA,NA,NA,NA,Medium - large cobble (150-300mm) (6-12in.),No Apparent  Cover,Riffle,NA,NA,NA,1,NA,NA,NA,NA,NA,2008
2008-2014,2008-08-19,135,NA,1586,Vance West RL - Upstream,39.45054126175763,-121.63874099418162,NA,EF_SE,backpack shock into any seine,good,18,sunny,NA,NA,Prickly Sculpin,NA,NA,NA,NA,NA,NA,NA,NA,NA,NA,Small - medium gravel (50-150mm) (2-6in.),Submerged Aquatic Veg/Algae,Riffle,NA,NA,NA,1,NA,NA,NA,NA,NA,2008
2008-2014,2008-08-19,135,NA,1587,Vance West RL - Upstream,39.45054126175763,-121.63874099418162,NA,EF_SE,backpack shock into any seine,good,18,sunny,NA,NA,Prickly Sculpin,NA,NA,NA,NA,NA,NA,NA,NA,NA,NA,Small - medium gravel (50-150mm) (2-6in.),Submerged Aquatic Veg/Algae,Riffle,NA,NA,NA,1,NA,NA,NA,NA,NA,2008
2008-2014,2008-08-19,135,NA,1588,Vance West RL - Upstream,39.45054126175763,-121.63874099418162,NA,EF_SE,backpack shock into any seine,good,18,sunny,NA,NA,Prickly Sculpin,NA,NA,NA,NA,NA,NA,NA,NA,NA,NA,Small - medium gravel (50-150mm) (2-6in.),Submerged Aquatic Veg/Algae,Riffle,NA,NA,NA,1,NA,NA,NA,NA,NA,2008
2008-2014,2008-08-19,135,NA,1589,Vance West RL - Upstream,39.45054126175763,-121.63874099418162,NA,EF_SE,backpack shock into any seine,good,18,sunny,NA,NA,Prickly Sculpin,NA,NA,NA,NA,NA,NA,NA,NA,NA,NA,Small - medium gravel (50-150mm) (2-6in.),Submerged Aquatic Veg/Algae,Riffle,NA,NA,NA,1,NA,NA,NA,NA,NA,2008
2008-2014,2008-08-19,135,NA,1590,Vance West RL - Upstream,39.45054126175763,-121.63874099418162,NA,EF_SE,backpack shock into any seine,good,18,sunny,NA,NA,Prickly Sculpin,NA,NA,NA,NA,NA,NA,NA,NA,NA,NA,Small - medium gravel (50-150mm) (2-6in.),Submerged Aquatic Veg/Algae,Riffle,NA,NA,NA,1,NA,NA,NA,NA,NA,2008
2008-2014,2008-08-19,135,NA,1591,Vance West RL - Upstream,39.45054126175763,-121.63874099418162,NA,EF_SE,backpack shock into any seine,good,18,sunny,NA,NA,Prickly Sculpin,NA,NA,NA,NA,NA,NA,NA,NA,NA,NA,Small - medium gravel (50-150mm) (2-6in.),Submerged Aquatic Veg/Algae,Riffle,NA,NA,NA,1,NA,NA,NA,NA,NA,2008
2008-2014,2008-08-19,135,NA,1592,Vance West RL - Upstream,39.45054126175763,-121.63874099418162,NA,EF_SE,backpack shock into any seine,good,18,sunny,NA,NA,Prickly Sculpin,NA,NA,NA,NA,NA,NA,NA,NA,NA,NA,Small - medium gravel (50-150mm) (2-6in.),Submerged Aquatic Veg/Algae,Riffle,NA,NA,NA,1,NA,NA,NA,NA,NA,2008
2008-2014,2008-08-19,135,NA,1593,Vance West RL - Upstream,39.45054126175763,-121.63874099418162,NA,EF_SE,backpack shock into any seine,good,18,sunny,NA,NA,Prickly Sculpin,NA,NA,NA,NA,NA,NA,NA,NA,NA,NA,Small - medium gravel (50-150mm) (2-6in.),Submerged Aquatic Veg/Algae,Riffle,NA,NA,NA,1,NA,NA,NA,NA,NA,2008
2008-2014,2008-08-19,135,NA,1594,Vance West RL - Upstream,39.45054126175763,-121.63874099418162,NA,EF_SE,backpack shock into any seine,good,18,sunny,NA,NA,Prickly Sculpin,NA,NA,NA,NA,NA,NA,NA,NA,NA,NA,Small - medium gravel (50-150mm) (2-6in.),Submerged Aquatic Veg/Algae,Riffle,NA,NA,NA,1,NA,NA,NA,NA,NA,2008
2008-2014,2008-08-19,135,NA,1595,Vance West RL - Upstream,39.45054126175763,-121.63874099418162,NA,EF_SE,backpack shock into any seine,good,18,sunny,NA,NA,Prickly Sculpin,NA,NA,NA,NA,NA,NA,NA,NA,NA,NA,Small - medium gravel (50-150mm) (2-6in.),Submerged Aquatic Veg/Algae,Riffle,NA,NA,NA,1,NA,NA,NA,NA,NA,2008
2008-2014,2008-08-19,135,NA,1596,Vance West RL - Upstream,39.45054126175763,-121.63874099418162,NA,EF_SE,backpack shock into any seine,good,18,sunny,NA,NA,Prickly Sculpin,NA,NA,NA,NA,NA,NA,NA,NA,NA,NA,Small - medium gravel (50-150mm) (2-6in.),Submerged Aquatic Veg/Algae,Riffle,NA,NA,NA,1,NA,NA,NA,NA,NA,2008
2008-2014,2008-08-19,135,NA,1597,Vance West RL - Upstream,39.45054126175763,-121.63874099418162,NA,EF_SE,backpack shock into any seine,good,18,sunny,NA,NA,Prickly Sculpin,NA,NA,NA,NA,NA,NA,NA,NA,NA,NA,Small - medium gravel (50-150mm) (2-6in.),Submerged Aquatic Veg/Algae,Riffle,NA,NA,NA,1,NA,NA,NA,NA,NA,2008
2008-2014,2008-08-19,135,NA,1598,Vance West RL - Upstream,39.45054126175763,-121.63874099418162,NA,EF_SE,backpack shock into any seine,good,18,sunny,NA,NA,Prickly Sculpin,NA,NA,NA,NA,NA,NA,NA,NA,NA,NA,Small - medium gravel (50-150mm) (2-6in.),Submerged Aquatic Veg/Algae,Riffle,NA,NA,NA,1,NA,NA,NA,NA,NA,2008
2008-2014,2008-08-19,135,NA,1599,Vance West RL - Upstream,39.45054126175763,-121.63874099418162,NA,EF_SE,backpack shock into any seine,good,18,sunny,NA,NA,Prickly Sculpin,NA,NA,NA,NA,NA,NA,NA,NA,NA,NA,Small - medium gravel (50-150mm) (2-6in.),Submerged Aquatic Veg/Algae,Riffle,NA,NA,NA,1,NA,NA,NA,NA,NA,2008
2008-2014,2008-08-19,135,NA,1600,Vance West RL - Upstream,39.45054126175763,-121.63874099418162,NA,EF_SE,backpack shock into any seine,good,18,sunny,NA,NA,Prickly Sculpin,NA,NA,NA,NA,NA,NA,NA,NA,NA,NA,Small - medium gravel (50-150mm) (2-6in.),Submerged Aquatic Veg/Algae,Riffle,NA,NA,NA,1,NA,NA,NA,NA,NA,2008
2008-2014,2008-08-19,135,NA,1601,Vance West RL - Upstream,39.45054126175763,-121.63874099418162,NA,EF_SE,backpack shock into any seine,good,18,sunny,NA,NA,Prickly Sculpin,NA,NA,NA,NA,NA,NA,NA,NA,NA,NA,Small - medium gravel (50-150mm) (2-6in.),Submerged Aquatic Veg/Algae,Riffle,NA,NA,NA,1,NA,NA,NA,NA,NA,2008
2008-2014,2008-08-19,137,NA,1611,Vance East Main RR,39.4509753055808,-121.63794765831399,NA,EF_SE,backpack shock into any seine,good,18.5,sunny,NA,NA,Speckled Dace,79,NA,NA,NA,NA,NA,NA,NA,NA,NA,Small - medium gravel (50-150mm) (2-6in.),Submerged Aquatic Veg/Algae,Riffle,NA,NA,NA,1,Medium - large cobble (150-300mm) (6-12in.),NA,NA,NA,NA,2008
2008-2014,2008-08-19,137,NA,1612,Vance East Main RR,39.4509753055808,-121.63794765831399,NA,EF_SE,backpack shock into any seine,good,18.5,sunny,NA,NA,Unid Juvenile Sculpin,NA,NA,NA,NA,NA,NA,NA,NA,NA,NA,Small - medium gravel (50-150mm) (2-6in.),Submerged Aquatic Veg/Algae,Riffle,NA,NA,NA,1,Medium - large cobble (150-300mm) (6-12in.),NA,NA,NA,NA,2008
2008-2014,2008-08-19,137,NA,1613,Vance East Main RR,39.4509753055808,-121.63794765831399,NA,EF_SE,backpack shock into any seine,good,18.5,sunny,NA,NA,Unid Juvenile Sculpin,NA,NA,NA,NA,NA,NA,NA,NA,NA,NA,Small - medium gravel (50-150mm) (2-6in.),Submerged Aquatic Veg/Algae,Riffle,NA,NA,NA,1,Medium - large cobble (150-300mm) (6-12in.),NA,NA,NA,NA,2008
2008-2014,2008-08-19,138,NA,1614,G95 SC RL,NA,NA,NA,EF_SE,backpack shock into any seine,good,18.5,sunny,NA,NA,Sacramento Pikeminnow,60,NA,NA,NA,NA,NA,NA,NA,NA,NA,Small - medium gravel (50-150mm) (2-6in.),Submerged Aquatic Veg/Algae,Riffle,NA,NA,NA,1,NA,NA,NA,NA,NA,2008
2008-2014,2008-08-19,138,NA,1615,G95 SC RL,NA,NA,NA,EF_SE,backpack shock into any seine,good,18.5,sunny,NA,NA,Speckled Dace,78,NA,NA,NA,NA,NA,NA,NA,NA,NA,Small - medium gravel (50-150mm) (2-6in.),Submerged Aquatic Veg/Algae,Riffle,NA,NA,NA,1,NA,NA,NA,NA,NA,2008
2008-2014,2008-08-19,138,NA,1616,G95 SC RL,NA,NA,NA,EF_SE,backpack shock into any seine,good,18.5,sunny,NA,NA,Prickly Sculpin,NA,NA,NA,NA,NA,NA,NA,NA,NA,NA,Small - medium gravel (50-150mm) (2-6in.),Submerged Aquatic Veg/Algae,Riffle,NA,NA,NA,1,NA,NA,NA,NA,NA,2008
2008-2014,2008-08-19,138,NA,1617,G95 SC RL,NA,NA,NA,EF_SE,backpack shock into any seine,good,18.5,sunny,NA,NA,Prickly Sculpin,NA,NA,NA,NA,NA,NA,NA,NA,NA,NA,Small - medium gravel (50-150mm) (2-6in.),Submerged Aquatic Veg/Algae,Riffle,NA,NA,NA,1,NA,NA,NA,NA,NA,2008
2008-2014,2008-08-19,138,NA,1618,G95 SC RL,NA,NA,NA,EF_SE,backpack shock into any seine,good,18.5,sunny,NA,NA,Prickly Sculpin,NA,NA,NA,NA,NA,NA,NA,NA,NA,NA,Small - medium gravel (50-150mm) (2-6in.),Submerged Aquatic Veg/Algae,Riffle,NA,NA,NA,1,NA,NA,NA,NA,NA,2008
2008-2014,2008-08-19,138,NA,1619,G95 SC RL,NA,NA,NA,EF_SE,backpack shock into any seine,good,18.5,sunny,NA,NA,Prickly Sculpin,NA,NA,NA,NA,NA,NA,NA,NA,NA,NA,Small - medium gravel (50-150mm) (2-6in.),Submerged Aquatic Veg/Algae,Riffle,NA,NA,NA,1,NA,NA,NA,NA,NA,2008
2008-2014,2008-08-19,138,NA,1620,G95 SC RL,NA,NA,NA,EF_SE,backpack shock into any seine,good,18.5,sunny,NA,NA,Prickly Sculpin,NA,NA,NA,NA,NA,NA,NA,NA,NA,NA,Small - medium gravel (50-150mm) (2-6in.),Submerged Aquatic Veg/Algae,Riffle,NA,NA,NA,1,NA,NA,NA,NA,NA,2008
2008-2014,2008-08-19,138,NA,1621,G95 SC RL,NA,NA,NA,EF_SE,backpack shock into any seine,good,18.5,sunny,NA,NA,Prickly Sculpin,NA,NA,NA,NA,NA,NA,NA,NA,NA,NA,Small - medium gravel (50-150mm) (2-6in.),Submerged Aquatic Veg/Algae,Riffle,NA,NA,NA,1,NA,NA,NA,NA,NA,2008
2008-2014,2008-08-19,138,NA,1622,G95 SC RL,NA,NA,NA,EF_SE,backpack shock into any seine,good,18.5,sunny,NA,NA,Prickly Sculpin,NA,NA,NA,NA,NA,NA,NA,NA,NA,NA,Small - medium gravel (50-150mm) (2-6in.),Submerged Aquatic Veg/Algae,Riffle,NA,NA,NA,1,NA,NA,NA,NA,NA,2008
2008-2014,2008-08-19,138,NA,1623,G95 SC RL,NA,NA,NA,EF_SE,backpack shock into any seine,good,18.5,sunny,NA,NA,Prickly Sculpin,NA,NA,NA,NA,NA,NA,NA,NA,NA,NA,Small - medium gravel (50-150mm) (2-6in.),Submerged Aquatic Veg/Algae,Riffle,NA,NA,NA,1,NA,NA,NA,NA,NA,2008
2008-2014,2008-08-19,138,NA,1624,G95 SC RL,NA,NA,NA,EF_SE,backpack shock into any seine,good,18.5,sunny,NA,NA,Prickly Sculpin,NA,NA,NA,NA,NA,NA,NA,NA,NA,NA,Small - medium gravel (50-150mm) (2-6in.),Submerged Aquatic Veg/Algae,Riffle,NA,NA,NA,1,NA,NA,NA,NA,NA,2008
2008-2014,2008-08-19,138,NA,1625,G95 SC RL,NA,NA,NA,EF_SE,backpack shock into any seine,good,18.5,sunny,NA,NA,Prickly Sculpin,NA,NA,NA,NA,NA,NA,NA,NA,NA,NA,Small - medium gravel (50-150mm) (2-6in.),Submerged Aquatic Veg/Algae,Riffle,NA,NA,NA,1,NA,NA,NA,NA,NA,2008
2008-2014,2008-08-19,138,NA,1626,G95 SC RL,NA,NA,NA,EF_SE,backpack shock into any seine,good,18.5,sunny,NA,NA,Prickly Sculpin,NA,NA,NA,NA,NA,NA,NA,NA,NA,NA,Small - medium gravel (50-150mm) (2-6in.),Submerged Aquatic Veg/Algae,Riffle,NA,NA,NA,1,NA,NA,NA,NA,NA,2008
2008-2014,2008-08-19,140,NA,1628,G95 Main RL,39.43022821798607,-121.62918199217741,NA,EF_SE,100 foot beach seine with bag,good,19,sunny,NA,NA,Speckled Dace,39,NA,NA,NA,NA,NA,NA,NA,NA,NA,Small - medium gravel (50-150mm) (2-6in.),Submerged Aquatic Veg/Algae,Riffle,NA,NA,NA,1,NA,NA,NA,NA,NA,2008
2008-2014,2008-08-19,140,NA,1629,G95 Main RL,39.43022821798607,-121.62918199217741,NA,EF_SE,100 foot beach seine with bag,good,19,sunny,NA,NA,Speckled Dace,40,NA,NA,NA,NA,NA,NA,NA,NA,NA,Small - medium gravel (50-150mm) (2-6in.),Submerged Aquatic Veg/Algae,Riffle,NA,NA,NA,1,NA,NA,NA,NA,NA,2008
2008-2014,2008-08-19,140,NA,1630,G95 Main RL,39.43022821798607,-121.62918199217741,NA,EF_SE,100 foot beach seine with bag,good,19,sunny,NA,NA,Speckled Dace,42,NA,NA,NA,NA,NA,NA,NA,NA,NA,Small - medium gravel (50-150mm) (2-6in.),Submerged Aquatic Veg/Algae,Riffle,NA,NA,NA,1,NA,NA,NA,NA,NA,2008
2008-2014,2008-08-19,140,NA,1631,G95 Main RL,39.43022821798607,-121.62918199217741,NA,EF_SE,100 foot beach seine with bag,good,19,sunny,NA,NA,Speckled Dace,41,NA,NA,NA,NA,NA,NA,NA,NA,NA,Small - medium gravel (50-150mm) (2-6in.),Submerged Aquatic Veg/Algae,Riffle,NA,NA,NA,1,NA,NA,NA,NA,NA,2008
2008-2014,2008-08-19,140,NA,1632,G95 Main RL,39.43022821798607,-121.62918199217741,NA,EF_SE,100 foot beach seine with bag,good,19,sunny,NA,NA,Unid Juvenile Sculpin,NA,NA,NA,NA,NA,NA,NA,NA,NA,NA,Small - medium gravel (50-150mm) (2-6in.),Submerged Aquatic Veg/Algae,Riffle,NA,NA,NA,1,NA,NA,NA,NA,NA,2008
2008-2014,2008-08-19,140,NA,1633,G95 Main RL,39.43022821798607,-121.62918199217741,NA,EF_SE,100 foot beach seine with bag,good,19,sunny,NA,NA,Unid Juvenile Sculpin,NA,NA,NA,NA,NA,NA,NA,NA,NA,NA,Small - medium gravel (50-150mm) (2-6in.),Submerged Aquatic Veg/Algae,Riffle,NA,NA,NA,1,NA,NA,NA,NA,NA,2008
2008-2014,2008-08-19,140,NA,1634,G95 Main RL,39.43022821798607,-121.62918199217741,NA,EF_SE,100 foot beach seine with bag,good,19,sunny,NA,NA,Unid Juvenile Sculpin,NA,NA,NA,NA,NA,NA,NA,NA,NA,NA,Small - medium gravel (50-150mm) (2-6in.),Submerged Aquatic Veg/Algae,Riffle,NA,NA,NA,1,NA,NA,NA,NA,NA,2008
2008-2014,2008-08-19,140,NA,1635,G95 Main RL,39.43022821798607,-121.62918199217741,NA,EF_SE,100 foot beach seine with bag,good,19,sunny,NA,NA,Unid Juvenile Sculpin,NA,NA,NA,NA,NA,NA,NA,NA,NA,NA,Small - medium gravel (50-150mm) (2-6in.),Submerged Aquatic Veg/Algae,Riffle,NA,NA,NA,1,NA,NA,NA,NA,NA,2008
2008-2014,2008-08-19,140,NA,1636,G95 Main RL,39.43022821798607,-121.62918199217741,NA,EF_SE,100 foot beach seine with bag,good,19,sunny,NA,NA,Unid Juvenile Sculpin,NA,NA,NA,NA,NA,NA,NA,NA,NA,NA,Small - medium gravel (50-150mm) (2-6in.),Submerged Aquatic Veg/Algae,Riffle,NA,NA,NA,1,NA,NA,NA,NA,NA,2008
2008-2014,2008-08-19,140,NA,1637,G95 Main RL,39.43022821798607,-121.62918199217741,NA,EF_SE,100 foot beach seine with bag,good,19,sunny,NA,NA,Unid Juvenile Sculpin,NA,NA,NA,NA,NA,NA,NA,NA,NA,NA,Small - medium gravel (50-150mm) (2-6in.),Submerged Aquatic Veg/Algae,Riffle,NA,NA,NA,1,NA,NA,NA,NA,NA,2008
2008-2014,2008-08-19,140,NA,1638,G95 Main RL,39.43022821798607,-121.62918199217741,NA,EF_SE,100 foot beach seine with bag,good,19,sunny,NA,NA,Unid Juvenile Sculpin,NA,NA,NA,NA,NA,NA,NA,NA,NA,NA,Small - medium gravel (50-150mm) (2-6in.),Submerged Aquatic Veg/Algae,Riffle,NA,NA,NA,1,NA,NA,NA,NA,NA,2008
2008-2014,2008-08-19,140,NA,1639,G95 Main RL,39.43022821798607,-121.62918199217741,NA,EF_SE,100 foot beach seine with bag,good,19,sunny,NA,NA,Unid Juvenile Sculpin,NA,NA,NA,NA,NA,NA,NA,NA,NA,NA,Small - medium gravel (50-150mm) (2-6in.),Submerged Aquatic Veg/Algae,Riffle,NA,NA,NA,1,NA,NA,NA,NA,NA,2008
2008-2014,2008-08-19,140,NA,1640,G95 Main RL,39.43022821798607,-121.62918199217741,NA,EF_SE,100 foot beach seine with bag,good,19,sunny,NA,NA,Unid Juvenile Sculpin,NA,NA,NA,NA,NA,NA,NA,NA,NA,NA,Small - medium gravel (50-150mm) (2-6in.),Submerged Aquatic Veg/Algae,Riffle,NA,NA,NA,1,NA,NA,NA,NA,NA,2008
2008-2014,2008-08-19,140,NA,1641,G95 Main RL,39.43022821798607,-121.62918199217741,NA,EF_SE,100 foot beach seine with bag,good,19,sunny,NA,NA,Sacramento Pikeminnow,44,NA,NA,NA,NA,NA,NA,NA,NA,NA,Small - medium gravel (50-150mm) (2-6in.),Submerged Aquatic Veg/Algae,Riffle,NA,NA,NA,1,NA,NA,NA,NA,NA,2008
2008-2014,2008-08-19,140,NA,1642,G95 Main RL,39.43022821798607,-121.62918199217741,NA,EF_SE,100 foot beach seine with bag,good,19,sunny,NA,NA,Prickly Sculpin,NA,NA,NA,NA,NA,NA,NA,NA,NA,NA,Small - medium gravel (50-150mm) (2-6in.),Submerged Aquatic Veg/Algae,Riffle,NA,NA,NA,1,NA,NA,NA,NA,NA,2008
2008-2014,2008-08-19,140,NA,1643,G95 Main RL,39.43022821798607,-121.62918199217741,NA,EF_SE,100 foot beach seine with bag,good,19,sunny,NA,NA,Prickly Sculpin,NA,NA,NA,NA,NA,NA,NA,NA,NA,NA,Small - medium gravel (50-150mm) (2-6in.),Submerged Aquatic Veg/Algae,Riffle,NA,NA,NA,1,NA,NA,NA,NA,NA,2008
2008-2014,2008-08-21,144,NA,1687,Steep side channel - Upstream,39.46298184138251,-121.60336633450677,NA,EF_SE,backpack shock into any seine,good,17,sunny,NA,NA,Sacramento Pikeminnow,35,n/a,NA,NA,NA,NA,NA,NA,NA,NA,Small - medium gravel (50-150mm) (2-6in.),Undercut Bank,Riffle,NA,NA,NA,1,Medium - large cobble (150-300mm) (6-12in.),NA,NA,NA,NA,2008
2008-2014,2008-08-21,144,NA,1688,Steep side channel - Upstream,39.46298184138251,-121.60336633450677,NA,EF_SE,backpack shock into any seine,good,17,sunny,NA,NA,Sacramento Pikeminnow,32,NA,NA,NA,NA,NA,NA,NA,NA,NA,Small - medium gravel (50-150mm) (2-6in.),Undercut Bank,Riffle,NA,NA,NA,1,Medium - large cobble (150-300mm) (6-12in.),NA,NA,NA,NA,2008
2008-2014,2008-08-21,144,NA,1689,Steep side channel - Upstream,39.46298184138251,-121.60336633450677,NA,EF_SE,backpack shock into any seine,good,17,sunny,NA,NA,Sacramento Sucker,33,NA,NA,NA,NA,NA,NA,NA,NA,NA,Small - medium gravel (50-150mm) (2-6in.),Undercut Bank,Riffle,NA,NA,NA,1,Medium - large cobble (150-300mm) (6-12in.),NA,NA,NA,NA,2008
2008-2014,2008-08-21,145,NA,1690,Steep side channel - Downstream,39.46243841443723,-121.60356118035766,NA,EF_SE,backpack shock into any seine,good,17,sunny,NA,NA,Riffle Sculpin,NA,NA,NA,NA,NA,NA,NA,NA,NA,NA,Small - medium gravel (50-150mm) (2-6in.),Large Instream Objects/Woody Debris,Riffle,NA,NA,NA,1,NA,NA,NA,NA,NA,2008
2008-2014,2008-08-21,145,NA,1691,Steep side channel - Downstream,39.46243841443723,-121.60356118035766,NA,EF_SE,backpack shock into any seine,good,17,sunny,NA,NA,Riffle Sculpin,NA,NA,NA,NA,NA,NA,NA,NA,NA,NA,Small - medium gravel (50-150mm) (2-6in.),Large Instream Objects/Woody Debris,Riffle,NA,NA,NA,1,NA,NA,NA,NA,NA,2008
2008-2014,2008-08-21,145,NA,1692,Steep side channel - Downstream,39.46243841443723,-121.60356118035766,NA,EF_SE,backpack shock into any seine,good,17,sunny,NA,NA,Riffle Sculpin,NA,NA,NA,NA,NA,NA,NA,NA,NA,NA,Small - medium gravel (50-150mm) (2-6in.),Large Instream Objects/Woody Debris,Riffle,NA,NA,NA,1,NA,NA,NA,NA,NA,2008
2008-2014,2008-08-21,145,NA,1693,Steep side channel - Downstream,39.46243841443723,-121.60356118035766,NA,EF_SE,backpack shock into any seine,good,17,sunny,NA,NA,Riffle Sculpin,NA,NA,NA,NA,NA,NA,NA,NA,NA,NA,Small - medium gravel (50-150mm) (2-6in.),Large Instream Objects/Woody Debris,Riffle,NA,NA,NA,1,NA,NA,NA,NA,NA,2008
2008-2014,2008-08-21,145,NA,1694,Steep side channel - Downstream,39.46243841443723,-121.60356118035766,NA,EF_SE,backpack shock into any seine,good,17,sunny,NA,NA,Riffle Sculpin,NA,NA,NA,NA,NA,NA,NA,NA,NA,NA,Small - medium gravel (50-150mm) (2-6in.),Large Instream Objects/Woody Debris,Riffle,NA,NA,NA,1,NA,NA,NA,NA,NA,2008
2008-2014,2008-08-21,145,NA,1695,Steep side channel - Downstream,39.46243841443723,-121.60356118035766,NA,EF_SE,backpack shock into any seine,good,17,sunny,NA,NA,Prickly Sculpin,NA,NA,NA,NA,NA,NA,NA,NA,NA,NA,Small - medium gravel (50-150mm) (2-6in.),Large Instream Objects/Woody Debris,Riffle,NA,NA,NA,1,NA,NA,NA,NA,NA,2008
2008-2014,2008-08-21,145,NA,1696,Steep side channel - Downstream,39.46243841443723,-121.60356118035766,NA,EF_SE,backpack shock into any seine,good,17,sunny,NA,NA,Prickly Sculpin,NA,NA,NA,NA,NA,NA,NA,NA,NA,NA,Small - medium gravel (50-150mm) (2-6in.),Large Instream Objects/Woody Debris,Riffle,NA,NA,NA,1,NA,NA,NA,NA,NA,2008
2008-2014,2008-08-21,145,NA,1697,Steep side channel - Downstream,39.46243841443723,-121.60356118035766,NA,EF_SE,backpack shock into any seine,good,17,sunny,NA,NA,Unid Juvenile Sculpin,NA,NA,NA,NA,NA,NA,NA,NA,NA,NA,Small - medium gravel (50-150mm) (2-6in.),Large Instream Objects/Woody Debris,Riffle,NA,NA,NA,1,NA,NA,NA,NA,NA,2008
2008-2014,2008-08-21,145,NA,1698,Steep side channel - Downstream,39.46243841443723,-121.60356118035766,NA,EF_SE,backpack shock into any seine,good,17,sunny,NA,NA,Unid Juvenile Sculpin,NA,NA,NA,NA,NA,NA,NA,NA,NA,NA,Small - medium gravel (50-150mm) (2-6in.),Large Instream Objects/Woody Debris,Riffle,NA,NA,NA,1,NA,NA,NA,NA,NA,2008
2008-2014,2008-08-21,145,NA,1699,Steep side channel - Downstream,39.46243841443723,-121.60356118035766,NA,EF_SE,backpack shock into any seine,good,17,sunny,NA,NA,Unid Juvenile Sculpin,NA,NA,NA,NA,NA,NA,NA,NA,NA,NA,Small - medium gravel (50-150mm) (2-6in.),Large Instream Objects/Woody Debris,Riffle,NA,NA,NA,1,NA,NA,NA,NA,NA,2008
2008-2014,2008-08-21,145,NA,1700,Steep side channel - Downstream,39.46243841443723,-121.60356118035766,NA,EF_SE,backpack shock into any seine,good,17,sunny,NA,NA,Unid Juvenile Sculpin,NA,NA,NA,NA,NA,NA,NA,NA,NA,NA,Small - medium gravel (50-150mm) (2-6in.),Large Instream Objects/Woody Debris,Riffle,NA,NA,NA,1,NA,NA,NA,NA,NA,2008
2008-2014,2008-08-21,147,NA,1708,Steep Main RR - Upstream,39.462937961867105,-121.60428005334087,NA,EF_SE,backpack shock into any seine,good,18,sunny,NA,NA,Riffle Sculpin,NA,NA,NA,NA,NA,NA,NA,NA,NA,NA,Small - medium gravel (50-150mm) (2-6in.),Small Instream Objects/Woody Debris,Riffle,NA,NA,NA,1,Medium - large cobble (150-300mm) (6-12in.),Boulder (>300mm) (>12in.),Overhead Objects,Large Instream Objects/Woody Debris,NA,2008
2008-2014,2008-08-21,147,NA,1709,Steep Main RR - Upstream,39.462937961867105,-121.60428005334087,NA,EF_SE,backpack shock into any seine,good,18,sunny,NA,NA,Riffle Sculpin,NA,NA,NA,NA,NA,NA,NA,NA,NA,NA,Small - medium gravel (50-150mm) (2-6in.),Small Instream Objects/Woody Debris,Riffle,NA,NA,NA,1,Medium - large cobble (150-300mm) (6-12in.),Boulder (>300mm) (>12in.),Overhead Objects,Large Instream Objects/Woody Debris,NA,2008
2008-2014,2008-08-21,147,NA,1710,Steep Main RR - Upstream,39.462937961867105,-121.60428005334087,NA,EF_SE,backpack shock into any seine,good,18,sunny,NA,NA,Riffle Sculpin,NA,NA,NA,NA,NA,NA,NA,NA,NA,NA,Small - medium gravel (50-150mm) (2-6in.),Small Instream Objects/Woody Debris,Riffle,NA,NA,NA,1,Medium - large cobble (150-300mm) (6-12in.),Boulder (>300mm) (>12in.),Overhead Objects,Large Instream Objects/Woody Debris,NA,2008
2008-2014,2008-08-21,147,NA,1711,Steep Main RR - Upstream,39.462937961867105,-121.60428005334087,NA,EF_SE,backpack shock into any seine,good,18,sunny,NA,NA,Riffle Sculpin,NA,NA,NA,NA,NA,NA,NA,NA,NA,NA,Small - medium gravel (50-150mm) (2-6in.),Small Instream Objects/Woody Debris,Riffle,NA,NA,NA,1,Medium - large cobble (150-300mm) (6-12in.),Boulder (>300mm) (>12in.),Overhead Objects,Large Instream Objects/Woody Debris,NA,2008
2008-2014,2008-08-21,147,NA,1712,Steep Main RR - Upstream,39.462937961867105,-121.60428005334087,NA,EF_SE,backpack shock into any seine,good,18,sunny,NA,NA,Riffle Sculpin,NA,NA,NA,NA,NA,NA,NA,NA,NA,NA,Small - medium gravel (50-150mm) (2-6in.),Small Instream Objects/Woody Debris,Riffle,NA,NA,NA,1,Medium - large cobble (150-300mm) (6-12in.),Boulder (>300mm) (>12in.),Overhead Objects,Large Instream Objects/Woody Debris,NA,2008
2008-2014,2008-08-21,147,NA,1713,Steep Main RR - Upstream,39.462937961867105,-121.60428005334087,NA,EF_SE,backpack shock into any seine,good,18,sunny,NA,NA,Riffle Sculpin,NA,NA,NA,NA,NA,NA,NA,NA,NA,NA,Small - medium gravel (50-150mm) (2-6in.),Small Instream Objects/Woody Debris,Riffle,NA,NA,NA,1,Medium - large cobble (150-300mm) (6-12in.),Boulder (>300mm) (>12in.),Overhead Objects,Large Instream Objects/Woody Debris,NA,2008
2008-2014,2008-08-21,147,NA,1714,Steep Main RR - Upstream,39.462937961867105,-121.60428005334087,NA,EF_SE,backpack shock into any seine,good,18,sunny,NA,NA,Riffle Sculpin,NA,NA,NA,NA,NA,NA,NA,NA,NA,NA,Small - medium gravel (50-150mm) (2-6in.),Small Instream Objects/Woody Debris,Riffle,NA,NA,NA,1,Medium - large cobble (150-300mm) (6-12in.),Boulder (>300mm) (>12in.),Overhead Objects,Large Instream Objects/Woody Debris,NA,2008
2008-2014,2008-08-21,147,NA,1715,Steep Main RR - Upstream,39.462937961867105,-121.60428005334087,NA,EF_SE,backpack shock into any seine,good,18,sunny,NA,NA,Riffle Sculpin,NA,NA,NA,NA,NA,NA,NA,NA,NA,NA,Small - medium gravel (50-150mm) (2-6in.),Small Instream Objects/Woody Debris,Riffle,NA,NA,NA,1,Medium - large cobble (150-300mm) (6-12in.),Boulder (>300mm) (>12in.),Overhead Objects,Large Instream Objects/Woody Debris,NA,2008
2008-2014,2008-08-21,147,NA,1716,Steep Main RR - Upstream,39.462937961867105,-121.60428005334087,NA,EF_SE,backpack shock into any seine,good,18,sunny,NA,NA,Riffle Sculpin,NA,NA,NA,NA,NA,NA,NA,NA,NA,NA,Small - medium gravel (50-150mm) (2-6in.),Small Instream Objects/Woody Debris,Riffle,NA,NA,NA,1,Medium - large cobble (150-300mm) (6-12in.),Boulder (>300mm) (>12in.),Overhead Objects,Large Instream Objects/Woody Debris,NA,2008
2008-2014,2008-08-21,147,NA,1717,Steep Main RR - Upstream,39.462937961867105,-121.60428005334087,NA,EF_SE,backpack shock into any seine,good,18,sunny,NA,NA,Riffle Sculpin,NA,NA,NA,NA,NA,NA,NA,NA,NA,NA,Small - medium gravel (50-150mm) (2-6in.),Small Instream Objects/Woody Debris,Riffle,NA,NA,NA,1,Medium - large cobble (150-300mm) (6-12in.),Boulder (>300mm) (>12in.),Overhead Objects,Large Instream Objects/Woody Debris,NA,2008
2008-2014,2008-08-21,147,NA,1718,Steep Main RR - Upstream,39.462937961867105,-121.60428005334087,NA,EF_SE,backpack shock into any seine,good,18,sunny,NA,NA,Riffle Sculpin,NA,NA,NA,NA,NA,NA,NA,NA,NA,NA,Small - medium gravel (50-150mm) (2-6in.),Small Instream Objects/Woody Debris,Riffle,NA,NA,NA,1,Medium - large cobble (150-300mm) (6-12in.),Boulder (>300mm) (>12in.),Overhead Objects,Large Instream Objects/Woody Debris,NA,2008
2008-2014,2008-08-21,147,NA,1719,Steep Main RR - Upstream,39.462937961867105,-121.60428005334087,NA,EF_SE,backpack shock into any seine,good,18,sunny,NA,NA,Riffle Sculpin,NA,NA,NA,NA,NA,NA,NA,NA,NA,NA,Small - medium gravel (50-150mm) (2-6in.),Small Instream Objects/Woody Debris,Riffle,NA,NA,NA,1,Medium - large cobble (150-300mm) (6-12in.),Boulder (>300mm) (>12in.),Overhead Objects,Large Instream Objects/Woody Debris,NA,2008
2008-2014,2008-08-21,147,NA,1720,Steep Main RR - Upstream,39.462937961867105,-121.60428005334087,NA,EF_SE,backpack shock into any seine,good,18,sunny,NA,NA,Riffle Sculpin,NA,NA,NA,NA,NA,NA,NA,NA,NA,NA,Small - medium gravel (50-150mm) (2-6in.),Small Instream Objects/Woody Debris,Riffle,NA,NA,NA,1,Medium - large cobble (150-300mm) (6-12in.),Boulder (>300mm) (>12in.),Overhead Objects,Large Instream Objects/Woody Debris,NA,2008
2008-2014,2008-08-21,147,NA,1721,Steep Main RR - Upstream,39.462937961867105,-121.60428005334087,NA,EF_SE,backpack shock into any seine,good,18,sunny,NA,NA,Riffle Sculpin,NA,NA,NA,NA,NA,NA,NA,NA,NA,NA,Small - medium gravel (50-150mm) (2-6in.),Small Instream Objects/Woody Debris,Riffle,NA,NA,NA,1,Medium - large cobble (150-300mm) (6-12in.),Boulder (>300mm) (>12in.),Overhead Objects,Large Instream Objects/Woody Debris,NA,2008
2008-2014,2008-08-21,147,NA,1722,Steep Main RR - Upstream,39.462937961867105,-121.60428005334087,NA,EF_SE,backpack shock into any seine,good,18,sunny,NA,NA,Riffle Sculpin,NA,NA,NA,NA,NA,NA,NA,NA,NA,NA,Small - medium gravel (50-150mm) (2-6in.),Small Instream Objects/Woody Debris,Riffle,NA,NA,NA,1,Medium - large cobble (150-300mm) (6-12in.),Boulder (>300mm) (>12in.),Overhead Objects,Large Instream Objects/Woody Debris,NA,2008
2008-2014,2008-08-21,147,NA,1723,Steep Main RR - Upstream,39.462937961867105,-121.60428005334087,NA,EF_SE,backpack shock into any seine,good,18,sunny,NA,NA,Riffle Sculpin,NA,NA,NA,NA,NA,NA,NA,NA,NA,NA,Small - medium gravel (50-150mm) (2-6in.),Small Instream Objects/Woody Debris,Riffle,NA,NA,NA,1,Medium - large cobble (150-300mm) (6-12in.),Boulder (>300mm) (>12in.),Overhead Objects,Large Instream Objects/Woody Debris,NA,2008
2008-2014,2008-08-21,147,NA,1724,Steep Main RR - Upstream,39.462937961867105,-121.60428005334087,NA,EF_SE,backpack shock into any seine,good,18,sunny,NA,NA,Riffle Sculpin,NA,NA,NA,NA,NA,NA,NA,NA,NA,NA,Small - medium gravel (50-150mm) (2-6in.),Small Instream Objects/Woody Debris,Riffle,NA,NA,NA,1,Medium - large cobble (150-300mm) (6-12in.),Boulder (>300mm) (>12in.),Overhead Objects,Large Instream Objects/Woody Debris,NA,2008
2008-2014,2008-08-21,147,NA,1725,Steep Main RR - Upstream,39.462937961867105,-121.60428005334087,NA,EF_SE,backpack shock into any seine,good,18,sunny,NA,NA,Riffle Sculpin,NA,NA,NA,NA,NA,NA,NA,NA,NA,NA,Small - medium gravel (50-150mm) (2-6in.),Small Instream Objects/Woody Debris,Riffle,NA,NA,NA,1,Medium - large cobble (150-300mm) (6-12in.),Boulder (>300mm) (>12in.),Overhead Objects,Large Instream Objects/Woody Debris,NA,2008
2008-2014,2008-08-21,147,NA,1726,Steep Main RR - Upstream,39.462937961867105,-121.60428005334087,NA,EF_SE,backpack shock into any seine,good,18,sunny,NA,NA,Prickly Sculpin,NA,NA,NA,NA,NA,NA,NA,NA,NA,NA,Small - medium gravel (50-150mm) (2-6in.),Small Instream Objects/Woody Debris,Riffle,NA,NA,NA,1,Medium - large cobble (150-300mm) (6-12in.),Boulder (>300mm) (>12in.),Overhead Objects,Large Instream Objects/Woody Debris,NA,2008
2008-2014,2008-08-21,147,NA,1727,Steep Main RR - Upstream,39.462937961867105,-121.60428005334087,NA,EF_SE,backpack shock into any seine,good,18,sunny,NA,NA,Prickly Sculpin,NA,NA,NA,NA,NA,NA,NA,NA,NA,NA,Small - medium gravel (50-150mm) (2-6in.),Small Instream Objects/Woody Debris,Riffle,NA,NA,NA,1,Medium - large cobble (150-300mm) (6-12in.),Boulder (>300mm) (>12in.),Overhead Objects,Large Instream Objects/Woody Debris,NA,2008
2008-2014,2008-08-21,147,NA,1728,Steep Main RR - Upstream,39.462937961867105,-121.60428005334087,NA,EF_SE,backpack shock into any seine,good,18,sunny,NA,NA,Prickly Sculpin,NA,NA,NA,NA,NA,NA,NA,NA,NA,NA,Small - medium gravel (50-150mm) (2-6in.),Small Instream Objects/Woody Debris,Riffle,NA,NA,NA,1,Medium - large cobble (150-300mm) (6-12in.),Boulder (>300mm) (>12in.),Overhead Objects,Large Instream Objects/Woody Debris,NA,2008
2008-2014,2008-08-21,147,NA,1729,Steep Main RR - Upstream,39.462937961867105,-121.60428005334087,NA,EF_SE,backpack shock into any seine,good,18,sunny,NA,NA,Prickly Sculpin,NA,NA,NA,NA,NA,NA,NA,NA,NA,NA,Small - medium gravel (50-150mm) (2-6in.),Small Instream Objects/Woody Debris,Riffle,NA,NA,NA,1,Medium - large cobble (150-300mm) (6-12in.),Boulder (>300mm) (>12in.),Overhead Objects,Large Instream Objects/Woody Debris,NA,2008
2008-2014,2008-08-21,147,NA,1730,Steep Main RR - Upstream,39.462937961867105,-121.60428005334087,NA,EF_SE,backpack shock into any seine,good,18,sunny,NA,NA,Prickly Sculpin,NA,NA,NA,NA,NA,NA,NA,NA,NA,NA,Small - medium gravel (50-150mm) (2-6in.),Small Instream Objects/Woody Debris,Riffle,NA,NA,NA,1,Medium - large cobble (150-300mm) (6-12in.),Boulder (>300mm) (>12in.),Overhead Objects,Large Instream Objects/Woody Debris,NA,2008
2008-2014,2008-08-21,147,NA,1731,Steep Main RR - Upstream,39.462937961867105,-121.60428005334087,NA,EF_SE,backpack shock into any seine,good,18,sunny,NA,NA,Prickly Sculpin,NA,NA,NA,NA,NA,NA,NA,NA,NA,NA,Small - medium gravel (50-150mm) (2-6in.),Small Instream Objects/Woody Debris,Riffle,NA,NA,NA,1,Medium - large cobble (150-300mm) (6-12in.),Boulder (>300mm) (>12in.),Overhead Objects,Large Instream Objects/Woody Debris,NA,2008
2008-2014,2008-08-21,147,NA,1732,Steep Main RR - Upstream,39.462937961867105,-121.60428005334087,NA,EF_SE,backpack shock into any seine,good,18,sunny,NA,NA,Prickly Sculpin,NA,NA,NA,NA,NA,NA,NA,NA,NA,NA,Small - medium gravel (50-150mm) (2-6in.),Small Instream Objects/Woody Debris,Riffle,NA,NA,NA,1,Medium - large cobble (150-300mm) (6-12in.),Boulder (>300mm) (>12in.),Overhead Objects,Large Instream Objects/Woody Debris,NA,2008
2008-2014,2008-08-21,147,NA,1733,Steep Main RR - Upstream,39.462937961867105,-121.60428005334087,NA,EF_SE,backpack shock into any seine,good,18,sunny,NA,NA,Prickly Sculpin,NA,NA,NA,NA,NA,NA,NA,NA,NA,NA,Small - medium gravel (50-150mm) (2-6in.),Small Instream Objects/Woody Debris,Riffle,NA,NA,NA,1,Medium - large cobble (150-300mm) (6-12in.),Boulder (>300mm) (>12in.),Overhead Objects,Large Instream Objects/Woody Debris,NA,2008
2008-2014,2008-08-21,147,NA,1734,Steep Main RR - Upstream,39.462937961867105,-121.60428005334087,NA,EF_SE,backpack shock into any seine,good,18,sunny,NA,NA,Prickly Sculpin,NA,NA,NA,NA,NA,NA,NA,NA,NA,NA,Small - medium gravel (50-150mm) (2-6in.),Small Instream Objects/Woody Debris,Riffle,NA,NA,NA,1,Medium - large cobble (150-300mm) (6-12in.),Boulder (>300mm) (>12in.),Overhead Objects,Large Instream Objects/Woody Debris,NA,2008
2008-2014,2008-08-21,147,NA,1735,Steep Main RR - Upstream,39.462937961867105,-121.60428005334087,NA,EF_SE,backpack shock into any seine,good,18,sunny,NA,NA,Prickly Sculpin,NA,NA,NA,NA,NA,NA,NA,NA,NA,NA,Small - medium gravel (50-150mm) (2-6in.),Small Instream Objects/Woody Debris,Riffle,NA,NA,NA,1,Medium - large cobble (150-300mm) (6-12in.),Boulder (>300mm) (>12in.),Overhead Objects,Large Instream Objects/Woody Debris,NA,2008
2008-2014,2008-08-21,147,NA,1736,Steep Main RR - Upstream,39.462937961867105,-121.60428005334087,NA,EF_SE,backpack shock into any seine,good,18,sunny,NA,NA,Prickly Sculpin,NA,NA,NA,NA,NA,NA,NA,NA,NA,NA,Small - medium gravel (50-150mm) (2-6in.),Small Instream Objects/Woody Debris,Riffle,NA,NA,NA,1,Medium - large cobble (150-300mm) (6-12in.),Boulder (>300mm) (>12in.),Overhead Objects,Large Instream Objects/Woody Debris,NA,2008
2008-2014,2008-08-21,147,NA,1737,Steep Main RR - Upstream,39.462937961867105,-121.60428005334087,NA,EF_SE,backpack shock into any seine,good,18,sunny,NA,NA,Prickly Sculpin,NA,NA,NA,NA,NA,NA,NA,NA,NA,NA,Small - medium gravel (50-150mm) (2-6in.),Small Instream Objects/Woody Debris,Riffle,NA,NA,NA,1,Medium - large cobble (150-300mm) (6-12in.),Boulder (>300mm) (>12in.),Overhead Objects,Large Instream Objects/Woody Debris,NA,2008
2008-2014,2008-08-21,147,NA,1738,Steep Main RR - Upstream,39.462937961867105,-121.60428005334087,NA,EF_SE,backpack shock into any seine,good,18,sunny,NA,NA,Prickly Sculpin,NA,NA,NA,NA,NA,NA,NA,NA,NA,NA,Small - medium gravel (50-150mm) (2-6in.),Small Instream Objects/Woody Debris,Riffle,NA,NA,NA,1,Medium - large cobble (150-300mm) (6-12in.),Boulder (>300mm) (>12in.),Overhead Objects,Large Instream Objects/Woody Debris,NA,2008
2008-2014,2008-08-21,147,NA,1739,Steep Main RR - Upstream,39.462937961867105,-121.60428005334087,NA,EF_SE,backpack shock into any seine,good,18,sunny,NA,NA,Prickly Sculpin,NA,NA,NA,NA,NA,NA,NA,NA,NA,NA,Small - medium gravel (50-150mm) (2-6in.),Small Instream Objects/Woody Debris,Riffle,NA,NA,NA,1,Medium - large cobble (150-300mm) (6-12in.),Boulder (>300mm) (>12in.),Overhead Objects,Large Instream Objects/Woody Debris,NA,2008
2008-2014,2008-08-21,147,NA,1740,Steep Main RR - Upstream,39.462937961867105,-121.60428005334087,NA,EF_SE,backpack shock into any seine,good,18,sunny,NA,NA,Unid Juvenile Sculpin,NA,NA,NA,NA,NA,NA,NA,NA,NA,NA,Small - medium gravel (50-150mm) (2-6in.),Small Instream Objects/Woody Debris,Riffle,NA,NA,NA,1,Medium - large cobble (150-300mm) (6-12in.),Boulder (>300mm) (>12in.),Overhead Objects,Large Instream Objects/Woody Debris,NA,2008
2008-2014,2008-08-21,147,NA,1741,Steep Main RR - Upstream,39.462937961867105,-121.60428005334087,NA,EF_SE,backpack shock into any seine,good,18,sunny,NA,NA,Unid Juvenile Sculpin,NA,NA,NA,NA,NA,NA,NA,NA,NA,NA,Small - medium gravel (50-150mm) (2-6in.),Small Instream Objects/Woody Debris,Riffle,NA,NA,NA,1,Medium - large cobble (150-300mm) (6-12in.),Boulder (>300mm) (>12in.),Overhead Objects,Large Instream Objects/Woody Debris,NA,2008
2008-2014,2008-08-21,147,NA,1742,Steep Main RR - Upstream,39.462937961867105,-121.60428005334087,NA,EF_SE,backpack shock into any seine,good,18,sunny,NA,NA,Unid Juvenile Sculpin,NA,NA,NA,NA,NA,NA,NA,NA,NA,NA,Small - medium gravel (50-150mm) (2-6in.),Small Instream Objects/Woody Debris,Riffle,NA,NA,NA,1,Medium - large cobble (150-300mm) (6-12in.),Boulder (>300mm) (>12in.),Overhead Objects,Large Instream Objects/Woody Debris,NA,2008
2008-2014,2008-08-21,147,NA,1743,Steep Main RR - Upstream,39.462937961867105,-121.60428005334087,NA,EF_SE,backpack shock into any seine,good,18,sunny,NA,NA,Unid Juvenile Sculpin,NA,NA,NA,NA,NA,NA,NA,NA,NA,NA,Small - medium gravel (50-150mm) (2-6in.),Small Instream Objects/Woody Debris,Riffle,NA,NA,NA,1,Medium - large cobble (150-300mm) (6-12in.),Boulder (>300mm) (>12in.),Overhead Objects,Large Instream Objects/Woody Debris,NA,2008
2008-2014,2008-08-21,147,NA,1744,Steep Main RR - Upstream,39.462937961867105,-121.60428005334087,NA,EF_SE,backpack shock into any seine,good,18,sunny,NA,NA,Unid Juvenile Sculpin,NA,NA,NA,NA,NA,NA,NA,NA,NA,NA,Small - medium gravel (50-150mm) (2-6in.),Small Instream Objects/Woody Debris,Riffle,NA,NA,NA,1,Medium - large cobble (150-300mm) (6-12in.),Boulder (>300mm) (>12in.),Overhead Objects,Large Instream Objects/Woody Debris,NA,2008
2008-2014,2008-08-21,147,NA,1745,Steep Main RR - Upstream,39.462937961867105,-121.60428005334087,NA,EF_SE,backpack shock into any seine,good,18,sunny,NA,NA,Unid Juvenile Sculpin,NA,NA,NA,NA,NA,NA,NA,NA,NA,NA,Small - medium gravel (50-150mm) (2-6in.),Small Instream Objects/Woody Debris,Riffle,NA,NA,NA,1,Medium - large cobble (150-300mm) (6-12in.),Boulder (>300mm) (>12in.),Overhead Objects,Large Instream Objects/Woody Debris,NA,2008
2008-2014,2008-08-21,147,NA,1746,Steep Main RR - Upstream,39.462937961867105,-121.60428005334087,NA,EF_SE,backpack shock into any seine,good,18,sunny,NA,NA,Unid Juvenile Sculpin,NA,NA,NA,NA,NA,NA,NA,NA,NA,NA,Small - medium gravel (50-150mm) (2-6in.),Small Instream Objects/Woody Debris,Riffle,NA,NA,NA,1,Medium - large cobble (150-300mm) (6-12in.),Boulder (>300mm) (>12in.),Overhead Objects,Large Instream Objects/Woody Debris,NA,2008
2008-2014,2008-08-21,147,NA,1747,Steep Main RR - Upstream,39.462937961867105,-121.60428005334087,NA,EF_SE,backpack shock into any seine,good,18,sunny,NA,NA,Unid Juvenile Sculpin,NA,NA,NA,NA,NA,NA,NA,NA,NA,NA,Small - medium gravel (50-150mm) (2-6in.),Small Instream Objects/Woody Debris,Riffle,NA,NA,NA,1,Medium - large cobble (150-300mm) (6-12in.),Boulder (>300mm) (>12in.),Overhead Objects,Large Instream Objects/Woody Debris,NA,2008
2008-2014,2008-08-21,147,NA,1748,Steep Main RR - Upstream,39.462937961867105,-121.60428005334087,NA,EF_SE,backpack shock into any seine,good,18,sunny,NA,NA,Unid Juvenile Sculpin,NA,NA,NA,NA,NA,NA,NA,NA,NA,NA,Small - medium gravel (50-150mm) (2-6in.),Small Instream Objects/Woody Debris,Riffle,NA,NA,NA,1,Medium - large cobble (150-300mm) (6-12in.),Boulder (>300mm) (>12in.),Overhead Objects,Large Instream Objects/Woody Debris,NA,2008
2008-2014,2008-08-21,147,NA,1749,Steep Main RR - Upstream,39.462937961867105,-121.60428005334087,NA,EF_SE,backpack shock into any seine,good,18,sunny,NA,NA,Unid Juvenile Sculpin,NA,NA,NA,NA,NA,NA,NA,NA,NA,NA,Small - medium gravel (50-150mm) (2-6in.),Small Instream Objects/Woody Debris,Riffle,NA,NA,NA,1,Medium - large cobble (150-300mm) (6-12in.),Boulder (>300mm) (>12in.),Overhead Objects,Large Instream Objects/Woody Debris,NA,2008
2008-2014,2008-08-21,147,NA,1750,Steep Main RR - Upstream,39.462937961867105,-121.60428005334087,NA,EF_SE,backpack shock into any seine,good,18,sunny,NA,NA,Unid Juvenile Sculpin,NA,NA,NA,NA,NA,NA,NA,NA,NA,NA,Small - medium gravel (50-150mm) (2-6in.),Small Instream Objects/Woody Debris,Riffle,NA,NA,NA,1,Medium - large cobble (150-300mm) (6-12in.),Boulder (>300mm) (>12in.),Overhead Objects,Large Instream Objects/Woody Debris,NA,2008
2008-2014,2008-08-21,147,NA,1751,Steep Main RR - Upstream,39.462937961867105,-121.60428005334087,NA,EF_SE,backpack shock into any seine,good,18,sunny,NA,NA,Unid Juvenile Sculpin,NA,NA,NA,NA,NA,NA,NA,NA,NA,NA,Small - medium gravel (50-150mm) (2-6in.),Small Instream Objects/Woody Debris,Riffle,NA,NA,NA,1,Medium - large cobble (150-300mm) (6-12in.),Boulder (>300mm) (>12in.),Overhead Objects,Large Instream Objects/Woody Debris,NA,2008
2008-2014,2008-08-21,147,NA,1752,Steep Main RR - Upstream,39.462937961867105,-121.60428005334087,NA,EF_SE,backpack shock into any seine,good,18,sunny,NA,NA,Unid Juvenile Sculpin,NA,NA,NA,NA,NA,NA,NA,NA,NA,NA,Small - medium gravel (50-150mm) (2-6in.),Small Instream Objects/Woody Debris,Riffle,NA,NA,NA,1,Medium - large cobble (150-300mm) (6-12in.),Boulder (>300mm) (>12in.),Overhead Objects,Large Instream Objects/Woody Debris,NA,2008
2008-2014,2008-08-21,147,NA,1753,Steep Main RR - Upstream,39.462937961867105,-121.60428005334087,NA,EF_SE,backpack shock into any seine,good,18,sunny,NA,NA,Unid Juvenile Sculpin,NA,NA,NA,NA,NA,NA,NA,NA,NA,NA,Small - medium gravel (50-150mm) (2-6in.),Small Instream Objects/Woody Debris,Riffle,NA,NA,NA,1,Medium - large cobble (150-300mm) (6-12in.),Boulder (>300mm) (>12in.),Overhead Objects,Large Instream Objects/Woody Debris,NA,2008
2008-2014,2008-08-21,147,NA,1754,Steep Main RR - Upstream,39.462937961867105,-121.60428005334087,NA,EF_SE,backpack shock into any seine,good,18,sunny,NA,NA,Unid Juvenile Sculpin,NA,NA,NA,NA,NA,NA,NA,NA,NA,NA,Small - medium gravel (50-150mm) (2-6in.),Small Instream Objects/Woody Debris,Riffle,NA,NA,NA,1,Medium - large cobble (150-300mm) (6-12in.),Boulder (>300mm) (>12in.),Overhead Objects,Large Instream Objects/Woody Debris,NA,2008
2008-2014,2008-08-21,147,NA,1755,Steep Main RR - Upstream,39.462937961867105,-121.60428005334087,NA,EF_SE,backpack shock into any seine,good,18,sunny,NA,NA,Unid Juvenile Sculpin,NA,NA,NA,NA,NA,NA,NA,NA,NA,NA,Small - medium gravel (50-150mm) (2-6in.),Small Instream Objects/Woody Debris,Riffle,NA,NA,NA,1,Medium - large cobble (150-300mm) (6-12in.),Boulder (>300mm) (>12in.),Overhead Objects,Large Instream Objects/Woody Debris,NA,2008
2008-2014,2008-08-21,147,NA,1756,Steep Main RR - Upstream,39.462937961867105,-121.60428005334087,NA,EF_SE,backpack shock into any seine,good,18,sunny,NA,NA,Unid Juvenile Sculpin,NA,NA,NA,NA,NA,NA,NA,NA,NA,NA,Small - medium gravel (50-150mm) (2-6in.),Small Instream Objects/Woody Debris,Riffle,NA,NA,NA,1,Medium - large cobble (150-300mm) (6-12in.),Boulder (>300mm) (>12in.),Overhead Objects,Large Instream Objects/Woody Debris,NA,2008
2008-2014,2008-08-21,147,NA,1757,Steep Main RR - Upstream,39.462937961867105,-121.60428005334087,NA,EF_SE,backpack shock into any seine,good,18,sunny,NA,NA,Speckled Dace,43,NA,NA,NA,NA,NA,NA,NA,NA,NA,Small - medium gravel (50-150mm) (2-6in.),Small Instream Objects/Woody Debris,Riffle,NA,NA,NA,1,Medium - large cobble (150-300mm) (6-12in.),Boulder (>300mm) (>12in.),Overhead Objects,Large Instream Objects/Woody Debris,NA,2008
2008-2014,2008-08-21,148,NA,1758,Steep Main RR - Downstream,39.462240707619635,-121.60468317506228,NA,EF_SE,backpack shock into any seine,good,15,sunny,NA,NA,Riffle Sculpin,NA,NA,NA,NA,NA,NA,NA,NA,NA,NA,Small - medium gravel (50-150mm) (2-6in.),Large Instream Objects/Woody Debris,Riffle,NA,NA,NA,1,Medium - large cobble (150-300mm) (6-12in.),Boulder (>300mm) (>12in.),NA,Overhead Objects,NA,2008
2008-2014,2008-08-21,148,NA,1759,Steep Main RR - Downstream,39.462240707619635,-121.60468317506228,NA,EF_SE,backpack shock into any seine,good,15,sunny,NA,NA,Riffle Sculpin,NA,NA,NA,NA,NA,NA,NA,NA,NA,NA,Small - medium gravel (50-150mm) (2-6in.),Large Instream Objects/Woody Debris,Riffle,NA,NA,NA,1,Medium - large cobble (150-300mm) (6-12in.),Boulder (>300mm) (>12in.),NA,Overhead Objects,NA,2008
2008-2014,2008-08-21,148,NA,1760,Steep Main RR - Downstream,39.462240707619635,-121.60468317506228,NA,EF_SE,backpack shock into any seine,good,15,sunny,NA,NA,Riffle Sculpin,NA,NA,NA,NA,NA,NA,NA,NA,NA,NA,Small - medium gravel (50-150mm) (2-6in.),Large Instream Objects/Woody Debris,Riffle,NA,NA,NA,1,Medium - large cobble (150-300mm) (6-12in.),Boulder (>300mm) (>12in.),NA,Overhead Objects,NA,2008
2008-2014,2008-08-21,148,NA,1761,Steep Main RR - Downstream,39.462240707619635,-121.60468317506228,NA,EF_SE,backpack shock into any seine,good,15,sunny,NA,NA,Riffle Sculpin,NA,NA,NA,NA,NA,NA,NA,NA,NA,NA,Small - medium gravel (50-150mm) (2-6in.),Large Instream Objects/Woody Debris,Riffle,NA,NA,NA,1,Medium - large cobble (150-300mm) (6-12in.),Boulder (>300mm) (>12in.),NA,Overhead Objects,NA,2008
2008-2014,2008-08-21,148,NA,1762,Steep Main RR - Downstream,39.462240707619635,-121.60468317506228,NA,EF_SE,backpack shock into any seine,good,15,sunny,NA,NA,Riffle Sculpin,NA,NA,NA,NA,NA,NA,NA,NA,NA,NA,Small - medium gravel (50-150mm) (2-6in.),Large Instream Objects/Woody Debris,Riffle,NA,NA,NA,1,Medium - large cobble (150-300mm) (6-12in.),Boulder (>300mm) (>12in.),NA,Overhead Objects,NA,2008
2008-2014,2008-08-21,148,NA,1763,Steep Main RR - Downstream,39.462240707619635,-121.60468317506228,NA,EF_SE,backpack shock into any seine,good,15,sunny,NA,NA,Riffle Sculpin,NA,NA,NA,NA,NA,NA,NA,NA,NA,NA,Small - medium gravel (50-150mm) (2-6in.),Large Instream Objects/Woody Debris,Riffle,NA,NA,NA,1,Medium - large cobble (150-300mm) (6-12in.),Boulder (>300mm) (>12in.),NA,Overhead Objects,NA,2008
2008-2014,2008-08-21,148,NA,1764,Steep Main RR - Downstream,39.462240707619635,-121.60468317506228,NA,EF_SE,backpack shock into any seine,good,15,sunny,NA,NA,Riffle Sculpin,NA,NA,NA,NA,NA,NA,NA,NA,NA,NA,Small - medium gravel (50-150mm) (2-6in.),Large Instream Objects/Woody Debris,Riffle,NA,NA,NA,1,Medium - large cobble (150-300mm) (6-12in.),Boulder (>300mm) (>12in.),NA,Overhead Objects,NA,2008
2008-2014,2008-08-21,148,NA,1765,Steep Main RR - Downstream,39.462240707619635,-121.60468317506228,NA,EF_SE,backpack shock into any seine,good,15,sunny,NA,NA,Riffle Sculpin,NA,NA,NA,NA,NA,NA,NA,NA,NA,NA,Small - medium gravel (50-150mm) (2-6in.),Large Instream Objects/Woody Debris,Riffle,NA,NA,NA,1,Medium - large cobble (150-300mm) (6-12in.),Boulder (>300mm) (>12in.),NA,Overhead Objects,NA,2008
2008-2014,2008-08-21,148,NA,1766,Steep Main RR - Downstream,39.462240707619635,-121.60468317506228,NA,EF_SE,backpack shock into any seine,good,15,sunny,NA,NA,Riffle Sculpin,NA,NA,NA,NA,NA,NA,NA,NA,NA,NA,Small - medium gravel (50-150mm) (2-6in.),Large Instream Objects/Woody Debris,Riffle,NA,NA,NA,1,Medium - large cobble (150-300mm) (6-12in.),Boulder (>300mm) (>12in.),NA,Overhead Objects,NA,2008
2008-2014,2008-08-21,148,NA,1767,Steep Main RR - Downstream,39.462240707619635,-121.60468317506228,NA,EF_SE,backpack shock into any seine,good,15,sunny,NA,NA,Riffle Sculpin,NA,NA,NA,NA,NA,NA,NA,NA,NA,NA,Small - medium gravel (50-150mm) (2-6in.),Large Instream Objects/Woody Debris,Riffle,NA,NA,NA,1,Medium - large cobble (150-300mm) (6-12in.),Boulder (>300mm) (>12in.),NA,Overhead Objects,NA,2008
2008-2014,2008-08-21,148,NA,1768,Steep Main RR - Downstream,39.462240707619635,-121.60468317506228,NA,EF_SE,backpack shock into any seine,good,15,sunny,NA,NA,Riffle Sculpin,NA,NA,NA,NA,NA,NA,NA,NA,NA,NA,Small - medium gravel (50-150mm) (2-6in.),Large Instream Objects/Woody Debris,Riffle,NA,NA,NA,1,Medium - large cobble (150-300mm) (6-12in.),Boulder (>300mm) (>12in.),NA,Overhead Objects,NA,2008
2008-2014,2008-08-21,148,NA,1769,Steep Main RR - Downstream,39.462240707619635,-121.60468317506228,NA,EF_SE,backpack shock into any seine,good,15,sunny,NA,NA,Riffle Sculpin,NA,NA,NA,NA,NA,NA,NA,NA,NA,NA,Small - medium gravel (50-150mm) (2-6in.),Large Instream Objects/Woody Debris,Riffle,NA,NA,NA,1,Medium - large cobble (150-300mm) (6-12in.),Boulder (>300mm) (>12in.),NA,Overhead Objects,NA,2008
2008-2014,2008-08-21,148,NA,1770,Steep Main RR - Downstream,39.462240707619635,-121.60468317506228,NA,EF_SE,backpack shock into any seine,good,15,sunny,NA,NA,Riffle Sculpin,NA,NA,NA,NA,NA,NA,NA,NA,NA,NA,Small - medium gravel (50-150mm) (2-6in.),Large Instream Objects/Woody Debris,Riffle,NA,NA,NA,1,Medium - large cobble (150-300mm) (6-12in.),Boulder (>300mm) (>12in.),NA,Overhead Objects,NA,2008
2008-2014,2008-08-21,148,NA,1771,Steep Main RR - Downstream,39.462240707619635,-121.60468317506228,NA,EF_SE,backpack shock into any seine,good,15,sunny,NA,NA,Riffle Sculpin,NA,NA,NA,NA,NA,NA,NA,NA,NA,NA,Small - medium gravel (50-150mm) (2-6in.),Large Instream Objects/Woody Debris,Riffle,NA,NA,NA,1,Medium - large cobble (150-300mm) (6-12in.),Boulder (>300mm) (>12in.),NA,Overhead Objects,NA,2008
2008-2014,2008-08-21,148,NA,1772,Steep Main RR - Downstream,39.462240707619635,-121.60468317506228,NA,EF_SE,backpack shock into any seine,good,15,sunny,NA,NA,Riffle Sculpin,NA,NA,NA,NA,NA,NA,NA,NA,NA,NA,Small - medium gravel (50-150mm) (2-6in.),Large Instream Objects/Woody Debris,Riffle,NA,NA,NA,1,Medium - large cobble (150-300mm) (6-12in.),Boulder (>300mm) (>12in.),NA,Overhead Objects,NA,2008
2008-2014,2008-08-21,148,NA,1773,Steep Main RR - Downstream,39.462240707619635,-121.60468317506228,NA,EF_SE,backpack shock into any seine,good,15,sunny,NA,NA,Riffle Sculpin,NA,NA,NA,NA,NA,NA,NA,NA,NA,NA,Small - medium gravel (50-150mm) (2-6in.),Large Instream Objects/Woody Debris,Riffle,NA,NA,NA,1,Medium - large cobble (150-300mm) (6-12in.),Boulder (>300mm) (>12in.),NA,Overhead Objects,NA,2008
2008-2014,2008-08-21,148,NA,1774,Steep Main RR - Downstream,39.462240707619635,-121.60468317506228,NA,EF_SE,backpack shock into any seine,good,15,sunny,NA,NA,Riffle Sculpin,NA,NA,NA,NA,NA,NA,NA,NA,NA,NA,Small - medium gravel (50-150mm) (2-6in.),Large Instream Objects/Woody Debris,Riffle,NA,NA,NA,1,Medium - large cobble (150-300mm) (6-12in.),Boulder (>300mm) (>12in.),NA,Overhead Objects,NA,2008
2008-2014,2008-08-21,148,NA,1775,Steep Main RR - Downstream,39.462240707619635,-121.60468317506228,NA,EF_SE,backpack shock into any seine,good,15,sunny,NA,NA,Riffle Sculpin,NA,NA,NA,NA,NA,NA,NA,NA,NA,NA,Small - medium gravel (50-150mm) (2-6in.),Large Instream Objects/Woody Debris,Riffle,NA,NA,NA,1,Medium - large cobble (150-300mm) (6-12in.),Boulder (>300mm) (>12in.),NA,Overhead Objects,NA,2008
2008-2014,2008-08-21,148,NA,1776,Steep Main RR - Downstream,39.462240707619635,-121.60468317506228,NA,EF_SE,backpack shock into any seine,good,15,sunny,NA,NA,Riffle Sculpin,NA,NA,NA,NA,NA,NA,NA,NA,NA,NA,Small - medium gravel (50-150mm) (2-6in.),Large Instream Objects/Woody Debris,Riffle,NA,NA,NA,1,Medium - large cobble (150-300mm) (6-12in.),Boulder (>300mm) (>12in.),NA,Overhead Objects,NA,2008
2008-2014,2008-08-21,148,NA,1777,Steep Main RR - Downstream,39.462240707619635,-121.60468317506228,NA,EF_SE,backpack shock into any seine,good,15,sunny,NA,NA,Riffle Sculpin,NA,NA,NA,NA,NA,NA,NA,NA,NA,NA,Small - medium gravel (50-150mm) (2-6in.),Large Instream Objects/Woody Debris,Riffle,NA,NA,NA,1,Medium - large cobble (150-300mm) (6-12in.),Boulder (>300mm) (>12in.),NA,Overhead Objects,NA,2008
2008-2014,2008-08-21,148,NA,1778,Steep Main RR - Downstream,39.462240707619635,-121.60468317506228,NA,EF_SE,backpack shock into any seine,good,15,sunny,NA,NA,Riffle Sculpin,NA,NA,NA,NA,NA,NA,NA,NA,NA,NA,Small - medium gravel (50-150mm) (2-6in.),Large Instream Objects/Woody Debris,Riffle,NA,NA,NA,1,Medium - large cobble (150-300mm) (6-12in.),Boulder (>300mm) (>12in.),NA,Overhead Objects,NA,2008
2008-2014,2008-08-21,148,NA,1779,Steep Main RR - Downstream,39.462240707619635,-121.60468317506228,NA,EF_SE,backpack shock into any seine,good,15,sunny,NA,NA,Prickly Sculpin,NA,NA,NA,NA,NA,NA,NA,NA,NA,NA,Small - medium gravel (50-150mm) (2-6in.),Large Instream Objects/Woody Debris,Riffle,NA,NA,NA,1,Medium - large cobble (150-300mm) (6-12in.),Boulder (>300mm) (>12in.),NA,Overhead Objects,NA,2008
2008-2014,2008-08-21,148,NA,1780,Steep Main RR - Downstream,39.462240707619635,-121.60468317506228,NA,EF_SE,backpack shock into any seine,good,15,sunny,NA,NA,Prickly Sculpin,NA,NA,NA,NA,NA,NA,NA,NA,NA,NA,Small - medium gravel (50-150mm) (2-6in.),Large Instream Objects/Woody Debris,Riffle,NA,NA,NA,1,Medium - large cobble (150-300mm) (6-12in.),Boulder (>300mm) (>12in.),NA,Overhead Objects,NA,2008
2008-2014,2008-08-21,148,NA,1781,Steep Main RR - Downstream,39.462240707619635,-121.60468317506228,NA,EF_SE,backpack shock into any seine,good,15,sunny,NA,NA,Prickly Sculpin,NA,NA,NA,NA,NA,NA,NA,NA,NA,NA,Small - medium gravel (50-150mm) (2-6in.),Large Instream Objects/Woody Debris,Riffle,NA,NA,NA,1,Medium - large cobble (150-300mm) (6-12in.),Boulder (>300mm) (>12in.),NA,Overhead Objects,NA,2008
2008-2014,2008-08-21,148,NA,1782,Steep Main RR - Downstream,39.462240707619635,-121.60468317506228,NA,EF_SE,backpack shock into any seine,good,15,sunny,NA,NA,Prickly Sculpin,NA,NA,NA,NA,NA,NA,NA,NA,NA,NA,Small - medium gravel (50-150mm) (2-6in.),Large Instream Objects/Woody Debris,Riffle,NA,NA,NA,1,Medium - large cobble (150-300mm) (6-12in.),Boulder (>300mm) (>12in.),NA,Overhead Objects,NA,2008
2008-2014,2008-08-21,148,NA,1783,Steep Main RR - Downstream,39.462240707619635,-121.60468317506228,NA,EF_SE,backpack shock into any seine,good,15,sunny,NA,NA,Prickly Sculpin,NA,NA,NA,NA,NA,NA,NA,NA,NA,NA,Small - medium gravel (50-150mm) (2-6in.),Large Instream Objects/Woody Debris,Riffle,NA,NA,NA,1,Medium - large cobble (150-300mm) (6-12in.),Boulder (>300mm) (>12in.),NA,Overhead Objects,NA,2008
2008-2014,2008-08-21,148,NA,1784,Steep Main RR - Downstream,39.462240707619635,-121.60468317506228,NA,EF_SE,backpack shock into any seine,good,15,sunny,NA,NA,Prickly Sculpin,NA,NA,NA,NA,NA,NA,NA,NA,NA,NA,Small - medium gravel (50-150mm) (2-6in.),Large Instream Objects/Woody Debris,Riffle,NA,NA,NA,1,Medium - large cobble (150-300mm) (6-12in.),Boulder (>300mm) (>12in.),NA,Overhead Objects,NA,2008
2008-2014,2008-08-21,148,NA,1785,Steep Main RR - Downstream,39.462240707619635,-121.60468317506228,NA,EF_SE,backpack shock into any seine,good,15,sunny,NA,NA,Prickly Sculpin,NA,NA,NA,NA,NA,NA,NA,NA,NA,NA,Small - medium gravel (50-150mm) (2-6in.),Large Instream Objects/Woody Debris,Riffle,NA,NA,NA,1,Medium - large cobble (150-300mm) (6-12in.),Boulder (>300mm) (>12in.),NA,Overhead Objects,NA,2008
2008-2014,2008-08-21,148,NA,1786,Steep Main RR - Downstream,39.462240707619635,-121.60468317506228,NA,EF_SE,backpack shock into any seine,good,15,sunny,NA,NA,Prickly Sculpin,NA,NA,NA,NA,NA,NA,NA,NA,NA,NA,Small - medium gravel (50-150mm) (2-6in.),Large Instream Objects/Woody Debris,Riffle,NA,NA,NA,1,Medium - large cobble (150-300mm) (6-12in.),Boulder (>300mm) (>12in.),NA,Overhead Objects,NA,2008
2008-2014,2008-08-21,148,NA,1787,Steep Main RR - Downstream,39.462240707619635,-121.60468317506228,NA,EF_SE,backpack shock into any seine,good,15,sunny,NA,NA,Prickly Sculpin,NA,NA,NA,NA,NA,NA,NA,NA,NA,NA,Small - medium gravel (50-150mm) (2-6in.),Large Instream Objects/Woody Debris,Riffle,NA,NA,NA,1,Medium - large cobble (150-300mm) (6-12in.),Boulder (>300mm) (>12in.),NA,Overhead Objects,NA,2008
2008-2014,2008-08-21,148,NA,1788,Steep Main RR - Downstream,39.462240707619635,-121.60468317506228,NA,EF_SE,backpack shock into any seine,good,15,sunny,NA,NA,Prickly Sculpin,NA,NA,NA,NA,NA,NA,NA,NA,NA,NA,Small - medium gravel (50-150mm) (2-6in.),Large Instream Objects/Woody Debris,Riffle,NA,NA,NA,1,Medium - large cobble (150-300mm) (6-12in.),Boulder (>300mm) (>12in.),NA,Overhead Objects,NA,2008
2008-2014,2008-08-21,148,NA,1789,Steep Main RR - Downstream,39.462240707619635,-121.60468317506228,NA,EF_SE,backpack shock into any seine,good,15,sunny,NA,NA,Prickly Sculpin,NA,NA,NA,NA,NA,NA,NA,NA,NA,NA,Small - medium gravel (50-150mm) (2-6in.),Large Instream Objects/Woody Debris,Riffle,NA,NA,NA,1,Medium - large cobble (150-300mm) (6-12in.),Boulder (>300mm) (>12in.),NA,Overhead Objects,NA,2008
2008-2014,2008-08-21,148,NA,1790,Steep Main RR - Downstream,39.462240707619635,-121.60468317506228,NA,EF_SE,backpack shock into any seine,good,15,sunny,NA,NA,Unid Juvenile Sculpin,NA,NA,NA,NA,NA,NA,NA,NA,NA,NA,Small - medium gravel (50-150mm) (2-6in.),Large Instream Objects/Woody Debris,Riffle,NA,NA,NA,1,Medium - large cobble (150-300mm) (6-12in.),Boulder (>300mm) (>12in.),NA,Overhead Objects,NA,2008
2008-2014,2008-08-21,148,NA,1791,Steep Main RR - Downstream,39.462240707619635,-121.60468317506228,NA,EF_SE,backpack shock into any seine,good,15,sunny,NA,NA,Unid Juvenile Sculpin,NA,NA,NA,NA,NA,NA,NA,NA,NA,NA,Small - medium gravel (50-150mm) (2-6in.),Large Instream Objects/Woody Debris,Riffle,NA,NA,NA,1,Medium - large cobble (150-300mm) (6-12in.),Boulder (>300mm) (>12in.),NA,Overhead Objects,NA,2008
2008-2014,2008-08-21,148,NA,1792,Steep Main RR - Downstream,39.462240707619635,-121.60468317506228,NA,EF_SE,backpack shock into any seine,good,15,sunny,NA,NA,Unid Juvenile Sculpin,NA,NA,NA,NA,NA,NA,NA,NA,NA,NA,Small - medium gravel (50-150mm) (2-6in.),Large Instream Objects/Woody Debris,Riffle,NA,NA,NA,1,Medium - large cobble (150-300mm) (6-12in.),Boulder (>300mm) (>12in.),NA,Overhead Objects,NA,2008
2008-2014,2008-08-21,148,NA,1793,Steep Main RR - Downstream,39.462240707619635,-121.60468317506228,NA,EF_SE,backpack shock into any seine,good,15,sunny,NA,NA,Unid Juvenile Sculpin,NA,NA,NA,NA,NA,NA,NA,NA,NA,NA,Small - medium gravel (50-150mm) (2-6in.),Large Instream Objects/Woody Debris,Riffle,NA,NA,NA,1,Medium - large cobble (150-300mm) (6-12in.),Boulder (>300mm) (>12in.),NA,Overhead Objects,NA,2008
2008-2014,2008-08-21,148,NA,1794,Steep Main RR - Downstream,39.462240707619635,-121.60468317506228,NA,EF_SE,backpack shock into any seine,good,15,sunny,NA,NA,Unid Juvenile Sculpin,NA,NA,NA,NA,NA,NA,NA,NA,NA,NA,Small - medium gravel (50-150mm) (2-6in.),Large Instream Objects/Woody Debris,Riffle,NA,NA,NA,1,Medium - large cobble (150-300mm) (6-12in.),Boulder (>300mm) (>12in.),NA,Overhead Objects,NA,2008
2008-2014,2008-08-21,148,NA,1795,Steep Main RR - Downstream,39.462240707619635,-121.60468317506228,NA,EF_SE,backpack shock into any seine,good,15,sunny,NA,NA,Unid Juvenile Sculpin,NA,NA,NA,NA,NA,NA,NA,NA,NA,NA,Small - medium gravel (50-150mm) (2-6in.),Large Instream Objects/Woody Debris,Riffle,NA,NA,NA,1,Medium - large cobble (150-300mm) (6-12in.),Boulder (>300mm) (>12in.),NA,Overhead Objects,NA,2008
2008-2014,2008-08-21,148,NA,1796,Steep Main RR - Downstream,39.462240707619635,-121.60468317506228,NA,EF_SE,backpack shock into any seine,good,15,sunny,NA,NA,Unid Juvenile Sculpin,NA,NA,NA,NA,NA,NA,NA,NA,NA,NA,Small - medium gravel (50-150mm) (2-6in.),Large Instream Objects/Woody Debris,Riffle,NA,NA,NA,1,Medium - large cobble (150-300mm) (6-12in.),Boulder (>300mm) (>12in.),NA,Overhead Objects,NA,2008
2008-2014,2008-08-21,148,NA,1797,Steep Main RR - Downstream,39.462240707619635,-121.60468317506228,NA,EF_SE,backpack shock into any seine,good,15,sunny,NA,NA,Unid Juvenile Sculpin,NA,NA,NA,NA,NA,NA,NA,NA,NA,NA,Small - medium gravel (50-150mm) (2-6in.),Large Instream Objects/Woody Debris,Riffle,NA,NA,NA,1,Medium - large cobble (150-300mm) (6-12in.),Boulder (>300mm) (>12in.),NA,Overhead Objects,NA,2008
2008-2014,2008-08-21,148,NA,1798,Steep Main RR - Downstream,39.462240707619635,-121.60468317506228,NA,EF_SE,backpack shock into any seine,good,15,sunny,NA,NA,Unid Juvenile Sculpin,NA,NA,NA,NA,NA,NA,NA,NA,NA,NA,Small - medium gravel (50-150mm) (2-6in.),Large Instream Objects/Woody Debris,Riffle,NA,NA,NA,1,Medium - large cobble (150-300mm) (6-12in.),Boulder (>300mm) (>12in.),NA,Overhead Objects,NA,2008
2008-2014,2008-08-21,148,NA,1799,Steep Main RR - Downstream,39.462240707619635,-121.60468317506228,NA,EF_SE,backpack shock into any seine,good,15,sunny,NA,NA,Unid Juvenile Sculpin,NA,NA,NA,NA,NA,NA,NA,NA,NA,NA,Small - medium gravel (50-150mm) (2-6in.),Large Instream Objects/Woody Debris,Riffle,NA,NA,NA,1,Medium - large cobble (150-300mm) (6-12in.),Boulder (>300mm) (>12in.),NA,Overhead Objects,NA,2008
2008-2014,2008-08-21,148,NA,1800,Steep Main RR - Downstream,39.462240707619635,-121.60468317506228,NA,EF_SE,backpack shock into any seine,good,15,sunny,NA,NA,Unid Juvenile Sculpin,NA,NA,NA,NA,NA,NA,NA,NA,NA,NA,Small - medium gravel (50-150mm) (2-6in.),Large Instream Objects/Woody Debris,Riffle,NA,NA,NA,1,Medium - large cobble (150-300mm) (6-12in.),Boulder (>300mm) (>12in.),NA,Overhead Objects,NA,2008
2008-2014,2008-08-21,148,NA,1801,Steep Main RR - Downstream,39.462240707619635,-121.60468317506228,NA,EF_SE,backpack shock into any seine,good,15,sunny,NA,NA,Unid Juvenile Sculpin,NA,NA,NA,NA,NA,NA,NA,NA,NA,NA,Small - medium gravel (50-150mm) (2-6in.),Large Instream Objects/Woody Debris,Riffle,NA,NA,NA,1,Medium - large cobble (150-300mm) (6-12in.),Boulder (>300mm) (>12in.),NA,Overhead Objects,NA,2008
2008-2014,2008-08-21,148,NA,1802,Steep Main RR - Downstream,39.462240707619635,-121.60468317506228,NA,EF_SE,backpack shock into any seine,good,15,sunny,NA,NA,Speckled Dace,65,NA,NA,NA,NA,NA,NA,NA,NA,NA,Small - medium gravel (50-150mm) (2-6in.),Large Instream Objects/Woody Debris,Riffle,NA,NA,NA,1,Medium - large cobble (150-300mm) (6-12in.),Boulder (>300mm) (>12in.),NA,Overhead Objects,NA,2008
2008-2014,2009-03-04,150,NA,1859,Vance West RL - Upstream,39.45054126175763,-121.63874099418162,NA,EF_SE,backpack shock into any seine,good,10,overcast,NA,800,Unid Juvenile Sculpin,NA,NA,NA,NA,NA,NA,NA,NA,NA,NA,Small - medium gravel (50-150mm) (2-6in.),No Apparent  Cover,Riffle,NA,NA,NA,1,Medium - large cobble (150-300mm) (6-12in.),NA,NA,NA,NA,2009
2008-2014,2009-03-04,150,NA,1860,Vance West RL - Upstream,39.45054126175763,-121.63874099418162,NA,EF_SE,backpack shock into any seine,good,10,overcast,NA,800,Unid Juvenile Sculpin,NA,NA,NA,NA,NA,NA,NA,NA,NA,NA,Small - medium gravel (50-150mm) (2-6in.),No Apparent  Cover,Riffle,NA,NA,NA,1,Medium - large cobble (150-300mm) (6-12in.),NA,NA,NA,NA,2009
2008-2014,2009-03-04,150,NA,1861,Vance West RL - Upstream,39.45054126175763,-121.63874099418162,NA,EF_SE,backpack shock into any seine,good,10,overcast,NA,800,Prickly Sculpin,NA,NA,NA,NA,NA,NA,NA,NA,NA,NA,Small - medium gravel (50-150mm) (2-6in.),No Apparent  Cover,Riffle,NA,NA,NA,1,Medium - large cobble (150-300mm) (6-12in.),NA,NA,NA,NA,2009
2008-2014,2009-03-04,153,NA,1884,Vance West RL - Upstream,39.45054126175763,-121.63874099418162,NA,EF_SE,backpack shock into any seine,good,10,overcast,NA,800,Prickly Sculpin,NA,NA,NA,NA,NA,NA,NA,NA,NA,NA,Small - medium gravel (50-150mm) (2-6in.),No Apparent  Cover,Riffle,NA,NA,NA,1,Medium - large cobble (150-300mm) (6-12in.),NA,NA,NA,NA,2009
2008-2014,2009-03-04,153,NA,1885,Vance West RL - Upstream,39.45054126175763,-121.63874099418162,NA,EF_SE,backpack shock into any seine,good,10,overcast,NA,800,Prickly Sculpin,NA,NA,NA,NA,NA,NA,NA,NA,NA,NA,Small - medium gravel (50-150mm) (2-6in.),No Apparent  Cover,Riffle,NA,NA,NA,1,Medium - large cobble (150-300mm) (6-12in.),NA,NA,NA,NA,2009
2008-2014,2009-03-04,153,NA,1886,Vance West RL - Upstream,39.45054126175763,-121.63874099418162,NA,EF_SE,backpack shock into any seine,good,10,overcast,NA,800,Prickly Sculpin,NA,NA,NA,NA,NA,NA,NA,NA,NA,NA,Small - medium gravel (50-150mm) (2-6in.),No Apparent  Cover,Riffle,NA,NA,NA,1,Medium - large cobble (150-300mm) (6-12in.),NA,NA,NA,NA,2009
2008-2014,2009-03-04,156,NA,1939,G95 SC  RR,39.43121470540894,-121.63242348793818,NA,EF_SE,backpack shock into any seine,good,10,overcast,NA,800,Chinook Salmon- Fall,43,parr,NA,NA,NA,NA,NA,NA,NA,NA,Fine - small gravel (0-50mm) (0-2in.),No Apparent  Cover,Riffle,NA,NA,NA,1,Small - medium gravel (50-150mm) (2-6in.),NA,NA,NA,NA,2009
2008-2014,2009-03-04,156,NA,1940,G95 SC  RR,39.43121470540894,-121.63242348793818,NA,EF_SE,backpack shock into any seine,good,10,overcast,NA,800,Chinook Salmon- Fall,40,parr,NA,NA,NA,NA,NA,NA,NA,NA,Fine - small gravel (0-50mm) (0-2in.),No Apparent  Cover,Riffle,NA,NA,NA,1,Small - medium gravel (50-150mm) (2-6in.),NA,NA,NA,NA,2009
2008-2014,2009-03-04,156,NA,1941,G95 SC  RR,39.43121470540894,-121.63242348793818,NA,EF_SE,backpack shock into any seine,good,10,overcast,NA,800,Chinook Salmon- Fall,39,parr,NA,NA,NA,NA,NA,NA,NA,NA,Fine - small gravel (0-50mm) (0-2in.),No Apparent  Cover,Riffle,NA,NA,NA,1,Small - medium gravel (50-150mm) (2-6in.),NA,NA,NA,NA,2009
2008-2014,2009-03-04,156,NA,1942,G95 SC  RR,39.43121470540894,-121.63242348793818,NA,EF_SE,backpack shock into any seine,good,10,overcast,NA,800,Chinook Salmon- Fall,35,parr,NA,NA,NA,NA,NA,NA,NA,NA,Fine - small gravel (0-50mm) (0-2in.),No Apparent  Cover,Riffle,NA,NA,NA,1,Small - medium gravel (50-150mm) (2-6in.),NA,NA,NA,NA,2009
2008-2014,2009-03-04,156,NA,1943,G95 SC  RR,39.43121470540894,-121.63242348793818,NA,EF_SE,backpack shock into any seine,good,10,overcast,NA,800,Chinook Salmon- Fall,37,parr,NA,NA,NA,NA,NA,NA,NA,NA,Fine - small gravel (0-50mm) (0-2in.),No Apparent  Cover,Riffle,NA,NA,NA,1,Small - medium gravel (50-150mm) (2-6in.),NA,NA,NA,NA,2009
2008-2014,2009-03-04,156,NA,1944,G95 SC  RR,39.43121470540894,-121.63242348793818,NA,EF_SE,backpack shock into any seine,good,10,overcast,NA,800,Prickly Sculpin,NA,NA,NA,NA,NA,NA,NA,NA,NA,NA,Fine - small gravel (0-50mm) (0-2in.),No Apparent  Cover,Riffle,NA,NA,NA,1,Small - medium gravel (50-150mm) (2-6in.),NA,NA,NA,NA,2009
2008-2014,2009-03-04,156,NA,1945,G95 SC  RR,39.43121470540894,-121.63242348793818,NA,EF_SE,backpack shock into any seine,good,10,overcast,NA,800,Prickly Sculpin,NA,NA,NA,NA,NA,NA,NA,NA,NA,NA,Fine - small gravel (0-50mm) (0-2in.),No Apparent  Cover,Riffle,NA,NA,NA,1,Small - medium gravel (50-150mm) (2-6in.),NA,NA,NA,NA,2009
2008-2014,2009-03-04,156,NA,1946,G95 SC  RR,39.43121470540894,-121.63242348793818,NA,EF_SE,backpack shock into any seine,good,10,overcast,NA,800,Prickly Sculpin,NA,NA,NA,NA,NA,NA,NA,NA,NA,NA,Fine - small gravel (0-50mm) (0-2in.),No Apparent  Cover,Riffle,NA,NA,NA,1,Small - medium gravel (50-150mm) (2-6in.),NA,NA,NA,NA,2009
2008-2014,2009-03-04,156,NA,1947,G95 SC  RR,39.43121470540894,-121.63242348793818,NA,EF_SE,backpack shock into any seine,good,10,overcast,NA,800,Unid Juvenile Sculpin,NA,NA,NA,NA,NA,NA,NA,NA,NA,NA,Fine - small gravel (0-50mm) (0-2in.),No Apparent  Cover,Riffle,NA,NA,NA,1,Small - medium gravel (50-150mm) (2-6in.),NA,NA,NA,NA,2009
2008-2014,2009-03-04,156,NA,1948,G95 SC  RR,39.43121470540894,-121.63242348793818,NA,EF_SE,backpack shock into any seine,good,10,overcast,NA,800,Unid Juvenile Sculpin,NA,NA,NA,NA,NA,NA,NA,NA,NA,NA,Fine - small gravel (0-50mm) (0-2in.),No Apparent  Cover,Riffle,NA,NA,NA,1,Small - medium gravel (50-150mm) (2-6in.),NA,NA,NA,NA,2009
2008-2014,2009-03-04,156,NA,1949,G95 SC  RR,39.43121470540894,-121.63242348793818,NA,EF_SE,backpack shock into any seine,good,10,overcast,NA,800,Unid Juvenile Sculpin,NA,NA,NA,NA,NA,NA,NA,NA,NA,NA,Fine - small gravel (0-50mm) (0-2in.),No Apparent  Cover,Riffle,NA,NA,NA,1,Small - medium gravel (50-150mm) (2-6in.),NA,NA,NA,NA,2009
2008-2014,2009-03-04,156,NA,1950,G95 SC  RR,39.43121470540894,-121.63242348793818,NA,EF_SE,backpack shock into any seine,good,10,overcast,NA,800,Unid Juvenile Sculpin,NA,NA,NA,NA,NA,NA,NA,NA,NA,NA,Fine - small gravel (0-50mm) (0-2in.),No Apparent  Cover,Riffle,NA,NA,NA,1,Small - medium gravel (50-150mm) (2-6in.),NA,NA,NA,NA,2009
2008-2014,2009-03-04,156,NA,1951,G95 SC  RR,39.43121470540894,-121.63242348793818,NA,EF_SE,backpack shock into any seine,good,10,overcast,NA,800,Unid Juvenile Sculpin,NA,NA,NA,NA,NA,NA,NA,NA,NA,NA,Fine - small gravel (0-50mm) (0-2in.),No Apparent  Cover,Riffle,NA,NA,NA,1,Small - medium gravel (50-150mm) (2-6in.),NA,NA,NA,NA,2009
2008-2014,2009-03-04,156,NA,1952,G95 SC  RR,39.43121470540894,-121.63242348793818,NA,EF_SE,backpack shock into any seine,good,10,overcast,NA,800,Unid Juvenile Sculpin,NA,NA,NA,NA,NA,NA,NA,NA,NA,NA,Fine - small gravel (0-50mm) (0-2in.),No Apparent  Cover,Riffle,NA,NA,NA,1,Small - medium gravel (50-150mm) (2-6in.),NA,NA,NA,NA,2009
2008-2014,2009-02-26,158,NA,1962,Bedrock Park RL,39.51299134724815,-121.56877267584329,NA,EF_SE,backpack shock into any seine,good,10,overcast,NA,600,Riffle Sculpin,NA,NA,NA,NA,NA,NA,NA,NA,NA,NA,Medium - large cobble (150-300mm) (6-12in.),No Apparent  Cover,Riffle,NA,NA,NA,1,NA,NA,NA,NA,NA,2009
2008-2014,2009-02-26,158,NA,1963,Bedrock Park RL,39.51299134724815,-121.56877267584329,NA,EF_SE,backpack shock into any seine,good,10,overcast,NA,600,Riffle Sculpin,NA,NA,NA,NA,NA,NA,NA,NA,NA,NA,Medium - large cobble (150-300mm) (6-12in.),No Apparent  Cover,Riffle,NA,NA,NA,1,NA,NA,NA,NA,NA,2009
2008-2014,2009-02-26,158,NA,1964,Bedrock Park RL,39.51299134724815,-121.56877267584329,NA,EF_SE,backpack shock into any seine,good,10,overcast,NA,600,Riffle Sculpin,NA,NA,NA,NA,NA,NA,NA,NA,NA,NA,Medium - large cobble (150-300mm) (6-12in.),No Apparent  Cover,Riffle,NA,NA,NA,1,NA,NA,NA,NA,NA,2009
2008-2014,2009-02-26,158,NA,1965,Bedrock Park RL,39.51299134724815,-121.56877267584329,NA,EF_SE,backpack shock into any seine,good,10,overcast,NA,600,Riffle Sculpin,NA,NA,NA,NA,NA,NA,NA,NA,NA,NA,Medium - large cobble (150-300mm) (6-12in.),No Apparent  Cover,Riffle,NA,NA,NA,1,NA,NA,NA,NA,NA,2009
2008-2014,2009-02-26,158,NA,1966,Bedrock Park RL,39.51299134724815,-121.56877267584329,NA,EF_SE,backpack shock into any seine,good,10,overcast,NA,600,Riffle Sculpin,NA,NA,NA,NA,NA,NA,NA,NA,NA,NA,Medium - large cobble (150-300mm) (6-12in.),No Apparent  Cover,Riffle,NA,NA,NA,1,NA,NA,NA,NA,NA,2009
2008-2014,2009-02-26,158,NA,1967,Bedrock Park RL,39.51299134724815,-121.56877267584329,NA,EF_SE,backpack shock into any seine,good,10,overcast,NA,600,Riffle Sculpin,NA,NA,NA,NA,NA,NA,NA,NA,NA,NA,Medium - large cobble (150-300mm) (6-12in.),No Apparent  Cover,Riffle,NA,NA,NA,1,NA,NA,NA,NA,NA,2009
2008-2014,2009-02-26,158,NA,1968,Bedrock Park RL,39.51299134724815,-121.56877267584329,NA,EF_SE,backpack shock into any seine,good,10,overcast,NA,600,Riffle Sculpin,NA,NA,NA,NA,NA,NA,NA,NA,NA,NA,Medium - large cobble (150-300mm) (6-12in.),No Apparent  Cover,Riffle,NA,NA,NA,1,NA,NA,NA,NA,NA,2009
2008-2014,2009-02-26,158,NA,1969,Bedrock Park RL,39.51299134724815,-121.56877267584329,NA,EF_SE,backpack shock into any seine,good,10,overcast,NA,600,Prickly Sculpin,NA,NA,NA,NA,NA,NA,NA,NA,NA,NA,Medium - large cobble (150-300mm) (6-12in.),No Apparent  Cover,Riffle,NA,NA,NA,1,NA,NA,NA,NA,NA,2009
2008-2014,2009-02-26,161,NA,1984,Auditorium RL - Downstream,39.51521827977437,-121.55994996353618,NA,EF_SE,backpack shock into any seine,good,9.5,overcast,NA,600,Wakasagi,58,NA,NA,NA,NA,NA,NA,NA,NA,NA,Small - medium gravel (50-150mm) (2-6in.),Overhead Objects,Run,NA,NA,NA,1,NA,NA,NA,NA,NA,2009
2008-2014,2009-02-25,163,NA,2040,Steep Main RR - Upstream,39.462937961867105,-121.60428005334087,NA,EF_SE,backpack shock into any seine,good,11,sunny,NA,600,Prickly Sculpin,NA,NA,NA,NA,NA,NA,NA,NA,NA,NA,Small - medium gravel (50-150mm) (2-6in.),Small Instream Objects/Woody Debris,Riffle,NA,NA,NA,1,Medium - large cobble (150-300mm) (6-12in.),NA,NA,NA,NA,2009
2008-2014,2009-02-25,163,NA,2041,Steep Main RR - Upstream,39.462937961867105,-121.60428005334087,NA,EF_SE,backpack shock into any seine,good,11,sunny,NA,600,Prickly Sculpin,NA,NA,NA,NA,NA,NA,NA,NA,NA,NA,Small - medium gravel (50-150mm) (2-6in.),Small Instream Objects/Woody Debris,Riffle,NA,NA,NA,1,Medium - large cobble (150-300mm) (6-12in.),NA,NA,NA,NA,2009
2008-2014,2009-02-25,163,NA,2042,Steep Main RR - Upstream,39.462937961867105,-121.60428005334087,NA,EF_SE,backpack shock into any seine,good,11,sunny,NA,600,Prickly Sculpin,NA,NA,NA,NA,NA,NA,NA,NA,NA,NA,Small - medium gravel (50-150mm) (2-6in.),Small Instream Objects/Woody Debris,Riffle,NA,NA,NA,1,Medium - large cobble (150-300mm) (6-12in.),NA,NA,NA,NA,2009
2008-2014,2009-02-25,163,NA,2043,Steep Main RR - Upstream,39.462937961867105,-121.60428005334087,NA,EF_SE,backpack shock into any seine,good,11,sunny,NA,600,Prickly Sculpin,NA,NA,NA,NA,NA,NA,NA,NA,NA,NA,Small - medium gravel (50-150mm) (2-6in.),Small Instream Objects/Woody Debris,Riffle,NA,NA,NA,1,Medium - large cobble (150-300mm) (6-12in.),NA,NA,NA,NA,2009
2008-2014,2009-02-25,163,NA,2044,Steep Main RR - Upstream,39.462937961867105,-121.60428005334087,NA,EF_SE,backpack shock into any seine,good,11,sunny,NA,600,Prickly Sculpin,NA,NA,NA,NA,NA,NA,NA,NA,NA,NA,Small - medium gravel (50-150mm) (2-6in.),Small Instream Objects/Woody Debris,Riffle,NA,NA,NA,1,Medium - large cobble (150-300mm) (6-12in.),NA,NA,NA,NA,2009
2008-2014,2009-02-25,163,NA,2045,Steep Main RR - Upstream,39.462937961867105,-121.60428005334087,NA,EF_SE,backpack shock into any seine,good,11,sunny,NA,600,Prickly Sculpin,NA,NA,NA,NA,NA,NA,NA,NA,NA,NA,Small - medium gravel (50-150mm) (2-6in.),Small Instream Objects/Woody Debris,Riffle,NA,NA,NA,1,Medium - large cobble (150-300mm) (6-12in.),NA,NA,NA,NA,2009
2008-2014,2009-02-25,163,NA,2046,Steep Main RR - Upstream,39.462937961867105,-121.60428005334087,NA,EF_SE,backpack shock into any seine,good,11,sunny,NA,600,Prickly Sculpin,NA,NA,NA,NA,NA,NA,NA,NA,NA,NA,Small - medium gravel (50-150mm) (2-6in.),Small Instream Objects/Woody Debris,Riffle,NA,NA,NA,1,Medium - large cobble (150-300mm) (6-12in.),NA,NA,NA,NA,2009
2008-2014,2009-02-25,163,NA,2047,Steep Main RR - Upstream,39.462937961867105,-121.60428005334087,NA,EF_SE,backpack shock into any seine,good,11,sunny,NA,600,Riffle Sculpin,NA,NA,NA,NA,NA,NA,NA,NA,NA,NA,Small - medium gravel (50-150mm) (2-6in.),Small Instream Objects/Woody Debris,Riffle,NA,NA,NA,1,Medium - large cobble (150-300mm) (6-12in.),NA,NA,NA,NA,2009
2008-2014,2009-02-25,163,NA,2048,Steep Main RR - Upstream,39.462937961867105,-121.60428005334087,NA,EF_SE,backpack shock into any seine,good,11,sunny,NA,600,Riffle Sculpin,NA,NA,NA,NA,NA,NA,NA,NA,NA,NA,Small - medium gravel (50-150mm) (2-6in.),Small Instream Objects/Woody Debris,Riffle,NA,NA,NA,1,Medium - large cobble (150-300mm) (6-12in.),NA,NA,NA,NA,2009
2008-2014,2009-02-25,163,NA,2049,Steep Main RR - Upstream,39.462937961867105,-121.60428005334087,NA,EF_SE,backpack shock into any seine,good,11,sunny,NA,600,Riffle Sculpin,NA,NA,NA,NA,NA,NA,NA,NA,NA,NA,Small - medium gravel (50-150mm) (2-6in.),Small Instream Objects/Woody Debris,Riffle,NA,NA,NA,1,Medium - large cobble (150-300mm) (6-12in.),NA,NA,NA,NA,2009
2008-2014,2009-02-25,163,NA,2050,Steep Main RR - Upstream,39.462937961867105,-121.60428005334087,NA,EF_SE,backpack shock into any seine,good,11,sunny,NA,600,Riffle Sculpin,NA,NA,NA,NA,NA,NA,NA,NA,NA,NA,Small - medium gravel (50-150mm) (2-6in.),Small Instream Objects/Woody Debris,Riffle,NA,NA,NA,1,Medium - large cobble (150-300mm) (6-12in.),NA,NA,NA,NA,2009
2008-2014,2009-02-25,163,NA,2051,Steep Main RR - Upstream,39.462937961867105,-121.60428005334087,NA,EF_SE,backpack shock into any seine,good,11,sunny,NA,600,Chinook Salmon- Fall,32,parr,NA,NA,NA,NA,NA,NA,NA,NA,Small - medium gravel (50-150mm) (2-6in.),Small Instream Objects/Woody Debris,Riffle,NA,NA,NA,1,Medium - large cobble (150-300mm) (6-12in.),NA,NA,NA,NA,2009
2008-2014,2009-02-25,163,NA,2052,Steep Main RR - Upstream,39.462937961867105,-121.60428005334087,NA,EF_SE,backpack shock into any seine,good,11,sunny,NA,600,Chinook Salmon- Fall,40,parr,NA,NA,NA,NA,NA,NA,NA,NA,Small - medium gravel (50-150mm) (2-6in.),Small Instream Objects/Woody Debris,Riffle,NA,NA,NA,1,Medium - large cobble (150-300mm) (6-12in.),NA,NA,NA,NA,2009
2008-2014,2009-02-25,163,NA,2053,Steep Main RR - Upstream,39.462937961867105,-121.60428005334087,NA,EF_SE,backpack shock into any seine,good,11,sunny,NA,600,Chinook Salmon- Fall,36,parr,NA,NA,NA,NA,NA,NA,NA,NA,Small - medium gravel (50-150mm) (2-6in.),Small Instream Objects/Woody Debris,Riffle,NA,NA,NA,1,Medium - large cobble (150-300mm) (6-12in.),NA,NA,NA,NA,2009
2008-2014,2009-02-25,163,NA,2054,Steep Main RR - Upstream,39.462937961867105,-121.60428005334087,NA,EF_SE,backpack shock into any seine,good,11,sunny,NA,600,Chjnook Salmon- Spring,69,silvery parr,NA,NA,NA,NA,NA,NA,NA,NA,Small - medium gravel (50-150mm) (2-6in.),Small Instream Objects/Woody Debris,Riffle,NA,NA,NA,1,Medium - large cobble (150-300mm) (6-12in.),NA,NA,NA,NA,2009
2008-2014,2009-02-25,164,NA,2055,Steep side channel - Upstream,39.46298184138251,-121.60336633450677,NA,EF_SE,backpack shock into any seine,good,10,sunny,NA,600,Chinook Salmon- Fall,54,parr,NA,NA,NA,NA,NA,NA,NA,NA,Small - medium gravel (50-150mm) (2-6in.),Undercut Bank,Riffle,NA,NA,NA,1,Medium - large cobble (150-300mm) (6-12in.),NA,NA,NA,NA,2009
2008-2014,2009-02-25,164,NA,2056,Steep side channel - Upstream,39.46298184138251,-121.60336633450677,NA,EF_SE,backpack shock into any seine,good,10,sunny,NA,600,Chinook Salmon- Fall,55,parr,NA,NA,NA,NA,NA,NA,NA,NA,Small - medium gravel (50-150mm) (2-6in.),Undercut Bank,Riffle,NA,NA,NA,1,Medium - large cobble (150-300mm) (6-12in.),NA,NA,NA,NA,2009
2008-2014,2009-02-25,164,NA,2057,Steep side channel - Upstream,39.46298184138251,-121.60336633450677,NA,EF_SE,backpack shock into any seine,good,10,sunny,NA,600,Chinook Salmon- Fall,34,parr,NA,NA,NA,NA,NA,NA,NA,NA,Small - medium gravel (50-150mm) (2-6in.),Undercut Bank,Riffle,NA,NA,NA,1,Medium - large cobble (150-300mm) (6-12in.),NA,NA,NA,NA,2009
2008-2014,2009-02-25,164,NA,2058,Steep side channel - Upstream,39.46298184138251,-121.60336633450677,NA,EF_SE,backpack shock into any seine,good,10,sunny,NA,600,Chinook Salmon- Fall,37,parr,NA,NA,NA,NA,NA,NA,NA,NA,Small - medium gravel (50-150mm) (2-6in.),Undercut Bank,Riffle,NA,NA,NA,1,Medium - large cobble (150-300mm) (6-12in.),NA,NA,NA,NA,2009
2008-2014,2009-02-25,164,NA,2059,Steep side channel - Upstream,39.46298184138251,-121.60336633450677,NA,EF_SE,backpack shock into any seine,good,10,sunny,NA,600,Prickly Sculpin,NA,NA,NA,NA,NA,NA,NA,NA,NA,NA,Small - medium gravel (50-150mm) (2-6in.),Undercut Bank,Riffle,NA,NA,NA,1,Medium - large cobble (150-300mm) (6-12in.),NA,NA,NA,NA,2009
2008-2014,2009-02-25,164,NA,2060,Steep side channel - Upstream,39.46298184138251,-121.60336633450677,NA,EF_SE,backpack shock into any seine,good,10,sunny,NA,600,Prickly Sculpin,NA,NA,NA,NA,NA,NA,NA,NA,NA,NA,Small - medium gravel (50-150mm) (2-6in.),Undercut Bank,Riffle,NA,NA,NA,1,Medium - large cobble (150-300mm) (6-12in.),NA,NA,NA,NA,2009
2008-2014,2009-02-25,165,NA,2061,Steep side channel - Downstream,39.46243841443723,-121.60356118035766,NA,EF_SE,backpack shock into any seine,good,10,overcast,NA,600,Chinook Salmon- Fall,37,parr,NA,NA,NA,NA,NA,NA,NA,NA,Small - medium gravel (50-150mm) (2-6in.),Large Instream Objects/Woody Debris,Riffle,NA,NA,NA,1,Medium - large cobble (150-300mm) (6-12in.),NA,NA,NA,NA,2009
2008-2014,2009-02-25,165,NA,2062,Steep side channel - Downstream,39.46243841443723,-121.60356118035766,NA,EF_SE,backpack shock into any seine,good,10,overcast,NA,600,Chinook Salmon- Fall,37,parr,NA,NA,NA,NA,NA,NA,NA,NA,Small - medium gravel (50-150mm) (2-6in.),Large Instream Objects/Woody Debris,Riffle,NA,NA,NA,1,Medium - large cobble (150-300mm) (6-12in.),NA,NA,NA,NA,2009
2008-2014,2009-02-25,165,NA,2063,Steep side channel - Downstream,39.46243841443723,-121.60356118035766,NA,EF_SE,backpack shock into any seine,good,10,overcast,NA,600,Chinook Salmon- Fall,38,parr,NA,NA,NA,NA,NA,NA,NA,NA,Small - medium gravel (50-150mm) (2-6in.),Large Instream Objects/Woody Debris,Riffle,NA,NA,NA,1,Medium - large cobble (150-300mm) (6-12in.),NA,NA,NA,NA,2009
2008-2014,2009-02-25,165,NA,2064,Steep side channel - Downstream,39.46243841443723,-121.60356118035766,NA,EF_SE,backpack shock into any seine,good,10,overcast,NA,600,Prickly Sculpin,NA,NA,NA,NA,NA,NA,NA,NA,NA,NA,Small - medium gravel (50-150mm) (2-6in.),Large Instream Objects/Woody Debris,Riffle,NA,NA,NA,1,Medium - large cobble (150-300mm) (6-12in.),NA,NA,NA,NA,2009
2008-2014,2009-02-25,165,NA,2065,Steep side channel - Downstream,39.46243841443723,-121.60356118035766,NA,EF_SE,backpack shock into any seine,good,10,overcast,NA,600,Prickly Sculpin,NA,NA,NA,NA,NA,NA,NA,NA,NA,NA,Small - medium gravel (50-150mm) (2-6in.),Large Instream Objects/Woody Debris,Riffle,NA,NA,NA,1,Medium - large cobble (150-300mm) (6-12in.),NA,NA,NA,NA,2009
2008-2014,2009-02-25,165,NA,2066,Steep side channel - Downstream,39.46243841443723,-121.60356118035766,NA,EF_SE,backpack shock into any seine,good,10,overcast,NA,600,Prickly Sculpin,NA,NA,NA,NA,NA,NA,NA,NA,NA,NA,Small - medium gravel (50-150mm) (2-6in.),Large Instream Objects/Woody Debris,Riffle,NA,NA,NA,1,Medium - large cobble (150-300mm) (6-12in.),NA,NA,NA,NA,2009
2008-2014,2009-02-25,166,NA,2067,Steep Main RR - Downstream,39.462240707619635,-121.60468317506228,NA,EF_SE,backpack shock into any seine,good,10,sunny,NA,600,Prickly Sculpin,NA,NA,NA,NA,NA,NA,NA,NA,NA,NA,Medium - large cobble (150-300mm) (6-12in.),No Apparent  Cover,Riffle,NA,NA,NA,1,Boulder (>300mm) (>12in.),NA,NA,NA,NA,2009
2008-2014,2009-02-25,166,NA,2068,Steep Main RR - Downstream,39.462240707619635,-121.60468317506228,NA,EF_SE,backpack shock into any seine,good,10,sunny,NA,600,Prickly Sculpin,NA,NA,NA,NA,NA,NA,NA,NA,NA,NA,Medium - large cobble (150-300mm) (6-12in.),No Apparent  Cover,Riffle,NA,NA,NA,1,Boulder (>300mm) (>12in.),NA,NA,NA,NA,2009
2008-2014,2009-02-25,166,NA,2069,Steep Main RR - Downstream,39.462240707619635,-121.60468317506228,NA,EF_SE,backpack shock into any seine,good,10,sunny,NA,600,Prickly Sculpin,NA,NA,NA,NA,NA,NA,NA,NA,NA,NA,Medium - large cobble (150-300mm) (6-12in.),No Apparent  Cover,Riffle,NA,NA,NA,1,Boulder (>300mm) (>12in.),NA,NA,NA,NA,2009
2008-2014,2009-02-25,166,NA,2070,Steep Main RR - Downstream,39.462240707619635,-121.60468317506228,NA,EF_SE,backpack shock into any seine,good,10,sunny,NA,600,Prickly Sculpin,NA,NA,NA,NA,NA,NA,NA,NA,NA,NA,Medium - large cobble (150-300mm) (6-12in.),No Apparent  Cover,Riffle,NA,NA,NA,1,Boulder (>300mm) (>12in.),NA,NA,NA,NA,2009
2008-2014,2009-02-25,166,NA,2071,Steep Main RR - Downstream,39.462240707619635,-121.60468317506228,NA,EF_SE,backpack shock into any seine,good,10,sunny,NA,600,Prickly Sculpin,NA,NA,NA,NA,NA,NA,NA,NA,NA,NA,Medium - large cobble (150-300mm) (6-12in.),No Apparent  Cover,Riffle,NA,NA,NA,1,Boulder (>300mm) (>12in.),NA,NA,NA,NA,2009
2008-2014,2009-02-25,166,NA,2072,Steep Main RR - Downstream,39.462240707619635,-121.60468317506228,NA,EF_SE,backpack shock into any seine,good,10,sunny,NA,600,Prickly Sculpin,NA,NA,NA,NA,NA,NA,NA,NA,NA,NA,Medium - large cobble (150-300mm) (6-12in.),No Apparent  Cover,Riffle,NA,NA,NA,1,Boulder (>300mm) (>12in.),NA,NA,NA,NA,2009
2008-2014,2009-02-25,166,NA,2073,Steep Main RR - Downstream,39.462240707619635,-121.60468317506228,NA,EF_SE,backpack shock into any seine,good,10,sunny,NA,600,Prickly Sculpin,NA,NA,NA,NA,NA,NA,NA,NA,NA,NA,Medium - large cobble (150-300mm) (6-12in.),No Apparent  Cover,Riffle,NA,NA,NA,1,Boulder (>300mm) (>12in.),NA,NA,NA,NA,2009
2008-2014,2009-02-25,166,NA,2074,Steep Main RR - Downstream,39.462240707619635,-121.60468317506228,NA,EF_SE,backpack shock into any seine,good,10,sunny,NA,600,Prickly Sculpin,NA,NA,NA,NA,NA,NA,NA,NA,NA,NA,Medium - large cobble (150-300mm) (6-12in.),No Apparent  Cover,Riffle,NA,NA,NA,1,Boulder (>300mm) (>12in.),NA,NA,NA,NA,2009
2008-2014,2009-02-25,166,NA,2075,Steep Main RR - Downstream,39.462240707619635,-121.60468317506228,NA,EF_SE,backpack shock into any seine,good,10,sunny,NA,600,Prickly Sculpin,NA,NA,NA,NA,NA,NA,NA,NA,NA,NA,Medium - large cobble (150-300mm) (6-12in.),No Apparent  Cover,Riffle,NA,NA,NA,1,Boulder (>300mm) (>12in.),NA,NA,NA,NA,2009
2008-2014,2009-02-25,166,NA,2076,Steep Main RR - Downstream,39.462240707619635,-121.60468317506228,NA,EF_SE,backpack shock into any seine,good,10,sunny,NA,600,Riffle Sculpin,NA,NA,NA,NA,NA,NA,NA,NA,NA,NA,Medium - large cobble (150-300mm) (6-12in.),No Apparent  Cover,Riffle,NA,NA,NA,1,Boulder (>300mm) (>12in.),NA,NA,NA,NA,2009
2008-2014,2009-02-25,166,NA,2077,Steep Main RR - Downstream,39.462240707619635,-121.60468317506228,NA,EF_SE,backpack shock into any seine,good,10,sunny,NA,600,Riffle Sculpin,NA,NA,NA,NA,NA,NA,NA,NA,NA,NA,Medium - large cobble (150-300mm) (6-12in.),No Apparent  Cover,Riffle,NA,NA,NA,1,Boulder (>300mm) (>12in.),NA,NA,NA,NA,2009
2008-2014,2009-02-25,166,NA,2078,Steep Main RR - Downstream,39.462240707619635,-121.60468317506228,NA,EF_SE,backpack shock into any seine,good,10,sunny,NA,600,Riffle Sculpin,NA,NA,NA,NA,NA,NA,NA,NA,NA,NA,Medium - large cobble (150-300mm) (6-12in.),No Apparent  Cover,Riffle,NA,NA,NA,1,Boulder (>300mm) (>12in.),NA,NA,NA,NA,2009
2008-2014,2009-02-25,166,NA,2079,Steep Main RR - Downstream,39.462240707619635,-121.60468317506228,NA,EF_SE,backpack shock into any seine,good,10,sunny,NA,600,Riffle Sculpin,NA,NA,NA,NA,NA,NA,NA,NA,NA,NA,Medium - large cobble (150-300mm) (6-12in.),No Apparent  Cover,Riffle,NA,NA,NA,1,Boulder (>300mm) (>12in.),NA,NA,NA,NA,2009
2008-2014,2009-02-25,166,NA,2080,Steep Main RR - Downstream,39.462240707619635,-121.60468317506228,NA,EF_SE,backpack shock into any seine,good,10,sunny,NA,600,Chjnook Salmon- Spring,59,silvery parr,NA,NA,NA,NA,NA,NA,NA,NA,Medium - large cobble (150-300mm) (6-12in.),No Apparent  Cover,Riffle,NA,NA,NA,1,Boulder (>300mm) (>12in.),NA,NA,NA,NA,2009
2008-2014,2009-02-25,166,NA,2081,Steep Main RR - Downstream,39.462240707619635,-121.60468317506228,NA,EF_SE,backpack shock into any seine,good,10,sunny,NA,600,Chinook Salmon- Fall,35,parr,NA,NA,NA,NA,NA,NA,NA,NA,Medium - large cobble (150-300mm) (6-12in.),No Apparent  Cover,Riffle,NA,NA,NA,1,Boulder (>300mm) (>12in.),NA,NA,NA,NA,2009
2008-2014,2009-02-25,167,NA,2082,Eye Main RR - Downstream,39.45681138827642,-121.61503175870253,NA,EF_SE,backpack shock into any seine,good,10,sunny,NA,600,Sacramento Sucker,60,NA,NA,NA,NA,NA,NA,NA,NA,NA,Medium - large cobble (150-300mm) (6-12in.),Undercut Bank,Riffle,NA,NA,NA,1,NA,NA,NA,NA,NA,2009
2008-2014,2009-02-25,167,NA,2083,Eye Main RR - Downstream,39.45681138827642,-121.61503175870253,NA,EF_SE,backpack shock into any seine,good,10,sunny,NA,600,Chinook Salmon- Fall,36,parr,NA,NA,NA,NA,NA,NA,NA,NA,Medium - large cobble (150-300mm) (6-12in.),Undercut Bank,Riffle,NA,NA,NA,1,NA,NA,NA,NA,NA,2009
2008-2014,2009-02-25,167,NA,2084,Eye Main RR - Downstream,39.45681138827642,-121.61503175870253,NA,EF_SE,backpack shock into any seine,good,10,sunny,NA,600,Prickly Sculpin,NA,NA,NA,NA,NA,NA,NA,NA,NA,NA,Medium - large cobble (150-300mm) (6-12in.),Undercut Bank,Riffle,NA,NA,NA,1,NA,NA,NA,NA,NA,2009
2008-2014,2009-02-25,167,NA,2085,Eye Main RR - Downstream,39.45681138827642,-121.61503175870253,NA,EF_SE,backpack shock into any seine,good,10,sunny,NA,600,Prickly Sculpin,NA,NA,NA,NA,NA,NA,NA,NA,NA,NA,Medium - large cobble (150-300mm) (6-12in.),Undercut Bank,Riffle,NA,NA,NA,1,NA,NA,NA,NA,NA,2009
2008-2014,2009-02-25,167,NA,2086,Eye Main RR - Downstream,39.45681138827642,-121.61503175870253,NA,EF_SE,backpack shock into any seine,good,10,sunny,NA,600,Prickly Sculpin,NA,NA,NA,NA,NA,NA,NA,NA,NA,NA,Medium - large cobble (150-300mm) (6-12in.),Undercut Bank,Riffle,NA,NA,NA,1,NA,NA,NA,NA,NA,2009
2008-2014,2009-02-25,167,NA,2087,Eye Main RR - Downstream,39.45681138827642,-121.61503175870253,NA,EF_SE,backpack shock into any seine,good,10,sunny,NA,600,Prickly Sculpin,NA,NA,NA,NA,NA,NA,NA,NA,NA,NA,Medium - large cobble (150-300mm) (6-12in.),Undercut Bank,Riffle,NA,NA,NA,1,NA,NA,NA,NA,NA,2009
2008-2014,2009-02-25,167,NA,2088,Eye Main RR - Downstream,39.45681138827642,-121.61503175870253,NA,EF_SE,backpack shock into any seine,good,10,sunny,NA,600,Prickly Sculpin,NA,NA,NA,NA,NA,NA,NA,NA,NA,NA,Medium - large cobble (150-300mm) (6-12in.),Undercut Bank,Riffle,NA,NA,NA,1,NA,NA,NA,NA,NA,2009
2008-2014,2009-02-25,167,NA,2089,Eye Main RR - Downstream,39.45681138827642,-121.61503175870253,NA,EF_SE,backpack shock into any seine,good,10,sunny,NA,600,Prickly Sculpin,NA,NA,NA,NA,NA,NA,NA,NA,NA,NA,Medium - large cobble (150-300mm) (6-12in.),Undercut Bank,Riffle,NA,NA,NA,1,NA,NA,NA,NA,NA,2009
2008-2014,2009-02-25,169,NA,2142,Eye side channel,39.45659105038165,-121.61411873782232,NA,EF_SE,backpack shock into any seine,good,10,overcast,NA,600,Prickly Sculpin,NA,NA,NA,NA,NA,NA,NA,NA,NA,NA,Small - medium gravel (50-150mm) (2-6in.),Small Instream Objects/Woody Debris,Riffle,NA,NA,NA,1,Medium - large cobble (150-300mm) (6-12in.),NA,NA,Undercut Bank,NA,2009
2008-2014,2009-02-25,169,NA,2143,Eye side channel,39.45659105038165,-121.61411873782232,NA,EF_SE,backpack shock into any seine,good,10,overcast,NA,600,Prickly Sculpin,NA,NA,NA,NA,NA,NA,NA,NA,NA,NA,Small - medium gravel (50-150mm) (2-6in.),Small Instream Objects/Woody Debris,Riffle,NA,NA,NA,1,Medium - large cobble (150-300mm) (6-12in.),NA,NA,Undercut Bank,NA,2009
2008-2014,2009-02-25,169,NA,2144,Eye side channel,39.45659105038165,-121.61411873782232,NA,EF_SE,backpack shock into any seine,good,10,overcast,NA,600,Prickly Sculpin,NA,NA,NA,NA,NA,NA,NA,NA,NA,NA,Small - medium gravel (50-150mm) (2-6in.),Small Instream Objects/Woody Debris,Riffle,NA,NA,NA,1,Medium - large cobble (150-300mm) (6-12in.),NA,NA,Undercut Bank,NA,2009
2008-2014,2009-02-25,169,NA,2145,Eye side channel,39.45659105038165,-121.61411873782232,NA,EF_SE,backpack shock into any seine,good,10,overcast,NA,600,Prickly Sculpin,NA,NA,NA,NA,NA,NA,NA,NA,NA,NA,Small - medium gravel (50-150mm) (2-6in.),Small Instream Objects/Woody Debris,Riffle,NA,NA,NA,1,Medium - large cobble (150-300mm) (6-12in.),NA,NA,Undercut Bank,NA,2009
2008-2014,2009-02-25,169,NA,2146,Eye side channel,39.45659105038165,-121.61411873782232,NA,EF_SE,backpack shock into any seine,good,10,overcast,NA,600,Prickly Sculpin,NA,NA,NA,NA,NA,NA,NA,NA,NA,NA,Small - medium gravel (50-150mm) (2-6in.),Small Instream Objects/Woody Debris,Riffle,NA,NA,NA,1,Medium - large cobble (150-300mm) (6-12in.),NA,NA,Undercut Bank,NA,2009
2008-2014,2009-02-25,169,NA,2147,Eye side channel,39.45659105038165,-121.61411873782232,NA,EF_SE,backpack shock into any seine,good,10,overcast,NA,600,Prickly Sculpin,NA,NA,NA,NA,NA,NA,NA,NA,NA,NA,Small - medium gravel (50-150mm) (2-6in.),Small Instream Objects/Woody Debris,Riffle,NA,NA,NA,1,Medium - large cobble (150-300mm) (6-12in.),NA,NA,Undercut Bank,NA,2009
2008-2014,2009-02-25,169,NA,2148,Eye side channel,39.45659105038165,-121.61411873782232,NA,EF_SE,backpack shock into any seine,good,10,overcast,NA,600,Prickly Sculpin,NA,NA,NA,NA,NA,NA,NA,NA,NA,NA,Small - medium gravel (50-150mm) (2-6in.),Small Instream Objects/Woody Debris,Riffle,NA,NA,NA,1,Medium - large cobble (150-300mm) (6-12in.),NA,NA,Undercut Bank,NA,2009
2008-2014,2009-02-25,169,NA,2149,Eye side channel,39.45659105038165,-121.61411873782232,NA,EF_SE,backpack shock into any seine,good,10,overcast,NA,600,Prickly Sculpin,NA,NA,NA,NA,NA,NA,NA,NA,NA,NA,Small - medium gravel (50-150mm) (2-6in.),Small Instream Objects/Woody Debris,Riffle,NA,NA,NA,1,Medium - large cobble (150-300mm) (6-12in.),NA,NA,Undercut Bank,NA,2009
2008-2014,2009-02-25,169,NA,2150,Eye side channel,39.45659105038165,-121.61411873782232,NA,EF_SE,backpack shock into any seine,good,10,overcast,NA,600,Prickly Sculpin,NA,NA,NA,NA,NA,NA,NA,NA,NA,NA,Small - medium gravel (50-150mm) (2-6in.),Small Instream Objects/Woody Debris,Riffle,NA,NA,NA,1,Medium - large cobble (150-300mm) (6-12in.),NA,NA,Undercut Bank,NA,2009
2008-2014,2009-02-25,169,NA,2151,Eye side channel,39.45659105038165,-121.61411873782232,NA,EF_SE,backpack shock into any seine,good,10,overcast,NA,600,Prickly Sculpin,NA,NA,NA,NA,NA,NA,NA,NA,NA,NA,Small - medium gravel (50-150mm) (2-6in.),Small Instream Objects/Woody Debris,Riffle,NA,NA,NA,1,Medium - large cobble (150-300mm) (6-12in.),NA,NA,Undercut Bank,NA,2009
2008-2014,2009-02-25,169,NA,2152,Eye side channel,39.45659105038165,-121.61411873782232,NA,EF_SE,backpack shock into any seine,good,10,overcast,NA,600,Prickly Sculpin,NA,NA,NA,NA,NA,NA,NA,NA,NA,NA,Small - medium gravel (50-150mm) (2-6in.),Small Instream Objects/Woody Debris,Riffle,NA,NA,NA,1,Medium - large cobble (150-300mm) (6-12in.),NA,NA,Undercut Bank,NA,2009
2008-2014,2009-02-25,169,NA,2153,Eye side channel,39.45659105038165,-121.61411873782232,NA,EF_SE,backpack shock into any seine,good,10,overcast,NA,600,Prickly Sculpin,NA,NA,NA,NA,NA,NA,NA,NA,NA,NA,Small - medium gravel (50-150mm) (2-6in.),Small Instream Objects/Woody Debris,Riffle,NA,NA,NA,1,Medium - large cobble (150-300mm) (6-12in.),NA,NA,Undercut Bank,NA,2009
2008-2014,2009-02-25,169,NA,2154,Eye side channel,39.45659105038165,-121.61411873782232,NA,EF_SE,backpack shock into any seine,good,10,overcast,NA,600,Riffle Sculpin,NA,NA,NA,NA,NA,NA,NA,NA,NA,NA,Small - medium gravel (50-150mm) (2-6in.),Small Instream Objects/Woody Debris,Riffle,NA,NA,NA,1,Medium - large cobble (150-300mm) (6-12in.),NA,NA,Undercut Bank,NA,2009
2008-2014,2009-02-25,169,NA,2155,Eye side channel,39.45659105038165,-121.61411873782232,NA,EF_SE,backpack shock into any seine,good,10,overcast,NA,600,Chinook Salmon- Fall,44,parr,NA,NA,NA,NA,NA,NA,NA,NA,Small - medium gravel (50-150mm) (2-6in.),Small Instream Objects/Woody Debris,Riffle,NA,NA,NA,1,Medium - large cobble (150-300mm) (6-12in.),NA,NA,Undercut Bank,NA,2009
2008-2014,2009-02-25,169,NA,2156,Eye side channel,39.45659105038165,-121.61411873782232,NA,EF_SE,backpack shock into any seine,good,10,overcast,NA,600,Chinook Salmon- Fall,35,parr,NA,NA,NA,NA,NA,NA,NA,NA,Small - medium gravel (50-150mm) (2-6in.),Small Instream Objects/Woody Debris,Riffle,NA,NA,NA,1,Medium - large cobble (150-300mm) (6-12in.),NA,NA,Undercut Bank,NA,2009
2008-2014,2009-02-25,169,NA,2157,Eye side channel,39.45659105038165,-121.61411873782232,NA,EF_SE,backpack shock into any seine,good,10,overcast,NA,600,Chinook Salmon- Fall,34,parr,NA,NA,NA,NA,NA,NA,NA,NA,Small - medium gravel (50-150mm) (2-6in.),Small Instream Objects/Woody Debris,Riffle,NA,NA,NA,1,Medium - large cobble (150-300mm) (6-12in.),NA,NA,Undercut Bank,NA,2009
2008-2014,2014-05-01,331,NA,5195,G95 SC  RR,39.43121470540894,-121.63242348793818,NA,EF_SE,50 foot beach seine with bag,good,17,sunny,NA,800,Chinook Salmon- Fall,65,NA,NA,18.5,NA,7.5,0.46,0.64,NA,NA,Small - medium gravel (50-150mm) (2-6in.),No Apparent  Cover,Riffle,NA,NA,NA,1,Medium - large cobble (150-300mm) (6-12in.),Boulder (>300mm) (>12in.),NA,NA,NA,2014
2008-2014,2014-05-01,331,NA,5196,G95 SC  RR,39.43121470540894,-121.63242348793818,NA,EF_SE,50 foot beach seine with bag,good,17,sunny,NA,800,Chinook Salmon- Fall,55,NA,NA,18.5,NA,7.5,0.46,0.64,NA,NA,Small - medium gravel (50-150mm) (2-6in.),No Apparent  Cover,Riffle,NA,NA,NA,1,Medium - large cobble (150-300mm) (6-12in.),Boulder (>300mm) (>12in.),NA,NA,NA,2014
2008-2014,2014-05-01,331,NA,5197,G95 SC  RR,39.43121470540894,-121.63242348793818,NA,EF_SE,50 foot beach seine with bag,good,17,sunny,NA,800,Chinook Salmon- Fall,54,NA,NA,18.5,NA,7.5,0.46,0.64,NA,NA,Small - medium gravel (50-150mm) (2-6in.),No Apparent  Cover,Riffle,NA,NA,NA,1,Medium - large cobble (150-300mm) (6-12in.),Boulder (>300mm) (>12in.),NA,NA,NA,2014
2008-2014,2014-05-01,331,NA,5198,G95 SC  RR,39.43121470540894,-121.63242348793818,NA,EF_SE,50 foot beach seine with bag,good,17,sunny,NA,800,Chinook Salmon- Fall,56,NA,NA,18.5,NA,7.5,0.46,0.64,NA,NA,Small - medium gravel (50-150mm) (2-6in.),No Apparent  Cover,Riffle,NA,NA,NA,1,Medium - large cobble (150-300mm) (6-12in.),Boulder (>300mm) (>12in.),NA,NA,NA,2014
2008-2014,2014-05-01,331,NA,5199,G95 SC  RR,39.43121470540894,-121.63242348793818,NA,EF_SE,50 foot beach seine with bag,good,17,sunny,NA,800,Chinook Salmon- Fall,47,NA,NA,18.5,NA,7.5,0.46,0.64,NA,NA,Small - medium gravel (50-150mm) (2-6in.),No Apparent  Cover,Riffle,NA,NA,NA,1,Medium - large cobble (150-300mm) (6-12in.),Boulder (>300mm) (>12in.),NA,NA,NA,2014
2008-2014,2014-05-01,331,NA,5200,G95 SC  RR,39.43121470540894,-121.63242348793818,NA,EF_SE,50 foot beach seine with bag,good,17,sunny,NA,800,Chinook Salmon- Fall,55,NA,NA,18.5,NA,7.5,0.46,0.64,NA,NA,Small - medium gravel (50-150mm) (2-6in.),No Apparent  Cover,Riffle,NA,NA,NA,1,Medium - large cobble (150-300mm) (6-12in.),Boulder (>300mm) (>12in.),NA,NA,NA,2014
2008-2014,2014-05-01,331,NA,5201,G95 SC  RR,39.43121470540894,-121.63242348793818,NA,EF_SE,50 foot beach seine with bag,good,17,sunny,NA,800,Prickly Sculpin,96,NA,NA,18.5,NA,7.5,0.46,0.64,NA,NA,Small - medium gravel (50-150mm) (2-6in.),No Apparent  Cover,Riffle,NA,NA,NA,1,Medium - large cobble (150-300mm) (6-12in.),Boulder (>300mm) (>12in.),NA,NA,NA,2014
2008-2014,2014-05-01,331,NA,5202,G95 SC  RR,39.43121470540894,-121.63242348793818,NA,EF_SE,50 foot beach seine with bag,good,17,sunny,NA,800,Prickly Sculpin,110,NA,NA,18.5,NA,7.5,0.46,0.64,NA,NA,Small - medium gravel (50-150mm) (2-6in.),No Apparent  Cover,Riffle,NA,NA,NA,1,Medium - large cobble (150-300mm) (6-12in.),Boulder (>300mm) (>12in.),NA,NA,NA,2014
2008-2014,2014-05-01,331,NA,5203,G95 SC  RR,39.43121470540894,-121.63242348793818,NA,EF_SE,50 foot beach seine with bag,good,17,sunny,NA,800,Prickly Sculpin,65,NA,NA,18.5,NA,7.5,0.46,0.64,NA,NA,Small - medium gravel (50-150mm) (2-6in.),No Apparent  Cover,Riffle,NA,NA,NA,1,Medium - large cobble (150-300mm) (6-12in.),Boulder (>300mm) (>12in.),NA,NA,NA,2014
2008-2014,2014-05-01,331,NA,5204,G95 SC  RR,39.43121470540894,-121.63242348793818,NA,EF_SE,50 foot beach seine with bag,good,17,sunny,NA,800,Prickly Sculpin,79,NA,NA,18.5,NA,7.5,0.46,0.64,NA,NA,Small - medium gravel (50-150mm) (2-6in.),No Apparent  Cover,Riffle,NA,NA,NA,1,Medium - large cobble (150-300mm) (6-12in.),Boulder (>300mm) (>12in.),NA,NA,NA,2014
2008-2014,2014-05-01,331,NA,5205,G95 SC  RR,39.43121470540894,-121.63242348793818,NA,EF_SE,50 foot beach seine with bag,good,17,sunny,NA,800,Prickly Sculpin,80,NA,NA,18.5,NA,7.5,0.46,0.64,NA,NA,Small - medium gravel (50-150mm) (2-6in.),No Apparent  Cover,Riffle,NA,NA,NA,1,Medium - large cobble (150-300mm) (6-12in.),Boulder (>300mm) (>12in.),NA,NA,NA,2014
2008-2014,2014-05-01,331,NA,5206,G95 SC  RR,39.43121470540894,-121.63242348793818,NA,EF_SE,50 foot beach seine with bag,good,17,sunny,NA,800,Sacramento Sucker,55,NA,NA,18.5,NA,7.5,0.46,0.64,NA,NA,Small - medium gravel (50-150mm) (2-6in.),No Apparent  Cover,Riffle,NA,NA,NA,1,Medium - large cobble (150-300mm) (6-12in.),Boulder (>300mm) (>12in.),NA,NA,NA,2014
2008-2014,2014-05-01,331,NA,5207,G95 SC  RR,39.43121470540894,-121.63242348793818,NA,EF_SE,50 foot beach seine with bag,good,17,sunny,NA,800,Sacramento Sucker,145,NA,NA,18.5,NA,7.5,0.46,0.64,NA,NA,Small - medium gravel (50-150mm) (2-6in.),No Apparent  Cover,Riffle,NA,NA,NA,1,Medium - large cobble (150-300mm) (6-12in.),Boulder (>300mm) (>12in.),NA,NA,NA,2014
2008-2014,2014-05-01,331,NA,5208,G95 SC  RR,39.43121470540894,-121.63242348793818,NA,EF_SE,50 foot beach seine with bag,good,17,sunny,NA,800,Sacramento Sucker,68,NA,NA,18.5,NA,7.5,0.46,0.64,NA,NA,Small - medium gravel (50-150mm) (2-6in.),No Apparent  Cover,Riffle,NA,NA,NA,1,Medium - large cobble (150-300mm) (6-12in.),Boulder (>300mm) (>12in.),NA,NA,NA,2014
2008-2014,2014-05-01,331,NA,5209,G95 SC  RR,39.43121470540894,-121.63242348793818,NA,EF_SE,50 foot beach seine with bag,good,17,sunny,NA,800,Bluegill,51,NA,NA,18.5,NA,7.5,0.46,0.64,NA,NA,Small - medium gravel (50-150mm) (2-6in.),No Apparent  Cover,Riffle,NA,NA,NA,1,Medium - large cobble (150-300mm) (6-12in.),Boulder (>300mm) (>12in.),NA,NA,NA,2014
2008-2014,2014-05-01,331,NA,5210,G95 SC  RR,39.43121470540894,-121.63242348793818,NA,EF_SE,50 foot beach seine with bag,good,17,sunny,NA,800,Sacramento Pikeminnow,77,NA,NA,18.5,NA,7.5,0.46,0.64,NA,NA,Small - medium gravel (50-150mm) (2-6in.),No Apparent  Cover,Riffle,NA,NA,NA,1,Medium - large cobble (150-300mm) (6-12in.),Boulder (>300mm) (>12in.),NA,NA,NA,2014
2008-2014,2014-05-01,331,NA,5211,G95 SC  RR,39.43121470540894,-121.63242348793818,NA,EF_SE,50 foot beach seine with bag,good,17,sunny,NA,800,Sacramento Pikeminnow,66,NA,NA,18.5,NA,7.5,0.46,0.64,NA,NA,Small - medium gravel (50-150mm) (2-6in.),No Apparent  Cover,Riffle,NA,NA,NA,1,Medium - large cobble (150-300mm) (6-12in.),Boulder (>300mm) (>12in.),NA,NA,NA,2014
2008-2014,2014-05-21,338,NA,5359,G95 SC  RR,39.43121470540894,-121.63242348793818,NA,EF_SE,50 foot beach seine with bag,good,16,sunny,NA,NA,Chinook Salmon- Fall,65,NA,NA,83.23,NA,7.62,0.56,0.72,NA,NA,Small - medium gravel (50-150mm) (2-6in.),No Apparent  Cover,Run,NA,NA,NA,1,Medium - large cobble (150-300mm) (6-12in.),NA,NA,NA,NA,2014
2008-2014,2014-05-21,338,NA,5360,G95 SC  RR,39.43121470540894,-121.63242348793818,NA,EF_SE,50 foot beach seine with bag,good,16,sunny,NA,NA,Chinook Salmon- Fall,71,NA,NA,83.23,NA,7.62,0.56,0.72,NA,NA,Small - medium gravel (50-150mm) (2-6in.),No Apparent  Cover,Run,NA,NA,NA,1,Medium - large cobble (150-300mm) (6-12in.),NA,NA,NA,NA,2014
2008-2014,2014-05-21,338,NA,5361,G95 SC  RR,39.43121470540894,-121.63242348793818,NA,EF_SE,50 foot beach seine with bag,good,16,sunny,NA,NA,Chinook Salmon- Fall,80,NA,NA,83.23,NA,7.62,0.56,0.72,NA,NA,Small - medium gravel (50-150mm) (2-6in.),No Apparent  Cover,Run,NA,NA,NA,1,Medium - large cobble (150-300mm) (6-12in.),NA,NA,NA,NA,2014
2008-2014,2014-05-21,338,NA,5362,G95 SC  RR,39.43121470540894,-121.63242348793818,NA,EF_SE,50 foot beach seine with bag,good,16,sunny,NA,NA,Chinook Salmon- Fall,75,NA,NA,83.23,NA,7.62,0.56,0.72,NA,NA,Small - medium gravel (50-150mm) (2-6in.),No Apparent  Cover,Run,NA,NA,NA,1,Medium - large cobble (150-300mm) (6-12in.),NA,NA,NA,NA,2014
2008-2014,2014-05-21,338,NA,5363,G95 SC  RR,39.43121470540894,-121.63242348793818,NA,EF_SE,50 foot beach seine with bag,good,16,sunny,NA,NA,Chinook Salmon- Fall,88,NA,NA,83.23,NA,7.62,0.56,0.72,NA,NA,Small - medium gravel (50-150mm) (2-6in.),No Apparent  Cover,Run,NA,NA,NA,1,Medium - large cobble (150-300mm) (6-12in.),NA,NA,NA,NA,2014
2008-2014,2014-05-21,338,NA,5364,G95 SC  RR,39.43121470540894,-121.63242348793818,NA,EF_SE,50 foot beach seine with bag,good,16,sunny,NA,NA,Chinook Salmon- Fall,68,NA,NA,83.23,NA,7.62,0.56,0.72,NA,NA,Small - medium gravel (50-150mm) (2-6in.),No Apparent  Cover,Run,NA,NA,NA,1,Medium - large cobble (150-300mm) (6-12in.),NA,NA,NA,NA,2014
2008-2014,2014-05-21,338,NA,5365,G95 SC  RR,39.43121470540894,-121.63242348793818,NA,EF_SE,50 foot beach seine with bag,good,16,sunny,NA,NA,Chinook Salmon- Fall,67,NA,NA,83.23,NA,7.62,0.56,0.72,NA,NA,Small - medium gravel (50-150mm) (2-6in.),No Apparent  Cover,Run,NA,NA,NA,1,Medium - large cobble (150-300mm) (6-12in.),NA,NA,NA,NA,2014
2008-2014,2014-05-21,338,NA,5366,G95 SC  RR,39.43121470540894,-121.63242348793818,NA,EF_SE,50 foot beach seine with bag,good,16,sunny,NA,NA,Chinook Salmon- Fall,73,NA,NA,83.23,NA,7.62,0.56,0.72,NA,NA,Small - medium gravel (50-150mm) (2-6in.),No Apparent  Cover,Run,NA,NA,NA,1,Medium - large cobble (150-300mm) (6-12in.),NA,NA,NA,NA,2014
2008-2014,2014-05-21,338,NA,5367,G95 SC  RR,39.43121470540894,-121.63242348793818,NA,EF_SE,50 foot beach seine with bag,good,16,sunny,NA,NA,Chinook Salmon- Fall,63,NA,NA,83.23,NA,7.62,0.56,0.72,NA,NA,Small - medium gravel (50-150mm) (2-6in.),No Apparent  Cover,Run,NA,NA,NA,1,Medium - large cobble (150-300mm) (6-12in.),NA,NA,NA,NA,2014
2008-2014,2014-05-21,338,NA,5368,G95 SC  RR,39.43121470540894,-121.63242348793818,NA,EF_SE,50 foot beach seine with bag,good,16,sunny,NA,NA,Chinook Salmon- Fall,82,NA,NA,83.23,NA,7.62,0.56,0.72,NA,NA,Small - medium gravel (50-150mm) (2-6in.),No Apparent  Cover,Run,NA,NA,NA,1,Medium - large cobble (150-300mm) (6-12in.),NA,NA,NA,NA,2014
2008-2014,2014-05-21,338,NA,5369,G95 SC  RR,39.43121470540894,-121.63242348793818,NA,EF_SE,50 foot beach seine with bag,good,16,sunny,NA,NA,Chinook Salmon- Fall,74,NA,NA,83.23,NA,7.62,0.56,0.72,NA,NA,Small - medium gravel (50-150mm) (2-6in.),No Apparent  Cover,Run,NA,NA,NA,1,Medium - large cobble (150-300mm) (6-12in.),NA,NA,NA,NA,2014
2008-2014,2014-05-21,338,NA,5370,G95 SC  RR,39.43121470540894,-121.63242348793818,NA,EF_SE,50 foot beach seine with bag,good,16,sunny,NA,NA,Chinook Salmon- Fall,53,NA,NA,83.23,NA,7.62,0.56,0.72,NA,NA,Small - medium gravel (50-150mm) (2-6in.),No Apparent  Cover,Run,NA,NA,NA,1,Medium - large cobble (150-300mm) (6-12in.),NA,NA,NA,NA,2014
2008-2014,2014-05-21,338,NA,5371,G95 SC  RR,39.43121470540894,-121.63242348793818,NA,EF_SE,50 foot beach seine with bag,good,16,sunny,NA,NA,Chinook Salmon- Fall,72,NA,NA,83.23,NA,7.62,0.56,0.72,NA,NA,Small - medium gravel (50-150mm) (2-6in.),No Apparent  Cover,Run,NA,NA,NA,1,Medium - large cobble (150-300mm) (6-12in.),NA,NA,NA,NA,2014
2008-2014,2014-05-21,338,NA,5372,G95 SC  RR,39.43121470540894,-121.63242348793818,NA,EF_SE,50 foot beach seine with bag,good,16,sunny,NA,NA,Chinook Salmon- Fall,70,NA,NA,83.23,NA,7.62,0.56,0.72,NA,NA,Small - medium gravel (50-150mm) (2-6in.),No Apparent  Cover,Run,NA,NA,NA,1,Medium - large cobble (150-300mm) (6-12in.),NA,NA,NA,NA,2014
2008-2014,2014-05-21,338,NA,5373,G95 SC  RR,39.43121470540894,-121.63242348793818,NA,EF_SE,50 foot beach seine with bag,good,16,sunny,NA,NA,Chinook Salmon- Fall,75,NA,NA,83.23,NA,7.62,0.56,0.72,NA,NA,Small - medium gravel (50-150mm) (2-6in.),No Apparent  Cover,Run,NA,NA,NA,1,Medium - large cobble (150-300mm) (6-12in.),NA,NA,NA,NA,2014
2008-2014,2008-06-24,60,NA,176,Auditorium RL - Downstream,39.51521827977437,-121.55994996353618,NA,EF_SE,backpack shock into any seine,good,NA,overcast,NA,NA,Unid Juvenile Sculpin,NA,NA,NA,NA,NA,NA,NA,NA,NA,NA,Medium - large cobble (150-300mm) (6-12in.),Overhead Objects,Riffle,NA,NA,NA,1,NA,NA,NA,NA,NA,2008
2008-2014,2008-06-24,60,NA,177,Auditorium RL - Downstream,39.51521827977437,-121.55994996353618,NA,EF_SE,backpack shock into any seine,good,NA,overcast,NA,NA,Unid Juvenile Sculpin,NA,NA,NA,NA,NA,NA,NA,NA,NA,NA,Medium - large cobble (150-300mm) (6-12in.),Overhead Objects,Riffle,NA,NA,NA,1,NA,NA,NA,NA,NA,2008
2008-2014,2008-06-24,60,NA,178,Auditorium RL - Downstream,39.51521827977437,-121.55994996353618,NA,EF_SE,backpack shock into any seine,good,NA,overcast,NA,NA,Riffle Sculpin,NA,NA,NA,NA,NA,NA,NA,NA,NA,NA,Medium - large cobble (150-300mm) (6-12in.),Overhead Objects,Riffle,NA,NA,NA,1,NA,NA,NA,NA,NA,2008
2008-2014,2008-06-18,62,NA,196,Bedrock Park RL,39.51299134724815,-121.56877267584329,NA,EF_SE,backpack shock into any seine,good,19.28,sunny,NA,NA,Riffle Sculpin,NA,NA,NA,NA,NA,NA,NA,NA,NA,NA,Medium - large cobble (150-300mm) (6-12in.),Small Instream Objects/Woody Debris,Riffle,NA,NA,NA,1,NA,NA,NA,NA,NA,2008
2008-2014,2008-06-18,62,NA,197,Bedrock Park RL,39.51299134724815,-121.56877267584329,NA,EF_SE,backpack shock into any seine,good,19.28,sunny,NA,NA,Riffle Sculpin,NA,NA,NA,NA,NA,NA,NA,NA,NA,NA,Medium - large cobble (150-300mm) (6-12in.),Small Instream Objects/Woody Debris,Riffle,NA,NA,NA,1,NA,NA,NA,NA,NA,2008
2008-2014,2008-06-18,62,NA,198,Bedrock Park RL,39.51299134724815,-121.56877267584329,NA,EF_SE,backpack shock into any seine,good,19.28,sunny,NA,NA,Riffle Sculpin,NA,NA,NA,NA,NA,NA,NA,NA,NA,NA,Medium - large cobble (150-300mm) (6-12in.),Small Instream Objects/Woody Debris,Riffle,NA,NA,NA,1,NA,NA,NA,NA,NA,2008
2008-2014,2008-06-18,62,NA,199,Bedrock Park RL,39.51299134724815,-121.56877267584329,NA,EF_SE,backpack shock into any seine,good,19.28,sunny,NA,NA,Riffle Sculpin,NA,NA,NA,NA,NA,NA,NA,NA,NA,NA,Medium - large cobble (150-300mm) (6-12in.),Small Instream Objects/Woody Debris,Riffle,NA,NA,NA,1,NA,NA,NA,NA,NA,2008
2008-2014,2008-06-18,62,NA,200,Bedrock Park RL,39.51299134724815,-121.56877267584329,NA,EF_SE,backpack shock into any seine,good,19.28,sunny,NA,NA,Riffle Sculpin,NA,NA,NA,NA,NA,NA,NA,NA,NA,NA,Medium - large cobble (150-300mm) (6-12in.),Small Instream Objects/Woody Debris,Riffle,NA,NA,NA,1,NA,NA,NA,NA,NA,2008
2008-2014,2008-06-18,62,NA,201,Bedrock Park RL,39.51299134724815,-121.56877267584329,NA,EF_SE,backpack shock into any seine,good,19.28,sunny,NA,NA,Riffle Sculpin,NA,NA,NA,NA,NA,NA,NA,NA,NA,NA,Medium - large cobble (150-300mm) (6-12in.),Small Instream Objects/Woody Debris,Riffle,NA,NA,NA,1,NA,NA,NA,NA,NA,2008
2008-2014,2008-06-18,62,NA,202,Bedrock Park RL,39.51299134724815,-121.56877267584329,NA,EF_SE,backpack shock into any seine,good,19.28,sunny,NA,NA,Riffle Sculpin,NA,NA,NA,NA,NA,NA,NA,NA,NA,NA,Medium - large cobble (150-300mm) (6-12in.),Small Instream Objects/Woody Debris,Riffle,NA,NA,NA,1,NA,NA,NA,NA,NA,2008
2008-2014,2008-06-18,62,NA,203,Bedrock Park RL,39.51299134724815,-121.56877267584329,NA,EF_SE,backpack shock into any seine,good,19.28,sunny,NA,NA,Sacramento Sucker,23,NA,NA,NA,NA,NA,NA,NA,NA,NA,Medium - large cobble (150-300mm) (6-12in.),Small Instream Objects/Woody Debris,Riffle,NA,NA,NA,1,NA,NA,NA,NA,NA,2008
2008-2014,2008-06-18,62,NA,204,Bedrock Park RL,39.51299134724815,-121.56877267584329,NA,EF_SE,backpack shock into any seine,good,19.28,sunny,NA,NA,Sacramento Sucker,25,NA,NA,NA,NA,NA,NA,NA,NA,NA,Medium - large cobble (150-300mm) (6-12in.),Small Instream Objects/Woody Debris,Riffle,NA,NA,NA,1,NA,NA,NA,NA,NA,2008
2008-2014,2008-06-18,62,NA,205,Bedrock Park RL,39.51299134724815,-121.56877267584329,NA,EF_SE,backpack shock into any seine,good,19.28,sunny,NA,NA,Unid Juvenile Sculpin,NA,NA,NA,NA,NA,NA,NA,NA,NA,NA,Medium - large cobble (150-300mm) (6-12in.),Small Instream Objects/Woody Debris,Riffle,NA,NA,NA,1,NA,NA,NA,NA,NA,2008
2008-2014,2008-06-18,66,NA,290,Steep Main RR - Upstream,39.462937961867105,-121.60428005334087,NA,EF_SE,backpack shock into any seine,good,17,sunny,NA,NA,Riffle Sculpin,NA,NA,NA,NA,NA,NA,NA,NA,NA,NA,Small - medium gravel (50-150mm) (2-6in.),Small Instream Objects/Woody Debris,Riffle,NA,NA,NA,1,Medium - large cobble (150-300mm) (6-12in.),NA,NA,NA,NA,2008
2008-2014,2008-06-18,66,NA,291,Steep Main RR - Upstream,39.462937961867105,-121.60428005334087,NA,EF_SE,backpack shock into any seine,good,17,sunny,NA,NA,Riffle Sculpin,NA,NA,NA,NA,NA,NA,NA,NA,NA,NA,Small - medium gravel (50-150mm) (2-6in.),Small Instream Objects/Woody Debris,Riffle,NA,NA,NA,1,Medium - large cobble (150-300mm) (6-12in.),NA,NA,NA,NA,2008
2008-2014,2008-06-18,66,NA,292,Steep Main RR - Upstream,39.462937961867105,-121.60428005334087,NA,EF_SE,backpack shock into any seine,good,17,sunny,NA,NA,Riffle Sculpin,NA,NA,NA,NA,NA,NA,NA,NA,NA,NA,Small - medium gravel (50-150mm) (2-6in.),Small Instream Objects/Woody Debris,Riffle,NA,NA,NA,1,Medium - large cobble (150-300mm) (6-12in.),NA,NA,NA,NA,2008
2008-2014,2008-06-18,66,NA,293,Steep Main RR - Upstream,39.462937961867105,-121.60428005334087,NA,EF_SE,backpack shock into any seine,good,17,sunny,NA,NA,Riffle Sculpin,NA,NA,NA,NA,NA,NA,NA,NA,NA,NA,Small - medium gravel (50-150mm) (2-6in.),Small Instream Objects/Woody Debris,Riffle,NA,NA,NA,1,Medium - large cobble (150-300mm) (6-12in.),NA,NA,NA,NA,2008
2008-2014,2008-06-18,66,NA,294,Steep Main RR - Upstream,39.462937961867105,-121.60428005334087,NA,EF_SE,backpack shock into any seine,good,17,sunny,NA,NA,Riffle Sculpin,NA,NA,NA,NA,NA,NA,NA,NA,NA,NA,Small - medium gravel (50-150mm) (2-6in.),Small Instream Objects/Woody Debris,Riffle,NA,NA,NA,1,Medium - large cobble (150-300mm) (6-12in.),NA,NA,NA,NA,2008
2008-2014,2008-06-18,66,NA,295,Steep Main RR - Upstream,39.462937961867105,-121.60428005334087,NA,EF_SE,backpack shock into any seine,good,17,sunny,NA,NA,Riffle Sculpin,NA,NA,NA,NA,NA,NA,NA,NA,NA,NA,Small - medium gravel (50-150mm) (2-6in.),Small Instream Objects/Woody Debris,Riffle,NA,NA,NA,1,Medium - large cobble (150-300mm) (6-12in.),NA,NA,NA,NA,2008
2008-2014,2008-06-18,66,NA,296,Steep Main RR - Upstream,39.462937961867105,-121.60428005334087,NA,EF_SE,backpack shock into any seine,good,17,sunny,NA,NA,Riffle Sculpin,NA,NA,NA,NA,NA,NA,NA,NA,NA,NA,Small - medium gravel (50-150mm) (2-6in.),Small Instream Objects/Woody Debris,Riffle,NA,NA,NA,1,Medium - large cobble (150-300mm) (6-12in.),NA,NA,NA,NA,2008
2008-2014,2008-06-18,66,NA,297,Steep Main RR - Upstream,39.462937961867105,-121.60428005334087,NA,EF_SE,backpack shock into any seine,good,17,sunny,NA,NA,Riffle Sculpin,NA,NA,NA,NA,NA,NA,NA,NA,NA,NA,Small - medium gravel (50-150mm) (2-6in.),Small Instream Objects/Woody Debris,Riffle,NA,NA,NA,1,Medium - large cobble (150-300mm) (6-12in.),NA,NA,NA,NA,2008
2008-2014,2008-06-18,66,NA,298,Steep Main RR - Upstream,39.462937961867105,-121.60428005334087,NA,EF_SE,backpack shock into any seine,good,17,sunny,NA,NA,Riffle Sculpin,NA,NA,NA,NA,NA,NA,NA,NA,NA,NA,Small - medium gravel (50-150mm) (2-6in.),Small Instream Objects/Woody Debris,Riffle,NA,NA,NA,1,Medium - large cobble (150-300mm) (6-12in.),NA,NA,NA,NA,2008
2008-2014,2008-06-18,66,NA,299,Steep Main RR - Upstream,39.462937961867105,-121.60428005334087,NA,EF_SE,backpack shock into any seine,good,17,sunny,NA,NA,Riffle Sculpin,NA,NA,NA,NA,NA,NA,NA,NA,NA,NA,Small - medium gravel (50-150mm) (2-6in.),Small Instream Objects/Woody Debris,Riffle,NA,NA,NA,1,Medium - large cobble (150-300mm) (6-12in.),NA,NA,NA,NA,2008
2008-2014,2008-06-18,66,NA,300,Steep Main RR - Upstream,39.462937961867105,-121.60428005334087,NA,EF_SE,backpack shock into any seine,good,17,sunny,NA,NA,Riffle Sculpin,NA,NA,NA,NA,NA,NA,NA,NA,NA,NA,Small - medium gravel (50-150mm) (2-6in.),Small Instream Objects/Woody Debris,Riffle,NA,NA,NA,1,Medium - large cobble (150-300mm) (6-12in.),NA,NA,NA,NA,2008
2008-2014,2008-06-18,66,NA,301,Steep Main RR - Upstream,39.462937961867105,-121.60428005334087,NA,EF_SE,backpack shock into any seine,good,17,sunny,NA,NA,Riffle Sculpin,NA,NA,NA,NA,NA,NA,NA,NA,NA,NA,Small - medium gravel (50-150mm) (2-6in.),Small Instream Objects/Woody Debris,Riffle,NA,NA,NA,1,Medium - large cobble (150-300mm) (6-12in.),NA,NA,NA,NA,2008
2008-2014,2008-06-18,66,NA,302,Steep Main RR - Upstream,39.462937961867105,-121.60428005334087,NA,EF_SE,backpack shock into any seine,good,17,sunny,NA,NA,Riffle Sculpin,NA,NA,NA,NA,NA,NA,NA,NA,NA,NA,Small - medium gravel (50-150mm) (2-6in.),Small Instream Objects/Woody Debris,Riffle,NA,NA,NA,1,Medium - large cobble (150-300mm) (6-12in.),NA,NA,NA,NA,2008
2008-2014,2008-06-18,66,NA,303,Steep Main RR - Upstream,39.462937961867105,-121.60428005334087,NA,EF_SE,backpack shock into any seine,good,17,sunny,NA,NA,Riffle Sculpin,NA,NA,NA,NA,NA,NA,NA,NA,NA,NA,Small - medium gravel (50-150mm) (2-6in.),Small Instream Objects/Woody Debris,Riffle,NA,NA,NA,1,Medium - large cobble (150-300mm) (6-12in.),NA,NA,NA,NA,2008
2008-2014,2008-06-18,66,NA,304,Steep Main RR - Upstream,39.462937961867105,-121.60428005334087,NA,EF_SE,backpack shock into any seine,good,17,sunny,NA,NA,Riffle Sculpin,NA,NA,NA,NA,NA,NA,NA,NA,NA,NA,Small - medium gravel (50-150mm) (2-6in.),Small Instream Objects/Woody Debris,Riffle,NA,NA,NA,1,Medium - large cobble (150-300mm) (6-12in.),NA,NA,NA,NA,2008
2008-2014,2008-06-18,66,NA,305,Steep Main RR - Upstream,39.462937961867105,-121.60428005334087,NA,EF_SE,backpack shock into any seine,good,17,sunny,NA,NA,Riffle Sculpin,NA,NA,NA,NA,NA,NA,NA,NA,NA,NA,Small - medium gravel (50-150mm) (2-6in.),Small Instream Objects/Woody Debris,Riffle,NA,NA,NA,1,Medium - large cobble (150-300mm) (6-12in.),NA,NA,NA,NA,2008
2008-2014,2008-06-18,66,NA,306,Steep Main RR - Upstream,39.462937961867105,-121.60428005334087,NA,EF_SE,backpack shock into any seine,good,17,sunny,NA,NA,Riffle Sculpin,NA,NA,NA,NA,NA,NA,NA,NA,NA,NA,Small - medium gravel (50-150mm) (2-6in.),Small Instream Objects/Woody Debris,Riffle,NA,NA,NA,1,Medium - large cobble (150-300mm) (6-12in.),NA,NA,NA,NA,2008
2008-2014,2008-06-18,66,NA,307,Steep Main RR - Upstream,39.462937961867105,-121.60428005334087,NA,EF_SE,backpack shock into any seine,good,17,sunny,NA,NA,Riffle Sculpin,NA,NA,NA,NA,NA,NA,NA,NA,NA,NA,Small - medium gravel (50-150mm) (2-6in.),Small Instream Objects/Woody Debris,Riffle,NA,NA,NA,1,Medium - large cobble (150-300mm) (6-12in.),NA,NA,NA,NA,2008
2008-2014,2008-06-18,66,NA,308,Steep Main RR - Upstream,39.462937961867105,-121.60428005334087,NA,EF_SE,backpack shock into any seine,good,17,sunny,NA,NA,Riffle Sculpin,NA,NA,NA,NA,NA,NA,NA,NA,NA,NA,Small - medium gravel (50-150mm) (2-6in.),Small Instream Objects/Woody Debris,Riffle,NA,NA,NA,1,Medium - large cobble (150-300mm) (6-12in.),NA,NA,NA,NA,2008
2008-2014,2008-06-18,66,NA,309,Steep Main RR - Upstream,39.462937961867105,-121.60428005334087,NA,EF_SE,backpack shock into any seine,good,17,sunny,NA,NA,Riffle Sculpin,NA,NA,NA,NA,NA,NA,NA,NA,NA,NA,Small - medium gravel (50-150mm) (2-6in.),Small Instream Objects/Woody Debris,Riffle,NA,NA,NA,1,Medium - large cobble (150-300mm) (6-12in.),NA,NA,NA,NA,2008
2008-2014,2009-03-17,171,NA,2186,Eye Main RR - Downstream,39.45681138827642,-121.61503175870253,NA,EF_SE,backpack shock into any seine,good,10,overcast,NA,600,Prickly Sculpin,NA,NA,NA,NA,NA,NA,NA,NA,NA,NA,Small - medium gravel (50-150mm) (2-6in.),Submerged Aquatic Veg/Algae,Run,NA,NA,NA,1,NA,NA,NA,NA,NA,2009
2008-2014,2009-03-17,171,NA,2187,Eye Main RR - Downstream,39.45681138827642,-121.61503175870253,NA,EF_SE,backpack shock into any seine,good,10,overcast,NA,600,Prickly Sculpin,NA,NA,NA,NA,NA,NA,NA,NA,NA,NA,Small - medium gravel (50-150mm) (2-6in.),Submerged Aquatic Veg/Algae,Run,NA,NA,NA,1,NA,NA,NA,NA,NA,2009
2008-2014,2009-03-17,171,NA,2188,Eye Main RR - Downstream,39.45681138827642,-121.61503175870253,NA,EF_SE,backpack shock into any seine,good,10,overcast,NA,600,Prickly Sculpin,NA,NA,NA,NA,NA,NA,NA,NA,NA,NA,Small - medium gravel (50-150mm) (2-6in.),Submerged Aquatic Veg/Algae,Run,NA,NA,NA,1,NA,NA,NA,NA,NA,2009
2008-2014,2009-03-17,171,NA,2189,Eye Main RR - Downstream,39.45681138827642,-121.61503175870253,NA,EF_SE,backpack shock into any seine,good,10,overcast,NA,600,Prickly Sculpin,NA,NA,NA,NA,NA,NA,NA,NA,NA,NA,Small - medium gravel (50-150mm) (2-6in.),Submerged Aquatic Veg/Algae,Run,NA,NA,NA,1,NA,NA,NA,NA,NA,2009
2008-2014,2009-03-17,171,NA,2190,Eye Main RR - Downstream,39.45681138827642,-121.61503175870253,NA,EF_SE,backpack shock into any seine,good,10,overcast,NA,600,Prickly Sculpin,NA,NA,NA,NA,NA,NA,NA,NA,NA,NA,Small - medium gravel (50-150mm) (2-6in.),Submerged Aquatic Veg/Algae,Run,NA,NA,NA,1,NA,NA,NA,NA,NA,2009
2008-2014,2009-03-17,171,NA,2191,Eye Main RR - Downstream,39.45681138827642,-121.61503175870253,NA,EF_SE,backpack shock into any seine,good,10,overcast,NA,600,Unid Juvenile Sculpin,NA,NA,NA,NA,NA,NA,NA,NA,NA,NA,Small - medium gravel (50-150mm) (2-6in.),Submerged Aquatic Veg/Algae,Run,NA,NA,NA,1,NA,NA,NA,NA,NA,2009
2008-2014,2009-03-17,172,NA,2192,Steep Main RR - Downstream,39.462240707619635,-121.60468317506228,NA,EF_SE,backpack shock into any seine,good,10,overcast,NA,600,Riffle Sculpin,NA,NA,NA,NA,NA,NA,NA,NA,NA,NA,Small - medium gravel (50-150mm) (2-6in.),Overhead Objects,Riffle,NA,NA,NA,1,Medium - large cobble (150-300mm) (6-12in.),NA,NA,NA,NA,2009
2008-2014,2009-03-17,172,NA,2193,Steep Main RR - Downstream,39.462240707619635,-121.60468317506228,NA,EF_SE,backpack shock into any seine,good,10,overcast,NA,600,Riffle Sculpin,NA,NA,NA,NA,NA,NA,NA,NA,NA,NA,Small - medium gravel (50-150mm) (2-6in.),Overhead Objects,Riffle,NA,NA,NA,1,Medium - large cobble (150-300mm) (6-12in.),NA,NA,NA,NA,2009
2008-2014,2009-03-17,172,NA,2194,Steep Main RR - Downstream,39.462240707619635,-121.60468317506228,NA,EF_SE,backpack shock into any seine,good,10,overcast,NA,600,Riffle Sculpin,NA,NA,NA,NA,NA,NA,NA,NA,NA,NA,Small - medium gravel (50-150mm) (2-6in.),Overhead Objects,Riffle,NA,NA,NA,1,Medium - large cobble (150-300mm) (6-12in.),NA,NA,NA,NA,2009
2008-2014,2009-03-17,172,NA,2195,Steep Main RR - Downstream,39.462240707619635,-121.60468317506228,NA,EF_SE,backpack shock into any seine,good,10,overcast,NA,600,Riffle Sculpin,NA,NA,NA,NA,NA,NA,NA,NA,NA,NA,Small - medium gravel (50-150mm) (2-6in.),Overhead Objects,Riffle,NA,NA,NA,1,Medium - large cobble (150-300mm) (6-12in.),NA,NA,NA,NA,2009
2008-2014,2009-03-17,172,NA,2196,Steep Main RR - Downstream,39.462240707619635,-121.60468317506228,NA,EF_SE,backpack shock into any seine,good,10,overcast,NA,600,Prickly Sculpin,NA,NA,NA,NA,NA,NA,NA,NA,NA,NA,Small - medium gravel (50-150mm) (2-6in.),Overhead Objects,Riffle,NA,NA,NA,1,Medium - large cobble (150-300mm) (6-12in.),NA,NA,NA,NA,2009
2008-2014,2009-03-17,172,NA,2197,Steep Main RR - Downstream,39.462240707619635,-121.60468317506228,NA,EF_SE,backpack shock into any seine,good,10,overcast,NA,600,Prickly Sculpin,NA,NA,NA,NA,NA,NA,NA,NA,NA,NA,Small - medium gravel (50-150mm) (2-6in.),Overhead Objects,Riffle,NA,NA,NA,1,Medium - large cobble (150-300mm) (6-12in.),NA,NA,NA,NA,2009
2008-2014,2009-03-17,172,NA,2198,Steep Main RR - Downstream,39.462240707619635,-121.60468317506228,NA,EF_SE,backpack shock into any seine,good,10,overcast,NA,600,Prickly Sculpin,NA,NA,NA,NA,NA,NA,NA,NA,NA,NA,Small - medium gravel (50-150mm) (2-6in.),Overhead Objects,Riffle,NA,NA,NA,1,Medium - large cobble (150-300mm) (6-12in.),NA,NA,NA,NA,2009
2008-2014,2009-03-17,172,NA,2199,Steep Main RR - Downstream,39.462240707619635,-121.60468317506228,NA,EF_SE,backpack shock into any seine,good,10,overcast,NA,600,Unid Juvenile Sculpin,NA,NA,NA,NA,NA,NA,NA,NA,NA,NA,Small - medium gravel (50-150mm) (2-6in.),Overhead Objects,Riffle,NA,NA,NA,1,Medium - large cobble (150-300mm) (6-12in.),NA,NA,NA,NA,2009
2008-2014,2009-03-17,172,NA,2200,Steep Main RR - Downstream,39.462240707619635,-121.60468317506228,NA,EF_SE,backpack shock into any seine,good,10,overcast,NA,600,Chinook Salmon- Fall,47,parr,NA,NA,NA,NA,NA,NA,NA,NA,Small - medium gravel (50-150mm) (2-6in.),Overhead Objects,Riffle,NA,NA,NA,1,Medium - large cobble (150-300mm) (6-12in.),NA,NA,NA,NA,2009
2008-2014,2009-03-17,174,NA,2203,Eye side channel,39.45659105038165,-121.61411873782232,NA,EF_SE,backpack shock into any seine,good,10.1,overcast,NA,600,Prickly Sculpin,NA,NA,NA,NA,NA,NA,NA,NA,NA,NA,Small - medium gravel (50-150mm) (2-6in.),Overhead Objects,Riffle,NA,NA,NA,1,NA,NA,NA,NA,NA,2009
2008-2014,2009-03-17,174,NA,2204,Eye side channel,39.45659105038165,-121.61411873782232,NA,EF_SE,backpack shock into any seine,good,10.1,overcast,NA,600,Prickly Sculpin,NA,NA,NA,NA,NA,NA,NA,NA,NA,NA,Small - medium gravel (50-150mm) (2-6in.),Overhead Objects,Riffle,NA,NA,NA,1,NA,NA,NA,NA,NA,2009
2008-2014,2009-03-17,174,NA,2205,Eye side channel,39.45659105038165,-121.61411873782232,NA,EF_SE,backpack shock into any seine,good,10.1,overcast,NA,600,Prickly Sculpin,NA,NA,NA,NA,NA,NA,NA,NA,NA,NA,Small - medium gravel (50-150mm) (2-6in.),Overhead Objects,Riffle,NA,NA,NA,1,NA,NA,NA,NA,NA,2009
2008-2014,2009-03-17,174,NA,2206,Eye side channel,39.45659105038165,-121.61411873782232,NA,EF_SE,backpack shock into any seine,good,10.1,overcast,NA,600,Prickly Sculpin,NA,NA,NA,NA,NA,NA,NA,NA,NA,NA,Small - medium gravel (50-150mm) (2-6in.),Overhead Objects,Riffle,NA,NA,NA,1,NA,NA,NA,NA,NA,2009
2008-2014,2009-03-17,174,NA,2207,Eye side channel,39.45659105038165,-121.61411873782232,NA,EF_SE,backpack shock into any seine,good,10.1,overcast,NA,600,Chinook Salmon- Fall,38,parr,NA,NA,NA,NA,NA,NA,NA,NA,Small - medium gravel (50-150mm) (2-6in.),Overhead Objects,Riffle,NA,NA,NA,1,NA,NA,NA,NA,NA,2009
2008-2014,2009-03-17,174,NA,2208,Eye side channel,39.45659105038165,-121.61411873782232,NA,EF_SE,backpack shock into any seine,good,10.1,overcast,NA,600,Chinook Salmon- Fall,42,parr,NA,NA,NA,NA,NA,NA,NA,NA,Small - medium gravel (50-150mm) (2-6in.),Overhead Objects,Riffle,NA,NA,NA,1,NA,NA,NA,NA,NA,2009
2008-2014,2009-03-17,174,NA,2209,Eye side channel,39.45659105038165,-121.61411873782232,NA,EF_SE,backpack shock into any seine,good,10.1,overcast,NA,600,Unid Juvenile Sculpin,NA,NA,NA,NA,NA,NA,NA,NA,NA,NA,Small - medium gravel (50-150mm) (2-6in.),Overhead Objects,Riffle,NA,NA,NA,1,NA,NA,NA,NA,NA,2009
2008-2014,2009-03-17,174,NA,2210,Eye side channel,39.45659105038165,-121.61411873782232,NA,EF_SE,backpack shock into any seine,good,10.1,overcast,NA,600,Unid Juvenile Sculpin,NA,NA,NA,NA,NA,NA,NA,NA,NA,NA,Small - medium gravel (50-150mm) (2-6in.),Overhead Objects,Riffle,NA,NA,NA,1,NA,NA,NA,NA,NA,2009
2008-2014,2009-03-17,175,NA,2211,Steep side channel - Downstream,39.46243841443723,-121.60356118035766,NA,EF_SE,backpack shock into any seine,good,10,overcast,NA,600,Prickly Sculpin,NA,NA,NA,NA,NA,NA,NA,NA,NA,NA,Fine - small gravel (0-50mm) (0-2in.),Large Instream Objects/Woody Debris,Riffle,NA,NA,NA,1,Small - medium gravel (50-150mm) (2-6in.),NA,Undercut Bank,Overhead Objects,NA,2009
2008-2014,2009-03-17,175,NA,2212,Steep side channel - Downstream,39.46243841443723,-121.60356118035766,NA,EF_SE,backpack shock into any seine,good,10,overcast,NA,600,Prickly Sculpin,NA,NA,NA,NA,NA,NA,NA,NA,NA,NA,Fine - small gravel (0-50mm) (0-2in.),Large Instream Objects/Woody Debris,Riffle,NA,NA,NA,1,Small - medium gravel (50-150mm) (2-6in.),NA,Undercut Bank,Overhead Objects,NA,2009
2008-2014,2009-03-17,175,NA,2213,Steep side channel - Downstream,39.46243841443723,-121.60356118035766,NA,EF_SE,backpack shock into any seine,good,10,overcast,NA,600,Prickly Sculpin,NA,NA,NA,NA,NA,NA,NA,NA,NA,NA,Fine - small gravel (0-50mm) (0-2in.),Large Instream Objects/Woody Debris,Riffle,NA,NA,NA,1,Small - medium gravel (50-150mm) (2-6in.),NA,Undercut Bank,Overhead Objects,NA,2009
2008-2014,2009-03-18,185,NA,2432,Vance West RL - Upstream,39.45054126175763,-121.63874099418162,NA,EF_SE,backpack shock into any seine,good,12,sunny,NA,850,Unid Juvenile Sculpin,NA,NA,NA,NA,NA,NA,NA,NA,NA,NA,Small - medium gravel (50-150mm) (2-6in.),No Apparent  Cover,Riffle,NA,NA,NA,1,NA,NA,NA,NA,NA,2009
2008-2014,2009-03-18,185,NA,2433,Vance West RL - Upstream,39.45054126175763,-121.63874099418162,NA,EF_SE,backpack shock into any seine,good,12,sunny,NA,850,Unid Juvenile Sculpin,NA,NA,NA,NA,NA,NA,NA,NA,NA,NA,Small - medium gravel (50-150mm) (2-6in.),No Apparent  Cover,Riffle,NA,NA,NA,1,NA,NA,NA,NA,NA,2009
2008-2014,2009-03-18,185,NA,2434,Vance West RL - Upstream,39.45054126175763,-121.63874099418162,NA,EF_SE,backpack shock into any seine,good,12,sunny,NA,850,Unid Juvenile Sculpin,NA,NA,NA,NA,NA,NA,NA,NA,NA,NA,Small - medium gravel (50-150mm) (2-6in.),No Apparent  Cover,Riffle,NA,NA,NA,1,NA,NA,NA,NA,NA,2009
2008-2014,2009-03-18,185,NA,2435,Vance West RL - Upstream,39.45054126175763,-121.63874099418162,NA,EF_SE,backpack shock into any seine,good,12,sunny,NA,850,Prickly Sculpin,NA,NA,NA,NA,NA,NA,NA,NA,NA,NA,Small - medium gravel (50-150mm) (2-6in.),No Apparent  Cover,Riffle,NA,NA,NA,1,NA,NA,NA,NA,NA,2009
2008-2014,2009-03-18,185,NA,2436,Vance West RL - Upstream,39.45054126175763,-121.63874099418162,NA,EF_SE,backpack shock into any seine,good,12,sunny,NA,850,Prickly Sculpin,NA,NA,NA,NA,NA,NA,NA,NA,NA,NA,Small - medium gravel (50-150mm) (2-6in.),No Apparent  Cover,Riffle,NA,NA,NA,1,NA,NA,NA,NA,NA,2009
2008-2014,2009-03-18,185,NA,2437,Vance West RL - Upstream,39.45054126175763,-121.63874099418162,NA,EF_SE,backpack shock into any seine,good,12,sunny,NA,850,Prickly Sculpin,NA,NA,NA,NA,NA,NA,NA,NA,NA,NA,Small - medium gravel (50-150mm) (2-6in.),No Apparent  Cover,Riffle,NA,NA,NA,1,NA,NA,NA,NA,NA,2009
2008-2014,2009-03-18,185,NA,2438,Vance West RL - Upstream,39.45054126175763,-121.63874099418162,NA,EF_SE,backpack shock into any seine,good,12,sunny,NA,850,Prickly Sculpin,NA,NA,NA,NA,NA,NA,NA,NA,NA,NA,Small - medium gravel (50-150mm) (2-6in.),No Apparent  Cover,Riffle,NA,NA,NA,1,NA,NA,NA,NA,NA,2009
2008-2014,2009-03-18,185,NA,2439,Vance West RL - Upstream,39.45054126175763,-121.63874099418162,NA,EF_SE,backpack shock into any seine,good,12,sunny,NA,850,Prickly Sculpin,NA,NA,NA,NA,NA,NA,NA,NA,NA,NA,Small - medium gravel (50-150mm) (2-6in.),No Apparent  Cover,Riffle,NA,NA,NA,1,NA,NA,NA,NA,NA,2009
2008-2014,2009-03-18,185,NA,2440,Vance West RL - Upstream,39.45054126175763,-121.63874099418162,NA,EF_SE,backpack shock into any seine,good,12,sunny,NA,850,Prickly Sculpin,NA,NA,NA,NA,NA,NA,NA,NA,NA,NA,Small - medium gravel (50-150mm) (2-6in.),No Apparent  Cover,Riffle,NA,NA,NA,1,NA,NA,NA,NA,NA,2009
2008-2014,2009-03-18,185,NA,2441,Vance West RL - Upstream,39.45054126175763,-121.63874099418162,NA,EF_SE,backpack shock into any seine,good,12,sunny,NA,850,Prickly Sculpin,NA,NA,NA,NA,NA,NA,NA,NA,NA,NA,Small - medium gravel (50-150mm) (2-6in.),No Apparent  Cover,Riffle,NA,NA,NA,1,NA,NA,NA,NA,NA,2009
2008-2014,2009-03-19,189,NA,2567,McFarland Main RR - Upstream,NA,NA,NA,EF_SE,backpack shock into any seine,good,13,sunny,NA,800,Unid Juvenile Sculpin,NA,NA,NA,NA,NA,NA,NA,NA,NA,NA,Small - medium gravel (50-150mm) (2-6in.),No Apparent  Cover,Riffle,NA,NA,NA,1,NA,NA,NA,NA,NA,2009
2008-2014,2009-03-19,189,NA,2568,McFarland Main RR - Upstream,NA,NA,NA,EF_SE,backpack shock into any seine,good,13,sunny,NA,800,Unid Juvenile Sculpin,NA,NA,NA,NA,NA,NA,NA,NA,NA,NA,Small - medium gravel (50-150mm) (2-6in.),No Apparent  Cover,Riffle,NA,NA,NA,1,NA,NA,NA,NA,NA,2009
2008-2014,2009-03-19,189,NA,2569,McFarland Main RR - Upstream,NA,NA,NA,EF_SE,backpack shock into any seine,good,13,sunny,NA,800,Unid Juvenile Sculpin,NA,NA,NA,NA,NA,NA,NA,NA,NA,NA,Small - medium gravel (50-150mm) (2-6in.),No Apparent  Cover,Riffle,NA,NA,NA,1,NA,NA,NA,NA,NA,2009
2008-2014,2009-03-19,189,NA,2570,McFarland Main RR - Upstream,NA,NA,NA,EF_SE,backpack shock into any seine,good,13,sunny,NA,800,Unid Juvenile Sculpin,NA,NA,NA,NA,NA,NA,NA,NA,NA,NA,Small - medium gravel (50-150mm) (2-6in.),No Apparent  Cover,Riffle,NA,NA,NA,1,NA,NA,NA,NA,NA,2009
2008-2014,2009-03-19,189,NA,2571,McFarland Main RR - Upstream,NA,NA,NA,EF_SE,backpack shock into any seine,good,13,sunny,NA,800,Unid Juvenile Sculpin,NA,NA,NA,NA,NA,NA,NA,NA,NA,NA,Small - medium gravel (50-150mm) (2-6in.),No Apparent  Cover,Riffle,NA,NA,NA,1,NA,NA,NA,NA,NA,2009
2008-2014,2009-03-19,189,NA,2572,McFarland Main RR - Upstream,NA,NA,NA,EF_SE,backpack shock into any seine,good,13,sunny,NA,800,Unid Juvenile Sculpin,NA,NA,NA,NA,NA,NA,NA,NA,NA,NA,Small - medium gravel (50-150mm) (2-6in.),No Apparent  Cover,Riffle,NA,NA,NA,1,NA,NA,NA,NA,NA,2009
2008-2014,2009-03-19,189,NA,2573,McFarland Main RR - Upstream,NA,NA,NA,EF_SE,backpack shock into any seine,good,13,sunny,NA,800,Unid Juvenile Sculpin,NA,NA,NA,NA,NA,NA,NA,NA,NA,NA,Small - medium gravel (50-150mm) (2-6in.),No Apparent  Cover,Riffle,NA,NA,NA,1,NA,NA,NA,NA,NA,2009
2008-2014,2009-03-19,189,NA,2574,McFarland Main RR - Upstream,NA,NA,NA,EF_SE,backpack shock into any seine,good,13,sunny,NA,800,Unid Juvenile Sculpin,NA,NA,NA,NA,NA,NA,NA,NA,NA,NA,Small - medium gravel (50-150mm) (2-6in.),No Apparent  Cover,Riffle,NA,NA,NA,1,NA,NA,NA,NA,NA,2009
2008-2014,2009-03-19,189,NA,2575,McFarland Main RR - Upstream,NA,NA,NA,EF_SE,backpack shock into any seine,good,13,sunny,NA,800,Unid Juvenile Sculpin,NA,NA,NA,NA,NA,NA,NA,NA,NA,NA,Small - medium gravel (50-150mm) (2-6in.),No Apparent  Cover,Riffle,NA,NA,NA,1,NA,NA,NA,NA,NA,2009
2008-2014,2009-03-19,189,NA,2576,McFarland Main RR - Upstream,NA,NA,NA,EF_SE,backpack shock into any seine,good,13,sunny,NA,800,Unid Juvenile Sculpin,NA,NA,NA,NA,NA,NA,NA,NA,NA,NA,Small - medium gravel (50-150mm) (2-6in.),No Apparent  Cover,Riffle,NA,NA,NA,1,NA,NA,NA,NA,NA,2009
2008-2014,2009-03-19,189,NA,2577,McFarland Main RR - Upstream,NA,NA,NA,EF_SE,backpack shock into any seine,good,13,sunny,NA,800,Unid Juvenile Sculpin,NA,NA,NA,NA,NA,NA,NA,NA,NA,NA,Small - medium gravel (50-150mm) (2-6in.),No Apparent  Cover,Riffle,NA,NA,NA,1,NA,NA,NA,NA,NA,2009
2008-2014,2009-03-19,189,NA,2578,McFarland Main RR - Upstream,NA,NA,NA,EF_SE,backpack shock into any seine,good,13,sunny,NA,800,Unid Juvenile Sculpin,NA,NA,NA,NA,NA,NA,NA,NA,NA,NA,Small - medium gravel (50-150mm) (2-6in.),No Apparent  Cover,Riffle,NA,NA,NA,1,NA,NA,NA,NA,NA,2009
2008-2014,2009-03-19,189,NA,2579,McFarland Main RR - Upstream,NA,NA,NA,EF_SE,backpack shock into any seine,good,13,sunny,NA,800,Unid Juvenile Sculpin,NA,NA,NA,NA,NA,NA,NA,NA,NA,NA,Small - medium gravel (50-150mm) (2-6in.),No Apparent  Cover,Riffle,NA,NA,NA,1,NA,NA,NA,NA,NA,2009
2008-2014,2009-03-19,189,NA,2580,McFarland Main RR - Upstream,NA,NA,NA,EF_SE,backpack shock into any seine,good,13,sunny,NA,800,Unid Juvenile Sculpin,NA,NA,NA,NA,NA,NA,NA,NA,NA,NA,Small - medium gravel (50-150mm) (2-6in.),No Apparent  Cover,Riffle,NA,NA,NA,1,NA,NA,NA,NA,NA,2009
2008-2014,2009-03-19,189,NA,2581,McFarland Main RR - Upstream,NA,NA,NA,EF_SE,backpack shock into any seine,good,13,sunny,NA,800,Unid Juvenile Sculpin,NA,NA,NA,NA,NA,NA,NA,NA,NA,NA,Small - medium gravel (50-150mm) (2-6in.),No Apparent  Cover,Riffle,NA,NA,NA,1,NA,NA,NA,NA,NA,2009
2008-2014,2009-03-19,189,NA,2582,McFarland Main RR - Upstream,NA,NA,NA,EF_SE,backpack shock into any seine,good,13,sunny,NA,800,Unid Juvenile Sculpin,NA,NA,NA,NA,NA,NA,NA,NA,NA,NA,Small - medium gravel (50-150mm) (2-6in.),No Apparent  Cover,Riffle,NA,NA,NA,1,NA,NA,NA,NA,NA,2009
2008-2014,2009-03-19,189,NA,2583,McFarland Main RR - Upstream,NA,NA,NA,EF_SE,backpack shock into any seine,good,13,sunny,NA,800,Unid Juvenile Sculpin,NA,NA,NA,NA,NA,NA,NA,NA,NA,NA,Small - medium gravel (50-150mm) (2-6in.),No Apparent  Cover,Riffle,NA,NA,NA,1,NA,NA,NA,NA,NA,2009
2008-2014,2009-03-19,189,NA,2584,McFarland Main RR - Upstream,NA,NA,NA,EF_SE,backpack shock into any seine,good,13,sunny,NA,800,Unid Juvenile Sculpin,NA,NA,NA,NA,NA,NA,NA,NA,NA,NA,Small - medium gravel (50-150mm) (2-6in.),No Apparent  Cover,Riffle,NA,NA,NA,1,NA,NA,NA,NA,NA,2009
2008-2014,2009-03-19,189,NA,2585,McFarland Main RR - Upstream,NA,NA,NA,EF_SE,backpack shock into any seine,good,13,sunny,NA,800,Unid Juvenile Sculpin,NA,NA,NA,NA,NA,NA,NA,NA,NA,NA,Small - medium gravel (50-150mm) (2-6in.),No Apparent  Cover,Riffle,NA,NA,NA,1,NA,NA,NA,NA,NA,2009
2008-2014,2009-03-19,189,NA,2586,McFarland Main RR - Upstream,NA,NA,NA,EF_SE,backpack shock into any seine,good,13,sunny,NA,800,Unid Juvenile Sculpin,NA,NA,NA,NA,NA,NA,NA,NA,NA,NA,Small - medium gravel (50-150mm) (2-6in.),No Apparent  Cover,Riffle,NA,NA,NA,1,NA,NA,NA,NA,NA,2009
2008-2014,2009-03-19,189,NA,2587,McFarland Main RR - Upstream,NA,NA,NA,EF_SE,backpack shock into any seine,good,13,sunny,NA,800,Speckled Dace,74,NA,NA,NA,NA,NA,NA,NA,NA,NA,Small - medium gravel (50-150mm) (2-6in.),No Apparent  Cover,Riffle,NA,NA,NA,1,NA,NA,NA,NA,NA,2009
2008-2014,2009-03-19,189,NA,2588,McFarland Main RR - Upstream,NA,NA,NA,EF_SE,backpack shock into any seine,good,13,sunny,NA,800,Speckled Dace,63,NA,NA,NA,NA,NA,NA,NA,NA,NA,Small - medium gravel (50-150mm) (2-6in.),No Apparent  Cover,Riffle,NA,NA,NA,1,NA,NA,NA,NA,NA,2009
2008-2014,2009-03-19,189,NA,2589,McFarland Main RR - Upstream,NA,NA,NA,EF_SE,backpack shock into any seine,good,13,sunny,NA,800,Speckled Dace,55,NA,NA,NA,NA,NA,NA,NA,NA,NA,Small - medium gravel (50-150mm) (2-6in.),No Apparent  Cover,Riffle,NA,NA,NA,1,NA,NA,NA,NA,NA,2009
2008-2014,2009-03-19,189,NA,2590,McFarland Main RR - Upstream,NA,NA,NA,EF_SE,backpack shock into any seine,good,13,sunny,NA,800,Wakasagi,44,NA,NA,NA,NA,NA,NA,NA,NA,NA,Small - medium gravel (50-150mm) (2-6in.),No Apparent  Cover,Riffle,NA,NA,NA,1,NA,NA,NA,NA,NA,2009
2008-2014,2009-03-19,189,NA,2591,McFarland Main RR - Upstream,NA,NA,NA,EF_SE,backpack shock into any seine,good,13,sunny,NA,800,Unid Juvenile Sculpin,NA,NA,NA,NA,NA,NA,NA,NA,NA,NA,Small - medium gravel (50-150mm) (2-6in.),No Apparent  Cover,Riffle,NA,NA,NA,25,NA,NA,NA,NA,NA,2009
2008-2014,2009-03-19,194,NA,2632,G95 SC RL,NA,NA,NA,EF_SE,backpack shock into any seine,good,12,sunny,NA,800,Unid Juvenile Sculpin,NA,NA,NA,NA,NA,NA,NA,NA,NA,NA,Small - medium gravel (50-150mm) (2-6in.),No Apparent  Cover,Riffle,NA,NA,NA,1,NA,NA,NA,NA,NA,2009
2008-2014,2009-03-19,194,NA,2633,G95 SC RL,NA,NA,NA,EF_SE,backpack shock into any seine,good,12,sunny,NA,800,Unid Juvenile Sculpin,NA,NA,NA,NA,NA,NA,NA,NA,NA,NA,Small - medium gravel (50-150mm) (2-6in.),No Apparent  Cover,Riffle,NA,NA,NA,1,NA,NA,NA,NA,NA,2009
2008-2014,2009-03-19,194,NA,2634,G95 SC RL,NA,NA,NA,EF_SE,backpack shock into any seine,good,12,sunny,NA,800,Unid Juvenile Sculpin,NA,NA,NA,NA,NA,NA,NA,NA,NA,NA,Small - medium gravel (50-150mm) (2-6in.),No Apparent  Cover,Riffle,NA,NA,NA,1,NA,NA,NA,NA,NA,2009
2008-2014,2009-03-19,194,NA,2635,G95 SC RL,NA,NA,NA,EF_SE,backpack shock into any seine,good,12,sunny,NA,800,Unid Juvenile Sculpin,NA,NA,NA,NA,NA,NA,NA,NA,NA,NA,Small - medium gravel (50-150mm) (2-6in.),No Apparent  Cover,Riffle,NA,NA,NA,1,NA,NA,NA,NA,NA,2009
2008-2014,2009-03-19,194,NA,2636,G95 SC RL,NA,NA,NA,EF_SE,backpack shock into any seine,good,12,sunny,NA,800,Unid Juvenile Sculpin,NA,NA,NA,NA,NA,NA,NA,NA,NA,NA,Small - medium gravel (50-150mm) (2-6in.),No Apparent  Cover,Riffle,NA,NA,NA,1,NA,NA,NA,NA,NA,2009
2008-2014,2009-03-19,194,NA,2637,G95 SC RL,NA,NA,NA,EF_SE,backpack shock into any seine,good,12,sunny,NA,800,Unid Juvenile Sculpin,NA,NA,NA,NA,NA,NA,NA,NA,NA,NA,Small - medium gravel (50-150mm) (2-6in.),No Apparent  Cover,Riffle,NA,NA,NA,1,NA,NA,NA,NA,NA,2009
2008-2014,2009-03-19,194,NA,2638,G95 SC RL,NA,NA,NA,EF_SE,backpack shock into any seine,good,12,sunny,NA,800,Unid Juvenile Sculpin,NA,NA,NA,NA,NA,NA,NA,NA,NA,NA,Small - medium gravel (50-150mm) (2-6in.),No Apparent  Cover,Riffle,NA,NA,NA,1,NA,NA,NA,NA,NA,2009
2008-2014,2009-03-19,194,NA,2639,G95 SC RL,NA,NA,NA,EF_SE,backpack shock into any seine,good,12,sunny,NA,800,Unid Juvenile Sculpin,NA,NA,NA,NA,NA,NA,NA,NA,NA,NA,Small - medium gravel (50-150mm) (2-6in.),No Apparent  Cover,Riffle,NA,NA,NA,1,NA,NA,NA,NA,NA,2009
2008-2014,2009-03-19,194,NA,2640,G95 SC RL,NA,NA,NA,EF_SE,backpack shock into any seine,good,12,sunny,NA,800,Unid Juvenile Sculpin,NA,NA,NA,NA,NA,NA,NA,NA,NA,NA,Small - medium gravel (50-150mm) (2-6in.),No Apparent  Cover,Riffle,NA,NA,NA,1,NA,NA,NA,NA,NA,2009
2008-2014,2009-03-19,194,NA,2641,G95 SC RL,NA,NA,NA,EF_SE,backpack shock into any seine,good,12,sunny,NA,800,Unid Juvenile Sculpin,NA,NA,NA,NA,NA,NA,NA,NA,NA,NA,Small - medium gravel (50-150mm) (2-6in.),No Apparent  Cover,Riffle,NA,NA,NA,1,NA,NA,NA,NA,NA,2009
2008-2014,2009-03-19,194,NA,2642,G95 SC RL,NA,NA,NA,EF_SE,backpack shock into any seine,good,12,sunny,NA,800,Unid Juvenile Sculpin,NA,NA,NA,NA,NA,NA,NA,NA,NA,NA,Small - medium gravel (50-150mm) (2-6in.),No Apparent  Cover,Riffle,NA,NA,NA,1,NA,NA,NA,NA,NA,2009
2008-2014,2009-03-19,194,NA,2643,G95 SC RL,NA,NA,NA,EF_SE,backpack shock into any seine,good,12,sunny,NA,800,Unid Juvenile Sculpin,NA,NA,NA,NA,NA,NA,NA,NA,NA,NA,Small - medium gravel (50-150mm) (2-6in.),No Apparent  Cover,Riffle,NA,NA,NA,1,NA,NA,NA,NA,NA,2009
2008-2014,2009-03-19,194,NA,2644,G95 SC RL,NA,NA,NA,EF_SE,backpack shock into any seine,good,12,sunny,NA,800,Unid Juvenile Sculpin,NA,NA,NA,NA,NA,NA,NA,NA,NA,NA,Small - medium gravel (50-150mm) (2-6in.),No Apparent  Cover,Riffle,NA,NA,NA,1,NA,NA,NA,NA,NA,2009
2008-2014,2009-03-19,194,NA,2645,G95 SC RL,NA,NA,NA,EF_SE,backpack shock into any seine,good,12,sunny,NA,800,Unid Juvenile Sculpin,NA,NA,NA,NA,NA,NA,NA,NA,NA,NA,Small - medium gravel (50-150mm) (2-6in.),No Apparent  Cover,Riffle,NA,NA,NA,1,NA,NA,NA,NA,NA,2009
2008-2014,2009-03-19,194,NA,2646,G95 SC RL,NA,NA,NA,EF_SE,backpack shock into any seine,good,12,sunny,NA,800,Unid Juvenile Sculpin,NA,NA,NA,NA,NA,NA,NA,NA,NA,NA,Small - medium gravel (50-150mm) (2-6in.),No Apparent  Cover,Riffle,NA,NA,NA,1,NA,NA,NA,NA,NA,2009
2008-2014,2009-03-19,194,NA,2647,G95 SC RL,NA,NA,NA,EF_SE,backpack shock into any seine,good,12,sunny,NA,800,Unid Juvenile Sculpin,NA,NA,NA,NA,NA,NA,NA,NA,NA,NA,Small - medium gravel (50-150mm) (2-6in.),No Apparent  Cover,Riffle,NA,NA,NA,1,NA,NA,NA,NA,NA,2009
2008-2014,2009-03-19,194,NA,2648,G95 SC RL,NA,NA,NA,EF_SE,backpack shock into any seine,good,12,sunny,NA,800,Unid Juvenile Sculpin,NA,NA,NA,NA,NA,NA,NA,NA,NA,NA,Small - medium gravel (50-150mm) (2-6in.),No Apparent  Cover,Riffle,NA,NA,NA,1,NA,NA,NA,NA,NA,2009
2008-2014,2009-03-19,194,NA,2649,G95 SC RL,NA,NA,NA,EF_SE,backpack shock into any seine,good,12,sunny,NA,800,Unid Juvenile Sculpin,NA,NA,NA,NA,NA,NA,NA,NA,NA,NA,Small - medium gravel (50-150mm) (2-6in.),No Apparent  Cover,Riffle,NA,NA,NA,1,NA,NA,NA,NA,NA,2009
2008-2014,2009-03-19,194,NA,2650,G95 SC RL,NA,NA,NA,EF_SE,backpack shock into any seine,good,12,sunny,NA,800,Unid Juvenile Sculpin,NA,NA,NA,NA,NA,NA,NA,NA,NA,NA,Small - medium gravel (50-150mm) (2-6in.),No Apparent  Cover,Riffle,NA,NA,NA,1,NA,NA,NA,NA,NA,2009
2008-2014,2009-03-19,194,NA,2651,G95 SC RL,NA,NA,NA,EF_SE,backpack shock into any seine,good,12,sunny,NA,800,Unid Juvenile Sculpin,NA,NA,NA,NA,NA,NA,NA,NA,NA,NA,Small - medium gravel (50-150mm) (2-6in.),No Apparent  Cover,Riffle,NA,NA,NA,1,NA,NA,NA,NA,NA,2009
2008-2014,2009-03-19,194,NA,2652,G95 SC RL,NA,NA,NA,EF_SE,backpack shock into any seine,good,12,sunny,NA,800,Speckled Dace,62,NA,NA,NA,NA,NA,NA,NA,NA,NA,Small - medium gravel (50-150mm) (2-6in.),No Apparent  Cover,Riffle,NA,NA,NA,1,NA,NA,NA,NA,NA,2009
2008-2014,2009-03-19,194,NA,2653,G95 SC RL,NA,NA,NA,EF_SE,backpack shock into any seine,good,12,sunny,NA,800,Prickly Sculpin,NA,NA,NA,NA,NA,NA,NA,NA,NA,NA,Small - medium gravel (50-150mm) (2-6in.),No Apparent  Cover,Riffle,NA,NA,NA,1,NA,NA,NA,NA,NA,2009
2008-2014,2009-03-19,194,NA,2654,G95 SC RL,NA,NA,NA,EF_SE,backpack shock into any seine,good,12,sunny,NA,800,Sacramento Sucker,51,NA,NA,NA,NA,NA,NA,NA,NA,NA,Small - medium gravel (50-150mm) (2-6in.),No Apparent  Cover,Riffle,NA,NA,NA,1,NA,NA,NA,NA,NA,2009
2008-2014,2009-03-19,195,NA,2655,Junkyard Main RR,39.34701749272387,-121.6264369490586,NA,EF_SE,backpack shock into any seine,good,13,sunny,NA,800,Unid Juvenile Sculpin,NA,NA,NA,NA,NA,NA,NA,NA,NA,NA,Small - medium gravel (50-150mm) (2-6in.),No Apparent  Cover,Riffle,NA,NA,NA,1,NA,NA,NA,NA,NA,2009
2008-2014,2009-03-19,195,NA,2656,Junkyard Main RR,39.34701749272387,-121.6264369490586,NA,EF_SE,backpack shock into any seine,good,13,sunny,NA,800,Unid Juvenile Sculpin,NA,NA,NA,NA,NA,NA,NA,NA,NA,NA,Small - medium gravel (50-150mm) (2-6in.),No Apparent  Cover,Riffle,NA,NA,NA,1,NA,NA,NA,NA,NA,2009
2008-2014,2009-03-19,195,NA,2657,Junkyard Main RR,39.34701749272387,-121.6264369490586,NA,EF_SE,backpack shock into any seine,good,13,sunny,NA,800,Unid Juvenile Sculpin,NA,NA,NA,NA,NA,NA,NA,NA,NA,NA,Small - medium gravel (50-150mm) (2-6in.),No Apparent  Cover,Riffle,NA,NA,NA,1,NA,NA,NA,NA,NA,2009
2008-2014,2009-03-19,195,NA,2658,Junkyard Main RR,39.34701749272387,-121.6264369490586,NA,EF_SE,backpack shock into any seine,good,13,sunny,NA,800,Unid Juvenile Sculpin,NA,NA,NA,NA,NA,NA,NA,NA,NA,NA,Small - medium gravel (50-150mm) (2-6in.),No Apparent  Cover,Riffle,NA,NA,NA,1,NA,NA,NA,NA,NA,2009
2008-2014,2009-03-19,195,NA,2659,Junkyard Main RR,39.34701749272387,-121.6264369490586,NA,EF_SE,backpack shock into any seine,good,13,sunny,NA,800,Unid Juvenile Sculpin,NA,NA,NA,NA,NA,NA,NA,NA,NA,NA,Small - medium gravel (50-150mm) (2-6in.),No Apparent  Cover,Riffle,NA,NA,NA,1,NA,NA,NA,NA,NA,2009
2008-2014,2009-03-19,195,NA,2660,Junkyard Main RR,39.34701749272387,-121.6264369490586,NA,EF_SE,backpack shock into any seine,good,13,sunny,NA,800,Unid Juvenile Sculpin,NA,NA,NA,NA,NA,NA,NA,NA,NA,NA,Small - medium gravel (50-150mm) (2-6in.),No Apparent  Cover,Riffle,NA,NA,NA,1,NA,NA,NA,NA,NA,2009
2008-2014,2009-03-19,195,NA,2661,Junkyard Main RR,39.34701749272387,-121.6264369490586,NA,EF_SE,backpack shock into any seine,good,13,sunny,NA,800,Unid Juvenile Sculpin,NA,NA,NA,NA,NA,NA,NA,NA,NA,NA,Small - medium gravel (50-150mm) (2-6in.),No Apparent  Cover,Riffle,NA,NA,NA,1,NA,NA,NA,NA,NA,2009
2008-2014,2009-03-19,195,NA,2662,Junkyard Main RR,39.34701749272387,-121.6264369490586,NA,EF_SE,backpack shock into any seine,good,13,sunny,NA,800,Unid Juvenile Sculpin,NA,NA,NA,NA,NA,NA,NA,NA,NA,NA,Small - medium gravel (50-150mm) (2-6in.),No Apparent  Cover,Riffle,NA,NA,NA,1,NA,NA,NA,NA,NA,2009
2008-2014,2009-03-19,195,NA,2663,Junkyard Main RR,39.34701749272387,-121.6264369490586,NA,EF_SE,backpack shock into any seine,good,13,sunny,NA,800,Unid Juvenile Sculpin,NA,NA,NA,NA,NA,NA,NA,NA,NA,NA,Small - medium gravel (50-150mm) (2-6in.),No Apparent  Cover,Riffle,NA,NA,NA,1,NA,NA,NA,NA,NA,2009
2008-2014,2009-03-19,195,NA,2664,Junkyard Main RR,39.34701749272387,-121.6264369490586,NA,EF_SE,backpack shock into any seine,good,13,sunny,NA,800,Unid Juvenile Sculpin,NA,NA,NA,NA,NA,NA,NA,NA,NA,NA,Small - medium gravel (50-150mm) (2-6in.),No Apparent  Cover,Riffle,NA,NA,NA,1,NA,NA,NA,NA,NA,2009
2008-2014,2009-03-19,195,NA,2665,Junkyard Main RR,39.34701749272387,-121.6264369490586,NA,EF_SE,backpack shock into any seine,good,13,sunny,NA,800,Unid Juvenile Sculpin,NA,NA,NA,NA,NA,NA,NA,NA,NA,NA,Small - medium gravel (50-150mm) (2-6in.),No Apparent  Cover,Riffle,NA,NA,NA,1,NA,NA,NA,NA,NA,2009
2008-2014,2009-03-19,195,NA,2666,Junkyard Main RR,39.34701749272387,-121.6264369490586,NA,EF_SE,backpack shock into any seine,good,13,sunny,NA,800,Unid Juvenile Sculpin,NA,NA,NA,NA,NA,NA,NA,NA,NA,NA,Small - medium gravel (50-150mm) (2-6in.),No Apparent  Cover,Riffle,NA,NA,NA,1,NA,NA,NA,NA,NA,2009
2008-2014,2009-03-19,195,NA,2667,Junkyard Main RR,39.34701749272387,-121.6264369490586,NA,EF_SE,backpack shock into any seine,good,13,sunny,NA,800,Unid Juvenile Sculpin,NA,NA,NA,NA,NA,NA,NA,NA,NA,NA,Small - medium gravel (50-150mm) (2-6in.),No Apparent  Cover,Riffle,NA,NA,NA,1,NA,NA,NA,NA,NA,2009
2008-2014,2009-03-19,195,NA,2668,Junkyard Main RR,39.34701749272387,-121.6264369490586,NA,EF_SE,backpack shock into any seine,good,13,sunny,NA,800,Unid Juvenile Sculpin,NA,NA,NA,NA,NA,NA,NA,NA,NA,NA,Small - medium gravel (50-150mm) (2-6in.),No Apparent  Cover,Riffle,NA,NA,NA,1,NA,NA,NA,NA,NA,2009
2008-2014,2009-03-19,195,NA,2669,Junkyard Main RR,39.34701749272387,-121.6264369490586,NA,EF_SE,backpack shock into any seine,good,13,sunny,NA,800,Unid Juvenile Sculpin,NA,NA,NA,NA,NA,NA,NA,NA,NA,NA,Small - medium gravel (50-150mm) (2-6in.),No Apparent  Cover,Riffle,NA,NA,NA,1,NA,NA,NA,NA,NA,2009
2008-2014,2009-03-19,195,NA,2670,Junkyard Main RR,39.34701749272387,-121.6264369490586,NA,EF_SE,backpack shock into any seine,good,13,sunny,NA,800,Unid Juvenile Sculpin,NA,NA,NA,NA,NA,NA,NA,NA,NA,NA,Small - medium gravel (50-150mm) (2-6in.),No Apparent  Cover,Riffle,NA,NA,NA,1,NA,NA,NA,NA,NA,2009
2008-2014,2009-03-19,195,NA,2671,Junkyard Main RR,39.34701749272387,-121.6264369490586,NA,EF_SE,backpack shock into any seine,good,13,sunny,NA,800,Unid Juvenile Sculpin,NA,NA,NA,NA,NA,NA,NA,NA,NA,NA,Small - medium gravel (50-150mm) (2-6in.),No Apparent  Cover,Riffle,NA,NA,NA,1,NA,NA,NA,NA,NA,2009
2008-2014,2009-03-19,195,NA,2672,Junkyard Main RR,39.34701749272387,-121.6264369490586,NA,EF_SE,backpack shock into any seine,good,13,sunny,NA,800,Unid Juvenile Sculpin,NA,NA,NA,NA,NA,NA,NA,NA,NA,NA,Small - medium gravel (50-150mm) (2-6in.),No Apparent  Cover,Riffle,NA,NA,NA,1,NA,NA,NA,NA,NA,2009
2008-2014,2009-03-19,195,NA,2673,Junkyard Main RR,39.34701749272387,-121.6264369490586,NA,EF_SE,backpack shock into any seine,good,13,sunny,NA,800,Unid Juvenile Sculpin,NA,NA,NA,NA,NA,NA,NA,NA,NA,NA,Small - medium gravel (50-150mm) (2-6in.),No Apparent  Cover,Riffle,NA,NA,NA,1,NA,NA,NA,NA,NA,2009
2008-2014,2009-03-19,195,NA,2674,Junkyard Main RR,39.34701749272387,-121.6264369490586,NA,EF_SE,backpack shock into any seine,good,13,sunny,NA,800,Unid Juvenile Sculpin,NA,NA,NA,NA,NA,NA,NA,NA,NA,NA,Small - medium gravel (50-150mm) (2-6in.),No Apparent  Cover,Riffle,NA,NA,NA,1,NA,NA,NA,NA,NA,2009
2008-2014,2009-03-19,195,NA,2675,Junkyard Main RR,39.34701749272387,-121.6264369490586,NA,EF_SE,backpack shock into any seine,good,13,sunny,NA,800,Unid Juvenile Sculpin,NA,NA,NA,NA,NA,NA,NA,NA,NA,NA,Small - medium gravel (50-150mm) (2-6in.),No Apparent  Cover,Riffle,NA,NA,NA,6,NA,NA,NA,NA,NA,2009
2008-2014,2009-03-19,195,NA,2676,Junkyard Main RR,39.34701749272387,-121.6264369490586,NA,EF_SE,backpack shock into any seine,good,13,sunny,NA,800,Speckled Dace,58,NA,NA,NA,NA,NA,NA,NA,NA,NA,Small - medium gravel (50-150mm) (2-6in.),No Apparent  Cover,Riffle,NA,NA,NA,1,NA,NA,NA,NA,NA,2009
2008-2014,2009-03-19,195,NA,2677,Junkyard Main RR,39.34701749272387,-121.6264369490586,NA,EF_SE,backpack shock into any seine,good,13,sunny,NA,800,Speckled Dace,61,NA,NA,NA,NA,NA,NA,NA,NA,NA,Small - medium gravel (50-150mm) (2-6in.),No Apparent  Cover,Riffle,NA,NA,NA,1,NA,NA,NA,NA,NA,2009
2008-2014,2009-03-19,195,NA,2678,Junkyard Main RR,39.34701749272387,-121.6264369490586,NA,EF_SE,backpack shock into any seine,good,13,sunny,NA,800,Pacific Lamprey,NA,NA,NA,NA,NA,NA,NA,NA,NA,NA,Small - medium gravel (50-150mm) (2-6in.),No Apparent  Cover,Riffle,NA,NA,NA,1,NA,NA,NA,NA,NA,2009
2008-2014,2009-04-14,197,NA,2680,Steep Main RR - Upstream,39.462937961867105,-121.60428005334087,NA,EF_SE,backpack shock into any seine,good,11.5,overcast,NA,620,Prickly Sculpin,NA,NA,NA,NA,NA,NA,NA,NA,NA,NA,Small - medium gravel (50-150mm) (2-6in.),Small Instream Objects/Woody Debris,Riffle,NA,NA,NA,1,Medium - large cobble (150-300mm) (6-12in.),NA,NA,Overhead Objects,NA,2009
2008-2014,2009-04-14,197,NA,2681,Steep Main RR - Upstream,39.462937961867105,-121.60428005334087,NA,EF_SE,backpack shock into any seine,good,11.5,overcast,NA,620,Prickly Sculpin,NA,NA,NA,NA,NA,NA,NA,NA,NA,NA,Small - medium gravel (50-150mm) (2-6in.),Small Instream Objects/Woody Debris,Riffle,NA,NA,NA,1,Medium - large cobble (150-300mm) (6-12in.),NA,NA,Overhead Objects,NA,2009
2008-2014,2009-04-14,197,NA,2682,Steep Main RR - Upstream,39.462937961867105,-121.60428005334087,NA,EF_SE,backpack shock into any seine,good,11.5,overcast,NA,620,Prickly Sculpin,NA,NA,NA,NA,NA,NA,NA,NA,NA,NA,Small - medium gravel (50-150mm) (2-6in.),Small Instream Objects/Woody Debris,Riffle,NA,NA,NA,1,Medium - large cobble (150-300mm) (6-12in.),NA,NA,Overhead Objects,NA,2009
2008-2014,2009-04-14,197,NA,2683,Steep Main RR - Upstream,39.462937961867105,-121.60428005334087,NA,EF_SE,backpack shock into any seine,good,11.5,overcast,NA,620,Prickly Sculpin,NA,NA,NA,NA,NA,NA,NA,NA,NA,NA,Small - medium gravel (50-150mm) (2-6in.),Small Instream Objects/Woody Debris,Riffle,NA,NA,NA,1,Medium - large cobble (150-300mm) (6-12in.),NA,NA,Overhead Objects,NA,2009
2008-2014,2009-04-14,197,NA,2684,Steep Main RR - Upstream,39.462937961867105,-121.60428005334087,NA,EF_SE,backpack shock into any seine,good,11.5,overcast,NA,620,Prickly Sculpin,NA,NA,NA,NA,NA,NA,NA,NA,NA,NA,Small - medium gravel (50-150mm) (2-6in.),Small Instream Objects/Woody Debris,Riffle,NA,NA,NA,1,Medium - large cobble (150-300mm) (6-12in.),NA,NA,Overhead Objects,NA,2009
2008-2014,2009-04-14,197,NA,2685,Steep Main RR - Upstream,39.462937961867105,-121.60428005334087,NA,EF_SE,backpack shock into any seine,good,11.5,overcast,NA,620,Prickly Sculpin,NA,NA,NA,NA,NA,NA,NA,NA,NA,NA,Small - medium gravel (50-150mm) (2-6in.),Small Instream Objects/Woody Debris,Riffle,NA,NA,NA,1,Medium - large cobble (150-300mm) (6-12in.),NA,NA,Overhead Objects,NA,2009
2008-2014,2009-04-14,197,NA,2686,Steep Main RR - Upstream,39.462937961867105,-121.60428005334087,NA,EF_SE,backpack shock into any seine,good,11.5,overcast,NA,620,Prickly Sculpin,NA,NA,NA,NA,NA,NA,NA,NA,NA,NA,Small - medium gravel (50-150mm) (2-6in.),Small Instream Objects/Woody Debris,Riffle,NA,NA,NA,1,Medium - large cobble (150-300mm) (6-12in.),NA,NA,Overhead Objects,NA,2009
2008-2014,2009-04-14,197,NA,2687,Steep Main RR - Upstream,39.462937961867105,-121.60428005334087,NA,EF_SE,backpack shock into any seine,good,11.5,overcast,NA,620,Prickly Sculpin,NA,NA,NA,NA,NA,NA,NA,NA,NA,NA,Small - medium gravel (50-150mm) (2-6in.),Small Instream Objects/Woody Debris,Riffle,NA,NA,NA,1,Medium - large cobble (150-300mm) (6-12in.),NA,NA,Overhead Objects,NA,2009
2008-2014,2009-04-14,197,NA,2688,Steep Main RR - Upstream,39.462937961867105,-121.60428005334087,NA,EF_SE,backpack shock into any seine,good,11.5,overcast,NA,620,Unid Juvenile Sculpin,NA,NA,NA,NA,NA,NA,NA,NA,NA,NA,Small - medium gravel (50-150mm) (2-6in.),Small Instream Objects/Woody Debris,Riffle,NA,NA,NA,1,Medium - large cobble (150-300mm) (6-12in.),NA,NA,Overhead Objects,NA,2009
2008-2014,2009-04-14,197,NA,2689,Steep Main RR - Upstream,39.462937961867105,-121.60428005334087,NA,EF_SE,backpack shock into any seine,good,11.5,overcast,NA,620,Riffle Sculpin,NA,NA,NA,NA,NA,NA,NA,NA,NA,NA,Small - medium gravel (50-150mm) (2-6in.),Small Instream Objects/Woody Debris,Riffle,NA,NA,NA,1,Medium - large cobble (150-300mm) (6-12in.),NA,NA,Overhead Objects,NA,2009
2008-2014,2009-04-14,197,NA,2690,Steep Main RR - Upstream,39.462937961867105,-121.60428005334087,NA,EF_SE,backpack shock into any seine,good,11.5,overcast,NA,620,Riffle Sculpin,NA,NA,NA,NA,NA,NA,NA,NA,NA,NA,Small - medium gravel (50-150mm) (2-6in.),Small Instream Objects/Woody Debris,Riffle,NA,NA,NA,1,Medium - large cobble (150-300mm) (6-12in.),NA,NA,Overhead Objects,NA,2009
2008-2014,2009-04-14,197,NA,2691,Steep Main RR - Upstream,39.462937961867105,-121.60428005334087,NA,EF_SE,backpack shock into any seine,good,11.5,overcast,NA,620,Chinook Salmon- Fall,47,parr,NA,NA,NA,NA,NA,NA,NA,NA,Small - medium gravel (50-150mm) (2-6in.),Small Instream Objects/Woody Debris,Riffle,NA,NA,NA,1,Medium - large cobble (150-300mm) (6-12in.),NA,NA,Overhead Objects,NA,2009
2008-2014,2009-04-14,198,NA,2692,Eye Main RR - Downstream,39.45681138827642,-121.61503175870253,NA,EF_SE,backpack shock into any seine,good,11,overcast,NA,620,Unid Juvenile Sculpin,NA,NA,NA,NA,NA,NA,NA,NA,NA,NA,Small - medium gravel (50-150mm) (2-6in.),Overhead Objects,Riffle,NA,NA,NA,1,Medium - large cobble (150-300mm) (6-12in.),NA,NA,NA,NA,2009
2008-2014,2009-04-14,198,NA,2693,Eye Main RR - Downstream,39.45681138827642,-121.61503175870253,NA,EF_SE,backpack shock into any seine,good,11,overcast,NA,620,Unid Juvenile Sculpin,NA,NA,NA,NA,NA,NA,NA,NA,NA,NA,Small - medium gravel (50-150mm) (2-6in.),Overhead Objects,Riffle,NA,NA,NA,1,Medium - large cobble (150-300mm) (6-12in.),NA,NA,NA,NA,2009
2008-2014,2009-04-14,198,NA,2694,Eye Main RR - Downstream,39.45681138827642,-121.61503175870253,NA,EF_SE,backpack shock into any seine,good,11,overcast,NA,620,Unid Juvenile Sculpin,NA,NA,NA,NA,NA,NA,NA,NA,NA,NA,Small - medium gravel (50-150mm) (2-6in.),Overhead Objects,Riffle,NA,NA,NA,1,Medium - large cobble (150-300mm) (6-12in.),NA,NA,NA,NA,2009
2008-2014,2009-04-14,198,NA,2695,Eye Main RR - Downstream,39.45681138827642,-121.61503175870253,NA,EF_SE,backpack shock into any seine,good,11,overcast,NA,620,Prickly Sculpin,NA,NA,NA,NA,NA,NA,NA,NA,NA,NA,Small - medium gravel (50-150mm) (2-6in.),Overhead Objects,Riffle,NA,NA,NA,1,Medium - large cobble (150-300mm) (6-12in.),NA,NA,NA,NA,2009
2008-2014,2009-04-14,198,NA,2696,Eye Main RR - Downstream,39.45681138827642,-121.61503175870253,NA,EF_SE,backpack shock into any seine,good,11,overcast,NA,620,Prickly Sculpin,NA,NA,NA,NA,NA,NA,NA,NA,NA,NA,Small - medium gravel (50-150mm) (2-6in.),Overhead Objects,Riffle,NA,NA,NA,1,Medium - large cobble (150-300mm) (6-12in.),NA,NA,NA,NA,2009
2008-2014,2009-04-14,199,NA,2697,Steep Main RR - Downstream,39.462240707619635,-121.60468317506228,NA,EF_SE,backpack shock into any seine,good,11.3,overcast,NA,620,Prickly Sculpin,NA,NA,NA,NA,NA,NA,NA,NA,NA,NA,Small - medium gravel (50-150mm) (2-6in.),No Apparent  Cover,Riffle,NA,NA,NA,1,Medium - large cobble (150-300mm) (6-12in.),NA,NA,NA,NA,2009
2008-2014,2009-04-14,199,NA,2698,Steep Main RR - Downstream,39.462240707619635,-121.60468317506228,NA,EF_SE,backpack shock into any seine,good,11.3,overcast,NA,620,Prickly Sculpin,NA,NA,NA,NA,NA,NA,NA,NA,NA,NA,Small - medium gravel (50-150mm) (2-6in.),No Apparent  Cover,Riffle,NA,NA,NA,1,Medium - large cobble (150-300mm) (6-12in.),NA,NA,NA,NA,2009
2008-2014,2009-04-14,199,NA,2699,Steep Main RR - Downstream,39.462240707619635,-121.60468317506228,NA,EF_SE,backpack shock into any seine,good,11.3,overcast,NA,620,Unid Juvenile Sculpin,NA,NA,NA,NA,NA,NA,NA,NA,NA,NA,Small - medium gravel (50-150mm) (2-6in.),No Apparent  Cover,Riffle,NA,NA,NA,1,Medium - large cobble (150-300mm) (6-12in.),NA,NA,NA,NA,2009
2008-2014,2009-04-14,199,NA,2700,Steep Main RR - Downstream,39.462240707619635,-121.60468317506228,NA,EF_SE,backpack shock into any seine,good,11.3,overcast,NA,620,Unid Juvenile Sculpin,NA,NA,NA,NA,NA,NA,NA,NA,NA,NA,Small - medium gravel (50-150mm) (2-6in.),No Apparent  Cover,Riffle,NA,NA,NA,1,Medium - large cobble (150-300mm) (6-12in.),NA,NA,NA,NA,2009
2008-2014,2009-04-14,199,NA,2701,Steep Main RR - Downstream,39.462240707619635,-121.60468317506228,NA,EF_SE,backpack shock into any seine,good,11.3,overcast,NA,620,Unid Juvenile Sculpin,NA,NA,NA,NA,NA,NA,NA,NA,NA,NA,Small - medium gravel (50-150mm) (2-6in.),No Apparent  Cover,Riffle,NA,NA,NA,1,Medium - large cobble (150-300mm) (6-12in.),NA,NA,NA,NA,2009
2008-2014,2009-04-14,199,NA,2702,Steep Main RR - Downstream,39.462240707619635,-121.60468317506228,NA,EF_SE,backpack shock into any seine,good,11.3,overcast,NA,620,Riffle Sculpin,NA,NA,NA,NA,NA,NA,NA,NA,NA,NA,Small - medium gravel (50-150mm) (2-6in.),No Apparent  Cover,Riffle,NA,NA,NA,1,Medium - large cobble (150-300mm) (6-12in.),NA,NA,NA,NA,2009
2008-2014,2009-04-14,201,NA,2726,Eye side channel,39.45659105038165,-121.61411873782232,NA,EF_SE,backpack shock into any seine,good,11,sunny,NA,620,Prickly Sculpin,NA,NA,NA,NA,NA,NA,NA,NA,NA,NA,Medium - large cobble (150-300mm) (6-12in.),Overhead Objects,Riffle,NA,NA,NA,1,NA,NA,NA,NA,NA,2009
2008-2014,2009-04-14,201,NA,2727,Eye side channel,39.45659105038165,-121.61411873782232,NA,EF_SE,backpack shock into any seine,good,11,sunny,NA,620,Prickly Sculpin,NA,NA,NA,NA,NA,NA,NA,NA,NA,NA,Medium - large cobble (150-300mm) (6-12in.),Overhead Objects,Riffle,NA,NA,NA,1,NA,NA,NA,NA,NA,2009
2008-2014,2009-04-14,201,NA,2728,Eye side channel,39.45659105038165,-121.61411873782232,NA,EF_SE,backpack shock into any seine,good,11,sunny,NA,620,Prickly Sculpin,NA,NA,NA,NA,NA,NA,NA,NA,NA,NA,Medium - large cobble (150-300mm) (6-12in.),Overhead Objects,Riffle,NA,NA,NA,1,NA,NA,NA,NA,NA,2009
2008-2014,2009-04-14,201,NA,2729,Eye side channel,39.45659105038165,-121.61411873782232,NA,EF_SE,backpack shock into any seine,good,11,sunny,NA,620,Prickly Sculpin,NA,NA,NA,NA,NA,NA,NA,NA,NA,NA,Medium - large cobble (150-300mm) (6-12in.),Overhead Objects,Riffle,NA,NA,NA,1,NA,NA,NA,NA,NA,2009
2008-2014,2009-04-14,201,NA,2730,Eye side channel,39.45659105038165,-121.61411873782232,NA,EF_SE,backpack shock into any seine,good,11,sunny,NA,620,Prickly Sculpin,NA,NA,NA,NA,NA,NA,NA,NA,NA,NA,Medium - large cobble (150-300mm) (6-12in.),Overhead Objects,Riffle,NA,NA,NA,1,NA,NA,NA,NA,NA,2009
2008-2014,2009-04-14,201,NA,2731,Eye side channel,39.45659105038165,-121.61411873782232,NA,EF_SE,backpack shock into any seine,good,11,sunny,NA,620,Prickly Sculpin,NA,NA,NA,NA,NA,NA,NA,NA,NA,NA,Medium - large cobble (150-300mm) (6-12in.),Overhead Objects,Riffle,NA,NA,NA,1,NA,NA,NA,NA,NA,2009
2008-2014,2009-04-14,201,NA,2732,Eye side channel,39.45659105038165,-121.61411873782232,NA,EF_SE,backpack shock into any seine,good,11,sunny,NA,620,Prickly Sculpin,NA,NA,NA,NA,NA,NA,NA,NA,NA,NA,Medium - large cobble (150-300mm) (6-12in.),Overhead Objects,Riffle,NA,NA,NA,1,NA,NA,NA,NA,NA,2009
2008-2014,2009-04-14,201,NA,2733,Eye side channel,39.45659105038165,-121.61411873782232,NA,EF_SE,backpack shock into any seine,good,11,sunny,NA,620,Unid Juvenile Sculpin,NA,NA,NA,NA,NA,NA,NA,NA,NA,NA,Medium - large cobble (150-300mm) (6-12in.),Overhead Objects,Riffle,NA,NA,NA,1,NA,NA,NA,NA,NA,2009
2008-2014,2009-04-14,203,NA,2735,Steep side channel - Upstream,39.46298184138251,-121.60336633450677,NA,EF_SE,backpack shock into any seine,good,11,overcast,NA,620,Riffle Sculpin,NA,NA,NA,NA,NA,NA,NA,NA,NA,NA,Small - medium gravel (50-150mm) (2-6in.),Overhead Objects,Riffle,NA,NA,NA,1,NA,NA,NA,NA,NA,2009
2008-2014,2009-04-14,203,NA,2736,Steep side channel - Upstream,39.46298184138251,-121.60336633450677,NA,EF_SE,backpack shock into any seine,good,11,overcast,NA,620,Prickly Sculpin,NA,NA,NA,NA,NA,NA,NA,NA,NA,NA,Small - medium gravel (50-150mm) (2-6in.),Overhead Objects,Riffle,NA,NA,NA,1,NA,NA,NA,NA,NA,2009
2008-2014,2009-04-14,204,NA,2737,Steep side channel - Downstream,39.46243841443723,-121.60356118035766,NA,EF_SE,backpack shock into any seine,good,11.75,overcast,NA,620,Unid Juvenile Sculpin,NA,NA,NA,NA,NA,NA,NA,NA,NA,NA,Small - medium gravel (50-150mm) (2-6in.),Small Instream Objects/Woody Debris,Riffle,NA,NA,NA,1,Medium - large cobble (150-300mm) (6-12in.),NA,NA,Large Instream Objects/Woody Debris,NA,2009
2008-2014,2009-04-14,204,NA,2738,Steep side channel - Downstream,39.46243841443723,-121.60356118035766,NA,EF_SE,backpack shock into any seine,good,11.75,overcast,NA,620,Unid Juvenile Sculpin,NA,NA,NA,NA,NA,NA,NA,NA,NA,NA,Small - medium gravel (50-150mm) (2-6in.),Small Instream Objects/Woody Debris,Riffle,NA,NA,NA,1,Medium - large cobble (150-300mm) (6-12in.),NA,NA,Large Instream Objects/Woody Debris,NA,2009
2008-2014,2009-04-15,205,NA,2739,G95 SC RL,NA,NA,NA,EF_SE,backpack shock into any seine,good,13,sunny,NA,3000,Speckled Dace,56,NA,NA,NA,NA,NA,NA,NA,NA,NA,Small - medium gravel (50-150mm) (2-6in.),Small Instream Objects/Woody Debris,Riffle,NA,NA,NA,1,Medium - large cobble (150-300mm) (6-12in.),NA,NA,Submerged Aquatic Veg/Algae,NA,2009
2008-2014,2009-04-15,205,NA,2740,G95 SC RL,NA,NA,NA,EF_SE,backpack shock into any seine,good,13,sunny,NA,3000,Speckled Dace,51,NA,NA,NA,NA,NA,NA,NA,NA,NA,Small - medium gravel (50-150mm) (2-6in.),Small Instream Objects/Woody Debris,Riffle,NA,NA,NA,1,Medium - large cobble (150-300mm) (6-12in.),NA,NA,Submerged Aquatic Veg/Algae,NA,2009
2008-2014,2009-04-15,205,NA,2741,G95 SC RL,NA,NA,NA,EF_SE,backpack shock into any seine,good,13,sunny,NA,3000,Speckled Dace,72,NA,NA,NA,NA,NA,NA,NA,NA,NA,Small - medium gravel (50-150mm) (2-6in.),Small Instream Objects/Woody Debris,Riffle,NA,NA,NA,1,Medium - large cobble (150-300mm) (6-12in.),NA,NA,Submerged Aquatic Veg/Algae,NA,2009
2008-2014,2009-04-15,205,NA,2742,G95 SC RL,NA,NA,NA,EF_SE,backpack shock into any seine,good,13,sunny,NA,3000,Speckled Dace,68,NA,NA,NA,NA,NA,NA,NA,NA,NA,Small - medium gravel (50-150mm) (2-6in.),Small Instream Objects/Woody Debris,Riffle,NA,NA,NA,1,Medium - large cobble (150-300mm) (6-12in.),NA,NA,Submerged Aquatic Veg/Algae,NA,2009
2008-2014,2009-04-15,205,NA,2743,G95 SC RL,NA,NA,NA,EF_SE,backpack shock into any seine,good,13,sunny,NA,3000,Unid Juvenile Sculpin,NA,NA,NA,NA,NA,NA,NA,NA,NA,NA,Small - medium gravel (50-150mm) (2-6in.),Small Instream Objects/Woody Debris,Riffle,NA,NA,NA,1,Medium - large cobble (150-300mm) (6-12in.),NA,NA,Submerged Aquatic Veg/Algae,NA,2009
2008-2014,2009-04-15,205,NA,2744,G95 SC RL,NA,NA,NA,EF_SE,backpack shock into any seine,good,13,sunny,NA,3000,Unid Juvenile Sculpin,NA,NA,NA,NA,NA,NA,NA,NA,NA,NA,Small - medium gravel (50-150mm) (2-6in.),Small Instream Objects/Woody Debris,Riffle,NA,NA,NA,1,Medium - large cobble (150-300mm) (6-12in.),NA,NA,Submerged Aquatic Veg/Algae,NA,2009
2008-2014,2009-04-15,207,NA,2745,Hour side channel RL - Upstream,39.421311301618935,-121.62456313944345,NA,EF_SE,backpack shock into any seine,good,13.4,sunny,NA,3000,Speckled Dace,50,NA,NA,NA,NA,NA,NA,NA,NA,NA,Small - medium gravel (50-150mm) (2-6in.),No Apparent  Cover,Riffle,NA,NA,NA,1,Medium - large cobble (150-300mm) (6-12in.),NA,NA,NA,NA,2009
2008-2014,2009-04-15,207,NA,2746,Hour side channel RL - Upstream,39.421311301618935,-121.62456313944345,NA,EF_SE,backpack shock into any seine,good,13.4,sunny,NA,3000,Speckled Dace,68,NA,NA,NA,NA,NA,NA,NA,NA,NA,Small - medium gravel (50-150mm) (2-6in.),No Apparent  Cover,Riffle,NA,NA,NA,1,Medium - large cobble (150-300mm) (6-12in.),NA,NA,NA,NA,2009
2008-2014,2009-04-15,207,NA,2747,Hour side channel RL - Upstream,39.421311301618935,-121.62456313944345,NA,EF_SE,backpack shock into any seine,good,13.4,sunny,NA,3000,Speckled Dace,65,NA,NA,NA,NA,NA,NA,NA,NA,NA,Small - medium gravel (50-150mm) (2-6in.),No Apparent  Cover,Riffle,NA,NA,NA,1,Medium - large cobble (150-300mm) (6-12in.),NA,NA,NA,NA,2009
2008-2014,2009-04-15,207,NA,2748,Hour side channel RL - Upstream,39.421311301618935,-121.62456313944345,NA,EF_SE,backpack shock into any seine,good,13.4,sunny,NA,3000,Speckled Dace,67,NA,NA,NA,NA,NA,NA,NA,NA,NA,Small - medium gravel (50-150mm) (2-6in.),No Apparent  Cover,Riffle,NA,NA,NA,1,Medium - large cobble (150-300mm) (6-12in.),NA,NA,NA,NA,2009
2008-2014,2009-04-15,207,NA,2749,Hour side channel RL - Upstream,39.421311301618935,-121.62456313944345,NA,EF_SE,backpack shock into any seine,good,13.4,sunny,NA,3000,Speckled Dace,68,NA,NA,NA,NA,NA,NA,NA,NA,NA,Small - medium gravel (50-150mm) (2-6in.),No Apparent  Cover,Riffle,NA,NA,NA,1,Medium - large cobble (150-300mm) (6-12in.),NA,NA,NA,NA,2009
2008-2014,2009-04-15,207,NA,2750,Hour side channel RL - Upstream,39.421311301618935,-121.62456313944345,NA,EF_SE,backpack shock into any seine,good,13.4,sunny,NA,3000,Speckled Dace,60,NA,NA,NA,NA,NA,NA,NA,NA,NA,Small - medium gravel (50-150mm) (2-6in.),No Apparent  Cover,Riffle,NA,NA,NA,1,Medium - large cobble (150-300mm) (6-12in.),NA,NA,NA,NA,2009
2008-2014,2009-04-15,207,NA,2751,Hour side channel RL - Upstream,39.421311301618935,-121.62456313944345,NA,EF_SE,backpack shock into any seine,good,13.4,sunny,NA,3000,Speckled Dace,55,NA,NA,NA,NA,NA,NA,NA,NA,NA,Small - medium gravel (50-150mm) (2-6in.),No Apparent  Cover,Riffle,NA,NA,NA,1,Medium - large cobble (150-300mm) (6-12in.),NA,NA,NA,NA,2009
2008-2014,2009-04-15,207,NA,2752,Hour side channel RL - Upstream,39.421311301618935,-121.62456313944345,NA,EF_SE,backpack shock into any seine,good,13.4,sunny,NA,3000,Speckled Dace,65,NA,NA,NA,NA,NA,NA,NA,NA,NA,Small - medium gravel (50-150mm) (2-6in.),No Apparent  Cover,Riffle,NA,NA,NA,1,Medium - large cobble (150-300mm) (6-12in.),NA,NA,NA,NA,2009
2008-2014,2009-04-15,207,NA,2753,Hour side channel RL - Upstream,39.421311301618935,-121.62456313944345,NA,EF_SE,backpack shock into any seine,good,13.4,sunny,NA,3000,Speckled Dace,53,NA,NA,NA,NA,NA,NA,NA,NA,NA,Small - medium gravel (50-150mm) (2-6in.),No Apparent  Cover,Riffle,NA,NA,NA,1,Medium - large cobble (150-300mm) (6-12in.),NA,NA,NA,NA,2009
2008-2014,2009-04-15,207,NA,2754,Hour side channel RL - Upstream,39.421311301618935,-121.62456313944345,NA,EF_SE,backpack shock into any seine,good,13.4,sunny,NA,3000,Speckled Dace,60,NA,NA,NA,NA,NA,NA,NA,NA,NA,Small - medium gravel (50-150mm) (2-6in.),No Apparent  Cover,Riffle,NA,NA,NA,1,Medium - large cobble (150-300mm) (6-12in.),NA,NA,NA,NA,2009
2008-2014,2009-04-15,207,NA,2755,Hour side channel RL - Upstream,39.421311301618935,-121.62456313944345,NA,EF_SE,backpack shock into any seine,good,13.4,sunny,NA,3000,Unid Juvenile Sculpin,NA,NA,NA,NA,NA,NA,NA,NA,NA,NA,Small - medium gravel (50-150mm) (2-6in.),No Apparent  Cover,Riffle,NA,NA,NA,1,Medium - large cobble (150-300mm) (6-12in.),NA,NA,NA,NA,2009
2008-2014,2009-04-15,207,NA,2756,Hour side channel RL - Upstream,39.421311301618935,-121.62456313944345,NA,EF_SE,backpack shock into any seine,good,13.4,sunny,NA,3000,Unid Juvenile Sculpin,NA,NA,NA,NA,NA,NA,NA,NA,NA,NA,Small - medium gravel (50-150mm) (2-6in.),No Apparent  Cover,Riffle,NA,NA,NA,1,Medium - large cobble (150-300mm) (6-12in.),NA,NA,NA,NA,2009
2008-2014,2009-04-15,207,NA,2757,Hour side channel RL - Upstream,39.421311301618935,-121.62456313944345,NA,EF_SE,backpack shock into any seine,good,13.4,sunny,NA,3000,Unid Juvenile Sculpin,NA,NA,NA,NA,NA,NA,NA,NA,NA,NA,Small - medium gravel (50-150mm) (2-6in.),No Apparent  Cover,Riffle,NA,NA,NA,1,Medium - large cobble (150-300mm) (6-12in.),NA,NA,NA,NA,2009
2008-2014,2009-04-15,207,NA,2758,Hour side channel RL - Upstream,39.421311301618935,-121.62456313944345,NA,EF_SE,backpack shock into any seine,good,13.4,sunny,NA,3000,Unid Juvenile Sculpin,NA,NA,NA,NA,NA,NA,NA,NA,NA,NA,Small - medium gravel (50-150mm) (2-6in.),No Apparent  Cover,Riffle,NA,NA,NA,1,Medium - large cobble (150-300mm) (6-12in.),NA,NA,NA,NA,2009
2008-2014,2009-04-15,207,NA,2759,Hour side channel RL - Upstream,39.421311301618935,-121.62456313944345,NA,EF_SE,backpack shock into any seine,good,13.4,sunny,NA,3000,Prickly Sculpin,NA,NA,NA,NA,NA,NA,NA,NA,NA,NA,Small - medium gravel (50-150mm) (2-6in.),No Apparent  Cover,Riffle,NA,NA,NA,1,Medium - large cobble (150-300mm) (6-12in.),NA,NA,NA,NA,2009
2008-2014,2009-04-15,213,NA,2915,Bedrock Park RL,39.51299134724815,-121.56877267584329,NA,EF_SE,backpack shock into any seine,fair,11,sunny,NA,620,Riffle Sculpin,NA,NA,NA,NA,NA,NA,NA,NA,NA,NA,Medium - large cobble (150-300mm) (6-12in.),Small Instream Objects/Woody Debris,Riffle,NA,NA,NA,1,Boulder (>300mm) (>12in.),NA,Undercut Bank,Submerged Aquatic Veg/Algae,NA,2009
2008-2014,2009-04-15,213,NA,2916,Bedrock Park RL,39.51299134724815,-121.56877267584329,NA,EF_SE,backpack shock into any seine,fair,11,sunny,NA,620,Riffle Sculpin,NA,NA,NA,NA,NA,NA,NA,NA,NA,NA,Medium - large cobble (150-300mm) (6-12in.),Small Instream Objects/Woody Debris,Riffle,NA,NA,NA,1,Boulder (>300mm) (>12in.),NA,Undercut Bank,Submerged Aquatic Veg/Algae,NA,2009
2008-2014,2009-04-16,214,NA,2917,McFarland Main RR - Upstream,NA,NA,NA,EF_SE,backpack shock into any seine,good,13,sunny,NA,3000,Riffle Sculpin,NA,NA,NA,NA,NA,NA,NA,NA,NA,NA,Small - medium gravel (50-150mm) (2-6in.),Large Instream Objects/Woody Debris,Riffle,NA,NA,NA,1,Medium - large cobble (150-300mm) (6-12in.),NA,NA,Submerged Aquatic Veg/Algae,NA,2009
2008-2014,2009-04-16,214,NA,2918,McFarland Main RR - Upstream,NA,NA,NA,EF_SE,backpack shock into any seine,good,13,sunny,NA,3000,Prickly Sculpin,NA,NA,NA,NA,NA,NA,NA,NA,NA,NA,Small - medium gravel (50-150mm) (2-6in.),Large Instream Objects/Woody Debris,Riffle,NA,NA,NA,1,Medium - large cobble (150-300mm) (6-12in.),NA,NA,Submerged Aquatic Veg/Algae,NA,2009
2008-2014,2009-04-16,214,NA,2919,McFarland Main RR - Upstream,NA,NA,NA,EF_SE,backpack shock into any seine,good,13,sunny,NA,3000,Prickly Sculpin,NA,NA,NA,NA,NA,NA,NA,NA,NA,NA,Small - medium gravel (50-150mm) (2-6in.),Large Instream Objects/Woody Debris,Riffle,NA,NA,NA,1,Medium - large cobble (150-300mm) (6-12in.),NA,NA,Submerged Aquatic Veg/Algae,NA,2009
2008-2014,2009-04-16,215,NA,2920,McFarland Main RR - Upstream,NA,NA,NA,EF_SE,backpack shock into any seine,good,13,sunny,NA,3000,Speckled Dace,66,NA,NA,NA,NA,NA,NA,NA,NA,NA,Small - medium gravel (50-150mm) (2-6in.),Submerged Aquatic Veg/Algae,Riffle,NA,NA,NA,1,Medium - large cobble (150-300mm) (6-12in.),NA,NA,NA,NA,2009
2008-2014,2009-04-16,215,NA,2921,McFarland Main RR - Upstream,NA,NA,NA,EF_SE,backpack shock into any seine,good,13,sunny,NA,3000,Speckled Dace,68,NA,NA,NA,NA,NA,NA,NA,NA,NA,Small - medium gravel (50-150mm) (2-6in.),Submerged Aquatic Veg/Algae,Riffle,NA,NA,NA,1,Medium - large cobble (150-300mm) (6-12in.),NA,NA,NA,NA,2009
2008-2014,2009-04-16,215,NA,2922,McFarland Main RR - Upstream,NA,NA,NA,EF_SE,backpack shock into any seine,good,13,sunny,NA,3000,Speckled Dace,54,NA,NA,NA,NA,NA,NA,NA,NA,NA,Small - medium gravel (50-150mm) (2-6in.),Submerged Aquatic Veg/Algae,Riffle,NA,NA,NA,1,Medium - large cobble (150-300mm) (6-12in.),NA,NA,NA,NA,2009
2008-2014,2009-04-16,215,NA,2923,McFarland Main RR - Upstream,NA,NA,NA,EF_SE,backpack shock into any seine,good,13,sunny,NA,3000,Speckled Dace,56,NA,NA,NA,NA,NA,NA,NA,NA,NA,Small - medium gravel (50-150mm) (2-6in.),Submerged Aquatic Veg/Algae,Riffle,NA,NA,NA,1,Medium - large cobble (150-300mm) (6-12in.),NA,NA,NA,NA,2009
2008-2014,2009-04-16,215,NA,2924,McFarland Main RR - Upstream,NA,NA,NA,EF_SE,backpack shock into any seine,good,13,sunny,NA,3000,Speckled Dace,63,NA,NA,NA,NA,NA,NA,NA,NA,NA,Small - medium gravel (50-150mm) (2-6in.),Submerged Aquatic Veg/Algae,Riffle,NA,NA,NA,1,Medium - large cobble (150-300mm) (6-12in.),NA,NA,NA,NA,2009
2008-2014,2009-04-16,215,NA,2925,McFarland Main RR - Upstream,NA,NA,NA,EF_SE,backpack shock into any seine,good,13,sunny,NA,3000,Speckled Dace,61,NA,NA,NA,NA,NA,NA,NA,NA,NA,Small - medium gravel (50-150mm) (2-6in.),Submerged Aquatic Veg/Algae,Riffle,NA,NA,NA,1,Medium - large cobble (150-300mm) (6-12in.),NA,NA,NA,NA,2009
2008-2014,2009-04-16,215,NA,2926,McFarland Main RR - Upstream,NA,NA,NA,EF_SE,backpack shock into any seine,good,13,sunny,NA,3000,Speckled Dace,60,NA,NA,NA,NA,NA,NA,NA,NA,NA,Small - medium gravel (50-150mm) (2-6in.),Submerged Aquatic Veg/Algae,Riffle,NA,NA,NA,1,Medium - large cobble (150-300mm) (6-12in.),NA,NA,NA,NA,2009
2008-2014,2009-04-16,215,NA,2927,McFarland Main RR - Upstream,NA,NA,NA,EF_SE,backpack shock into any seine,good,13,sunny,NA,3000,Speckled Dace,55,NA,NA,NA,NA,NA,NA,NA,NA,NA,Small - medium gravel (50-150mm) (2-6in.),Submerged Aquatic Veg/Algae,Riffle,NA,NA,NA,1,Medium - large cobble (150-300mm) (6-12in.),NA,NA,NA,NA,2009
2008-2014,2009-04-16,215,NA,2928,McFarland Main RR - Upstream,NA,NA,NA,EF_SE,backpack shock into any seine,good,13,sunny,NA,3000,Speckled Dace,55,NA,NA,NA,NA,NA,NA,NA,NA,NA,Small - medium gravel (50-150mm) (2-6in.),Submerged Aquatic Veg/Algae,Riffle,NA,NA,NA,1,Medium - large cobble (150-300mm) (6-12in.),NA,NA,NA,NA,2009
2008-2014,2009-04-16,215,NA,2929,McFarland Main RR - Upstream,NA,NA,NA,EF_SE,backpack shock into any seine,good,13,sunny,NA,3000,Speckled Dace,57,NA,NA,NA,NA,NA,NA,NA,NA,NA,Small - medium gravel (50-150mm) (2-6in.),Submerged Aquatic Veg/Algae,Riffle,NA,NA,NA,1,Medium - large cobble (150-300mm) (6-12in.),NA,NA,NA,NA,2009
2008-2014,2009-04-16,215,NA,2930,McFarland Main RR - Upstream,NA,NA,NA,EF_SE,backpack shock into any seine,good,13,sunny,NA,3000,Speckled Dace,52,NA,NA,NA,NA,NA,NA,NA,NA,NA,Small - medium gravel (50-150mm) (2-6in.),Submerged Aquatic Veg/Algae,Riffle,NA,NA,NA,1,Medium - large cobble (150-300mm) (6-12in.),NA,NA,NA,NA,2009
2008-2014,2009-04-16,215,NA,2931,McFarland Main RR - Upstream,NA,NA,NA,EF_SE,backpack shock into any seine,good,13,sunny,NA,3000,Speckled Dace,66,NA,NA,NA,NA,NA,NA,NA,NA,NA,Small - medium gravel (50-150mm) (2-6in.),Submerged Aquatic Veg/Algae,Riffle,NA,NA,NA,1,Medium - large cobble (150-300mm) (6-12in.),NA,NA,NA,NA,2009
2008-2014,2009-04-16,215,NA,2932,McFarland Main RR - Upstream,NA,NA,NA,EF_SE,backpack shock into any seine,good,13,sunny,NA,3000,Speckled Dace,60,NA,NA,NA,NA,NA,NA,NA,NA,NA,Small - medium gravel (50-150mm) (2-6in.),Submerged Aquatic Veg/Algae,Riffle,NA,NA,NA,1,Medium - large cobble (150-300mm) (6-12in.),NA,NA,NA,NA,2009
2008-2014,2009-04-16,215,NA,2933,McFarland Main RR - Upstream,NA,NA,NA,EF_SE,backpack shock into any seine,good,13,sunny,NA,3000,Speckled Dace,58,NA,NA,NA,NA,NA,NA,NA,NA,NA,Small - medium gravel (50-150mm) (2-6in.),Submerged Aquatic Veg/Algae,Riffle,NA,NA,NA,1,Medium - large cobble (150-300mm) (6-12in.),NA,NA,NA,NA,2009
2008-2014,2009-04-16,215,NA,2934,McFarland Main RR - Upstream,NA,NA,NA,EF_SE,backpack shock into any seine,good,13,sunny,NA,3000,Speckled Dace,58,NA,NA,NA,NA,NA,NA,NA,NA,NA,Small - medium gravel (50-150mm) (2-6in.),Submerged Aquatic Veg/Algae,Riffle,NA,NA,NA,1,Medium - large cobble (150-300mm) (6-12in.),NA,NA,NA,NA,2009
2008-2014,2009-04-16,215,NA,2935,McFarland Main RR - Upstream,NA,NA,NA,EF_SE,backpack shock into any seine,good,13,sunny,NA,3000,Speckled Dace,52,NA,NA,NA,NA,NA,NA,NA,NA,NA,Small - medium gravel (50-150mm) (2-6in.),Submerged Aquatic Veg/Algae,Riffle,NA,NA,NA,1,Medium - large cobble (150-300mm) (6-12in.),NA,NA,NA,NA,2009
2008-2014,2009-04-16,215,NA,2936,McFarland Main RR - Upstream,NA,NA,NA,EF_SE,backpack shock into any seine,good,13,sunny,NA,3000,Speckled Dace,51,NA,NA,NA,NA,NA,NA,NA,NA,NA,Small - medium gravel (50-150mm) (2-6in.),Submerged Aquatic Veg/Algae,Riffle,NA,NA,NA,1,Medium - large cobble (150-300mm) (6-12in.),NA,NA,NA,NA,2009
2008-2014,2009-04-16,215,NA,2937,McFarland Main RR - Upstream,NA,NA,NA,EF_SE,backpack shock into any seine,good,13,sunny,NA,3000,Speckled Dace,54,NA,NA,NA,NA,NA,NA,NA,NA,NA,Small - medium gravel (50-150mm) (2-6in.),Submerged Aquatic Veg/Algae,Riffle,NA,NA,NA,1,Medium - large cobble (150-300mm) (6-12in.),NA,NA,NA,NA,2009
2008-2014,2009-04-16,215,NA,2938,McFarland Main RR - Upstream,NA,NA,NA,EF_SE,backpack shock into any seine,good,13,sunny,NA,3000,Speckled Dace,55,NA,NA,NA,NA,NA,NA,NA,NA,NA,Small - medium gravel (50-150mm) (2-6in.),Submerged Aquatic Veg/Algae,Riffle,NA,NA,NA,1,Medium - large cobble (150-300mm) (6-12in.),NA,NA,NA,NA,2009
2008-2014,2009-04-16,215,NA,2939,McFarland Main RR - Upstream,NA,NA,NA,EF_SE,backpack shock into any seine,good,13,sunny,NA,3000,Speckled Dace,54,NA,NA,NA,NA,NA,NA,NA,NA,NA,Small - medium gravel (50-150mm) (2-6in.),Submerged Aquatic Veg/Algae,Riffle,NA,NA,NA,1,Medium - large cobble (150-300mm) (6-12in.),NA,NA,NA,NA,2009
2008-2014,2009-04-16,215,NA,2940,McFarland Main RR - Upstream,NA,NA,NA,EF_SE,backpack shock into any seine,good,13,sunny,NA,3000,Speckled Dace,NA,NA,NA,NA,NA,NA,NA,NA,NA,NA,Small - medium gravel (50-150mm) (2-6in.),Submerged Aquatic Veg/Algae,Riffle,NA,NA,NA,3,Medium - large cobble (150-300mm) (6-12in.),NA,NA,NA,NA,2009
2008-2014,2009-04-16,215,NA,2941,McFarland Main RR - Upstream,NA,NA,NA,EF_SE,backpack shock into any seine,good,13,sunny,NA,3000,Unid Juvenile Sculpin,NA,NA,NA,NA,NA,NA,NA,NA,NA,NA,Small - medium gravel (50-150mm) (2-6in.),Submerged Aquatic Veg/Algae,Riffle,NA,NA,NA,1,Medium - large cobble (150-300mm) (6-12in.),NA,NA,NA,NA,2009
2008-2014,2009-04-16,215,NA,2942,McFarland Main RR - Upstream,NA,NA,NA,EF_SE,backpack shock into any seine,good,13,sunny,NA,3000,Unid Juvenile Sculpin,NA,NA,NA,NA,NA,NA,NA,NA,NA,NA,Small - medium gravel (50-150mm) (2-6in.),Submerged Aquatic Veg/Algae,Riffle,NA,NA,NA,1,Medium - large cobble (150-300mm) (6-12in.),NA,NA,NA,NA,2009
2008-2014,2009-04-16,215,NA,2943,McFarland Main RR - Upstream,NA,NA,NA,EF_SE,backpack shock into any seine,good,13,sunny,NA,3000,Unid Juvenile Sculpin,NA,NA,NA,NA,NA,NA,NA,NA,NA,NA,Small - medium gravel (50-150mm) (2-6in.),Submerged Aquatic Veg/Algae,Riffle,NA,NA,NA,1,Medium - large cobble (150-300mm) (6-12in.),NA,NA,NA,NA,2009
2008-2014,2009-04-16,215,NA,2944,McFarland Main RR - Upstream,NA,NA,NA,EF_SE,backpack shock into any seine,good,13,sunny,NA,3000,Unid Juvenile Sculpin,NA,NA,NA,NA,NA,NA,NA,NA,NA,NA,Small - medium gravel (50-150mm) (2-6in.),Submerged Aquatic Veg/Algae,Riffle,NA,NA,NA,1,Medium - large cobble (150-300mm) (6-12in.),NA,NA,NA,NA,2009
2008-2014,2009-04-16,215,NA,2945,McFarland Main RR - Upstream,NA,NA,NA,EF_SE,backpack shock into any seine,good,13,sunny,NA,3000,Unid Juvenile Sculpin,NA,NA,NA,NA,NA,NA,NA,NA,NA,NA,Small - medium gravel (50-150mm) (2-6in.),Submerged Aquatic Veg/Algae,Riffle,NA,NA,NA,1,Medium - large cobble (150-300mm) (6-12in.),NA,NA,NA,NA,2009
2008-2014,2009-04-16,215,NA,2946,McFarland Main RR - Upstream,NA,NA,NA,EF_SE,backpack shock into any seine,good,13,sunny,NA,3000,Unid Juvenile Sculpin,NA,NA,NA,NA,NA,NA,NA,NA,NA,NA,Small - medium gravel (50-150mm) (2-6in.),Submerged Aquatic Veg/Algae,Riffle,NA,NA,NA,1,Medium - large cobble (150-300mm) (6-12in.),NA,NA,NA,NA,2009
2008-2014,2009-04-16,215,NA,2947,McFarland Main RR - Upstream,NA,NA,NA,EF_SE,backpack shock into any seine,good,13,sunny,NA,3000,Unid Juvenile Sculpin,NA,NA,NA,NA,NA,NA,NA,NA,NA,NA,Small - medium gravel (50-150mm) (2-6in.),Submerged Aquatic Veg/Algae,Riffle,NA,NA,NA,1,Medium - large cobble (150-300mm) (6-12in.),NA,NA,NA,NA,2009
2008-2014,2009-04-16,215,NA,2948,McFarland Main RR - Upstream,NA,NA,NA,EF_SE,backpack shock into any seine,good,13,sunny,NA,3000,Sacramento Blackfish,NA,NA,NA,NA,NA,NA,NA,NA,NA,NA,Small - medium gravel (50-150mm) (2-6in.),Submerged Aquatic Veg/Algae,Riffle,NA,NA,NA,1,Medium - large cobble (150-300mm) (6-12in.),NA,NA,NA,NA,2009
2008-2014,2009-04-16,215,NA,2949,McFarland Main RR - Upstream,NA,NA,NA,EF_SE,backpack shock into any seine,good,13,sunny,NA,3000,Unid Juvenile Sculpin,NA,NA,NA,NA,NA,NA,NA,NA,NA,NA,Small - medium gravel (50-150mm) (2-6in.),Submerged Aquatic Veg/Algae,Riffle,NA,NA,NA,1,Medium - large cobble (150-300mm) (6-12in.),NA,NA,NA,NA,2009
2008-2014,2009-04-16,215,NA,2950,McFarland Main RR - Upstream,NA,NA,NA,EF_SE,backpack shock into any seine,good,13,sunny,NA,3000,Unid Juvenile Sculpin,NA,NA,NA,NA,NA,NA,NA,NA,NA,NA,Small - medium gravel (50-150mm) (2-6in.),Submerged Aquatic Veg/Algae,Riffle,NA,NA,NA,1,Medium - large cobble (150-300mm) (6-12in.),NA,NA,NA,NA,2009
2008-2014,2009-04-16,215,NA,2951,McFarland Main RR - Upstream,NA,NA,NA,EF_SE,backpack shock into any seine,good,13,sunny,NA,3000,Unid Juvenile Sculpin,NA,NA,NA,NA,NA,NA,NA,NA,NA,NA,Small - medium gravel (50-150mm) (2-6in.),Submerged Aquatic Veg/Algae,Riffle,NA,NA,NA,1,Medium - large cobble (150-300mm) (6-12in.),NA,NA,NA,NA,2009
2008-2014,2009-04-16,218,NA,3041,Junkyard Main RR,39.34701749272387,-121.6264369490586,NA,EF_SE,backpack shock into any seine,good,13.3,sunny,NA,3000,Speckled Dace,53,NA,NA,NA,NA,NA,NA,NA,NA,NA,Small - medium gravel (50-150mm) (2-6in.),Submerged Aquatic Veg/Algae,Riffle,NA,NA,NA,1,Medium - large cobble (150-300mm) (6-12in.),NA,NA,NA,NA,2009
2008-2014,2009-04-16,218,NA,3042,Junkyard Main RR,39.34701749272387,-121.6264369490586,NA,EF_SE,backpack shock into any seine,good,13.3,sunny,NA,3000,Speckled Dace,55,NA,NA,NA,NA,NA,NA,NA,NA,NA,Small - medium gravel (50-150mm) (2-6in.),Submerged Aquatic Veg/Algae,Riffle,NA,NA,NA,1,Medium - large cobble (150-300mm) (6-12in.),NA,NA,NA,NA,2009
2008-2014,2009-04-16,218,NA,3043,Junkyard Main RR,39.34701749272387,-121.6264369490586,NA,EF_SE,backpack shock into any seine,good,13.3,sunny,NA,3000,Speckled Dace,54,NA,NA,NA,NA,NA,NA,NA,NA,NA,Small - medium gravel (50-150mm) (2-6in.),Submerged Aquatic Veg/Algae,Riffle,NA,NA,NA,1,Medium - large cobble (150-300mm) (6-12in.),NA,NA,NA,NA,2009
2008-2014,2009-04-16,218,NA,3044,Junkyard Main RR,39.34701749272387,-121.6264369490586,NA,EF_SE,backpack shock into any seine,good,13.3,sunny,NA,3000,Speckled Dace,48,NA,NA,NA,NA,NA,NA,NA,NA,NA,Small - medium gravel (50-150mm) (2-6in.),Submerged Aquatic Veg/Algae,Riffle,NA,NA,NA,1,Medium - large cobble (150-300mm) (6-12in.),NA,NA,NA,NA,2009
2008-2014,2009-05-28,227,NA,3179,McFarland Main RR - Upstream,NA,NA,NA,EF_SE,backpack shock into any seine,good,17,sunny,NA,NA,Prickly Sculpin,NA,NA,NA,NA,NA,NA,NA,NA,NA,NA,Small - medium gravel (50-150mm) (2-6in.),No Apparent  Cover,Riffle,NA,NA,NA,1,Medium - large cobble (150-300mm) (6-12in.),NA,NA,NA,NA,2009
2008-2014,2009-05-28,227,NA,3180,McFarland Main RR - Upstream,NA,NA,NA,EF_SE,backpack shock into any seine,good,17,sunny,NA,NA,Prickly Sculpin,NA,NA,NA,NA,NA,NA,NA,NA,NA,NA,Small - medium gravel (50-150mm) (2-6in.),No Apparent  Cover,Riffle,NA,NA,NA,1,Medium - large cobble (150-300mm) (6-12in.),NA,NA,NA,NA,2009
2008-2014,2009-05-28,227,NA,3181,McFarland Main RR - Upstream,NA,NA,NA,EF_SE,backpack shock into any seine,good,17,sunny,NA,NA,Prickly Sculpin,NA,NA,NA,NA,NA,NA,NA,NA,NA,NA,Small - medium gravel (50-150mm) (2-6in.),No Apparent  Cover,Riffle,NA,NA,NA,1,Medium - large cobble (150-300mm) (6-12in.),NA,NA,NA,NA,2009
2008-2014,2009-05-28,227,NA,3182,McFarland Main RR - Upstream,NA,NA,NA,EF_SE,backpack shock into any seine,good,17,sunny,NA,NA,Prickly Sculpin,NA,NA,NA,NA,NA,NA,NA,NA,NA,NA,Small - medium gravel (50-150mm) (2-6in.),No Apparent  Cover,Riffle,NA,NA,NA,1,Medium - large cobble (150-300mm) (6-12in.),NA,NA,NA,NA,2009
2008-2014,2009-05-28,227,NA,3183,McFarland Main RR - Upstream,NA,NA,NA,EF_SE,backpack shock into any seine,good,17,sunny,NA,NA,Prickly Sculpin,NA,NA,NA,NA,NA,NA,NA,NA,NA,NA,Small - medium gravel (50-150mm) (2-6in.),No Apparent  Cover,Riffle,NA,NA,NA,1,Medium - large cobble (150-300mm) (6-12in.),NA,NA,NA,NA,2009
2008-2014,2009-05-28,227,NA,3184,McFarland Main RR - Upstream,NA,NA,NA,EF_SE,backpack shock into any seine,good,17,sunny,NA,NA,Prickly Sculpin,NA,NA,NA,NA,NA,NA,NA,NA,NA,NA,Small - medium gravel (50-150mm) (2-6in.),No Apparent  Cover,Riffle,NA,NA,NA,1,Medium - large cobble (150-300mm) (6-12in.),NA,NA,NA,NA,2009
2008-2014,2009-05-28,227,NA,3185,McFarland Main RR - Upstream,NA,NA,NA,EF_SE,backpack shock into any seine,good,17,sunny,NA,NA,Prickly Sculpin,NA,NA,NA,NA,NA,NA,NA,NA,NA,NA,Small - medium gravel (50-150mm) (2-6in.),No Apparent  Cover,Riffle,NA,NA,NA,1,Medium - large cobble (150-300mm) (6-12in.),NA,NA,NA,NA,2009
2008-2014,2009-05-28,227,NA,3186,McFarland Main RR - Upstream,NA,NA,NA,EF_SE,backpack shock into any seine,good,17,sunny,NA,NA,Prickly Sculpin,NA,NA,NA,NA,NA,NA,NA,NA,NA,NA,Small - medium gravel (50-150mm) (2-6in.),No Apparent  Cover,Riffle,NA,NA,NA,1,Medium - large cobble (150-300mm) (6-12in.),NA,NA,NA,NA,2009
2008-2014,2009-05-28,227,NA,3187,McFarland Main RR - Upstream,NA,NA,NA,EF_SE,backpack shock into any seine,good,17,sunny,NA,NA,Prickly Sculpin,NA,NA,NA,NA,NA,NA,NA,NA,NA,NA,Small - medium gravel (50-150mm) (2-6in.),No Apparent  Cover,Riffle,NA,NA,NA,1,Medium - large cobble (150-300mm) (6-12in.),NA,NA,NA,NA,2009
2008-2014,2009-05-28,227,NA,3188,McFarland Main RR - Upstream,NA,NA,NA,EF_SE,backpack shock into any seine,good,17,sunny,NA,NA,Chinook Salmon- Fall,40,parr,NA,NA,NA,NA,NA,NA,NA,NA,Small - medium gravel (50-150mm) (2-6in.),No Apparent  Cover,Riffle,NA,NA,NA,1,Medium - large cobble (150-300mm) (6-12in.),NA,NA,NA,NA,2009
2008-2014,2009-05-28,227,NA,3189,McFarland Main RR - Upstream,NA,NA,NA,EF_SE,backpack shock into any seine,good,17,sunny,NA,NA,Speckled Dace,56,NA,NA,NA,NA,NA,NA,NA,NA,NA,Small - medium gravel (50-150mm) (2-6in.),No Apparent  Cover,Riffle,NA,NA,NA,1,Medium - large cobble (150-300mm) (6-12in.),NA,NA,NA,NA,2009
2008-2014,2009-05-26,229,NA,3192,Steep side channel - Upstream,39.46298184138251,-121.60336633450677,NA,EF_SE,backpack shock into any seine,good,16,sunny,NA,NA,Unid Juvenile Sculpin,NA,NA,NA,NA,NA,NA,NA,NA,NA,NA,Fine - small gravel (0-50mm) (0-2in.),Overhead Objects,Riffle,NA,NA,NA,1,Small - medium gravel (50-150mm) (2-6in.),NA,NA,NA,NA,2009
2008-2014,2009-05-26,229,NA,3193,Steep side channel - Upstream,39.46298184138251,-121.60336633450677,NA,EF_SE,backpack shock into any seine,good,16,sunny,NA,NA,Unid Juvenile Sculpin,NA,NA,NA,NA,NA,NA,NA,NA,NA,NA,Fine - small gravel (0-50mm) (0-2in.),Overhead Objects,Riffle,NA,NA,NA,1,Small - medium gravel (50-150mm) (2-6in.),NA,NA,NA,NA,2009
2008-2014,2009-05-26,230,NA,3194,Steep side channel - Downstream,39.46243841443723,-121.60356118035766,NA,EF_SE,backpack shock into any seine,good,17,sunny,NA,NA,Rainbow Trout (wild),66,parr,NA,NA,NA,NA,NA,NA,NA,NA,Small - medium gravel (50-150mm) (2-6in.),Large Instream Objects/Woody Debris,Riffle,NA,NA,NA,1,NA,NA,NA,NA,NA,2009
2008-2014,2009-05-26,230,NA,3195,Steep side channel - Downstream,39.46243841443723,-121.60356118035766,NA,EF_SE,backpack shock into any seine,good,17,sunny,NA,NA,Prickly Sculpin,NA,NA,NA,NA,NA,NA,NA,NA,NA,NA,Small - medium gravel (50-150mm) (2-6in.),Large Instream Objects/Woody Debris,Riffle,NA,NA,NA,1,NA,NA,NA,NA,NA,2009
2008-2014,2009-05-26,230,NA,3196,Steep side channel - Downstream,39.46243841443723,-121.60356118035766,NA,EF_SE,backpack shock into any seine,good,17,sunny,NA,NA,Prickly Sculpin,NA,NA,NA,NA,NA,NA,NA,NA,NA,NA,Small - medium gravel (50-150mm) (2-6in.),Large Instream Objects/Woody Debris,Riffle,NA,NA,NA,1,NA,NA,NA,NA,NA,2009
2008-2014,2009-05-26,231,NA,3197,Steep Main RR - Downstream,39.462240707619635,-121.60468317506228,NA,EF_SE,backpack shock into any seine,good,17.5,sunny,NA,NA,Rainbow Trout (wild),85,NA,NA,NA,NA,NA,NA,NA,NA,NA,Small - medium gravel (50-150mm) (2-6in.),Overhead Objects,Riffle,NA,NA,NA,1,Medium - large cobble (150-300mm) (6-12in.),NA,NA,NA,NA,2009
2008-2014,2009-05-26,231,NA,3198,Steep Main RR - Downstream,39.462240707619635,-121.60468317506228,NA,EF_SE,backpack shock into any seine,good,17.5,sunny,NA,NA,Riffle Sculpin,NA,NA,NA,NA,NA,NA,NA,NA,NA,NA,Small - medium gravel (50-150mm) (2-6in.),Overhead Objects,Riffle,NA,NA,NA,1,Medium - large cobble (150-300mm) (6-12in.),NA,NA,NA,NA,2009
2008-2014,2009-05-26,231,NA,3199,Steep Main RR - Downstream,39.462240707619635,-121.60468317506228,NA,EF_SE,backpack shock into any seine,good,17.5,sunny,NA,NA,Riffle Sculpin,NA,NA,NA,NA,NA,NA,NA,NA,NA,NA,Small - medium gravel (50-150mm) (2-6in.),Overhead Objects,Riffle,NA,NA,NA,1,Medium - large cobble (150-300mm) (6-12in.),NA,NA,NA,NA,2009
2008-2014,2009-05-26,231,NA,3200,Steep Main RR - Downstream,39.462240707619635,-121.60468317506228,NA,EF_SE,backpack shock into any seine,good,17.5,sunny,NA,NA,Riffle Sculpin,NA,NA,NA,NA,NA,NA,NA,NA,NA,NA,Small - medium gravel (50-150mm) (2-6in.),Overhead Objects,Riffle,NA,NA,NA,1,Medium - large cobble (150-300mm) (6-12in.),NA,NA,NA,NA,2009
2008-2014,2009-05-26,231,NA,3201,Steep Main RR - Downstream,39.462240707619635,-121.60468317506228,NA,EF_SE,backpack shock into any seine,good,17.5,sunny,NA,NA,Riffle Sculpin,NA,NA,NA,NA,NA,NA,NA,NA,NA,NA,Small - medium gravel (50-150mm) (2-6in.),Overhead Objects,Riffle,NA,NA,NA,1,Medium - large cobble (150-300mm) (6-12in.),NA,NA,NA,NA,2009
2008-2014,2009-05-26,231,NA,3202,Steep Main RR - Downstream,39.462240707619635,-121.60468317506228,NA,EF_SE,backpack shock into any seine,good,17.5,sunny,NA,NA,Riffle Sculpin,NA,NA,NA,NA,NA,NA,NA,NA,NA,NA,Small - medium gravel (50-150mm) (2-6in.),Overhead Objects,Riffle,NA,NA,NA,1,Medium - large cobble (150-300mm) (6-12in.),NA,NA,NA,NA,2009
2008-2014,2009-05-26,231,NA,3203,Steep Main RR - Downstream,39.462240707619635,-121.60468317506228,NA,EF_SE,backpack shock into any seine,good,17.5,sunny,NA,NA,Riffle Sculpin,NA,NA,NA,NA,NA,NA,NA,NA,NA,NA,Small - medium gravel (50-150mm) (2-6in.),Overhead Objects,Riffle,NA,NA,NA,1,Medium - large cobble (150-300mm) (6-12in.),NA,NA,NA,NA,2009
2008-2014,2009-05-26,231,NA,3204,Steep Main RR - Downstream,39.462240707619635,-121.60468317506228,NA,EF_SE,backpack shock into any seine,good,17.5,sunny,NA,NA,Riffle Sculpin,NA,NA,NA,NA,NA,NA,NA,NA,NA,NA,Small - medium gravel (50-150mm) (2-6in.),Overhead Objects,Riffle,NA,NA,NA,1,Medium - large cobble (150-300mm) (6-12in.),NA,NA,NA,NA,2009
2008-2014,2009-05-26,231,NA,3205,Steep Main RR - Downstream,39.462240707619635,-121.60468317506228,NA,EF_SE,backpack shock into any seine,good,17.5,sunny,NA,NA,Riffle Sculpin,NA,NA,NA,NA,NA,NA,NA,NA,NA,NA,Small - medium gravel (50-150mm) (2-6in.),Overhead Objects,Riffle,NA,NA,NA,1,Medium - large cobble (150-300mm) (6-12in.),NA,NA,NA,NA,2009
2008-2014,2009-05-26,231,NA,3206,Steep Main RR - Downstream,39.462240707619635,-121.60468317506228,NA,EF_SE,backpack shock into any seine,good,17.5,sunny,NA,NA,Prickly Sculpin,NA,NA,NA,NA,NA,NA,NA,NA,NA,NA,Small - medium gravel (50-150mm) (2-6in.),Overhead Objects,Riffle,NA,NA,NA,1,Medium - large cobble (150-300mm) (6-12in.),NA,NA,NA,NA,2009
2008-2014,2009-05-26,231,NA,3207,Steep Main RR - Downstream,39.462240707619635,-121.60468317506228,NA,EF_SE,backpack shock into any seine,good,17.5,sunny,NA,NA,Prickly Sculpin,NA,NA,NA,NA,NA,NA,NA,NA,NA,NA,Small - medium gravel (50-150mm) (2-6in.),Overhead Objects,Riffle,NA,NA,NA,1,Medium - large cobble (150-300mm) (6-12in.),NA,NA,NA,NA,2009
2008-2014,2009-05-26,231,NA,3208,Steep Main RR - Downstream,39.462240707619635,-121.60468317506228,NA,EF_SE,backpack shock into any seine,good,17.5,sunny,NA,NA,Prickly Sculpin,NA,NA,NA,NA,NA,NA,NA,NA,NA,NA,Small - medium gravel (50-150mm) (2-6in.),Overhead Objects,Riffle,NA,NA,NA,1,Medium - large cobble (150-300mm) (6-12in.),NA,NA,NA,NA,2009
2008-2014,2009-05-26,231,NA,3209,Steep Main RR - Downstream,39.462240707619635,-121.60468317506228,NA,EF_SE,backpack shock into any seine,good,17.5,sunny,NA,NA,Prickly Sculpin,NA,NA,NA,NA,NA,NA,NA,NA,NA,NA,Small - medium gravel (50-150mm) (2-6in.),Overhead Objects,Riffle,NA,NA,NA,1,Medium - large cobble (150-300mm) (6-12in.),NA,NA,NA,NA,2009
2008-2014,2009-05-26,231,NA,3210,Steep Main RR - Downstream,39.462240707619635,-121.60468317506228,NA,EF_SE,backpack shock into any seine,good,17.5,sunny,NA,NA,Prickly Sculpin,NA,NA,NA,NA,NA,NA,NA,NA,NA,NA,Small - medium gravel (50-150mm) (2-6in.),Overhead Objects,Riffle,NA,NA,NA,1,Medium - large cobble (150-300mm) (6-12in.),NA,NA,NA,NA,2009
2008-2014,2009-05-26,231,NA,3211,Steep Main RR - Downstream,39.462240707619635,-121.60468317506228,NA,EF_SE,backpack shock into any seine,good,17.5,sunny,NA,NA,Prickly Sculpin,NA,NA,NA,NA,NA,NA,NA,NA,NA,NA,Small - medium gravel (50-150mm) (2-6in.),Overhead Objects,Riffle,NA,NA,NA,1,Medium - large cobble (150-300mm) (6-12in.),NA,NA,NA,NA,2009
2008-2014,2009-05-26,231,NA,3212,Steep Main RR - Downstream,39.462240707619635,-121.60468317506228,NA,EF_SE,backpack shock into any seine,good,17.5,sunny,NA,NA,Prickly Sculpin,NA,NA,NA,NA,NA,NA,NA,NA,NA,NA,Small - medium gravel (50-150mm) (2-6in.),Overhead Objects,Riffle,NA,NA,NA,1,Medium - large cobble (150-300mm) (6-12in.),NA,NA,NA,NA,2009
2008-2014,2009-05-26,231,NA,3213,Steep Main RR - Downstream,39.462240707619635,-121.60468317506228,NA,EF_SE,backpack shock into any seine,good,17.5,sunny,NA,NA,Prickly Sculpin,NA,NA,NA,NA,NA,NA,NA,NA,NA,NA,Small - medium gravel (50-150mm) (2-6in.),Overhead Objects,Riffle,NA,NA,NA,1,Medium - large cobble (150-300mm) (6-12in.),NA,NA,NA,NA,2009
2008-2014,2009-05-26,231,NA,3214,Steep Main RR - Downstream,39.462240707619635,-121.60468317506228,NA,EF_SE,backpack shock into any seine,good,17.5,sunny,NA,NA,Prickly Sculpin,NA,NA,NA,NA,NA,NA,NA,NA,NA,NA,Small - medium gravel (50-150mm) (2-6in.),Overhead Objects,Riffle,NA,NA,NA,1,Medium - large cobble (150-300mm) (6-12in.),NA,NA,NA,NA,2009
2008-2014,2009-05-26,231,NA,3215,Steep Main RR - Downstream,39.462240707619635,-121.60468317506228,NA,EF_SE,backpack shock into any seine,good,17.5,sunny,NA,NA,Prickly Sculpin,NA,NA,NA,NA,NA,NA,NA,NA,NA,NA,Small - medium gravel (50-150mm) (2-6in.),Overhead Objects,Riffle,NA,NA,NA,1,Medium - large cobble (150-300mm) (6-12in.),NA,NA,NA,NA,2009
2008-2014,2009-05-26,231,NA,3216,Steep Main RR - Downstream,39.462240707619635,-121.60468317506228,NA,EF_SE,backpack shock into any seine,good,17.5,sunny,NA,NA,Prickly Sculpin,NA,NA,NA,NA,NA,NA,NA,NA,NA,NA,Small - medium gravel (50-150mm) (2-6in.),Overhead Objects,Riffle,NA,NA,NA,1,Medium - large cobble (150-300mm) (6-12in.),NA,NA,NA,NA,2009
2008-2014,2009-05-26,231,NA,3217,Steep Main RR - Downstream,39.462240707619635,-121.60468317506228,NA,EF_SE,backpack shock into any seine,good,17.5,sunny,NA,NA,Prickly Sculpin,NA,NA,NA,NA,NA,NA,NA,NA,NA,NA,Small - medium gravel (50-150mm) (2-6in.),Overhead Objects,Riffle,NA,NA,NA,1,Medium - large cobble (150-300mm) (6-12in.),NA,NA,NA,NA,2009
2008-2014,2009-05-26,231,NA,3218,Steep Main RR - Downstream,39.462240707619635,-121.60468317506228,NA,EF_SE,backpack shock into any seine,good,17.5,sunny,NA,NA,Prickly Sculpin,NA,NA,NA,NA,NA,NA,NA,NA,NA,NA,Small - medium gravel (50-150mm) (2-6in.),Overhead Objects,Riffle,NA,NA,NA,1,Medium - large cobble (150-300mm) (6-12in.),NA,NA,NA,NA,2009
2008-2014,2009-05-26,231,NA,3219,Steep Main RR - Downstream,39.462240707619635,-121.60468317506228,NA,EF_SE,backpack shock into any seine,good,17.5,sunny,NA,NA,Prickly Sculpin,NA,NA,NA,NA,NA,NA,NA,NA,NA,NA,Small - medium gravel (50-150mm) (2-6in.),Overhead Objects,Riffle,NA,NA,NA,1,Medium - large cobble (150-300mm) (6-12in.),NA,NA,NA,NA,2009
2008-2014,2009-05-26,231,NA,3220,Steep Main RR - Downstream,39.462240707619635,-121.60468317506228,NA,EF_SE,backpack shock into any seine,good,17.5,sunny,NA,NA,Prickly Sculpin,NA,NA,NA,NA,NA,NA,NA,NA,NA,NA,Small - medium gravel (50-150mm) (2-6in.),Overhead Objects,Riffle,NA,NA,NA,1,Medium - large cobble (150-300mm) (6-12in.),NA,NA,NA,NA,2009
2008-2014,2009-05-26,231,NA,3221,Steep Main RR - Downstream,39.462240707619635,-121.60468317506228,NA,EF_SE,backpack shock into any seine,good,17.5,sunny,NA,NA,Prickly Sculpin,NA,NA,NA,NA,NA,NA,NA,NA,NA,NA,Small - medium gravel (50-150mm) (2-6in.),Overhead Objects,Riffle,NA,NA,NA,1,Medium - large cobble (150-300mm) (6-12in.),NA,NA,NA,NA,2009
2008-2014,2009-05-26,231,NA,3222,Steep Main RR - Downstream,39.462240707619635,-121.60468317506228,NA,EF_SE,backpack shock into any seine,good,17.5,sunny,NA,NA,Prickly Sculpin,NA,NA,NA,NA,NA,NA,NA,NA,NA,NA,Small - medium gravel (50-150mm) (2-6in.),Overhead Objects,Riffle,NA,NA,NA,1,Medium - large cobble (150-300mm) (6-12in.),NA,NA,NA,NA,2009
2008-2014,2009-05-26,231,NA,3223,Steep Main RR - Downstream,39.462240707619635,-121.60468317506228,NA,EF_SE,backpack shock into any seine,good,17.5,sunny,NA,NA,Prickly Sculpin,NA,NA,NA,NA,NA,NA,NA,NA,NA,NA,Small - medium gravel (50-150mm) (2-6in.),Overhead Objects,Riffle,NA,NA,NA,1,Medium - large cobble (150-300mm) (6-12in.),NA,NA,NA,NA,2009
2008-2014,2009-05-26,231,NA,3224,Steep Main RR - Downstream,39.462240707619635,-121.60468317506228,NA,EF_SE,backpack shock into any seine,good,17.5,sunny,NA,NA,Unid Juvenile Sculpin,NA,NA,NA,NA,NA,NA,NA,NA,NA,NA,Small - medium gravel (50-150mm) (2-6in.),Overhead Objects,Riffle,NA,NA,NA,1,Medium - large cobble (150-300mm) (6-12in.),NA,NA,NA,NA,2009
2008-2014,2009-05-26,231,NA,3225,Steep Main RR - Downstream,39.462240707619635,-121.60468317506228,NA,EF_SE,backpack shock into any seine,good,17.5,sunny,NA,NA,Unid Juvenile Sculpin,NA,NA,NA,NA,NA,NA,NA,NA,NA,NA,Small - medium gravel (50-150mm) (2-6in.),Overhead Objects,Riffle,NA,NA,NA,1,Medium - large cobble (150-300mm) (6-12in.),NA,NA,NA,NA,2009
2008-2014,2009-05-26,231,NA,3226,Steep Main RR - Downstream,39.462240707619635,-121.60468317506228,NA,EF_SE,backpack shock into any seine,good,17.5,sunny,NA,NA,Unid Juvenile Sculpin,NA,NA,NA,NA,NA,NA,NA,NA,NA,NA,Small - medium gravel (50-150mm) (2-6in.),Overhead Objects,Riffle,NA,NA,NA,1,Medium - large cobble (150-300mm) (6-12in.),NA,NA,NA,NA,2009
2008-2014,2009-05-26,231,NA,3227,Steep Main RR - Downstream,39.462240707619635,-121.60468317506228,NA,EF_SE,backpack shock into any seine,good,17.5,sunny,NA,NA,Unid Juvenile Sculpin,NA,NA,NA,NA,NA,NA,NA,NA,NA,NA,Small - medium gravel (50-150mm) (2-6in.),Overhead Objects,Riffle,NA,NA,NA,1,Medium - large cobble (150-300mm) (6-12in.),NA,NA,NA,NA,2009
2008-2014,2009-05-26,231,NA,3228,Steep Main RR - Downstream,39.462240707619635,-121.60468317506228,NA,EF_SE,backpack shock into any seine,good,17.5,sunny,NA,NA,Unid Juvenile Sculpin,NA,NA,NA,NA,NA,NA,NA,NA,NA,NA,Small - medium gravel (50-150mm) (2-6in.),Overhead Objects,Riffle,NA,NA,NA,1,Medium - large cobble (150-300mm) (6-12in.),NA,NA,NA,NA,2009
2008-2014,2009-05-26,232,NA,3229,Steep Main RR - Upstream,39.462937961867105,-121.60428005334087,NA,EF_SE,backpack shock into any seine,good,18,sunny,NA,NA,Prickly Sculpin,NA,NA,NA,NA,NA,NA,NA,NA,NA,NA,Small - medium gravel (50-150mm) (2-6in.),Small Instream Objects/Woody Debris,Riffle,NA,NA,NA,1,Medium - large cobble (150-300mm) (6-12in.),NA,NA,Overhead Objects,NA,2009
2008-2014,2009-05-26,232,NA,3230,Steep Main RR - Upstream,39.462937961867105,-121.60428005334087,NA,EF_SE,backpack shock into any seine,good,18,sunny,NA,NA,Prickly Sculpin,NA,NA,NA,NA,NA,NA,NA,NA,NA,NA,Small - medium gravel (50-150mm) (2-6in.),Small Instream Objects/Woody Debris,Riffle,NA,NA,NA,1,Medium - large cobble (150-300mm) (6-12in.),NA,NA,Overhead Objects,NA,2009
2008-2014,2009-05-26,232,NA,3231,Steep Main RR - Upstream,39.462937961867105,-121.60428005334087,NA,EF_SE,backpack shock into any seine,good,18,sunny,NA,NA,Prickly Sculpin,NA,NA,NA,NA,NA,NA,NA,NA,NA,NA,Small - medium gravel (50-150mm) (2-6in.),Small Instream Objects/Woody Debris,Riffle,NA,NA,NA,1,Medium - large cobble (150-300mm) (6-12in.),NA,NA,Overhead Objects,NA,2009
2008-2014,2009-05-26,232,NA,3232,Steep Main RR - Upstream,39.462937961867105,-121.60428005334087,NA,EF_SE,backpack shock into any seine,good,18,sunny,NA,NA,Prickly Sculpin,NA,NA,NA,NA,NA,NA,NA,NA,NA,NA,Small - medium gravel (50-150mm) (2-6in.),Small Instream Objects/Woody Debris,Riffle,NA,NA,NA,1,Medium - large cobble (150-300mm) (6-12in.),NA,NA,Overhead Objects,NA,2009
2008-2014,2009-05-26,232,NA,3233,Steep Main RR - Upstream,39.462937961867105,-121.60428005334087,NA,EF_SE,backpack shock into any seine,good,18,sunny,NA,NA,Prickly Sculpin,NA,NA,NA,NA,NA,NA,NA,NA,NA,NA,Small - medium gravel (50-150mm) (2-6in.),Small Instream Objects/Woody Debris,Riffle,NA,NA,NA,1,Medium - large cobble (150-300mm) (6-12in.),NA,NA,Overhead Objects,NA,2009
2008-2014,2009-05-26,232,NA,3234,Steep Main RR - Upstream,39.462937961867105,-121.60428005334087,NA,EF_SE,backpack shock into any seine,good,18,sunny,NA,NA,Prickly Sculpin,NA,NA,NA,NA,NA,NA,NA,NA,NA,NA,Small - medium gravel (50-150mm) (2-6in.),Small Instream Objects/Woody Debris,Riffle,NA,NA,NA,1,Medium - large cobble (150-300mm) (6-12in.),NA,NA,Overhead Objects,NA,2009
2008-2014,2009-05-26,232,NA,3235,Steep Main RR - Upstream,39.462937961867105,-121.60428005334087,NA,EF_SE,backpack shock into any seine,good,18,sunny,NA,NA,Prickly Sculpin,NA,NA,NA,NA,NA,NA,NA,NA,NA,NA,Small - medium gravel (50-150mm) (2-6in.),Small Instream Objects/Woody Debris,Riffle,NA,NA,NA,1,Medium - large cobble (150-300mm) (6-12in.),NA,NA,Overhead Objects,NA,2009
2008-2014,2009-05-26,232,NA,3236,Steep Main RR - Upstream,39.462937961867105,-121.60428005334087,NA,EF_SE,backpack shock into any seine,good,18,sunny,NA,NA,Prickly Sculpin,NA,NA,NA,NA,NA,NA,NA,NA,NA,NA,Small - medium gravel (50-150mm) (2-6in.),Small Instream Objects/Woody Debris,Riffle,NA,NA,NA,1,Medium - large cobble (150-300mm) (6-12in.),NA,NA,Overhead Objects,NA,2009
2008-2014,2009-05-26,232,NA,3237,Steep Main RR - Upstream,39.462937961867105,-121.60428005334087,NA,EF_SE,backpack shock into any seine,good,18,sunny,NA,NA,Prickly Sculpin,NA,NA,NA,NA,NA,NA,NA,NA,NA,NA,Small - medium gravel (50-150mm) (2-6in.),Small Instream Objects/Woody Debris,Riffle,NA,NA,NA,1,Medium - large cobble (150-300mm) (6-12in.),NA,NA,Overhead Objects,NA,2009
2008-2014,2009-05-26,232,NA,3238,Steep Main RR - Upstream,39.462937961867105,-121.60428005334087,NA,EF_SE,backpack shock into any seine,good,18,sunny,NA,NA,Prickly Sculpin,NA,NA,NA,NA,NA,NA,NA,NA,NA,NA,Small - medium gravel (50-150mm) (2-6in.),Small Instream Objects/Woody Debris,Riffle,NA,NA,NA,1,Medium - large cobble (150-300mm) (6-12in.),NA,NA,Overhead Objects,NA,2009
2008-2014,2009-05-26,232,NA,3239,Steep Main RR - Upstream,39.462937961867105,-121.60428005334087,NA,EF_SE,backpack shock into any seine,good,18,sunny,NA,NA,Prickly Sculpin,NA,NA,NA,NA,NA,NA,NA,NA,NA,NA,Small - medium gravel (50-150mm) (2-6in.),Small Instream Objects/Woody Debris,Riffle,NA,NA,NA,1,Medium - large cobble (150-300mm) (6-12in.),NA,NA,Overhead Objects,NA,2009
2008-2014,2009-05-26,232,NA,3240,Steep Main RR - Upstream,39.462937961867105,-121.60428005334087,NA,EF_SE,backpack shock into any seine,good,18,sunny,NA,NA,Prickly Sculpin,NA,NA,NA,NA,NA,NA,NA,NA,NA,NA,Small - medium gravel (50-150mm) (2-6in.),Small Instream Objects/Woody Debris,Riffle,NA,NA,NA,1,Medium - large cobble (150-300mm) (6-12in.),NA,NA,Overhead Objects,NA,2009
2008-2014,2009-05-26,232,NA,3241,Steep Main RR - Upstream,39.462937961867105,-121.60428005334087,NA,EF_SE,backpack shock into any seine,good,18,sunny,NA,NA,Prickly Sculpin,NA,NA,NA,NA,NA,NA,NA,NA,NA,NA,Small - medium gravel (50-150mm) (2-6in.),Small Instream Objects/Woody Debris,Riffle,NA,NA,NA,1,Medium - large cobble (150-300mm) (6-12in.),NA,NA,Overhead Objects,NA,2009
2008-2014,2009-05-26,232,NA,3242,Steep Main RR - Upstream,39.462937961867105,-121.60428005334087,NA,EF_SE,backpack shock into any seine,good,18,sunny,NA,NA,Prickly Sculpin,NA,NA,NA,NA,NA,NA,NA,NA,NA,NA,Small - medium gravel (50-150mm) (2-6in.),Small Instream Objects/Woody Debris,Riffle,NA,NA,NA,1,Medium - large cobble (150-300mm) (6-12in.),NA,NA,Overhead Objects,NA,2009
2008-2014,2009-05-26,232,NA,3243,Steep Main RR - Upstream,39.462937961867105,-121.60428005334087,NA,EF_SE,backpack shock into any seine,good,18,sunny,NA,NA,Prickly Sculpin,NA,NA,NA,NA,NA,NA,NA,NA,NA,NA,Small - medium gravel (50-150mm) (2-6in.),Small Instream Objects/Woody Debris,Riffle,NA,NA,NA,1,Medium - large cobble (150-300mm) (6-12in.),NA,NA,Overhead Objects,NA,2009
2008-2014,2009-05-26,232,NA,3244,Steep Main RR - Upstream,39.462937961867105,-121.60428005334087,NA,EF_SE,backpack shock into any seine,good,18,sunny,NA,NA,Prickly Sculpin,NA,NA,NA,NA,NA,NA,NA,NA,NA,NA,Small - medium gravel (50-150mm) (2-6in.),Small Instream Objects/Woody Debris,Riffle,NA,NA,NA,1,Medium - large cobble (150-300mm) (6-12in.),NA,NA,Overhead Objects,NA,2009
2008-2014,2009-05-26,232,NA,3245,Steep Main RR - Upstream,39.462937961867105,-121.60428005334087,NA,EF_SE,backpack shock into any seine,good,18,sunny,NA,NA,Prickly Sculpin,NA,NA,NA,NA,NA,NA,NA,NA,NA,NA,Small - medium gravel (50-150mm) (2-6in.),Small Instream Objects/Woody Debris,Riffle,NA,NA,NA,1,Medium - large cobble (150-300mm) (6-12in.),NA,NA,Overhead Objects,NA,2009
2008-2014,2009-05-26,232,NA,3246,Steep Main RR - Upstream,39.462937961867105,-121.60428005334087,NA,EF_SE,backpack shock into any seine,good,18,sunny,NA,NA,Prickly Sculpin,NA,NA,NA,NA,NA,NA,NA,NA,NA,NA,Small - medium gravel (50-150mm) (2-6in.),Small Instream Objects/Woody Debris,Riffle,NA,NA,NA,1,Medium - large cobble (150-300mm) (6-12in.),NA,NA,Overhead Objects,NA,2009
2008-2014,2009-05-26,232,NA,3247,Steep Main RR - Upstream,39.462937961867105,-121.60428005334087,NA,EF_SE,backpack shock into any seine,good,18,sunny,NA,NA,Prickly Sculpin,NA,NA,NA,NA,NA,NA,NA,NA,NA,NA,Small - medium gravel (50-150mm) (2-6in.),Small Instream Objects/Woody Debris,Riffle,NA,NA,NA,1,Medium - large cobble (150-300mm) (6-12in.),NA,NA,Overhead Objects,NA,2009
2008-2014,2009-05-26,232,NA,3248,Steep Main RR - Upstream,39.462937961867105,-121.60428005334087,NA,EF_SE,backpack shock into any seine,good,18,sunny,NA,NA,Riffle Sculpin,NA,NA,NA,NA,NA,NA,NA,NA,NA,NA,Small - medium gravel (50-150mm) (2-6in.),Small Instream Objects/Woody Debris,Riffle,NA,NA,NA,1,Medium - large cobble (150-300mm) (6-12in.),NA,NA,Overhead Objects,NA,2009
2008-2014,2009-05-26,232,NA,3249,Steep Main RR - Upstream,39.462937961867105,-121.60428005334087,NA,EF_SE,backpack shock into any seine,good,18,sunny,NA,NA,Unid Juvenile Sculpin,NA,NA,NA,NA,NA,NA,NA,NA,NA,NA,Small - medium gravel (50-150mm) (2-6in.),Small Instream Objects/Woody Debris,Riffle,NA,NA,NA,1,Medium - large cobble (150-300mm) (6-12in.),NA,NA,Overhead Objects,NA,2009
2008-2014,2009-05-26,232,NA,3250,Steep Main RR - Upstream,39.462937961867105,-121.60428005334087,NA,EF_SE,backpack shock into any seine,good,18,sunny,NA,NA,Unid Juvenile Sculpin,NA,NA,NA,NA,NA,NA,NA,NA,NA,NA,Small - medium gravel (50-150mm) (2-6in.),Small Instream Objects/Woody Debris,Riffle,NA,NA,NA,1,Medium - large cobble (150-300mm) (6-12in.),NA,NA,Overhead Objects,NA,2009
2008-2014,2009-05-26,232,NA,3251,Steep Main RR - Upstream,39.462937961867105,-121.60428005334087,NA,EF_SE,backpack shock into any seine,good,18,sunny,NA,NA,Unid Juvenile Sculpin,NA,NA,NA,NA,NA,NA,NA,NA,NA,NA,Small - medium gravel (50-150mm) (2-6in.),Small Instream Objects/Woody Debris,Riffle,NA,NA,NA,1,Medium - large cobble (150-300mm) (6-12in.),NA,NA,Overhead Objects,NA,2009
2008-2014,2009-05-26,232,NA,3252,Steep Main RR - Upstream,39.462937961867105,-121.60428005334087,NA,EF_SE,backpack shock into any seine,good,18,sunny,NA,NA,Unid Juvenile Sculpin,NA,NA,NA,NA,NA,NA,NA,NA,NA,NA,Small - medium gravel (50-150mm) (2-6in.),Small Instream Objects/Woody Debris,Riffle,NA,NA,NA,1,Medium - large cobble (150-300mm) (6-12in.),NA,NA,Overhead Objects,NA,2009
2008-2014,2009-05-26,232,NA,3253,Steep Main RR - Upstream,39.462937961867105,-121.60428005334087,NA,EF_SE,backpack shock into any seine,good,18,sunny,NA,NA,Speckled Dace,52,NA,NA,NA,NA,NA,NA,NA,NA,NA,Small - medium gravel (50-150mm) (2-6in.),Small Instream Objects/Woody Debris,Riffle,NA,NA,NA,1,Medium - large cobble (150-300mm) (6-12in.),NA,NA,Overhead Objects,NA,2009
2008-2014,2009-05-26,232,NA,3254,Steep Main RR - Upstream,39.462937961867105,-121.60428005334087,NA,EF_SE,backpack shock into any seine,good,18,sunny,NA,NA,Chinook Salmon- Fall,81,parr,NA,NA,NA,NA,NA,NA,NA,NA,Small - medium gravel (50-150mm) (2-6in.),Small Instream Objects/Woody Debris,Riffle,NA,NA,NA,1,Medium - large cobble (150-300mm) (6-12in.),NA,NA,Overhead Objects,NA,2009
2008-2014,2009-05-26,232,NA,3255,Steep Main RR - Upstream,39.462937961867105,-121.60428005334087,NA,EF_SE,backpack shock into any seine,good,18,sunny,NA,NA,Rainbow Trout (wild),101,NA,NA,NA,NA,NA,NA,NA,NA,NA,Small - medium gravel (50-150mm) (2-6in.),Small Instream Objects/Woody Debris,Riffle,NA,NA,NA,1,Medium - large cobble (150-300mm) (6-12in.),NA,NA,Overhead Objects,NA,2009
2008-2014,2009-05-26,232,NA,3256,Steep Main RR - Upstream,39.462937961867105,-121.60428005334087,NA,EF_SE,backpack shock into any seine,good,18,sunny,NA,NA,Rainbow Trout (wild),74,NA,NA,NA,NA,NA,NA,NA,NA,NA,Small - medium gravel (50-150mm) (2-6in.),Small Instream Objects/Woody Debris,Riffle,NA,NA,NA,1,Medium - large cobble (150-300mm) (6-12in.),NA,NA,Overhead Objects,NA,2009
2008-2014,2009-05-26,232,NA,3257,Steep Main RR - Upstream,39.462937961867105,-121.60428005334087,NA,EF_SE,backpack shock into any seine,good,18,sunny,NA,NA,Rainbow Trout (wild),71,NA,NA,NA,NA,NA,NA,NA,NA,NA,Small - medium gravel (50-150mm) (2-6in.),Small Instream Objects/Woody Debris,Riffle,NA,NA,NA,1,Medium - large cobble (150-300mm) (6-12in.),NA,NA,Overhead Objects,NA,2009
2008-2014,2009-05-26,232,NA,3258,Steep Main RR - Upstream,39.462937961867105,-121.60428005334087,NA,EF_SE,backpack shock into any seine,good,18,sunny,NA,NA,Unid Juvenile Sculpin,NA,NA,NA,NA,NA,NA,NA,NA,NA,NA,Small - medium gravel (50-150mm) (2-6in.),Small Instream Objects/Woody Debris,Riffle,NA,NA,NA,1,Medium - large cobble (150-300mm) (6-12in.),NA,NA,Overhead Objects,NA,2009
2008-2014,2009-05-27,238,NA,3409,Hour side channel RL - Upstream,39.421311301618935,-121.62456313944345,NA,EF_SE,backpack shock into any seine,good,20,sunny,NA,NA,Speckled Dace,51,NA,NA,NA,NA,NA,NA,NA,NA,NA,Small - medium gravel (50-150mm) (2-6in.),No Apparent  Cover,Riffle,NA,NA,NA,1,Medium - large cobble (150-300mm) (6-12in.),NA,NA,NA,NA,2009
2008-2014,2009-05-27,238,NA,3410,Hour side channel RL - Upstream,39.421311301618935,-121.62456313944345,NA,EF_SE,backpack shock into any seine,good,20,sunny,NA,NA,Speckled Dace,61,NA,NA,NA,NA,NA,NA,NA,NA,NA,Small - medium gravel (50-150mm) (2-6in.),No Apparent  Cover,Riffle,NA,NA,NA,1,Medium - large cobble (150-300mm) (6-12in.),NA,NA,NA,NA,2009
2008-2014,2009-05-27,238,NA,3411,Hour side channel RL - Upstream,39.421311301618935,-121.62456313944345,NA,EF_SE,backpack shock into any seine,good,20,sunny,NA,NA,Speckled Dace,82,NA,NA,NA,NA,NA,NA,NA,NA,NA,Small - medium gravel (50-150mm) (2-6in.),No Apparent  Cover,Riffle,NA,NA,NA,1,Medium - large cobble (150-300mm) (6-12in.),NA,NA,NA,NA,2009
2008-2014,2009-05-27,238,NA,3412,Hour side channel RL - Upstream,39.421311301618935,-121.62456313944345,NA,EF_SE,backpack shock into any seine,good,20,sunny,NA,NA,Speckled Dace,56,NA,NA,NA,NA,NA,NA,NA,NA,NA,Small - medium gravel (50-150mm) (2-6in.),No Apparent  Cover,Riffle,NA,NA,NA,1,Medium - large cobble (150-300mm) (6-12in.),NA,NA,NA,NA,2009
2008-2014,2009-05-27,238,NA,3413,Hour side channel RL - Upstream,39.421311301618935,-121.62456313944345,NA,EF_SE,backpack shock into any seine,good,20,sunny,NA,NA,Prickly Sculpin,NA,NA,NA,NA,NA,NA,NA,NA,NA,NA,Small - medium gravel (50-150mm) (2-6in.),No Apparent  Cover,Riffle,NA,NA,NA,1,Medium - large cobble (150-300mm) (6-12in.),NA,NA,NA,NA,2009
2008-2014,2009-05-27,238,NA,3414,Hour side channel RL - Upstream,39.421311301618935,-121.62456313944345,NA,EF_SE,backpack shock into any seine,good,20,sunny,NA,NA,Prickly Sculpin,NA,NA,NA,NA,NA,NA,NA,NA,NA,NA,Small - medium gravel (50-150mm) (2-6in.),No Apparent  Cover,Riffle,NA,NA,NA,1,Medium - large cobble (150-300mm) (6-12in.),NA,NA,NA,NA,2009
2008-2014,2009-05-27,238,NA,3415,Hour side channel RL - Upstream,39.421311301618935,-121.62456313944345,NA,EF_SE,backpack shock into any seine,good,20,sunny,NA,NA,Prickly Sculpin,NA,NA,NA,NA,NA,NA,NA,NA,NA,NA,Small - medium gravel (50-150mm) (2-6in.),No Apparent  Cover,Riffle,NA,NA,NA,1,Medium - large cobble (150-300mm) (6-12in.),NA,NA,NA,NA,2009
2008-2014,2009-05-27,238,NA,3416,Hour side channel RL - Upstream,39.421311301618935,-121.62456313944345,NA,EF_SE,backpack shock into any seine,good,20,sunny,NA,NA,Riffle Sculpin,NA,NA,NA,NA,NA,NA,NA,NA,NA,NA,Small - medium gravel (50-150mm) (2-6in.),No Apparent  Cover,Riffle,NA,NA,NA,1,Medium - large cobble (150-300mm) (6-12in.),NA,NA,NA,NA,2009
2008-2014,2009-05-27,240,NA,3426,G95 SC RL,NA,NA,NA,EF_SE,backpack shock into any seine,good,18,sunny,NA,NA,Prickly Sculpin,NA,NA,NA,NA,NA,NA,NA,NA,NA,NA,Fine - small gravel (0-50mm) (0-2in.),No Apparent  Cover,Riffle,NA,NA,NA,1,Small - medium gravel (50-150mm) (2-6in.),NA,NA,NA,NA,2009
2008-2014,2009-05-27,240,NA,3427,G95 SC RL,NA,NA,NA,EF_SE,backpack shock into any seine,good,18,sunny,NA,NA,Prickly Sculpin,NA,NA,NA,NA,NA,NA,NA,NA,NA,NA,Fine - small gravel (0-50mm) (0-2in.),No Apparent  Cover,Riffle,NA,NA,NA,1,Small - medium gravel (50-150mm) (2-6in.),NA,NA,NA,NA,2009
2008-2014,2009-05-27,240,NA,3428,G95 SC RL,NA,NA,NA,EF_SE,backpack shock into any seine,good,18,sunny,NA,NA,Prickly Sculpin,NA,NA,NA,NA,NA,NA,NA,NA,NA,NA,Fine - small gravel (0-50mm) (0-2in.),No Apparent  Cover,Riffle,NA,NA,NA,1,Small - medium gravel (50-150mm) (2-6in.),NA,NA,NA,NA,2009
2008-2014,2009-05-27,240,NA,3429,G95 SC RL,NA,NA,NA,EF_SE,backpack shock into any seine,good,18,sunny,NA,NA,Prickly Sculpin,NA,NA,NA,NA,NA,NA,NA,NA,NA,NA,Fine - small gravel (0-50mm) (0-2in.),No Apparent  Cover,Riffle,NA,NA,NA,1,Small - medium gravel (50-150mm) (2-6in.),NA,NA,NA,NA,2009
2008-2014,2009-05-27,240,NA,3430,G95 SC RL,NA,NA,NA,EF_SE,backpack shock into any seine,good,18,sunny,NA,NA,Prickly Sculpin,NA,NA,NA,NA,NA,NA,NA,NA,NA,NA,Fine - small gravel (0-50mm) (0-2in.),No Apparent  Cover,Riffle,NA,NA,NA,1,Small - medium gravel (50-150mm) (2-6in.),NA,NA,NA,NA,2009
2008-2014,2009-05-27,240,NA,3431,G95 SC RL,NA,NA,NA,EF_SE,backpack shock into any seine,good,18,sunny,NA,NA,Prickly Sculpin,NA,NA,NA,NA,NA,NA,NA,NA,NA,NA,Fine - small gravel (0-50mm) (0-2in.),No Apparent  Cover,Riffle,NA,NA,NA,1,Small - medium gravel (50-150mm) (2-6in.),NA,NA,NA,NA,2009
2008-2014,2009-05-27,240,NA,3432,G95 SC RL,NA,NA,NA,EF_SE,backpack shock into any seine,good,18,sunny,NA,NA,Speckled Dace,84,NA,NA,NA,NA,NA,NA,NA,NA,NA,Fine - small gravel (0-50mm) (0-2in.),No Apparent  Cover,Riffle,NA,NA,NA,1,Small - medium gravel (50-150mm) (2-6in.),NA,NA,NA,NA,2009
2008-2014,2009-05-27,240,NA,3433,G95 SC RL,NA,NA,NA,EF_SE,backpack shock into any seine,good,18,sunny,NA,NA,Riffle Sculpin,NA,NA,NA,NA,NA,NA,NA,NA,NA,NA,Fine - small gravel (0-50mm) (0-2in.),No Apparent  Cover,Riffle,NA,NA,NA,1,Small - medium gravel (50-150mm) (2-6in.),NA,NA,NA,NA,2009
2008-2014,2009-05-27,240,NA,3434,G95 SC RL,NA,NA,NA,EF_SE,backpack shock into any seine,good,18,sunny,NA,NA,Unid Juvenile Sculpin,NA,NA,NA,NA,NA,NA,NA,NA,NA,NA,Fine - small gravel (0-50mm) (0-2in.),No Apparent  Cover,Riffle,NA,NA,NA,1,Small - medium gravel (50-150mm) (2-6in.),NA,NA,NA,NA,2009
2008-2014,2009-05-27,240,NA,3435,G95 SC RL,NA,NA,NA,EF_SE,backpack shock into any seine,good,18,sunny,NA,NA,Unid Juvenile Sculpin,NA,NA,NA,NA,NA,NA,NA,NA,NA,NA,Fine - small gravel (0-50mm) (0-2in.),No Apparent  Cover,Riffle,NA,NA,NA,1,Small - medium gravel (50-150mm) (2-6in.),NA,NA,NA,NA,2009
2008-2014,2009-05-27,240,NA,3436,G95 SC RL,NA,NA,NA,EF_SE,backpack shock into any seine,good,18,sunny,NA,NA,Unid Juvenile Sculpin,NA,NA,NA,NA,NA,NA,NA,NA,NA,NA,Fine - small gravel (0-50mm) (0-2in.),No Apparent  Cover,Riffle,NA,NA,NA,1,Small - medium gravel (50-150mm) (2-6in.),NA,NA,NA,NA,2009
2008-2014,2009-05-27,243,NA,3442,Bedrock Park RL,39.51299134724815,-121.56877267584329,NA,EF_SE,backpack shock into any seine,good,16,sunny,NA,NA,Riffle Sculpin,NA,NA,NA,NA,NA,NA,NA,NA,NA,NA,Medium - large cobble (150-300mm) (6-12in.),No Apparent  Cover,Riffle,NA,NA,NA,1,Boulder (>300mm) (>12in.),NA,NA,NA,NA,2009
2008-2014,2009-05-27,243,NA,3443,Bedrock Park RL,39.51299134724815,-121.56877267584329,NA,EF_SE,backpack shock into any seine,good,16,sunny,NA,NA,Riffle Sculpin,NA,NA,NA,NA,NA,NA,NA,NA,NA,NA,Medium - large cobble (150-300mm) (6-12in.),No Apparent  Cover,Riffle,NA,NA,NA,1,Boulder (>300mm) (>12in.),NA,NA,NA,NA,2009
2008-2014,2009-05-26,246,NA,3449,Eye side channel,39.45659105038165,-121.61411873782232,NA,EF_SE,backpack shock into any seine,good,16.8,sunny,NA,NA,Prickly Sculpin,NA,NA,NA,NA,NA,NA,NA,NA,NA,NA,Small - medium gravel (50-150mm) (2-6in.),Overhead Objects,Riffle,NA,NA,NA,1,Medium - large cobble (150-300mm) (6-12in.),NA,NA,Undercut Bank,NA,2009
2008-2014,2009-05-26,246,NA,3450,Eye side channel,39.45659105038165,-121.61411873782232,NA,EF_SE,backpack shock into any seine,good,16.8,sunny,NA,NA,Prickly Sculpin,NA,NA,NA,NA,NA,NA,NA,NA,NA,NA,Small - medium gravel (50-150mm) (2-6in.),Overhead Objects,Riffle,NA,NA,NA,1,Medium - large cobble (150-300mm) (6-12in.),NA,NA,Undercut Bank,NA,2009
2008-2014,2009-05-26,246,NA,3451,Eye side channel,39.45659105038165,-121.61411873782232,NA,EF_SE,backpack shock into any seine,good,16.8,sunny,NA,NA,Prickly Sculpin,NA,NA,NA,NA,NA,NA,NA,NA,NA,NA,Small - medium gravel (50-150mm) (2-6in.),Overhead Objects,Riffle,NA,NA,NA,1,Medium - large cobble (150-300mm) (6-12in.),NA,NA,Undercut Bank,NA,2009
2008-2014,2009-05-26,246,NA,3452,Eye side channel,39.45659105038165,-121.61411873782232,NA,EF_SE,backpack shock into any seine,good,16.8,sunny,NA,NA,Prickly Sculpin,NA,NA,NA,NA,NA,NA,NA,NA,NA,NA,Small - medium gravel (50-150mm) (2-6in.),Overhead Objects,Riffle,NA,NA,NA,1,Medium - large cobble (150-300mm) (6-12in.),NA,NA,Undercut Bank,NA,2009
2008-2014,2009-05-26,246,NA,3453,Eye side channel,39.45659105038165,-121.61411873782232,NA,EF_SE,backpack shock into any seine,good,16.8,sunny,NA,NA,Prickly Sculpin,NA,NA,NA,NA,NA,NA,NA,NA,NA,NA,Small - medium gravel (50-150mm) (2-6in.),Overhead Objects,Riffle,NA,NA,NA,1,Medium - large cobble (150-300mm) (6-12in.),NA,NA,Undercut Bank,NA,2009
2008-2014,2009-05-26,246,NA,3454,Eye side channel,39.45659105038165,-121.61411873782232,NA,EF_SE,backpack shock into any seine,good,16.8,sunny,NA,NA,Prickly Sculpin,NA,NA,NA,NA,NA,NA,NA,NA,NA,NA,Small - medium gravel (50-150mm) (2-6in.),Overhead Objects,Riffle,NA,NA,NA,1,Medium - large cobble (150-300mm) (6-12in.),NA,NA,Undercut Bank,NA,2009
2008-2014,2009-05-26,246,NA,3455,Eye side channel,39.45659105038165,-121.61411873782232,NA,EF_SE,backpack shock into any seine,good,16.8,sunny,NA,NA,Rainbow Trout (wild),93,parr,NA,NA,NA,NA,NA,NA,NA,NA,Small - medium gravel (50-150mm) (2-6in.),Overhead Objects,Riffle,NA,NA,NA,1,Medium - large cobble (150-300mm) (6-12in.),NA,NA,Undercut Bank,NA,2009
2008-2014,2009-05-26,246,NA,3456,Eye side channel,39.45659105038165,-121.61411873782232,NA,EF_SE,backpack shock into any seine,good,16.8,sunny,NA,NA,Rainbow Trout (wild),80,parr,NA,NA,NA,NA,NA,NA,NA,NA,Small - medium gravel (50-150mm) (2-6in.),Overhead Objects,Riffle,NA,NA,NA,1,Medium - large cobble (150-300mm) (6-12in.),NA,NA,Undercut Bank,NA,2009
2008-2014,2009-05-26,246,NA,3457,Eye side channel,39.45659105038165,-121.61411873782232,NA,EF_SE,backpack shock into any seine,good,16.8,sunny,NA,NA,Rainbow Trout (wild),75,parr,NA,NA,NA,NA,NA,NA,NA,NA,Small - medium gravel (50-150mm) (2-6in.),Overhead Objects,Riffle,NA,NA,NA,1,Medium - large cobble (150-300mm) (6-12in.),NA,NA,Undercut Bank,NA,2009
2008-2014,2009-05-26,247,NA,3458,Eye Main RR - Downstream,39.45681138827642,-121.61503175870253,NA,EF_SE,backpack shock into any seine,good,17,sunny,NA,NA,Unid Juvenile Sculpin,NA,NA,NA,NA,NA,NA,NA,NA,NA,NA,Small - medium gravel (50-150mm) (2-6in.),No Apparent  Cover,Riffle,NA,NA,NA,1,Medium - large cobble (150-300mm) (6-12in.),NA,NA,NA,NA,2009
2008-2014,2009-05-26,247,NA,3459,Eye Main RR - Downstream,39.45681138827642,-121.61503175870253,NA,EF_SE,backpack shock into any seine,good,17,sunny,NA,NA,Unid Juvenile Sculpin,NA,NA,NA,NA,NA,NA,NA,NA,NA,NA,Small - medium gravel (50-150mm) (2-6in.),No Apparent  Cover,Riffle,NA,NA,NA,1,Medium - large cobble (150-300mm) (6-12in.),NA,NA,NA,NA,2009
2008-2014,2009-05-26,247,NA,3460,Eye Main RR - Downstream,39.45681138827642,-121.61503175870253,NA,EF_SE,backpack shock into any seine,good,17,sunny,NA,NA,Unid Juvenile Sculpin,NA,NA,NA,NA,NA,NA,NA,NA,NA,NA,Small - medium gravel (50-150mm) (2-6in.),No Apparent  Cover,Riffle,NA,NA,NA,1,Medium - large cobble (150-300mm) (6-12in.),NA,NA,NA,NA,2009
2008-2014,2009-08-31,249,NA,3499,Hour side channel RL - Upstream,39.421311301618935,-121.62456313944345,NA,EF_SE,backpack shock into any seine,good,NA,sunny,NA,NA,Prickly Sculpin,NA,NA,NA,NA,NA,NA,NA,NA,NA,NA,Small - medium gravel (50-150mm) (2-6in.),No Apparent  Cover,Riffle,NA,NA,NA,1,Medium - large cobble (150-300mm) (6-12in.),NA,NA,NA,NA,2009
2008-2014,2009-08-31,249,NA,3500,Hour side channel RL - Upstream,39.421311301618935,-121.62456313944345,NA,EF_SE,backpack shock into any seine,good,NA,sunny,NA,NA,Prickly Sculpin,NA,NA,NA,NA,NA,NA,NA,NA,NA,NA,Small - medium gravel (50-150mm) (2-6in.),No Apparent  Cover,Riffle,NA,NA,NA,1,Medium - large cobble (150-300mm) (6-12in.),NA,NA,NA,NA,2009
2008-2014,2009-08-31,249,NA,3501,Hour side channel RL - Upstream,39.421311301618935,-121.62456313944345,NA,EF_SE,backpack shock into any seine,good,NA,sunny,NA,NA,Sacramento Pikeminnow,134,NA,NA,NA,NA,NA,NA,NA,NA,NA,Small - medium gravel (50-150mm) (2-6in.),No Apparent  Cover,Riffle,NA,NA,NA,1,Medium - large cobble (150-300mm) (6-12in.),NA,NA,NA,NA,2009
2008-2014,2009-08-31,249,NA,3502,Hour side channel RL - Upstream,39.421311301618935,-121.62456313944345,NA,EF_SE,backpack shock into any seine,good,NA,sunny,NA,NA,Sacramento Pikeminnow,106,NA,NA,NA,NA,NA,NA,NA,NA,NA,Small - medium gravel (50-150mm) (2-6in.),No Apparent  Cover,Riffle,NA,NA,NA,1,Medium - large cobble (150-300mm) (6-12in.),NA,NA,NA,NA,2009
2008-2014,2009-08-31,249,NA,3503,Hour side channel RL - Upstream,39.421311301618935,-121.62456313944345,NA,EF_SE,backpack shock into any seine,good,NA,sunny,NA,NA,Speckled Dace,70,NA,NA,NA,NA,NA,NA,NA,NA,NA,Small - medium gravel (50-150mm) (2-6in.),No Apparent  Cover,Riffle,NA,NA,NA,1,Medium - large cobble (150-300mm) (6-12in.),NA,NA,NA,NA,2009
2008-2014,2009-08-31,250,NA,3504,Hour side channel RL - Upstream,39.421311301618935,-121.62456313944345,NA,EF_SE,backpack shock into any seine,good,19.5,sunny,NA,NA,Prickly Sculpin,NA,NA,NA,NA,NA,NA,NA,NA,NA,NA,Small - medium gravel (50-150mm) (2-6in.),No Apparent  Cover,Riffle,NA,NA,NA,1,Medium - large cobble (150-300mm) (6-12in.),Boulder (>300mm) (>12in.),NA,NA,NA,2009
2008-2014,2009-08-31,250,NA,3505,Hour side channel RL - Upstream,39.421311301618935,-121.62456313944345,NA,EF_SE,backpack shock into any seine,good,19.5,sunny,NA,NA,Prickly Sculpin,NA,NA,NA,NA,NA,NA,NA,NA,NA,NA,Small - medium gravel (50-150mm) (2-6in.),No Apparent  Cover,Riffle,NA,NA,NA,1,Medium - large cobble (150-300mm) (6-12in.),Boulder (>300mm) (>12in.),NA,NA,NA,2009
2008-2014,2009-08-31,250,NA,3506,Hour side channel RL - Upstream,39.421311301618935,-121.62456313944345,NA,EF_SE,backpack shock into any seine,good,19.5,sunny,NA,NA,Prickly Sculpin,NA,NA,NA,NA,NA,NA,NA,NA,NA,NA,Small - medium gravel (50-150mm) (2-6in.),No Apparent  Cover,Riffle,NA,NA,NA,1,Medium - large cobble (150-300mm) (6-12in.),Boulder (>300mm) (>12in.),NA,NA,NA,2009
2008-2014,2009-08-31,250,NA,3507,Hour side channel RL - Upstream,39.421311301618935,-121.62456313944345,NA,EF_SE,backpack shock into any seine,good,19.5,sunny,NA,NA,Prickly Sculpin,NA,NA,NA,NA,NA,NA,NA,NA,NA,NA,Small - medium gravel (50-150mm) (2-6in.),No Apparent  Cover,Riffle,NA,NA,NA,1,Medium - large cobble (150-300mm) (6-12in.),Boulder (>300mm) (>12in.),NA,NA,NA,2009
2008-2014,2009-08-31,250,NA,3508,Hour side channel RL - Upstream,39.421311301618935,-121.62456313944345,NA,EF_SE,backpack shock into any seine,good,19.5,sunny,NA,NA,Prickly Sculpin,NA,NA,NA,NA,NA,NA,NA,NA,NA,NA,Small - medium gravel (50-150mm) (2-6in.),No Apparent  Cover,Riffle,NA,NA,NA,1,Medium - large cobble (150-300mm) (6-12in.),Boulder (>300mm) (>12in.),NA,NA,NA,2009
2008-2014,2009-08-31,250,NA,3509,Hour side channel RL - Upstream,39.421311301618935,-121.62456313944345,NA,EF_SE,backpack shock into any seine,good,19.5,sunny,NA,NA,Prickly Sculpin,NA,NA,NA,NA,NA,NA,NA,NA,NA,NA,Small - medium gravel (50-150mm) (2-6in.),No Apparent  Cover,Riffle,NA,NA,NA,1,Medium - large cobble (150-300mm) (6-12in.),Boulder (>300mm) (>12in.),NA,NA,NA,2009
2008-2014,2009-08-31,250,NA,3510,Hour side channel RL - Upstream,39.421311301618935,-121.62456313944345,NA,EF_SE,backpack shock into any seine,good,19.5,sunny,NA,NA,Prickly Sculpin,NA,NA,NA,NA,NA,NA,NA,NA,NA,NA,Small - medium gravel (50-150mm) (2-6in.),No Apparent  Cover,Riffle,NA,NA,NA,1,Medium - large cobble (150-300mm) (6-12in.),Boulder (>300mm) (>12in.),NA,NA,NA,2009
2008-2014,2009-08-31,250,NA,3511,Hour side channel RL - Upstream,39.421311301618935,-121.62456313944345,NA,EF_SE,backpack shock into any seine,good,19.5,sunny,NA,NA,Prickly Sculpin,NA,NA,NA,NA,NA,NA,NA,NA,NA,NA,Small - medium gravel (50-150mm) (2-6in.),No Apparent  Cover,Riffle,NA,NA,NA,1,Medium - large cobble (150-300mm) (6-12in.),Boulder (>300mm) (>12in.),NA,NA,NA,2009
2008-2014,2009-08-31,250,NA,3512,Hour side channel RL - Upstream,39.421311301618935,-121.62456313944345,NA,EF_SE,backpack shock into any seine,good,19.5,sunny,NA,NA,Prickly Sculpin,NA,NA,NA,NA,NA,NA,NA,NA,NA,NA,Small - medium gravel (50-150mm) (2-6in.),No Apparent  Cover,Riffle,NA,NA,NA,1,Medium - large cobble (150-300mm) (6-12in.),Boulder (>300mm) (>12in.),NA,NA,NA,2009
2008-2014,2009-08-31,250,NA,3513,Hour side channel RL - Upstream,39.421311301618935,-121.62456313944345,NA,EF_SE,backpack shock into any seine,good,19.5,sunny,NA,NA,Prickly Sculpin,NA,NA,NA,NA,NA,NA,NA,NA,NA,NA,Small - medium gravel (50-150mm) (2-6in.),No Apparent  Cover,Riffle,NA,NA,NA,1,Medium - large cobble (150-300mm) (6-12in.),Boulder (>300mm) (>12in.),NA,NA,NA,2009
2008-2014,2009-08-31,250,NA,3514,Hour side channel RL - Upstream,39.421311301618935,-121.62456313944345,NA,EF_SE,backpack shock into any seine,good,19.5,sunny,NA,NA,Prickly Sculpin,NA,NA,NA,NA,NA,NA,NA,NA,NA,NA,Small - medium gravel (50-150mm) (2-6in.),No Apparent  Cover,Riffle,NA,NA,NA,1,Medium - large cobble (150-300mm) (6-12in.),Boulder (>300mm) (>12in.),NA,NA,NA,2009
2008-2014,2009-08-31,250,NA,3515,Hour side channel RL - Upstream,39.421311301618935,-121.62456313944345,NA,EF_SE,backpack shock into any seine,good,19.5,sunny,NA,NA,Prickly Sculpin,NA,NA,NA,NA,NA,NA,NA,NA,NA,NA,Small - medium gravel (50-150mm) (2-6in.),No Apparent  Cover,Riffle,NA,NA,NA,1,Medium - large cobble (150-300mm) (6-12in.),Boulder (>300mm) (>12in.),NA,NA,NA,2009
2008-2014,2009-08-31,250,NA,3516,Hour side channel RL - Upstream,39.421311301618935,-121.62456313944345,NA,EF_SE,backpack shock into any seine,good,19.5,sunny,NA,NA,Prickly Sculpin,NA,NA,NA,NA,NA,NA,NA,NA,NA,NA,Small - medium gravel (50-150mm) (2-6in.),No Apparent  Cover,Riffle,NA,NA,NA,1,Medium - large cobble (150-300mm) (6-12in.),Boulder (>300mm) (>12in.),NA,NA,NA,2009
2008-2014,2009-08-31,250,NA,3517,Hour side channel RL - Upstream,39.421311301618935,-121.62456313944345,NA,EF_SE,backpack shock into any seine,good,19.5,sunny,NA,NA,Prickly Sculpin,NA,NA,NA,NA,NA,NA,NA,NA,NA,NA,Small - medium gravel (50-150mm) (2-6in.),No Apparent  Cover,Riffle,NA,NA,NA,1,Medium - large cobble (150-300mm) (6-12in.),Boulder (>300mm) (>12in.),NA,NA,NA,2009
2008-2014,2009-08-31,250,NA,3518,Hour side channel RL - Upstream,39.421311301618935,-121.62456313944345,NA,EF_SE,backpack shock into any seine,good,19.5,sunny,NA,NA,Prickly Sculpin,NA,NA,NA,NA,NA,NA,NA,NA,NA,NA,Small - medium gravel (50-150mm) (2-6in.),No Apparent  Cover,Riffle,NA,NA,NA,1,Medium - large cobble (150-300mm) (6-12in.),Boulder (>300mm) (>12in.),NA,NA,NA,2009
2008-2014,2009-08-31,250,NA,3519,Hour side channel RL - Upstream,39.421311301618935,-121.62456313944345,NA,EF_SE,backpack shock into any seine,good,19.5,sunny,NA,NA,Prickly Sculpin,NA,NA,NA,NA,NA,NA,NA,NA,NA,NA,Small - medium gravel (50-150mm) (2-6in.),No Apparent  Cover,Riffle,NA,NA,NA,1,Medium - large cobble (150-300mm) (6-12in.),Boulder (>300mm) (>12in.),NA,NA,NA,2009
2008-2014,2009-08-31,250,NA,3520,Hour side channel RL - Upstream,39.421311301618935,-121.62456313944345,NA,EF_SE,backpack shock into any seine,good,19.5,sunny,NA,NA,Prickly Sculpin,NA,NA,NA,NA,NA,NA,NA,NA,NA,NA,Small - medium gravel (50-150mm) (2-6in.),No Apparent  Cover,Riffle,NA,NA,NA,1,Medium - large cobble (150-300mm) (6-12in.),Boulder (>300mm) (>12in.),NA,NA,NA,2009
2008-2014,2009-08-31,250,NA,3521,Hour side channel RL - Upstream,39.421311301618935,-121.62456313944345,NA,EF_SE,backpack shock into any seine,good,19.5,sunny,NA,NA,Prickly Sculpin,NA,NA,NA,NA,NA,NA,NA,NA,NA,NA,Small - medium gravel (50-150mm) (2-6in.),No Apparent  Cover,Riffle,NA,NA,NA,1,Medium - large cobble (150-300mm) (6-12in.),Boulder (>300mm) (>12in.),NA,NA,NA,2009
2008-2014,2009-08-31,250,NA,3522,Hour side channel RL - Upstream,39.421311301618935,-121.62456313944345,NA,EF_SE,backpack shock into any seine,good,19.5,sunny,NA,NA,Prickly Sculpin,NA,NA,NA,NA,NA,NA,NA,NA,NA,NA,Small - medium gravel (50-150mm) (2-6in.),No Apparent  Cover,Riffle,NA,NA,NA,1,Medium - large cobble (150-300mm) (6-12in.),Boulder (>300mm) (>12in.),NA,NA,NA,2009
2008-2014,2009-08-31,250,NA,3523,Hour side channel RL - Upstream,39.421311301618935,-121.62456313944345,NA,EF_SE,backpack shock into any seine,good,19.5,sunny,NA,NA,Prickly Sculpin,NA,NA,NA,NA,NA,NA,NA,NA,NA,NA,Small - medium gravel (50-150mm) (2-6in.),No Apparent  Cover,Riffle,NA,NA,NA,1,Medium - large cobble (150-300mm) (6-12in.),Boulder (>300mm) (>12in.),NA,NA,NA,2009
2008-2014,2009-08-31,250,NA,3524,Hour side channel RL - Upstream,39.421311301618935,-121.62456313944345,NA,EF_SE,backpack shock into any seine,good,19.5,sunny,NA,NA,Speckled Dace,NA,NA,NA,NA,NA,NA,NA,NA,NA,NA,Small - medium gravel (50-150mm) (2-6in.),No Apparent  Cover,Riffle,NA,NA,NA,1,Medium - large cobble (150-300mm) (6-12in.),Boulder (>300mm) (>12in.),NA,NA,NA,2009
2008-2014,2009-08-31,250,NA,3525,Hour side channel RL - Upstream,39.421311301618935,-121.62456313944345,NA,EF_SE,backpack shock into any seine,good,19.5,sunny,NA,NA,Speckled Dace,NA,NA,NA,NA,NA,NA,NA,NA,NA,NA,Small - medium gravel (50-150mm) (2-6in.),No Apparent  Cover,Riffle,NA,NA,NA,1,Medium - large cobble (150-300mm) (6-12in.),Boulder (>300mm) (>12in.),NA,NA,NA,2009
2008-2014,2009-08-24,255,NA,3549,G95 SC  RR,39.43121470540894,-121.63242348793818,NA,EF_SE,backpack shock into any seine,good,NA,sunny,NA,NA,Riffle Sculpin,NA,NA,NA,NA,NA,NA,NA,NA,NA,NA,Fine - small gravel (0-50mm) (0-2in.),No Apparent  Cover,Riffle,NA,NA,NA,1,Small - medium gravel (50-150mm) (2-6in.),Medium - large cobble (150-300mm) (6-12in.),NA,NA,NA,2009
2008-2014,2009-08-24,255,NA,3550,G95 SC  RR,39.43121470540894,-121.63242348793818,NA,EF_SE,backpack shock into any seine,good,NA,sunny,NA,NA,Riffle Sculpin,NA,NA,NA,NA,NA,NA,NA,NA,NA,NA,Fine - small gravel (0-50mm) (0-2in.),No Apparent  Cover,Riffle,NA,NA,NA,1,Small - medium gravel (50-150mm) (2-6in.),Medium - large cobble (150-300mm) (6-12in.),NA,NA,NA,2009
2008-2014,2009-08-24,255,NA,3551,G95 SC  RR,39.43121470540894,-121.63242348793818,NA,EF_SE,backpack shock into any seine,good,NA,sunny,NA,NA,Riffle Sculpin,NA,NA,NA,NA,NA,NA,NA,NA,NA,NA,Fine - small gravel (0-50mm) (0-2in.),No Apparent  Cover,Riffle,NA,NA,NA,1,Small - medium gravel (50-150mm) (2-6in.),Medium - large cobble (150-300mm) (6-12in.),NA,NA,NA,2009
2008-2014,2009-08-24,255,NA,3552,G95 SC  RR,39.43121470540894,-121.63242348793818,NA,EF_SE,backpack shock into any seine,good,NA,sunny,NA,NA,Prickly Sculpin,NA,NA,NA,NA,NA,NA,NA,NA,NA,NA,Fine - small gravel (0-50mm) (0-2in.),No Apparent  Cover,Riffle,NA,NA,NA,1,Small - medium gravel (50-150mm) (2-6in.),Medium - large cobble (150-300mm) (6-12in.),NA,NA,NA,2009
2008-2014,2009-08-24,255,NA,3553,G95 SC  RR,39.43121470540894,-121.63242348793818,NA,EF_SE,backpack shock into any seine,good,NA,sunny,NA,NA,Prickly Sculpin,NA,NA,NA,NA,NA,NA,NA,NA,NA,NA,Fine - small gravel (0-50mm) (0-2in.),No Apparent  Cover,Riffle,NA,NA,NA,1,Small - medium gravel (50-150mm) (2-6in.),Medium - large cobble (150-300mm) (6-12in.),NA,NA,NA,2009
2008-2014,2009-08-24,255,NA,3554,G95 SC  RR,39.43121470540894,-121.63242348793818,NA,EF_SE,backpack shock into any seine,good,NA,sunny,NA,NA,Prickly Sculpin,NA,NA,NA,NA,NA,NA,NA,NA,NA,NA,Fine - small gravel (0-50mm) (0-2in.),No Apparent  Cover,Riffle,NA,NA,NA,1,Small - medium gravel (50-150mm) (2-6in.),Medium - large cobble (150-300mm) (6-12in.),NA,NA,NA,2009
2008-2014,2009-08-24,256,NA,3555,G95 Main RL,39.43022821798607,-121.62918199217741,NA,EF_SE,backpack shock into any seine,good,NA,sunny,NA,NA,Sacramento Pikeminnow,123,NA,NA,36.56,1,3.05,0.8,1.34,NA,NA,Medium - large cobble (150-300mm) (6-12in.),No Apparent  Cover,Pool,NA,NA,NA,1,Boulder (>300mm) (>12in.),NA,NA,NA,NA,2009
2008-2014,2009-08-24,256,NA,3556,G95 Main RL,39.43022821798607,-121.62918199217741,NA,EF_SE,backpack shock into any seine,good,NA,sunny,NA,NA,Sacramento Pikeminnow,126,NA,NA,36.56,1,3.05,0.8,1.34,NA,NA,Medium - large cobble (150-300mm) (6-12in.),No Apparent  Cover,Pool,NA,NA,NA,1,Boulder (>300mm) (>12in.),NA,NA,NA,NA,2009
2008-2014,2009-08-24,256,NA,3557,G95 Main RL,39.43022821798607,-121.62918199217741,NA,EF_SE,backpack shock into any seine,good,NA,sunny,NA,NA,Sacramento Pikeminnow,110,NA,NA,36.56,1,3.05,0.8,1.34,NA,NA,Medium - large cobble (150-300mm) (6-12in.),No Apparent  Cover,Pool,NA,NA,NA,1,Boulder (>300mm) (>12in.),NA,NA,NA,NA,2009
2008-2014,2009-08-24,256,NA,3558,G95 Main RL,39.43022821798607,-121.62918199217741,NA,EF_SE,backpack shock into any seine,good,NA,sunny,NA,NA,Sacramento Pikeminnow,134,NA,NA,36.56,1,3.05,0.8,1.34,NA,NA,Medium - large cobble (150-300mm) (6-12in.),No Apparent  Cover,Pool,NA,NA,NA,1,Boulder (>300mm) (>12in.),NA,NA,NA,NA,2009
2008-2014,2009-08-24,256,NA,3559,G95 Main RL,39.43022821798607,-121.62918199217741,NA,EF_SE,backpack shock into any seine,good,NA,sunny,NA,NA,Sacramento Pikeminnow,147,NA,NA,36.56,1,3.05,0.8,1.34,NA,NA,Medium - large cobble (150-300mm) (6-12in.),No Apparent  Cover,Pool,NA,NA,NA,1,Boulder (>300mm) (>12in.),NA,NA,NA,NA,2009
2008-2014,2009-08-24,256,NA,3560,G95 Main RL,39.43022821798607,-121.62918199217741,NA,EF_SE,backpack shock into any seine,good,NA,sunny,NA,NA,Sacramento Pikeminnow,151,NA,NA,36.56,1,3.05,0.8,1.34,NA,NA,Medium - large cobble (150-300mm) (6-12in.),No Apparent  Cover,Pool,NA,NA,NA,1,Boulder (>300mm) (>12in.),NA,NA,NA,NA,2009
2008-2014,2009-08-24,256,NA,3561,G95 Main RL,39.43022821798607,-121.62918199217741,NA,EF_SE,backpack shock into any seine,good,NA,sunny,NA,NA,Sacramento Pikeminnow,166,NA,NA,36.56,1,3.05,0.8,1.34,NA,NA,Medium - large cobble (150-300mm) (6-12in.),No Apparent  Cover,Pool,NA,NA,NA,1,Boulder (>300mm) (>12in.),NA,NA,NA,NA,2009
2008-2014,2009-08-24,256,NA,3562,G95 Main RL,39.43022821798607,-121.62918199217741,NA,EF_SE,backpack shock into any seine,good,NA,sunny,NA,NA,Sacramento Pikeminnow,139,NA,NA,36.56,1,3.05,0.8,1.34,NA,NA,Medium - large cobble (150-300mm) (6-12in.),No Apparent  Cover,Pool,NA,NA,NA,1,Boulder (>300mm) (>12in.),NA,NA,NA,NA,2009
2008-2014,2009-08-24,257,NA,3563,Vance East Main RR,39.4509753055808,-121.63794765831399,NA,EF_SE,backpack shock into any seine,good,21,sunny,NA,NA,Prickly Sculpin,74,NA,NA,NA,NA,NA,NA,NA,NA,NA,Small - medium gravel (50-150mm) (2-6in.),No Apparent  Cover,Riffle,NA,NA,NA,1,Medium - large cobble (150-300mm) (6-12in.),Boulder (>300mm) (>12in.),NA,NA,NA,2009
2008-2014,2009-08-24,257,NA,3564,Vance East Main RR,39.4509753055808,-121.63794765831399,NA,EF_SE,backpack shock into any seine,good,21,sunny,NA,NA,Prickly Sculpin,51,NA,NA,NA,NA,NA,NA,NA,NA,NA,Small - medium gravel (50-150mm) (2-6in.),No Apparent  Cover,Riffle,NA,NA,NA,1,Medium - large cobble (150-300mm) (6-12in.),Boulder (>300mm) (>12in.),NA,NA,NA,2009
2008-2014,2009-08-24,257,NA,3565,Vance East Main RR,39.4509753055808,-121.63794765831399,NA,EF_SE,backpack shock into any seine,good,21,sunny,NA,NA,Prickly Sculpin,76,NA,NA,NA,NA,NA,NA,NA,NA,NA,Small - medium gravel (50-150mm) (2-6in.),No Apparent  Cover,Riffle,NA,NA,NA,1,Medium - large cobble (150-300mm) (6-12in.),Boulder (>300mm) (>12in.),NA,NA,NA,2009
2008-2014,2009-08-24,257,NA,3566,Vance East Main RR,39.4509753055808,-121.63794765831399,NA,EF_SE,backpack shock into any seine,good,21,sunny,NA,NA,Prickly Sculpin,56,NA,NA,NA,NA,NA,NA,NA,NA,NA,Small - medium gravel (50-150mm) (2-6in.),No Apparent  Cover,Riffle,NA,NA,NA,1,Medium - large cobble (150-300mm) (6-12in.),Boulder (>300mm) (>12in.),NA,NA,NA,2009
2008-2014,2009-08-24,257,NA,3567,Vance East Main RR,39.4509753055808,-121.63794765831399,NA,EF_SE,backpack shock into any seine,good,21,sunny,NA,NA,Prickly Sculpin,41,NA,NA,NA,NA,NA,NA,NA,NA,NA,Small - medium gravel (50-150mm) (2-6in.),No Apparent  Cover,Riffle,NA,NA,NA,1,Medium - large cobble (150-300mm) (6-12in.),Boulder (>300mm) (>12in.),NA,NA,NA,2009
2008-2014,2009-08-18,259,NA,3588,Eye side channel,39.45659105038165,-121.61411873782232,NA,EF_SE,backpack shock into any seine,good,18.5,sunny,NA,NA,Prickly Sculpin,61,NA,NA,NA,NA,NA,NA,NA,NA,NA,Medium - large cobble (150-300mm) (6-12in.),No Apparent  Cover,Riffle,NA,NA,NA,1,Boulder (>300mm) (>12in.),NA,NA,NA,NA,2009
2008-2014,2009-08-18,259,NA,3589,Eye side channel,39.45659105038165,-121.61411873782232,NA,EF_SE,backpack shock into any seine,good,18.5,sunny,NA,NA,Prickly Sculpin,63,NA,NA,NA,NA,NA,NA,NA,NA,NA,Medium - large cobble (150-300mm) (6-12in.),No Apparent  Cover,Riffle,NA,NA,NA,1,Boulder (>300mm) (>12in.),NA,NA,NA,NA,2009
2008-2014,2009-08-18,259,NA,3590,Eye side channel,39.45659105038165,-121.61411873782232,NA,EF_SE,backpack shock into any seine,good,18.5,sunny,NA,NA,Prickly Sculpin,77,NA,NA,NA,NA,NA,NA,NA,NA,NA,Medium - large cobble (150-300mm) (6-12in.),No Apparent  Cover,Riffle,NA,NA,NA,1,Boulder (>300mm) (>12in.),NA,NA,NA,NA,2009
2008-2014,2009-08-18,259,NA,3591,Eye side channel,39.45659105038165,-121.61411873782232,NA,EF_SE,backpack shock into any seine,good,18.5,sunny,NA,NA,Prickly Sculpin,70,NA,NA,NA,NA,NA,NA,NA,NA,NA,Medium - large cobble (150-300mm) (6-12in.),No Apparent  Cover,Riffle,NA,NA,NA,1,Boulder (>300mm) (>12in.),NA,NA,NA,NA,2009
2008-2014,2009-08-18,259,NA,3592,Eye side channel,39.45659105038165,-121.61411873782232,NA,EF_SE,backpack shock into any seine,good,18.5,sunny,NA,NA,Prickly Sculpin,63,NA,NA,NA,NA,NA,NA,NA,NA,NA,Medium - large cobble (150-300mm) (6-12in.),No Apparent  Cover,Riffle,NA,NA,NA,1,Boulder (>300mm) (>12in.),NA,NA,NA,NA,2009
2008-2014,2009-08-18,259,NA,3593,Eye side channel,39.45659105038165,-121.61411873782232,NA,EF_SE,backpack shock into any seine,good,18.5,sunny,NA,NA,Rainbow Trout (wild),113,NA,NA,NA,NA,NA,NA,NA,NA,NA,Medium - large cobble (150-300mm) (6-12in.),No Apparent  Cover,Riffle,NA,NA,NA,1,Boulder (>300mm) (>12in.),NA,NA,NA,NA,2009
2008-2014,2009-08-18,261,NA,3606,Steep side channel - Downstream,39.46243841443723,-121.60356118035766,NA,EF_SE,backpack shock into any seine,good,NA,sunny,NA,NA,Riffle Sculpin,NA,NA,NA,NA,NA,NA,NA,NA,NA,NA,Small - medium gravel (50-150mm) (2-6in.),No Apparent  Cover,Riffle,NA,NA,NA,1,Medium - large cobble (150-300mm) (6-12in.),NA,NA,NA,NA,2009
2008-2014,2009-08-18,261,NA,3607,Steep side channel - Downstream,39.46243841443723,-121.60356118035766,NA,EF_SE,backpack shock into any seine,good,NA,sunny,NA,NA,Prickly Sculpin,NA,NA,NA,NA,NA,NA,NA,NA,NA,NA,Small - medium gravel (50-150mm) (2-6in.),No Apparent  Cover,Riffle,NA,NA,NA,1,Medium - large cobble (150-300mm) (6-12in.),NA,NA,NA,NA,2009
2008-2014,2009-08-18,262,NA,3608,Eye Main RR - Downstream,39.45681138827642,-121.61503175870253,NA,EF_SE,backpack shock into any seine,good,18.5,sunny,NA,NA,Sacramento Pikeminnow,43,NA,NA,NA,NA,NA,NA,NA,NA,NA,Small - medium gravel (50-150mm) (2-6in.),No Apparent  Cover,Riffle,NA,NA,NA,1,Medium - large cobble (150-300mm) (6-12in.),Boulder (>300mm) (>12in.),NA,NA,NA,2009
2008-2014,2009-08-18,262,NA,3609,Eye Main RR - Downstream,39.45681138827642,-121.61503175870253,NA,EF_SE,backpack shock into any seine,good,18.5,sunny,NA,NA,Sacramento Pikeminnow,41,NA,NA,NA,NA,NA,NA,NA,NA,NA,Small - medium gravel (50-150mm) (2-6in.),No Apparent  Cover,Riffle,NA,NA,NA,1,Medium - large cobble (150-300mm) (6-12in.),Boulder (>300mm) (>12in.),NA,NA,NA,2009
2008-2014,2009-08-18,262,NA,3610,Eye Main RR - Downstream,39.45681138827642,-121.61503175870253,NA,EF_SE,backpack shock into any seine,good,18.5,sunny,NA,NA,Sacramento Pikeminnow,28,NA,NA,NA,NA,NA,NA,NA,NA,NA,Small - medium gravel (50-150mm) (2-6in.),No Apparent  Cover,Riffle,NA,NA,NA,1,Medium - large cobble (150-300mm) (6-12in.),Boulder (>300mm) (>12in.),NA,NA,NA,2009
2008-2014,2009-08-18,262,NA,3611,Eye Main RR - Downstream,39.45681138827642,-121.61503175870253,NA,EF_SE,backpack shock into any seine,good,18.5,sunny,NA,NA,Sacramento Pikeminnow,56,NA,NA,NA,NA,NA,NA,NA,NA,NA,Small - medium gravel (50-150mm) (2-6in.),No Apparent  Cover,Riffle,NA,NA,NA,1,Medium - large cobble (150-300mm) (6-12in.),Boulder (>300mm) (>12in.),NA,NA,NA,2009
2008-2014,2009-08-18,262,NA,3612,Eye Main RR - Downstream,39.45681138827642,-121.61503175870253,NA,EF_SE,backpack shock into any seine,good,18.5,sunny,NA,NA,Sacramento Pikeminnow,34,NA,NA,NA,NA,NA,NA,NA,NA,NA,Small - medium gravel (50-150mm) (2-6in.),No Apparent  Cover,Riffle,NA,NA,NA,1,Medium - large cobble (150-300mm) (6-12in.),Boulder (>300mm) (>12in.),NA,NA,NA,2009
2008-2014,2009-08-18,262,NA,3613,Eye Main RR - Downstream,39.45681138827642,-121.61503175870253,NA,EF_SE,backpack shock into any seine,good,18.5,sunny,NA,NA,Sacramento Pikeminnow,58,NA,NA,NA,NA,NA,NA,NA,NA,NA,Small - medium gravel (50-150mm) (2-6in.),No Apparent  Cover,Riffle,NA,NA,NA,1,Medium - large cobble (150-300mm) (6-12in.),Boulder (>300mm) (>12in.),NA,NA,NA,2009
2008-2014,2009-08-18,262,NA,3614,Eye Main RR - Downstream,39.45681138827642,-121.61503175870253,NA,EF_SE,backpack shock into any seine,good,18.5,sunny,NA,NA,Sacramento Pikeminnow,41,NA,NA,NA,NA,NA,NA,NA,NA,NA,Small - medium gravel (50-150mm) (2-6in.),No Apparent  Cover,Riffle,NA,NA,NA,1,Medium - large cobble (150-300mm) (6-12in.),Boulder (>300mm) (>12in.),NA,NA,NA,2009
2008-2014,2009-08-18,262,NA,3615,Eye Main RR - Downstream,39.45681138827642,-121.61503175870253,NA,EF_SE,backpack shock into any seine,good,18.5,sunny,NA,NA,Sacramento Pikeminnow,28,NA,NA,NA,NA,NA,NA,NA,NA,NA,Small - medium gravel (50-150mm) (2-6in.),No Apparent  Cover,Riffle,NA,NA,NA,1,Medium - large cobble (150-300mm) (6-12in.),Boulder (>300mm) (>12in.),NA,NA,NA,2009
2008-2014,2009-08-18,262,NA,3616,Eye Main RR - Downstream,39.45681138827642,-121.61503175870253,NA,EF_SE,backpack shock into any seine,good,18.5,sunny,NA,NA,Sacramento Pikeminnow,29,NA,NA,NA,NA,NA,NA,NA,NA,NA,Small - medium gravel (50-150mm) (2-6in.),No Apparent  Cover,Riffle,NA,NA,NA,1,Medium - large cobble (150-300mm) (6-12in.),Boulder (>300mm) (>12in.),NA,NA,NA,2009
2008-2014,2009-08-18,262,NA,3617,Eye Main RR - Downstream,39.45681138827642,-121.61503175870253,NA,EF_SE,backpack shock into any seine,good,18.5,sunny,NA,NA,Sacramento Pikeminnow,36,NA,NA,NA,NA,NA,NA,NA,NA,NA,Small - medium gravel (50-150mm) (2-6in.),No Apparent  Cover,Riffle,NA,NA,NA,1,Medium - large cobble (150-300mm) (6-12in.),Boulder (>300mm) (>12in.),NA,NA,NA,2009
2008-2014,2009-08-18,262,NA,3618,Eye Main RR - Downstream,39.45681138827642,-121.61503175870253,NA,EF_SE,backpack shock into any seine,good,18.5,sunny,NA,NA,Sacramento Pikeminnow,56,NA,NA,NA,NA,NA,NA,NA,NA,NA,Small - medium gravel (50-150mm) (2-6in.),No Apparent  Cover,Riffle,NA,NA,NA,1,Medium - large cobble (150-300mm) (6-12in.),Boulder (>300mm) (>12in.),NA,NA,NA,2009
2008-2014,2009-08-18,262,NA,3619,Eye Main RR - Downstream,39.45681138827642,-121.61503175870253,NA,EF_SE,backpack shock into any seine,good,18.5,sunny,NA,NA,Sacramento Pikeminnow,42,NA,NA,NA,NA,NA,NA,NA,NA,NA,Small - medium gravel (50-150mm) (2-6in.),No Apparent  Cover,Riffle,NA,NA,NA,1,Medium - large cobble (150-300mm) (6-12in.),Boulder (>300mm) (>12in.),NA,NA,NA,2009
2008-2014,2009-08-18,262,NA,3620,Eye Main RR - Downstream,39.45681138827642,-121.61503175870253,NA,EF_SE,backpack shock into any seine,good,18.5,sunny,NA,NA,Sacramento Pikeminnow,41,NA,NA,NA,NA,NA,NA,NA,NA,NA,Small - medium gravel (50-150mm) (2-6in.),No Apparent  Cover,Riffle,NA,NA,NA,1,Medium - large cobble (150-300mm) (6-12in.),Boulder (>300mm) (>12in.),NA,NA,NA,2009
2008-2014,2009-08-18,262,NA,3621,Eye Main RR - Downstream,39.45681138827642,-121.61503175870253,NA,EF_SE,backpack shock into any seine,good,18.5,sunny,NA,NA,Sacramento Pikeminnow,57,NA,NA,NA,NA,NA,NA,NA,NA,NA,Small - medium gravel (50-150mm) (2-6in.),No Apparent  Cover,Riffle,NA,NA,NA,1,Medium - large cobble (150-300mm) (6-12in.),Boulder (>300mm) (>12in.),NA,NA,NA,2009
2008-2014,2009-08-18,262,NA,3622,Eye Main RR - Downstream,39.45681138827642,-121.61503175870253,NA,EF_SE,backpack shock into any seine,good,18.5,sunny,NA,NA,Sacramento Pikeminnow,48,NA,NA,NA,NA,NA,NA,NA,NA,NA,Small - medium gravel (50-150mm) (2-6in.),No Apparent  Cover,Riffle,NA,NA,NA,1,Medium - large cobble (150-300mm) (6-12in.),Boulder (>300mm) (>12in.),NA,NA,NA,2009
2008-2014,2009-08-18,262,NA,3623,Eye Main RR - Downstream,39.45681138827642,-121.61503175870253,NA,EF_SE,backpack shock into any seine,good,18.5,sunny,NA,NA,Sacramento Pikeminnow,33,NA,NA,NA,NA,NA,NA,NA,NA,NA,Small - medium gravel (50-150mm) (2-6in.),No Apparent  Cover,Riffle,NA,NA,NA,1,Medium - large cobble (150-300mm) (6-12in.),Boulder (>300mm) (>12in.),NA,NA,NA,2009
2008-2014,2009-08-18,262,NA,3624,Eye Main RR - Downstream,39.45681138827642,-121.61503175870253,NA,EF_SE,backpack shock into any seine,good,18.5,sunny,NA,NA,MSQ,NA,NA,NA,NA,NA,NA,NA,NA,NA,NA,Small - medium gravel (50-150mm) (2-6in.),No Apparent  Cover,Riffle,NA,NA,NA,1,Medium - large cobble (150-300mm) (6-12in.),Boulder (>300mm) (>12in.),NA,NA,NA,2009
2008-2014,2009-08-18,262,NA,3625,Eye Main RR - Downstream,39.45681138827642,-121.61503175870253,NA,EF_SE,backpack shock into any seine,good,18.5,sunny,NA,NA,Prickly Sculpin,NA,NA,NA,NA,NA,NA,NA,NA,NA,NA,Small - medium gravel (50-150mm) (2-6in.),No Apparent  Cover,Riffle,NA,NA,NA,1,Medium - large cobble (150-300mm) (6-12in.),Boulder (>300mm) (>12in.),NA,NA,NA,2009
2008-2014,2009-08-18,264,NA,3649,Steep side channel - Downstream,39.46243841443723,-121.60356118035766,NA,EF_SE,backpack shock into any seine,good,18.5,sunny,NA,NA,Prickly Sculpin,NA,NA,NA,NA,NA,NA,NA,NA,NA,NA,Small - medium gravel (50-150mm) (2-6in.),No Apparent  Cover,Riffle,NA,NA,NA,1,Medium - large cobble (150-300mm) (6-12in.),NA,Undercut Bank,Overhead Objects,NA,2009
2008-2014,2009-08-18,264,NA,3650,Steep side channel - Downstream,39.46243841443723,-121.60356118035766,NA,EF_SE,backpack shock into any seine,good,18.5,sunny,NA,NA,Chinook Salmon- Fall,77,NA,NA,NA,NA,NA,NA,NA,NA,NA,Small - medium gravel (50-150mm) (2-6in.),No Apparent  Cover,Riffle,NA,NA,NA,1,Medium - large cobble (150-300mm) (6-12in.),NA,Undercut Bank,Overhead Objects,NA,2009
2008-2014,2009-08-18,265,NA,3651,Steep Main RR - Upstream,39.462937961867105,-121.60428005334087,NA,EF_SE,backpack shock into any seine,good,18.5,sunny,NA,NA,Rainbow Trout (wild),104,NA,NA,NA,NA,NA,NA,NA,NA,NA,Small - medium gravel (50-150mm) (2-6in.),No Apparent  Cover,Riffle,NA,NA,NA,1,Medium - large cobble (150-300mm) (6-12in.),NA,NA,NA,NA,2009
2008-2014,2009-08-18,265,NA,3652,Steep Main RR - Upstream,39.462937961867105,-121.60428005334087,NA,EF_SE,backpack shock into any seine,good,18.5,sunny,NA,NA,Prickly Sculpin,NA,NA,NA,NA,NA,NA,NA,NA,NA,NA,Small - medium gravel (50-150mm) (2-6in.),No Apparent  Cover,Riffle,NA,NA,NA,1,Medium - large cobble (150-300mm) (6-12in.),NA,NA,NA,NA,2009
2008-2014,2009-08-18,265,NA,3653,Steep Main RR - Upstream,39.462937961867105,-121.60428005334087,NA,EF_SE,backpack shock into any seine,good,18.5,sunny,NA,NA,Prickly Sculpin,NA,NA,NA,NA,NA,NA,NA,NA,NA,NA,Small - medium gravel (50-150mm) (2-6in.),No Apparent  Cover,Riffle,NA,NA,NA,1,Medium - large cobble (150-300mm) (6-12in.),NA,NA,NA,NA,2009
2008-2014,2009-08-18,265,NA,3654,Steep Main RR - Upstream,39.462937961867105,-121.60428005334087,NA,EF_SE,backpack shock into any seine,good,18.5,sunny,NA,NA,Prickly Sculpin,NA,NA,NA,NA,NA,NA,NA,NA,NA,NA,Small - medium gravel (50-150mm) (2-6in.),No Apparent  Cover,Riffle,NA,NA,NA,1,Medium - large cobble (150-300mm) (6-12in.),NA,NA,NA,NA,2009
2008-2014,2009-08-18,265,NA,3655,Steep Main RR - Upstream,39.462937961867105,-121.60428005334087,NA,EF_SE,backpack shock into any seine,good,18.5,sunny,NA,NA,Prickly Sculpin,NA,NA,NA,NA,NA,NA,NA,NA,NA,NA,Small - medium gravel (50-150mm) (2-6in.),No Apparent  Cover,Riffle,NA,NA,NA,1,Medium - large cobble (150-300mm) (6-12in.),NA,NA,NA,NA,2009
2008-2014,2009-08-18,265,NA,3656,Steep Main RR - Upstream,39.462937961867105,-121.60428005334087,NA,EF_SE,backpack shock into any seine,good,18.5,sunny,NA,NA,Prickly Sculpin,NA,NA,NA,NA,NA,NA,NA,NA,NA,NA,Small - medium gravel (50-150mm) (2-6in.),No Apparent  Cover,Riffle,NA,NA,NA,1,Medium - large cobble (150-300mm) (6-12in.),NA,NA,NA,NA,2009
2008-2014,2009-08-18,265,NA,3657,Steep Main RR - Upstream,39.462937961867105,-121.60428005334087,NA,EF_SE,backpack shock into any seine,good,18.5,sunny,NA,NA,Prickly Sculpin,NA,NA,NA,NA,NA,NA,NA,NA,NA,NA,Small - medium gravel (50-150mm) (2-6in.),No Apparent  Cover,Riffle,NA,NA,NA,1,Medium - large cobble (150-300mm) (6-12in.),NA,NA,NA,NA,2009
2008-2014,2009-08-18,265,NA,3658,Steep Main RR - Upstream,39.462937961867105,-121.60428005334087,NA,EF_SE,backpack shock into any seine,good,18.5,sunny,NA,NA,Prickly Sculpin,NA,NA,NA,NA,NA,NA,NA,NA,NA,NA,Small - medium gravel (50-150mm) (2-6in.),No Apparent  Cover,Riffle,NA,NA,NA,1,Medium - large cobble (150-300mm) (6-12in.),NA,NA,NA,NA,2009
2008-2014,2009-08-18,265,NA,3659,Steep Main RR - Upstream,39.462937961867105,-121.60428005334087,NA,EF_SE,backpack shock into any seine,good,18.5,sunny,NA,NA,Prickly Sculpin,NA,NA,NA,NA,NA,NA,NA,NA,NA,NA,Small - medium gravel (50-150mm) (2-6in.),No Apparent  Cover,Riffle,NA,NA,NA,1,Medium - large cobble (150-300mm) (6-12in.),NA,NA,NA,NA,2009
2008-2014,2009-08-18,265,NA,3660,Steep Main RR - Upstream,39.462937961867105,-121.60428005334087,NA,EF_SE,backpack shock into any seine,good,18.5,sunny,NA,NA,Prickly Sculpin,NA,NA,NA,NA,NA,NA,NA,NA,NA,NA,Small - medium gravel (50-150mm) (2-6in.),No Apparent  Cover,Riffle,NA,NA,NA,1,Medium - large cobble (150-300mm) (6-12in.),NA,NA,NA,NA,2009
2008-2014,2009-08-18,265,NA,3661,Steep Main RR - Upstream,39.462937961867105,-121.60428005334087,NA,EF_SE,backpack shock into any seine,good,18.5,sunny,NA,NA,Prickly Sculpin,NA,NA,NA,NA,NA,NA,NA,NA,NA,NA,Small - medium gravel (50-150mm) (2-6in.),No Apparent  Cover,Riffle,NA,NA,NA,1,Medium - large cobble (150-300mm) (6-12in.),NA,NA,NA,NA,2009
2008-2014,2009-08-18,265,NA,3662,Steep Main RR - Upstream,39.462937961867105,-121.60428005334087,NA,EF_SE,backpack shock into any seine,good,18.5,sunny,NA,NA,Prickly Sculpin,NA,NA,NA,NA,NA,NA,NA,NA,NA,NA,Small - medium gravel (50-150mm) (2-6in.),No Apparent  Cover,Riffle,NA,NA,NA,1,Medium - large cobble (150-300mm) (6-12in.),NA,NA,NA,NA,2009
2008-2014,2009-08-18,265,NA,3663,Steep Main RR - Upstream,39.462937961867105,-121.60428005334087,NA,EF_SE,backpack shock into any seine,good,18.5,sunny,NA,NA,SD,65,NA,NA,NA,NA,NA,NA,NA,NA,NA,Small - medium gravel (50-150mm) (2-6in.),No Apparent  Cover,Riffle,NA,NA,NA,1,Medium - large cobble (150-300mm) (6-12in.),NA,NA,NA,NA,2009
2008-2014,2009-08-18,265,NA,3664,Steep Main RR - Upstream,39.462937961867105,-121.60428005334087,NA,EF_SE,backpack shock into any seine,good,18.5,sunny,NA,NA,Riffle Sculpin,NA,NA,NA,NA,NA,NA,NA,NA,NA,NA,Small - medium gravel (50-150mm) (2-6in.),No Apparent  Cover,Riffle,NA,NA,NA,1,Medium - large cobble (150-300mm) (6-12in.),NA,NA,NA,NA,2009
2008-2014,2009-08-18,265,NA,3665,Steep Main RR - Upstream,39.462937961867105,-121.60428005334087,NA,EF_SE,backpack shock into any seine,good,18.5,sunny,NA,NA,Unid Juvenile Sculpin,NA,NA,NA,NA,NA,NA,NA,NA,NA,NA,Small - medium gravel (50-150mm) (2-6in.),No Apparent  Cover,Riffle,NA,NA,NA,1,Medium - large cobble (150-300mm) (6-12in.),NA,NA,NA,NA,2009
2008-2014,2009-08-18,265,NA,3666,Steep Main RR - Upstream,39.462937961867105,-121.60428005334087,NA,EF_SE,backpack shock into any seine,good,18.5,sunny,NA,NA,NA,NA,NA,NA,NA,NA,NA,NA,NA,NA,NA,Small - medium gravel (50-150mm) (2-6in.),No Apparent  Cover,Riffle,NA,NA,NA,1,Medium - large cobble (150-300mm) (6-12in.),NA,NA,NA,NA,2009
2008-2014,2009-08-18,267,NA,3730,Steep Main RR - Downstream,39.462240707619635,-121.60468317506228,NA,EF_SE,backpack shock into any seine,good,19,sunny,NA,NA,Pacific Lamprey,NA,NA,NA,NA,NA,NA,NA,NA,NA,NA,Small - medium gravel (50-150mm) (2-6in.),No Apparent  Cover,Riffle,NA,NA,NA,1,Medium - large cobble (150-300mm) (6-12in.),NA,NA,NA,NA,2009
2008-2014,2009-08-18,267,NA,3731,Steep Main RR - Downstream,39.462240707619635,-121.60468317506228,NA,EF_SE,backpack shock into any seine,good,19,sunny,NA,NA,Prickly Sculpin,61,NA,NA,NA,NA,NA,NA,NA,NA,NA,Small - medium gravel (50-150mm) (2-6in.),No Apparent  Cover,Riffle,NA,NA,NA,1,Medium - large cobble (150-300mm) (6-12in.),NA,NA,NA,NA,2009
2008-2014,2009-08-18,267,NA,3732,Steep Main RR - Downstream,39.462240707619635,-121.60468317506228,NA,EF_SE,backpack shock into any seine,good,19,sunny,NA,NA,Prickly Sculpin,65,NA,NA,NA,NA,NA,NA,NA,NA,NA,Small - medium gravel (50-150mm) (2-6in.),No Apparent  Cover,Riffle,NA,NA,NA,1,Medium - large cobble (150-300mm) (6-12in.),NA,NA,NA,NA,2009
2008-2014,2009-08-18,267,NA,3733,Steep Main RR - Downstream,39.462240707619635,-121.60468317506228,NA,EF_SE,backpack shock into any seine,good,19,sunny,NA,NA,Prickly Sculpin,81,NA,NA,NA,NA,NA,NA,NA,NA,NA,Small - medium gravel (50-150mm) (2-6in.),No Apparent  Cover,Riffle,NA,NA,NA,1,Medium - large cobble (150-300mm) (6-12in.),NA,NA,NA,NA,2009
2008-2014,2009-08-18,267,NA,3734,Steep Main RR - Downstream,39.462240707619635,-121.60468317506228,NA,EF_SE,backpack shock into any seine,good,19,sunny,NA,NA,Prickly Sculpin,50,NA,NA,NA,NA,NA,NA,NA,NA,NA,Small - medium gravel (50-150mm) (2-6in.),No Apparent  Cover,Riffle,NA,NA,NA,1,Medium - large cobble (150-300mm) (6-12in.),NA,NA,NA,NA,2009
2008-2014,2009-08-18,267,NA,3735,Steep Main RR - Downstream,39.462240707619635,-121.60468317506228,NA,EF_SE,backpack shock into any seine,good,19,sunny,NA,NA,Prickly Sculpin,56,NA,NA,NA,NA,NA,NA,NA,NA,NA,Small - medium gravel (50-150mm) (2-6in.),No Apparent  Cover,Riffle,NA,NA,NA,1,Medium - large cobble (150-300mm) (6-12in.),NA,NA,NA,NA,2009
2008-2014,2009-08-17,268,NA,3736,Bedrock Park RL,39.51299134724815,-121.56877267584329,NA,EF_SE,backpack shock into any seine,good,18,sunny,NA,NA,Riffle Sculpin,NA,NA,NA,NA,NA,NA,NA,NA,NA,NA,Small - medium gravel (50-150mm) (2-6in.),No Apparent  Cover,Riffle,NA,NA,NA,1,Medium - large cobble (150-300mm) (6-12in.),Boulder (>300mm) (>12in.),NA,Large Instream Objects/Woody Debris,NA,2009
2008-2014,2009-08-17,268,NA,3737,Bedrock Park RL,39.51299134724815,-121.56877267584329,NA,EF_SE,backpack shock into any seine,good,18,sunny,NA,NA,Riffle Sculpin,NA,NA,NA,NA,NA,NA,NA,NA,NA,NA,Small - medium gravel (50-150mm) (2-6in.),No Apparent  Cover,Riffle,NA,NA,NA,1,Medium - large cobble (150-300mm) (6-12in.),Boulder (>300mm) (>12in.),NA,Large Instream Objects/Woody Debris,NA,2009
2008-2014,2009-08-17,268,NA,3738,Bedrock Park RL,39.51299134724815,-121.56877267584329,NA,EF_SE,backpack shock into any seine,good,18,sunny,NA,NA,Riffle Sculpin,NA,NA,NA,NA,NA,NA,NA,NA,NA,NA,Small - medium gravel (50-150mm) (2-6in.),No Apparent  Cover,Riffle,NA,NA,NA,1,Medium - large cobble (150-300mm) (6-12in.),Boulder (>300mm) (>12in.),NA,Large Instream Objects/Woody Debris,NA,2009
2008-2014,2009-08-17,268,NA,3739,Bedrock Park RL,39.51299134724815,-121.56877267584329,NA,EF_SE,backpack shock into any seine,good,18,sunny,NA,NA,Riffle Sculpin,NA,NA,NA,NA,NA,NA,NA,NA,NA,NA,Small - medium gravel (50-150mm) (2-6in.),No Apparent  Cover,Riffle,NA,NA,NA,1,Medium - large cobble (150-300mm) (6-12in.),Boulder (>300mm) (>12in.),NA,Large Instream Objects/Woody Debris,NA,2009
2008-2014,2009-08-17,268,NA,3740,Bedrock Park RL,39.51299134724815,-121.56877267584329,NA,EF_SE,backpack shock into any seine,good,18,sunny,NA,NA,Riffle Sculpin,NA,NA,NA,NA,NA,NA,NA,NA,NA,NA,Small - medium gravel (50-150mm) (2-6in.),No Apparent  Cover,Riffle,NA,NA,NA,1,Medium - large cobble (150-300mm) (6-12in.),Boulder (>300mm) (>12in.),NA,Large Instream Objects/Woody Debris,NA,2009
2008-2014,2009-07-14,270,NA,3779,Eye Main RR - Downstream,39.45681138827642,-121.61503175870253,NA,EF_SE,backpack shock into any seine,good,17,sunny,NA,NA,Unid Juvenile Sculpin,NA,NA,NA,NA,NA,NA,NA,NA,NA,NA,Small - medium gravel (50-150mm) (2-6in.),No Apparent  Cover,Riffle,NA,NA,NA,1,Medium - large cobble (150-300mm) (6-12in.),Boulder (>300mm) (>12in.),NA,NA,NA,2009
2008-2014,2009-07-14,270,NA,3780,Eye Main RR - Downstream,39.45681138827642,-121.61503175870253,NA,EF_SE,backpack shock into any seine,good,17,sunny,NA,NA,Unid Juvenile Sculpin,NA,NA,NA,NA,NA,NA,NA,NA,NA,NA,Small - medium gravel (50-150mm) (2-6in.),No Apparent  Cover,Riffle,NA,NA,NA,1,Medium - large cobble (150-300mm) (6-12in.),Boulder (>300mm) (>12in.),NA,NA,NA,2009
2008-2014,2009-07-14,271,NA,3781,Steep side channel - Upstream,39.46298184138251,-121.60336633450677,NA,EF_SE,backpack shock into any seine,good,NA,sunny,NA,NA,Unid Juvenile Sculpin,NA,NA,NA,NA,NA,NA,NA,NA,NA,NA,Small - medium gravel (50-150mm) (2-6in.),No Apparent  Cover,Riffle,NA,NA,NA,1,Fine - small gravel (0-50mm) (0-2in.),Medium - large cobble (150-300mm) (6-12in.),NA,NA,NA,2009
2008-2014,2009-07-14,271,NA,3782,Steep side channel - Upstream,39.46298184138251,-121.60336633450677,NA,EF_SE,backpack shock into any seine,good,NA,sunny,NA,NA,Unid Juvenile Sculpin,NA,NA,NA,NA,NA,NA,NA,NA,NA,NA,Small - medium gravel (50-150mm) (2-6in.),No Apparent  Cover,Riffle,NA,NA,NA,1,Fine - small gravel (0-50mm) (0-2in.),Medium - large cobble (150-300mm) (6-12in.),NA,NA,NA,2009
2008-2014,2009-07-14,271,NA,3783,Steep side channel - Upstream,39.46298184138251,-121.60336633450677,NA,EF_SE,backpack shock into any seine,good,NA,sunny,NA,NA,Unid Juvenile Sculpin,NA,NA,NA,NA,NA,NA,NA,NA,NA,NA,Small - medium gravel (50-150mm) (2-6in.),No Apparent  Cover,Riffle,NA,NA,NA,1,Fine - small gravel (0-50mm) (0-2in.),Medium - large cobble (150-300mm) (6-12in.),NA,NA,NA,2009
2008-2014,2009-07-14,272,NA,3784,Eye side channel,39.45659105038165,-121.61411873782232,NA,EF_SE,backpack shock into any seine,good,NA,sunny,NA,NA,Chinook Salmon- Fall,89,NA,NA,NA,NA,NA,NA,NA,NA,NA,Small - medium gravel (50-150mm) (2-6in.),Overhead Objects,Riffle,NA,NA,NA,1,Medium - large cobble (150-300mm) (6-12in.),NA,NA,NA,NA,2009
2008-2014,2009-07-14,272,NA,3785,Eye side channel,39.45659105038165,-121.61411873782232,NA,EF_SE,backpack shock into any seine,good,NA,sunny,NA,NA,Rainbow Trout (wild),106,NA,NA,NA,NA,NA,NA,NA,NA,NA,Small - medium gravel (50-150mm) (2-6in.),Overhead Objects,Riffle,NA,NA,NA,1,Medium - large cobble (150-300mm) (6-12in.),NA,NA,NA,NA,2009
2008-2014,2009-07-14,272,NA,3786,Eye side channel,39.45659105038165,-121.61411873782232,NA,EF_SE,backpack shock into any seine,good,NA,sunny,NA,NA,Prickly Sculpin,NA,NA,NA,NA,NA,NA,NA,NA,NA,NA,Small - medium gravel (50-150mm) (2-6in.),Overhead Objects,Riffle,NA,NA,NA,1,Medium - large cobble (150-300mm) (6-12in.),NA,NA,NA,NA,2009
2008-2014,2009-07-14,272,NA,3787,Eye side channel,39.45659105038165,-121.61411873782232,NA,EF_SE,backpack shock into any seine,good,NA,sunny,NA,NA,Prickly Sculpin,NA,NA,NA,NA,NA,NA,NA,NA,NA,NA,Small - medium gravel (50-150mm) (2-6in.),Overhead Objects,Riffle,NA,NA,NA,1,Medium - large cobble (150-300mm) (6-12in.),NA,NA,NA,NA,2009
2008-2014,2009-07-14,272,NA,3788,Eye side channel,39.45659105038165,-121.61411873782232,NA,EF_SE,backpack shock into any seine,good,NA,sunny,NA,NA,Prickly Sculpin,NA,NA,NA,NA,NA,NA,NA,NA,NA,NA,Small - medium gravel (50-150mm) (2-6in.),Overhead Objects,Riffle,NA,NA,NA,1,Medium - large cobble (150-300mm) (6-12in.),NA,NA,NA,NA,2009
2008-2014,2009-07-14,272,NA,3789,Eye side channel,39.45659105038165,-121.61411873782232,NA,EF_SE,backpack shock into any seine,good,NA,sunny,NA,NA,Prickly Sculpin,NA,NA,NA,NA,NA,NA,NA,NA,NA,NA,Small - medium gravel (50-150mm) (2-6in.),Overhead Objects,Riffle,NA,NA,NA,1,Medium - large cobble (150-300mm) (6-12in.),NA,NA,NA,NA,2009
2008-2014,2009-07-14,272,NA,3790,Eye side channel,39.45659105038165,-121.61411873782232,NA,EF_SE,backpack shock into any seine,good,NA,sunny,NA,NA,Unid Juvenile Sculpin,NA,NA,NA,NA,NA,NA,NA,NA,NA,NA,Small - medium gravel (50-150mm) (2-6in.),Overhead Objects,Riffle,NA,NA,NA,1,Medium - large cobble (150-300mm) (6-12in.),NA,NA,NA,NA,2009
2008-2014,2009-07-13,274,NA,3803,Bedrock Park RL,39.51299134724815,-121.56877267584329,NA,EF_SE,backpack shock into any seine,good,17,sunny,NA,NA,Prickly Sculpin,NA,NA,NA,NA,NA,NA,NA,NA,NA,NA,Small - medium gravel (50-150mm) (2-6in.),No Apparent  Cover,Riffle,NA,NA,NA,1,Medium - large cobble (150-300mm) (6-12in.),Boulder (>300mm) (>12in.),NA,NA,NA,2009
2008-2014,2009-07-13,274,NA,3804,Bedrock Park RL,39.51299134724815,-121.56877267584329,NA,EF_SE,backpack shock into any seine,good,17,sunny,NA,NA,Riffle Sculpin,NA,NA,NA,NA,NA,NA,NA,NA,NA,NA,Small - medium gravel (50-150mm) (2-6in.),No Apparent  Cover,Riffle,NA,NA,NA,1,Medium - large cobble (150-300mm) (6-12in.),Boulder (>300mm) (>12in.),NA,NA,NA,2009
2008-2014,2009-07-13,274,NA,3805,Bedrock Park RL,39.51299134724815,-121.56877267584329,NA,EF_SE,backpack shock into any seine,good,17,sunny,NA,NA,Riffle Sculpin,NA,NA,NA,NA,NA,NA,NA,NA,NA,NA,Small - medium gravel (50-150mm) (2-6in.),No Apparent  Cover,Riffle,NA,NA,NA,1,Medium - large cobble (150-300mm) (6-12in.),Boulder (>300mm) (>12in.),NA,NA,NA,2009
2008-2014,2009-07-13,274,NA,3806,Bedrock Park RL,39.51299134724815,-121.56877267584329,NA,EF_SE,backpack shock into any seine,good,17,sunny,NA,NA,Riffle Sculpin,NA,NA,NA,NA,NA,NA,NA,NA,NA,NA,Small - medium gravel (50-150mm) (2-6in.),No Apparent  Cover,Riffle,NA,NA,NA,1,Medium - large cobble (150-300mm) (6-12in.),Boulder (>300mm) (>12in.),NA,NA,NA,2009
2008-2014,2009-07-13,274,NA,3807,Bedrock Park RL,39.51299134724815,-121.56877267584329,NA,EF_SE,backpack shock into any seine,good,17,sunny,NA,NA,Riffle Sculpin,NA,NA,NA,NA,NA,NA,NA,NA,NA,NA,Small - medium gravel (50-150mm) (2-6in.),No Apparent  Cover,Riffle,NA,NA,NA,1,Medium - large cobble (150-300mm) (6-12in.),Boulder (>300mm) (>12in.),NA,NA,NA,2009
2008-2014,2009-07-13,274,NA,3808,Bedrock Park RL,39.51299134724815,-121.56877267584329,NA,EF_SE,backpack shock into any seine,good,17,sunny,NA,NA,Riffle Sculpin,NA,NA,NA,NA,NA,NA,NA,NA,NA,NA,Small - medium gravel (50-150mm) (2-6in.),No Apparent  Cover,Riffle,NA,NA,NA,1,Medium - large cobble (150-300mm) (6-12in.),Boulder (>300mm) (>12in.),NA,NA,NA,2009
2008-2014,2009-07-13,274,NA,3809,Bedrock Park RL,39.51299134724815,-121.56877267584329,NA,EF_SE,backpack shock into any seine,good,17,sunny,NA,NA,Unid Juvenile Sculpin,NA,NA,NA,NA,NA,NA,NA,NA,NA,NA,Small - medium gravel (50-150mm) (2-6in.),No Apparent  Cover,Riffle,NA,NA,NA,1,Medium - large cobble (150-300mm) (6-12in.),Boulder (>300mm) (>12in.),NA,NA,NA,2009
2008-2014,2009-07-13,274,NA,3810,Bedrock Park RL,39.51299134724815,-121.56877267584329,NA,EF_SE,backpack shock into any seine,good,17,sunny,NA,NA,Unid Juvenile Sculpin,NA,NA,NA,NA,NA,NA,NA,NA,NA,NA,Small - medium gravel (50-150mm) (2-6in.),No Apparent  Cover,Riffle,NA,NA,NA,1,Medium - large cobble (150-300mm) (6-12in.),Boulder (>300mm) (>12in.),NA,NA,NA,2009
2008-2014,2009-07-14,276,NA,3844,Steep side channel - Upstream,39.46298184138251,-121.60336633450677,NA,EF_SE,backpack shock into any seine,good,18,sunny,NA,NA,Rainbow Trout (wild),83,NA,NA,NA,NA,NA,NA,NA,NA,NA,Small - medium gravel (50-150mm) (2-6in.),Small Instream Objects/Woody Debris,Riffle,NA,NA,NA,1,Fine - small gravel (0-50mm) (0-2in.),NA,Undercut Bank,Submerged Aquatic Veg/Algae,NA,2009
2008-2014,2009-07-14,276,NA,3845,Steep side channel - Upstream,39.46298184138251,-121.60336633450677,NA,EF_SE,backpack shock into any seine,good,18,sunny,NA,NA,Prickly Sculpin,NA,NA,NA,NA,NA,NA,NA,NA,NA,NA,Small - medium gravel (50-150mm) (2-6in.),Small Instream Objects/Woody Debris,Riffle,NA,NA,NA,1,Fine - small gravel (0-50mm) (0-2in.),NA,Undercut Bank,Submerged Aquatic Veg/Algae,NA,2009
2008-2014,2009-07-14,276,NA,3846,Steep side channel - Upstream,39.46298184138251,-121.60336633450677,NA,EF_SE,backpack shock into any seine,good,18,sunny,NA,NA,Prickly Sculpin,NA,NA,NA,NA,NA,NA,NA,NA,NA,NA,Small - medium gravel (50-150mm) (2-6in.),Small Instream Objects/Woody Debris,Riffle,NA,NA,NA,1,Fine - small gravel (0-50mm) (0-2in.),NA,Undercut Bank,Submerged Aquatic Veg/Algae,NA,2009
2008-2014,2009-07-14,276,NA,3847,Steep side channel - Upstream,39.46298184138251,-121.60336633450677,NA,EF_SE,backpack shock into any seine,good,18,sunny,NA,NA,Prickly Sculpin,NA,NA,NA,NA,NA,NA,NA,NA,NA,NA,Small - medium gravel (50-150mm) (2-6in.),Small Instream Objects/Woody Debris,Riffle,NA,NA,NA,1,Fine - small gravel (0-50mm) (0-2in.),NA,Undercut Bank,Submerged Aquatic Veg/Algae,NA,2009
2008-2014,2009-07-14,276,NA,3848,Steep side channel - Upstream,39.46298184138251,-121.60336633450677,NA,EF_SE,backpack shock into any seine,good,18,sunny,NA,NA,Riffle Sculpin,NA,NA,NA,NA,NA,NA,NA,NA,NA,NA,Small - medium gravel (50-150mm) (2-6in.),Small Instream Objects/Woody Debris,Riffle,NA,NA,NA,1,Fine - small gravel (0-50mm) (0-2in.),NA,Undercut Bank,Submerged Aquatic Veg/Algae,NA,2009
2008-2014,2009-07-14,276,NA,3849,Steep side channel - Upstream,39.46298184138251,-121.60336633450677,NA,EF_SE,backpack shock into any seine,good,18,sunny,NA,NA,Riffle Sculpin,NA,NA,NA,NA,NA,NA,NA,NA,NA,NA,Small - medium gravel (50-150mm) (2-6in.),Small Instream Objects/Woody Debris,Riffle,NA,NA,NA,1,Fine - small gravel (0-50mm) (0-2in.),NA,Undercut Bank,Submerged Aquatic Veg/Algae,NA,2009
2008-2014,2009-07-14,278,NA,3857,Steep side channel - Upstream,39.46298184138251,-121.60336633450677,NA,EF_SE,backpack shock into any seine,good,NA,sunny,NA,NA,Rainbow Trout (wild),128,NA,NA,NA,NA,NA,NA,NA,NA,NA,Medium - large cobble (150-300mm) (6-12in.),Large Instream Objects/Woody Debris,Riffle,NA,NA,NA,1,Boulder (>300mm) (>12in.),NA,NA,Overhead Objects,NA,2009
2008-2014,2009-07-14,278,NA,3858,Steep side channel - Upstream,39.46298184138251,-121.60336633450677,NA,EF_SE,backpack shock into any seine,good,NA,sunny,NA,NA,Rainbow Trout (wild),79,NA,NA,NA,NA,NA,NA,NA,NA,NA,Medium - large cobble (150-300mm) (6-12in.),Large Instream Objects/Woody Debris,Riffle,NA,NA,NA,1,Boulder (>300mm) (>12in.),NA,NA,Overhead Objects,NA,2009
2008-2014,2009-07-14,278,NA,3859,Steep side channel - Upstream,39.46298184138251,-121.60336633450677,NA,EF_SE,backpack shock into any seine,good,NA,sunny,NA,NA,Riffle Sculpin,NA,NA,NA,NA,NA,NA,NA,NA,NA,NA,Medium - large cobble (150-300mm) (6-12in.),Large Instream Objects/Woody Debris,Riffle,NA,NA,NA,1,Boulder (>300mm) (>12in.),NA,NA,Overhead Objects,NA,2009
2008-2014,2009-07-14,278,NA,3860,Steep side channel - Upstream,39.46298184138251,-121.60336633450677,NA,EF_SE,backpack shock into any seine,good,NA,sunny,NA,NA,Riffle Sculpin,NA,NA,NA,NA,NA,NA,NA,NA,NA,NA,Medium - large cobble (150-300mm) (6-12in.),Large Instream Objects/Woody Debris,Riffle,NA,NA,NA,1,Boulder (>300mm) (>12in.),NA,NA,Overhead Objects,NA,2009
2008-2014,2009-07-14,278,NA,3861,Steep side channel - Upstream,39.46298184138251,-121.60336633450677,NA,EF_SE,backpack shock into any seine,good,NA,sunny,NA,NA,Riffle Sculpin,NA,NA,NA,NA,NA,NA,NA,NA,NA,NA,Medium - large cobble (150-300mm) (6-12in.),Large Instream Objects/Woody Debris,Riffle,NA,NA,NA,1,Boulder (>300mm) (>12in.),NA,NA,Overhead Objects,NA,2009
2008-2014,2009-07-14,278,NA,3862,Steep side channel - Upstream,39.46298184138251,-121.60336633450677,NA,EF_SE,backpack shock into any seine,good,NA,sunny,NA,NA,Riffle Sculpin,NA,NA,NA,NA,NA,NA,NA,NA,NA,NA,Medium - large cobble (150-300mm) (6-12in.),Large Instream Objects/Woody Debris,Riffle,NA,NA,NA,1,Boulder (>300mm) (>12in.),NA,NA,Overhead Objects,NA,2009
2008-2014,2009-07-14,278,NA,3863,Steep side channel - Upstream,39.46298184138251,-121.60336633450677,NA,EF_SE,backpack shock into any seine,good,NA,sunny,NA,NA,Prickly Sculpin,NA,NA,NA,NA,NA,NA,NA,NA,NA,NA,Medium - large cobble (150-300mm) (6-12in.),Large Instream Objects/Woody Debris,Riffle,NA,NA,NA,1,Boulder (>300mm) (>12in.),NA,NA,Overhead Objects,NA,2009
2008-2014,2009-07-14,278,NA,3864,Steep side channel - Upstream,39.46298184138251,-121.60336633450677,NA,EF_SE,backpack shock into any seine,good,NA,sunny,NA,NA,Prickly Sculpin,NA,NA,NA,NA,NA,NA,NA,NA,NA,NA,Medium - large cobble (150-300mm) (6-12in.),Large Instream Objects/Woody Debris,Riffle,NA,NA,NA,1,Boulder (>300mm) (>12in.),NA,NA,Overhead Objects,NA,2009
2008-2014,2009-07-14,278,NA,3865,Steep side channel - Upstream,39.46298184138251,-121.60336633450677,NA,EF_SE,backpack shock into any seine,good,NA,sunny,NA,NA,Prickly Sculpin,NA,NA,NA,NA,NA,NA,NA,NA,NA,NA,Medium - large cobble (150-300mm) (6-12in.),Large Instream Objects/Woody Debris,Riffle,NA,NA,NA,1,Boulder (>300mm) (>12in.),NA,NA,Overhead Objects,NA,2009
2008-2014,2009-07-14,278,NA,3866,Steep side channel - Upstream,39.46298184138251,-121.60336633450677,NA,EF_SE,backpack shock into any seine,good,NA,sunny,NA,NA,Prickly Sculpin,NA,NA,NA,NA,NA,NA,NA,NA,NA,NA,Medium - large cobble (150-300mm) (6-12in.),Large Instream Objects/Woody Debris,Riffle,NA,NA,NA,1,Boulder (>300mm) (>12in.),NA,NA,Overhead Objects,NA,2009
2008-2014,2009-07-14,278,NA,3867,Steep side channel - Upstream,39.46298184138251,-121.60336633450677,NA,EF_SE,backpack shock into any seine,good,NA,sunny,NA,NA,Prickly Sculpin,NA,NA,NA,NA,NA,NA,NA,NA,NA,NA,Medium - large cobble (150-300mm) (6-12in.),Large Instream Objects/Woody Debris,Riffle,NA,NA,NA,1,Boulder (>300mm) (>12in.),NA,NA,Overhead Objects,NA,2009
2008-2014,2009-07-14,278,NA,3868,Steep side channel - Upstream,39.46298184138251,-121.60336633450677,NA,EF_SE,backpack shock into any seine,good,NA,sunny,NA,NA,Prickly Sculpin,NA,NA,NA,NA,NA,NA,NA,NA,NA,NA,Medium - large cobble (150-300mm) (6-12in.),Large Instream Objects/Woody Debris,Riffle,NA,NA,NA,1,Boulder (>300mm) (>12in.),NA,NA,Overhead Objects,NA,2009
2008-2014,2009-07-14,278,NA,3869,Steep side channel - Upstream,39.46298184138251,-121.60336633450677,NA,EF_SE,backpack shock into any seine,good,NA,sunny,NA,NA,Prickly Sculpin,NA,NA,NA,NA,NA,NA,NA,NA,NA,NA,Medium - large cobble (150-300mm) (6-12in.),Large Instream Objects/Woody Debris,Riffle,NA,NA,NA,1,Boulder (>300mm) (>12in.),NA,NA,Overhead Objects,NA,2009
2008-2014,2009-07-14,278,NA,3870,Steep side channel - Upstream,39.46298184138251,-121.60336633450677,NA,EF_SE,backpack shock into any seine,good,NA,sunny,NA,NA,Prickly Sculpin,NA,NA,NA,NA,NA,NA,NA,NA,NA,NA,Medium - large cobble (150-300mm) (6-12in.),Large Instream Objects/Woody Debris,Riffle,NA,NA,NA,1,Boulder (>300mm) (>12in.),NA,NA,Overhead Objects,NA,2009
2008-2014,2009-07-14,278,NA,3871,Steep side channel - Upstream,39.46298184138251,-121.60336633450677,NA,EF_SE,backpack shock into any seine,good,NA,sunny,NA,NA,Prickly Sculpin,NA,NA,NA,NA,NA,NA,NA,NA,NA,NA,Medium - large cobble (150-300mm) (6-12in.),Large Instream Objects/Woody Debris,Riffle,NA,NA,NA,1,Boulder (>300mm) (>12in.),NA,NA,Overhead Objects,NA,2009
2008-2014,2009-07-14,278,NA,3872,Steep side channel - Upstream,39.46298184138251,-121.60336633450677,NA,EF_SE,backpack shock into any seine,good,NA,sunny,NA,NA,Prickly Sculpin,NA,NA,NA,NA,NA,NA,NA,NA,NA,NA,Medium - large cobble (150-300mm) (6-12in.),Large Instream Objects/Woody Debris,Riffle,NA,NA,NA,1,Boulder (>300mm) (>12in.),NA,NA,Overhead Objects,NA,2009
2008-2014,2009-07-14,278,NA,3873,Steep side channel - Upstream,39.46298184138251,-121.60336633450677,NA,EF_SE,backpack shock into any seine,good,NA,sunny,NA,NA,Prickly Sculpin,NA,NA,NA,NA,NA,NA,NA,NA,NA,NA,Medium - large cobble (150-300mm) (6-12in.),Large Instream Objects/Woody Debris,Riffle,NA,NA,NA,1,Boulder (>300mm) (>12in.),NA,NA,Overhead Objects,NA,2009
2008-2014,2009-07-14,278,NA,3874,Steep side channel - Upstream,39.46298184138251,-121.60336633450677,NA,EF_SE,backpack shock into any seine,good,NA,sunny,NA,NA,NA,NA,NA,NA,NA,NA,NA,NA,NA,NA,NA,Medium - large cobble (150-300mm) (6-12in.),Large Instream Objects/Woody Debris,Riffle,NA,NA,NA,1,Boulder (>300mm) (>12in.),NA,NA,Overhead Objects,NA,2009
2008-2014,2009-07-15,279,NA,3875,Steep Main RR - Downstream,39.462240707619635,-121.60468317506228,NA,EF_SE,25 foot beach seine with bag,good,17.5,sunny,NA,NA,Unid Juvenile Sculpin,NA,NA,NA,NA,NA,NA,NA,NA,NA,NA,Small - medium gravel (50-150mm) (2-6in.),Submerged Aquatic Veg/Algae,Riffle,NA,NA,NA,1,Medium - large cobble (150-300mm) (6-12in.),NA,NA,NA,NA,2009
2008-2014,2009-07-15,279,NA,3876,Steep Main RR - Downstream,39.462240707619635,-121.60468317506228,NA,EF_SE,25 foot beach seine with bag,good,17.5,sunny,NA,NA,Unid Juvenile Sculpin,NA,NA,NA,NA,NA,NA,NA,NA,NA,NA,Small - medium gravel (50-150mm) (2-6in.),Submerged Aquatic Veg/Algae,Riffle,NA,NA,NA,1,Medium - large cobble (150-300mm) (6-12in.),NA,NA,NA,NA,2009
2008-2014,2009-07-15,279,NA,3877,Steep Main RR - Downstream,39.462240707619635,-121.60468317506228,NA,EF_SE,25 foot beach seine with bag,good,17.5,sunny,NA,NA,Unid Juvenile Sculpin,NA,NA,NA,NA,NA,NA,NA,NA,NA,NA,Small - medium gravel (50-150mm) (2-6in.),Submerged Aquatic Veg/Algae,Riffle,NA,NA,NA,1,Medium - large cobble (150-300mm) (6-12in.),NA,NA,NA,NA,2009
2008-2014,2009-07-15,279,NA,3878,Steep Main RR - Downstream,39.462240707619635,-121.60468317506228,NA,EF_SE,25 foot beach seine with bag,good,17.5,sunny,NA,NA,Unid Juvenile Sculpin,NA,NA,NA,NA,NA,NA,NA,NA,NA,NA,Small - medium gravel (50-150mm) (2-6in.),Submerged Aquatic Veg/Algae,Riffle,NA,NA,NA,1,Medium - large cobble (150-300mm) (6-12in.),NA,NA,NA,NA,2009
2008-2014,2009-07-15,279,NA,3879,Steep Main RR - Downstream,39.462240707619635,-121.60468317506228,NA,EF_SE,25 foot beach seine with bag,good,17.5,sunny,NA,NA,Unid Juvenile Sculpin,NA,NA,NA,NA,NA,NA,NA,NA,NA,NA,Small - medium gravel (50-150mm) (2-6in.),Submerged Aquatic Veg/Algae,Riffle,NA,NA,NA,1,Medium - large cobble (150-300mm) (6-12in.),NA,NA,NA,NA,2009
2008-2014,2009-07-15,279,NA,3880,Steep Main RR - Downstream,39.462240707619635,-121.60468317506228,NA,EF_SE,25 foot beach seine with bag,good,17.5,sunny,NA,NA,Unid Juvenile Sculpin,NA,NA,NA,NA,NA,NA,NA,NA,NA,NA,Small - medium gravel (50-150mm) (2-6in.),Submerged Aquatic Veg/Algae,Riffle,NA,NA,NA,1,Medium - large cobble (150-300mm) (6-12in.),NA,NA,NA,NA,2009
2008-2014,2009-07-15,279,NA,3881,Steep Main RR - Downstream,39.462240707619635,-121.60468317506228,NA,EF_SE,25 foot beach seine with bag,good,17.5,sunny,NA,NA,Unid Juvenile Sculpin,NA,NA,NA,NA,NA,NA,NA,NA,NA,NA,Small - medium gravel (50-150mm) (2-6in.),Submerged Aquatic Veg/Algae,Riffle,NA,NA,NA,1,Medium - large cobble (150-300mm) (6-12in.),NA,NA,NA,NA,2009
2008-2014,2009-07-15,279,NA,3882,Steep Main RR - Downstream,39.462240707619635,-121.60468317506228,NA,EF_SE,25 foot beach seine with bag,good,17.5,sunny,NA,NA,Unid Juvenile Sculpin,NA,NA,NA,NA,NA,NA,NA,NA,NA,NA,Small - medium gravel (50-150mm) (2-6in.),Submerged Aquatic Veg/Algae,Riffle,NA,NA,NA,1,Medium - large cobble (150-300mm) (6-12in.),NA,NA,NA,NA,2009
2008-2014,2009-07-15,279,NA,3883,Steep Main RR - Downstream,39.462240707619635,-121.60468317506228,NA,EF_SE,25 foot beach seine with bag,good,17.5,sunny,NA,NA,Unid Juvenile Sculpin,NA,NA,NA,NA,NA,NA,NA,NA,NA,NA,Small - medium gravel (50-150mm) (2-6in.),Submerged Aquatic Veg/Algae,Riffle,NA,NA,NA,1,Medium - large cobble (150-300mm) (6-12in.),NA,NA,NA,NA,2009
2008-2014,2009-07-15,279,NA,3884,Steep Main RR - Downstream,39.462240707619635,-121.60468317506228,NA,EF_SE,25 foot beach seine with bag,good,17.5,sunny,NA,NA,Unid Juvenile Sculpin,NA,NA,NA,NA,NA,NA,NA,NA,NA,NA,Small - medium gravel (50-150mm) (2-6in.),Submerged Aquatic Veg/Algae,Riffle,NA,NA,NA,1,Medium - large cobble (150-300mm) (6-12in.),NA,NA,NA,NA,2009
2008-2014,2009-07-15,279,NA,3885,Steep Main RR - Downstream,39.462240707619635,-121.60468317506228,NA,EF_SE,25 foot beach seine with bag,good,17.5,sunny,NA,NA,Unid Juvenile Sculpin,NA,NA,NA,NA,NA,NA,NA,NA,NA,NA,Small - medium gravel (50-150mm) (2-6in.),Submerged Aquatic Veg/Algae,Riffle,NA,NA,NA,1,Medium - large cobble (150-300mm) (6-12in.),NA,NA,NA,NA,2009
2008-2014,2009-07-15,279,NA,3886,Steep Main RR - Downstream,39.462240707619635,-121.60468317506228,NA,EF_SE,25 foot beach seine with bag,good,17.5,sunny,NA,NA,Unid Juvenile Sculpin,NA,NA,NA,NA,NA,NA,NA,NA,NA,NA,Small - medium gravel (50-150mm) (2-6in.),Submerged Aquatic Veg/Algae,Riffle,NA,NA,NA,1,Medium - large cobble (150-300mm) (6-12in.),NA,NA,NA,NA,2009
2008-2014,2009-07-15,279,NA,3887,Steep Main RR - Downstream,39.462240707619635,-121.60468317506228,NA,EF_SE,25 foot beach seine with bag,good,17.5,sunny,NA,NA,Unid Juvenile Sculpin,NA,NA,NA,NA,NA,NA,NA,NA,NA,NA,Small - medium gravel (50-150mm) (2-6in.),Submerged Aquatic Veg/Algae,Riffle,NA,NA,NA,1,Medium - large cobble (150-300mm) (6-12in.),NA,NA,NA,NA,2009
2008-2014,2009-07-15,279,NA,3888,Steep Main RR - Downstream,39.462240707619635,-121.60468317506228,NA,EF_SE,25 foot beach seine with bag,good,17.5,sunny,NA,NA,Unid Juvenile Sculpin,NA,NA,NA,NA,NA,NA,NA,NA,NA,NA,Small - medium gravel (50-150mm) (2-6in.),Submerged Aquatic Veg/Algae,Riffle,NA,NA,NA,1,Medium - large cobble (150-300mm) (6-12in.),NA,NA,NA,NA,2009
2008-2014,2009-07-15,279,NA,3889,Steep Main RR - Downstream,39.462240707619635,-121.60468317506228,NA,EF_SE,25 foot beach seine with bag,good,17.5,sunny,NA,NA,Unid Juvenile Sculpin,NA,NA,NA,NA,NA,NA,NA,NA,NA,NA,Small - medium gravel (50-150mm) (2-6in.),Submerged Aquatic Veg/Algae,Riffle,NA,NA,NA,1,Medium - large cobble (150-300mm) (6-12in.),NA,NA,NA,NA,2009
2008-2014,2009-07-15,279,NA,3890,Steep Main RR - Downstream,39.462240707619635,-121.60468317506228,NA,EF_SE,25 foot beach seine with bag,good,17.5,sunny,NA,NA,Unid Juvenile Sculpin,NA,NA,NA,NA,NA,NA,NA,NA,NA,NA,Small - medium gravel (50-150mm) (2-6in.),Submerged Aquatic Veg/Algae,Riffle,NA,NA,NA,1,Medium - large cobble (150-300mm) (6-12in.),NA,NA,NA,NA,2009
2008-2014,2009-07-15,279,NA,3891,Steep Main RR - Downstream,39.462240707619635,-121.60468317506228,NA,EF_SE,25 foot beach seine with bag,good,17.5,sunny,NA,NA,Unid Juvenile Sculpin,NA,NA,NA,NA,NA,NA,NA,NA,NA,NA,Small - medium gravel (50-150mm) (2-6in.),Submerged Aquatic Veg/Algae,Riffle,NA,NA,NA,1,Medium - large cobble (150-300mm) (6-12in.),NA,NA,NA,NA,2009
2008-2014,2009-07-15,279,NA,3892,Steep Main RR - Downstream,39.462240707619635,-121.60468317506228,NA,EF_SE,25 foot beach seine with bag,good,17.5,sunny,NA,NA,Unid Juvenile Sculpin,NA,NA,NA,NA,NA,NA,NA,NA,NA,NA,Small - medium gravel (50-150mm) (2-6in.),Submerged Aquatic Veg/Algae,Riffle,NA,NA,NA,1,Medium - large cobble (150-300mm) (6-12in.),NA,NA,NA,NA,2009
2008-2014,2009-07-15,279,NA,3893,Steep Main RR - Downstream,39.462240707619635,-121.60468317506228,NA,EF_SE,25 foot beach seine with bag,good,17.5,sunny,NA,NA,Unid Juvenile Sculpin,NA,NA,NA,NA,NA,NA,NA,NA,NA,NA,Small - medium gravel (50-150mm) (2-6in.),Submerged Aquatic Veg/Algae,Riffle,NA,NA,NA,1,Medium - large cobble (150-300mm) (6-12in.),NA,NA,NA,NA,2009
2008-2014,2009-07-15,279,NA,3894,Steep Main RR - Downstream,39.462240707619635,-121.60468317506228,NA,EF_SE,25 foot beach seine with bag,good,17.5,sunny,NA,NA,Unid Juvenile Sculpin,NA,NA,NA,NA,NA,NA,NA,NA,NA,NA,Small - medium gravel (50-150mm) (2-6in.),Submerged Aquatic Veg/Algae,Riffle,NA,NA,NA,1,Medium - large cobble (150-300mm) (6-12in.),NA,NA,NA,NA,2009
2008-2014,2009-07-15,279,NA,3895,Steep Main RR - Downstream,39.462240707619635,-121.60468317506228,NA,EF_SE,25 foot beach seine with bag,good,17.5,sunny,NA,NA,Unid Juvenile Sculpin,NA,NA,NA,NA,NA,NA,NA,NA,NA,NA,Small - medium gravel (50-150mm) (2-6in.),Submerged Aquatic Veg/Algae,Riffle,NA,NA,NA,5,Medium - large cobble (150-300mm) (6-12in.),NA,NA,NA,NA,2009
2008-2014,2009-07-15,279,NA,3896,Steep Main RR - Downstream,39.462240707619635,-121.60468317506228,NA,EF_SE,25 foot beach seine with bag,good,17.5,sunny,NA,NA,Speckled Dace,NA,NA,NA,NA,NA,NA,NA,NA,NA,NA,Small - medium gravel (50-150mm) (2-6in.),Submerged Aquatic Veg/Algae,Riffle,NA,NA,NA,1,Medium - large cobble (150-300mm) (6-12in.),NA,NA,NA,NA,2009
2008-2014,2009-07-15,280,NA,3897,Steep Main RR - Upstream,39.462937961867105,-121.60428005334087,NA,EF_SE,backpack shock into any seine,good,NA,sunny,NA,NA,Unid Juvenile Sculpin,NA,NA,NA,NA,NA,NA,NA,NA,NA,NA,Fine - small gravel (0-50mm) (0-2in.),No Apparent  Cover,Riffle,NA,NA,NA,1,Small - medium gravel (50-150mm) (2-6in.),Medium - large cobble (150-300mm) (6-12in.),NA,Undercut Bank,NA,2009
2008-2014,2009-07-15,280,NA,3898,Steep Main RR - Upstream,39.462937961867105,-121.60428005334087,NA,EF_SE,backpack shock into any seine,good,NA,sunny,NA,NA,Unid Juvenile Sculpin,NA,NA,NA,NA,NA,NA,NA,NA,NA,NA,Fine - small gravel (0-50mm) (0-2in.),No Apparent  Cover,Riffle,NA,NA,NA,1,Small - medium gravel (50-150mm) (2-6in.),Medium - large cobble (150-300mm) (6-12in.),NA,Undercut Bank,NA,2009
2008-2014,2009-07-15,280,NA,3899,Steep Main RR - Upstream,39.462937961867105,-121.60428005334087,NA,EF_SE,backpack shock into any seine,good,NA,sunny,NA,NA,Unid Juvenile Sculpin,NA,NA,NA,NA,NA,NA,NA,NA,NA,NA,Fine - small gravel (0-50mm) (0-2in.),No Apparent  Cover,Riffle,NA,NA,NA,1,Small - medium gravel (50-150mm) (2-6in.),Medium - large cobble (150-300mm) (6-12in.),NA,Undercut Bank,NA,2009
2008-2014,2009-07-15,280,NA,3900,Steep Main RR - Upstream,39.462937961867105,-121.60428005334087,NA,EF_SE,backpack shock into any seine,good,NA,sunny,NA,NA,Unid Juvenile Sculpin,NA,NA,NA,NA,NA,NA,NA,NA,NA,NA,Fine - small gravel (0-50mm) (0-2in.),No Apparent  Cover,Riffle,NA,NA,NA,1,Small - medium gravel (50-150mm) (2-6in.),Medium - large cobble (150-300mm) (6-12in.),NA,Undercut Bank,NA,2009
2008-2014,2009-07-15,280,NA,3901,Steep Main RR - Upstream,39.462937961867105,-121.60428005334087,NA,EF_SE,backpack shock into any seine,good,NA,sunny,NA,NA,Unid Juvenile Sculpin,NA,NA,NA,NA,NA,NA,NA,NA,NA,NA,Fine - small gravel (0-50mm) (0-2in.),No Apparent  Cover,Riffle,NA,NA,NA,1,Small - medium gravel (50-150mm) (2-6in.),Medium - large cobble (150-300mm) (6-12in.),NA,Undercut Bank,NA,2009
2008-2014,2009-07-15,280,NA,3902,Steep Main RR - Upstream,39.462937961867105,-121.60428005334087,NA,EF_SE,backpack shock into any seine,good,NA,sunny,NA,NA,Unid Juvenile Sculpin,NA,NA,NA,NA,NA,NA,NA,NA,NA,NA,Fine - small gravel (0-50mm) (0-2in.),No Apparent  Cover,Riffle,NA,NA,NA,1,Small - medium gravel (50-150mm) (2-6in.),Medium - large cobble (150-300mm) (6-12in.),NA,Undercut Bank,NA,2009
2008-2014,2009-07-15,280,NA,3903,Steep Main RR - Upstream,39.462937961867105,-121.60428005334087,NA,EF_SE,backpack shock into any seine,good,NA,sunny,NA,NA,Unid Juvenile Sculpin,NA,NA,NA,NA,NA,NA,NA,NA,NA,NA,Fine - small gravel (0-50mm) (0-2in.),No Apparent  Cover,Riffle,NA,NA,NA,1,Small - medium gravel (50-150mm) (2-6in.),Medium - large cobble (150-300mm) (6-12in.),NA,Undercut Bank,NA,2009
2008-2014,2009-07-15,280,NA,3904,Steep Main RR - Upstream,39.462937961867105,-121.60428005334087,NA,EF_SE,backpack shock into any seine,good,NA,sunny,NA,NA,Unid Juvenile Sculpin,NA,NA,NA,NA,NA,NA,NA,NA,NA,NA,Fine - small gravel (0-50mm) (0-2in.),No Apparent  Cover,Riffle,NA,NA,NA,1,Small - medium gravel (50-150mm) (2-6in.),Medium - large cobble (150-300mm) (6-12in.),NA,Undercut Bank,NA,2009
2008-2014,2009-07-15,280,NA,3905,Steep Main RR - Upstream,39.462937961867105,-121.60428005334087,NA,EF_SE,backpack shock into any seine,good,NA,sunny,NA,NA,Unid Juvenile Sculpin,NA,NA,NA,NA,NA,NA,NA,NA,NA,NA,Fine - small gravel (0-50mm) (0-2in.),No Apparent  Cover,Riffle,NA,NA,NA,1,Small - medium gravel (50-150mm) (2-6in.),Medium - large cobble (150-300mm) (6-12in.),NA,Undercut Bank,NA,2009
2008-2014,2009-07-15,280,NA,3906,Steep Main RR - Upstream,39.462937961867105,-121.60428005334087,NA,EF_SE,backpack shock into any seine,good,NA,sunny,NA,NA,Unid Juvenile Sculpin,NA,NA,NA,NA,NA,NA,NA,NA,NA,NA,Fine - small gravel (0-50mm) (0-2in.),No Apparent  Cover,Riffle,NA,NA,NA,1,Small - medium gravel (50-150mm) (2-6in.),Medium - large cobble (150-300mm) (6-12in.),NA,Undercut Bank,NA,2009
2008-2014,2009-07-15,280,NA,3907,Steep Main RR - Upstream,39.462937961867105,-121.60428005334087,NA,EF_SE,backpack shock into any seine,good,NA,sunny,NA,NA,Unid Juvenile Sculpin,NA,NA,NA,NA,NA,NA,NA,NA,NA,NA,Fine - small gravel (0-50mm) (0-2in.),No Apparent  Cover,Riffle,NA,NA,NA,1,Small - medium gravel (50-150mm) (2-6in.),Medium - large cobble (150-300mm) (6-12in.),NA,Undercut Bank,NA,2009
2008-2014,2009-07-15,280,NA,3908,Steep Main RR - Upstream,39.462937961867105,-121.60428005334087,NA,EF_SE,backpack shock into any seine,good,NA,sunny,NA,NA,Unid Juvenile Sculpin,NA,NA,NA,NA,NA,NA,NA,NA,NA,NA,Fine - small gravel (0-50mm) (0-2in.),No Apparent  Cover,Riffle,NA,NA,NA,1,Small - medium gravel (50-150mm) (2-6in.),Medium - large cobble (150-300mm) (6-12in.),NA,Undercut Bank,NA,2009
2008-2014,2009-07-15,280,NA,3909,Steep Main RR - Upstream,39.462937961867105,-121.60428005334087,NA,EF_SE,backpack shock into any seine,good,NA,sunny,NA,NA,Unid Juvenile Sculpin,NA,NA,NA,NA,NA,NA,NA,NA,NA,NA,Fine - small gravel (0-50mm) (0-2in.),No Apparent  Cover,Riffle,NA,NA,NA,1,Small - medium gravel (50-150mm) (2-6in.),Medium - large cobble (150-300mm) (6-12in.),NA,Undercut Bank,NA,2009
2008-2014,2009-07-15,280,NA,3910,Steep Main RR - Upstream,39.462937961867105,-121.60428005334087,NA,EF_SE,backpack shock into any seine,good,NA,sunny,NA,NA,Unid Juvenile Sculpin,NA,NA,NA,NA,NA,NA,NA,NA,NA,NA,Fine - small gravel (0-50mm) (0-2in.),No Apparent  Cover,Riffle,NA,NA,NA,1,Small - medium gravel (50-150mm) (2-6in.),Medium - large cobble (150-300mm) (6-12in.),NA,Undercut Bank,NA,2009
2008-2014,2009-07-15,280,NA,3911,Steep Main RR - Upstream,39.462937961867105,-121.60428005334087,NA,EF_SE,backpack shock into any seine,good,NA,sunny,NA,NA,Unid Juvenile Sculpin,NA,NA,NA,NA,NA,NA,NA,NA,NA,NA,Fine - small gravel (0-50mm) (0-2in.),No Apparent  Cover,Riffle,NA,NA,NA,1,Small - medium gravel (50-150mm) (2-6in.),Medium - large cobble (150-300mm) (6-12in.),NA,Undercut Bank,NA,2009
2008-2014,2009-07-15,280,NA,3912,Steep Main RR - Upstream,39.462937961867105,-121.60428005334087,NA,EF_SE,backpack shock into any seine,good,NA,sunny,NA,NA,Unid Juvenile Sculpin,NA,NA,NA,NA,NA,NA,NA,NA,NA,NA,Fine - small gravel (0-50mm) (0-2in.),No Apparent  Cover,Riffle,NA,NA,NA,1,Small - medium gravel (50-150mm) (2-6in.),Medium - large cobble (150-300mm) (6-12in.),NA,Undercut Bank,NA,2009
2008-2014,2009-07-15,280,NA,3913,Steep Main RR - Upstream,39.462937961867105,-121.60428005334087,NA,EF_SE,backpack shock into any seine,good,NA,sunny,NA,NA,Unid Juvenile Sculpin,NA,NA,NA,NA,NA,NA,NA,NA,NA,NA,Fine - small gravel (0-50mm) (0-2in.),No Apparent  Cover,Riffle,NA,NA,NA,1,Small - medium gravel (50-150mm) (2-6in.),Medium - large cobble (150-300mm) (6-12in.),NA,Undercut Bank,NA,2009
2008-2014,2009-07-15,280,NA,3914,Steep Main RR - Upstream,39.462937961867105,-121.60428005334087,NA,EF_SE,backpack shock into any seine,good,NA,sunny,NA,NA,Unid Juvenile Sculpin,NA,NA,NA,NA,NA,NA,NA,NA,NA,NA,Fine - small gravel (0-50mm) (0-2in.),No Apparent  Cover,Riffle,NA,NA,NA,1,Small - medium gravel (50-150mm) (2-6in.),Medium - large cobble (150-300mm) (6-12in.),NA,Undercut Bank,NA,2009
2008-2014,2009-07-15,280,NA,3915,Steep Main RR - Upstream,39.462937961867105,-121.60428005334087,NA,EF_SE,backpack shock into any seine,good,NA,sunny,NA,NA,Unid Juvenile Sculpin,NA,NA,NA,NA,NA,NA,NA,NA,NA,NA,Fine - small gravel (0-50mm) (0-2in.),No Apparent  Cover,Riffle,NA,NA,NA,1,Small - medium gravel (50-150mm) (2-6in.),Medium - large cobble (150-300mm) (6-12in.),NA,Undercut Bank,NA,2009
2008-2014,2009-07-15,280,NA,3916,Steep Main RR - Upstream,39.462937961867105,-121.60428005334087,NA,EF_SE,backpack shock into any seine,good,NA,sunny,NA,NA,Unid Juvenile Sculpin,NA,NA,NA,NA,NA,NA,NA,NA,NA,NA,Fine - small gravel (0-50mm) (0-2in.),No Apparent  Cover,Riffle,NA,NA,NA,1,Small - medium gravel (50-150mm) (2-6in.),Medium - large cobble (150-300mm) (6-12in.),NA,Undercut Bank,NA,2009
2008-2014,2009-07-15,280,NA,3917,Steep Main RR - Upstream,39.462937961867105,-121.60428005334087,NA,EF_SE,backpack shock into any seine,good,NA,sunny,NA,NA,Unid Juvenile Sculpin,NA,NA,NA,NA,NA,NA,NA,NA,NA,NA,Fine - small gravel (0-50mm) (0-2in.),No Apparent  Cover,Riffle,NA,NA,NA,9,Small - medium gravel (50-150mm) (2-6in.),Medium - large cobble (150-300mm) (6-12in.),NA,Undercut Bank,NA,2009
2008-2014,2009-06-24,285,NA,3963,McFarland Main RR - Upstream,NA,NA,NA,EF_SE,backpack shock into any seine,good,18.5,sunny,NA,NA,Speckled Dace,57,NA,NA,NA,NA,NA,NA,NA,NA,NA,Small - medium gravel (50-150mm) (2-6in.),No Apparent  Cover,Riffle,NA,NA,NA,1,NA,NA,NA,NA,NA,2009
2008-2014,2009-06-24,285,NA,3964,McFarland Main RR - Upstream,NA,NA,NA,EF_SE,backpack shock into any seine,good,18.5,sunny,NA,NA,Speckled Dace,70,NA,NA,NA,NA,NA,NA,NA,NA,NA,Small - medium gravel (50-150mm) (2-6in.),No Apparent  Cover,Riffle,NA,NA,NA,1,NA,NA,NA,NA,NA,2009
2008-2014,2009-06-24,285,NA,3965,McFarland Main RR - Upstream,NA,NA,NA,EF_SE,backpack shock into any seine,good,18.5,sunny,NA,NA,Speckled Dace,48,NA,NA,NA,NA,NA,NA,NA,NA,NA,Small - medium gravel (50-150mm) (2-6in.),No Apparent  Cover,Riffle,NA,NA,NA,1,NA,NA,NA,NA,NA,2009
2008-2014,2009-06-24,285,NA,3966,McFarland Main RR - Upstream,NA,NA,NA,EF_SE,backpack shock into any seine,good,18.5,sunny,NA,NA,Unid Juvenile Sculpin,NA,NA,NA,NA,NA,NA,NA,NA,NA,NA,Small - medium gravel (50-150mm) (2-6in.),No Apparent  Cover,Riffle,NA,NA,NA,1,NA,NA,NA,NA,NA,2009
2008-2014,2009-06-24,285,NA,3967,McFarland Main RR - Upstream,NA,NA,NA,EF_SE,backpack shock into any seine,good,18.5,sunny,NA,NA,Prickly Sculpin,NA,NA,NA,NA,NA,NA,NA,NA,NA,NA,Small - medium gravel (50-150mm) (2-6in.),No Apparent  Cover,Riffle,NA,NA,NA,1,NA,NA,NA,NA,NA,2009
2008-2014,2009-06-24,285,NA,3968,McFarland Main RR - Upstream,NA,NA,NA,EF_SE,backpack shock into any seine,good,18.5,sunny,NA,NA,Prickly Sculpin,NA,NA,NA,NA,NA,NA,NA,NA,NA,NA,Small - medium gravel (50-150mm) (2-6in.),No Apparent  Cover,Riffle,NA,NA,NA,1,NA,NA,NA,NA,NA,2009
2008-2014,2009-06-24,285,NA,3969,McFarland Main RR - Upstream,NA,NA,NA,EF_SE,backpack shock into any seine,good,18.5,sunny,NA,NA,Riffle Sculpin,NA,NA,NA,NA,NA,NA,NA,NA,NA,NA,Small - medium gravel (50-150mm) (2-6in.),No Apparent  Cover,Riffle,NA,NA,NA,1,NA,NA,NA,NA,NA,2009
2008-2014,2009-06-26,287,NA,4014,Bedrock Park RL,39.51299134724815,-121.56877267584329,NA,EF_SE,backpack shock into any seine,good,NA,sunny,NA,NA,Riffle Sculpin,NA,NA,NA,NA,NA,NA,NA,NA,NA,NA,Boulder (>300mm) (>12in.),Small Instream Objects/Woody Debris,Riffle,NA,NA,NA,1,Medium - large cobble (150-300mm) (6-12in.),NA,NA,NA,NA,2009
2008-2014,2009-06-26,287,NA,4015,Bedrock Park RL,39.51299134724815,-121.56877267584329,NA,EF_SE,backpack shock into any seine,good,NA,sunny,NA,NA,Riffle Sculpin,NA,NA,NA,NA,NA,NA,NA,NA,NA,NA,Boulder (>300mm) (>12in.),Small Instream Objects/Woody Debris,Riffle,NA,NA,NA,1,Medium - large cobble (150-300mm) (6-12in.),NA,NA,NA,NA,2009
2008-2014,2009-06-26,287,NA,4016,Bedrock Park RL,39.51299134724815,-121.56877267584329,NA,EF_SE,backpack shock into any seine,good,NA,sunny,NA,NA,Riffle Sculpin,NA,NA,NA,NA,NA,NA,NA,NA,NA,NA,Boulder (>300mm) (>12in.),Small Instream Objects/Woody Debris,Riffle,NA,NA,NA,1,Medium - large cobble (150-300mm) (6-12in.),NA,NA,NA,NA,2009
2008-2014,2009-06-26,287,NA,4017,Bedrock Park RL,39.51299134724815,-121.56877267584329,NA,EF_SE,backpack shock into any seine,good,NA,sunny,NA,NA,Riffle Sculpin,NA,NA,NA,NA,NA,NA,NA,NA,NA,NA,Boulder (>300mm) (>12in.),Small Instream Objects/Woody Debris,Riffle,NA,NA,NA,1,Medium - large cobble (150-300mm) (6-12in.),NA,NA,NA,NA,2009
2008-2014,2009-06-26,287,NA,4018,Bedrock Park RL,39.51299134724815,-121.56877267584329,NA,EF_SE,backpack shock into any seine,good,NA,sunny,NA,NA,Riffle Sculpin,NA,NA,NA,NA,NA,NA,NA,NA,NA,NA,Boulder (>300mm) (>12in.),Small Instream Objects/Woody Debris,Riffle,NA,NA,NA,1,Medium - large cobble (150-300mm) (6-12in.),NA,NA,NA,NA,2009
2008-2014,2009-06-26,287,NA,4019,Bedrock Park RL,39.51299134724815,-121.56877267584329,NA,EF_SE,backpack shock into any seine,good,NA,sunny,NA,NA,Riffle Sculpin,NA,NA,NA,NA,NA,NA,NA,NA,NA,NA,Boulder (>300mm) (>12in.),Small Instream Objects/Woody Debris,Riffle,NA,NA,NA,1,Medium - large cobble (150-300mm) (6-12in.),NA,NA,NA,NA,2009
2008-2014,2009-06-23,290,NA,4057,G95 SC RL,NA,NA,NA,EF_SE,backpack shock into any seine,good,20,sunny,NA,NA,Prickly Sculpin,NA,NA,NA,NA,NA,NA,NA,NA,NA,NA,Small - medium gravel (50-150mm) (2-6in.),Small Instream Objects/Woody Debris,Riffle,NA,NA,NA,1,NA,NA,NA,NA,NA,2009
2008-2014,2009-06-23,290,NA,4058,G95 SC RL,NA,NA,NA,EF_SE,backpack shock into any seine,good,20,sunny,NA,NA,Prickly Sculpin,NA,NA,NA,NA,NA,NA,NA,NA,NA,NA,Small - medium gravel (50-150mm) (2-6in.),Small Instream Objects/Woody Debris,Riffle,NA,NA,NA,1,NA,NA,NA,NA,NA,2009
2008-2014,2009-06-23,290,NA,4059,G95 SC RL,NA,NA,NA,EF_SE,backpack shock into any seine,good,20,sunny,NA,NA,Prickly Sculpin,NA,NA,NA,NA,NA,NA,NA,NA,NA,NA,Small - medium gravel (50-150mm) (2-6in.),Small Instream Objects/Woody Debris,Riffle,NA,NA,NA,1,NA,NA,NA,NA,NA,2009
2008-2014,2009-06-23,290,NA,4060,G95 SC RL,NA,NA,NA,EF_SE,backpack shock into any seine,good,20,sunny,NA,NA,Prickly Sculpin,NA,NA,NA,NA,NA,NA,NA,NA,NA,NA,Small - medium gravel (50-150mm) (2-6in.),Small Instream Objects/Woody Debris,Riffle,NA,NA,NA,1,NA,NA,NA,NA,NA,2009
2008-2014,2009-06-23,293,NA,4080,Steep Main RR - Downstream,39.462240707619635,-121.60468317506228,NA,EF_SE,backpack shock into any seine,good,16.75,sunny,NA,NA,Speckled Dace,75,NA,NA,NA,NA,NA,NA,NA,NA,NA,Small - medium gravel (50-150mm) (2-6in.),No Apparent  Cover,Riffle,NA,NA,NA,1,Medium - large cobble (150-300mm) (6-12in.),NA,NA,NA,NA,2009
2008-2014,2009-06-23,293,NA,4081,Steep Main RR - Downstream,39.462240707619635,-121.60468317506228,NA,EF_SE,backpack shock into any seine,good,16.75,sunny,NA,NA,Unid Juvenile Sculpin,NA,NA,NA,NA,NA,NA,NA,NA,NA,NA,Small - medium gravel (50-150mm) (2-6in.),No Apparent  Cover,Riffle,NA,NA,NA,1,Medium - large cobble (150-300mm) (6-12in.),NA,NA,NA,NA,2009
2008-2014,2009-06-23,293,NA,4082,Steep Main RR - Downstream,39.462240707619635,-121.60468317506228,NA,EF_SE,backpack shock into any seine,good,16.75,sunny,NA,NA,Unid Juvenile Sculpin,NA,NA,NA,NA,NA,NA,NA,NA,NA,NA,Small - medium gravel (50-150mm) (2-6in.),No Apparent  Cover,Riffle,NA,NA,NA,1,Medium - large cobble (150-300mm) (6-12in.),NA,NA,NA,NA,2009
2008-2014,2009-06-23,293,NA,4083,Steep Main RR - Downstream,39.462240707619635,-121.60468317506228,NA,EF_SE,backpack shock into any seine,good,16.75,sunny,NA,NA,Riffle Sculpin,NA,NA,NA,NA,NA,NA,NA,NA,NA,NA,Small - medium gravel (50-150mm) (2-6in.),No Apparent  Cover,Riffle,NA,NA,NA,1,Medium - large cobble (150-300mm) (6-12in.),NA,NA,NA,NA,2009
2008-2014,2009-06-23,293,NA,4084,Steep Main RR - Downstream,39.462240707619635,-121.60468317506228,NA,EF_SE,backpack shock into any seine,good,16.75,sunny,NA,NA,Riffle Sculpin,NA,NA,NA,NA,NA,NA,NA,NA,NA,NA,Small - medium gravel (50-150mm) (2-6in.),No Apparent  Cover,Riffle,NA,NA,NA,1,Medium - large cobble (150-300mm) (6-12in.),NA,NA,NA,NA,2009
2008-2014,2009-06-23,293,NA,4085,Steep Main RR - Downstream,39.462240707619635,-121.60468317506228,NA,EF_SE,backpack shock into any seine,good,16.75,sunny,NA,NA,Prickly Sculpin,NA,NA,NA,NA,NA,NA,NA,NA,NA,NA,Small - medium gravel (50-150mm) (2-6in.),No Apparent  Cover,Riffle,NA,NA,NA,1,Medium - large cobble (150-300mm) (6-12in.),NA,NA,NA,NA,2009
2008-2014,2009-06-23,293,NA,4087,Steep Main RR - Downstream,39.462240707619635,-121.60468317506228,NA,EF_SE,backpack shock into any seine,good,16.75,sunny,NA,NA,Rainbow Trout (wild),122,NA,NA,NA,NA,NA,NA,NA,NA,NA,Small - medium gravel (50-150mm) (2-6in.),No Apparent  Cover,Riffle,NA,NA,NA,1,Medium - large cobble (150-300mm) (6-12in.),NA,NA,NA,NA,2009
2008-2014,2009-06-23,293,NA,4088,Steep Main RR - Downstream,39.462240707619635,-121.60468317506228,NA,EF_SE,backpack shock into any seine,good,16.75,sunny,NA,NA,Rainbow Trout (wild),90,NA,NA,NA,NA,NA,NA,NA,NA,NA,Small - medium gravel (50-150mm) (2-6in.),No Apparent  Cover,Riffle,NA,NA,NA,1,Medium - large cobble (150-300mm) (6-12in.),NA,NA,NA,NA,2009
2008-2014,2009-06-23,293,NA,4089,Steep Main RR - Downstream,39.462240707619635,-121.60468317506228,NA,EF_SE,backpack shock into any seine,good,16.75,sunny,NA,NA,Rainbow Trout (wild),118,NA,NA,NA,NA,NA,NA,NA,NA,NA,Small - medium gravel (50-150mm) (2-6in.),No Apparent  Cover,Riffle,NA,NA,NA,1,Medium - large cobble (150-300mm) (6-12in.),NA,NA,NA,NA,2009
2008-2014,2009-06-23,294,NA,4090,Steep side channel - Upstream,39.46298184138251,-121.60336633450677,NA,EF_SE,backpack shock into any seine,good,16.5,sunny,NA,NA,Prickly Sculpin,NA,NA,NA,NA,NA,NA,NA,NA,NA,NA,Small - medium gravel (50-150mm) (2-6in.),No Apparent  Cover,Riffle,NA,NA,NA,1,Medium - large cobble (150-300mm) (6-12in.),NA,NA,NA,NA,2009
2008-2014,2009-06-23,294,NA,4091,Steep side channel - Upstream,39.46298184138251,-121.60336633450677,NA,EF_SE,backpack shock into any seine,good,16.5,sunny,NA,NA,Prickly Sculpin,NA,NA,NA,NA,NA,NA,NA,NA,NA,NA,Small - medium gravel (50-150mm) (2-6in.),No Apparent  Cover,Riffle,NA,NA,NA,1,Medium - large cobble (150-300mm) (6-12in.),NA,NA,NA,NA,2009
2008-2014,2009-06-23,295,NA,4092,Eye Main RR - Downstream,39.45681138827642,-121.61503175870253,NA,EF_SE,backpack shock into any seine,good,16.5,sunny,NA,NA,Unid Juvenile Sculpin,NA,NA,NA,NA,NA,NA,NA,NA,NA,NA,Small - medium gravel (50-150mm) (2-6in.),No Apparent  Cover,Riffle,NA,NA,NA,1,Medium - large cobble (150-300mm) (6-12in.),NA,NA,NA,NA,2009
2008-2014,2009-06-23,295,NA,4093,Eye Main RR - Downstream,39.45681138827642,-121.61503175870253,NA,EF_SE,backpack shock into any seine,good,16.5,sunny,NA,NA,Unid Juvenile Sculpin,NA,NA,NA,NA,NA,NA,NA,NA,NA,NA,Small - medium gravel (50-150mm) (2-6in.),No Apparent  Cover,Riffle,NA,NA,NA,1,Medium - large cobble (150-300mm) (6-12in.),NA,NA,NA,NA,2009
2008-2014,2009-06-23,295,NA,4094,Eye Main RR - Downstream,39.45681138827642,-121.61503175870253,NA,EF_SE,backpack shock into any seine,good,16.5,sunny,NA,NA,Prickly Sculpin,NA,NA,NA,NA,NA,NA,NA,NA,NA,NA,Small - medium gravel (50-150mm) (2-6in.),No Apparent  Cover,Riffle,NA,NA,NA,1,Medium - large cobble (150-300mm) (6-12in.),NA,NA,NA,NA,2009
2008-2014,2009-06-23,296,NA,4095,Steep side channel - Downstream,39.46243841443723,-121.60356118035766,NA,EF_SE,backpack shock into any seine,good,17,sunny,NA,NA,Unid Juvenile Sculpin,NA,NA,NA,NA,NA,NA,NA,NA,NA,NA,Small - medium gravel (50-150mm) (2-6in.),No Apparent  Cover,Riffle,NA,NA,NA,1,Fine - small gravel (0-50mm) (0-2in.),Medium - large cobble (150-300mm) (6-12in.),NA,NA,NA,2009
2008-2014,2009-06-23,296,NA,4096,Steep side channel - Downstream,39.46243841443723,-121.60356118035766,NA,EF_SE,backpack shock into any seine,good,17,sunny,NA,NA,Unid Juvenile Sculpin,NA,NA,NA,NA,NA,NA,NA,NA,NA,NA,Small - medium gravel (50-150mm) (2-6in.),No Apparent  Cover,Riffle,NA,NA,NA,1,Fine - small gravel (0-50mm) (0-2in.),Medium - large cobble (150-300mm) (6-12in.),NA,NA,NA,2009
2008-2014,2009-06-23,297,NA,4097,Eye side channel,39.45659105038165,-121.61411873782232,NA,EF_SE,backpack shock into any seine,good,16.5,sunny,NA,NA,Unid Juvenile Sculpin,NA,NA,NA,NA,NA,NA,NA,NA,NA,NA,Small - medium gravel (50-150mm) (2-6in.),Overhead Objects,Riffle,NA,NA,NA,1,Medium - large cobble (150-300mm) (6-12in.),NA,NA,NA,NA,2009
2008-2014,2009-06-23,297,NA,4098,Eye side channel,39.45659105038165,-121.61411873782232,NA,EF_SE,backpack shock into any seine,good,16.5,sunny,NA,NA,Unid Juvenile Sculpin,NA,NA,NA,NA,NA,NA,NA,NA,NA,NA,Small - medium gravel (50-150mm) (2-6in.),Overhead Objects,Riffle,NA,NA,NA,1,Medium - large cobble (150-300mm) (6-12in.),NA,NA,NA,NA,2009
2008-2014,2009-06-23,297,NA,4099,Eye side channel,39.45659105038165,-121.61411873782232,NA,EF_SE,backpack shock into any seine,good,16.5,sunny,NA,NA,Unid Juvenile Sculpin,NA,NA,NA,NA,NA,NA,NA,NA,NA,NA,Small - medium gravel (50-150mm) (2-6in.),Overhead Objects,Riffle,NA,NA,NA,1,Medium - large cobble (150-300mm) (6-12in.),NA,NA,NA,NA,2009
2008-2014,2009-06-23,297,NA,4100,Eye side channel,39.45659105038165,-121.61411873782232,NA,EF_SE,backpack shock into any seine,good,16.5,sunny,NA,NA,Unid Juvenile Sculpin,NA,NA,NA,NA,NA,NA,NA,NA,NA,NA,Small - medium gravel (50-150mm) (2-6in.),Overhead Objects,Riffle,NA,NA,NA,1,Medium - large cobble (150-300mm) (6-12in.),NA,NA,NA,NA,2009
2008-2014,2009-06-23,297,NA,4101,Eye side channel,39.45659105038165,-121.61411873782232,NA,EF_SE,backpack shock into any seine,good,16.5,sunny,NA,NA,Unid Juvenile Sculpin,NA,NA,NA,NA,NA,NA,NA,NA,NA,NA,Small - medium gravel (50-150mm) (2-6in.),Overhead Objects,Riffle,NA,NA,NA,1,Medium - large cobble (150-300mm) (6-12in.),NA,NA,NA,NA,2009
2008-2014,2009-06-23,297,NA,4102,Eye side channel,39.45659105038165,-121.61411873782232,NA,EF_SE,backpack shock into any seine,good,16.5,sunny,NA,NA,Rainbow Trout (wild),79,NA,NA,NA,NA,NA,NA,NA,NA,NA,Small - medium gravel (50-150mm) (2-6in.),Overhead Objects,Riffle,NA,NA,NA,1,Medium - large cobble (150-300mm) (6-12in.),NA,NA,NA,NA,2009
2008-2014,2009-06-23,297,NA,4103,Eye side channel,39.45659105038165,-121.61411873782232,NA,EF_SE,backpack shock into any seine,good,16.5,sunny,NA,NA,Rainbow Trout (wild),83,NA,NA,NA,NA,NA,NA,NA,NA,NA,Small - medium gravel (50-150mm) (2-6in.),Overhead Objects,Riffle,NA,NA,NA,1,Medium - large cobble (150-300mm) (6-12in.),NA,NA,NA,NA,2009
2008-2014,2009-06-23,298,NA,4104,Steep Main RR - Upstream,39.462937961867105,-121.60428005334087,NA,EF_SE,backpack shock into any seine,good,17,sunny,NA,NA,Chinook Salmon- Fall,66,NA,NA,NA,NA,NA,NA,NA,NA,NA,Small - medium gravel (50-150mm) (2-6in.),No Apparent  Cover,Riffle,NA,NA,NA,1,Medium - large cobble (150-300mm) (6-12in.),NA,NA,NA,NA,2009
2008-2014,2009-06-23,298,NA,4105,Steep Main RR - Upstream,39.462937961867105,-121.60428005334087,NA,EF_SE,backpack shock into any seine,good,17,sunny,NA,NA,Prickly Sculpin,NA,NA,NA,NA,NA,NA,NA,NA,NA,NA,Small - medium gravel (50-150mm) (2-6in.),No Apparent  Cover,Riffle,NA,NA,NA,1,Medium - large cobble (150-300mm) (6-12in.),NA,NA,NA,NA,2009
2008-2014,2009-06-23,298,NA,4106,Steep Main RR - Upstream,39.462937961867105,-121.60428005334087,NA,EF_SE,backpack shock into any seine,good,17,sunny,NA,NA,Prickly Sculpin,NA,NA,NA,NA,NA,NA,NA,NA,NA,NA,Small - medium gravel (50-150mm) (2-6in.),No Apparent  Cover,Riffle,NA,NA,NA,1,Medium - large cobble (150-300mm) (6-12in.),NA,NA,NA,NA,2009
2008-2014,2009-06-23,298,NA,4107,Steep Main RR - Upstream,39.462937961867105,-121.60428005334087,NA,EF_SE,backpack shock into any seine,good,17,sunny,NA,NA,Prickly Sculpin,NA,NA,NA,NA,NA,NA,NA,NA,NA,NA,Small - medium gravel (50-150mm) (2-6in.),No Apparent  Cover,Riffle,NA,NA,NA,1,Medium - large cobble (150-300mm) (6-12in.),NA,NA,NA,NA,2009
2008-2014,2009-06-23,298,NA,4108,Steep Main RR - Upstream,39.462937961867105,-121.60428005334087,NA,EF_SE,backpack shock into any seine,good,17,sunny,NA,NA,Prickly Sculpin,NA,NA,NA,NA,NA,NA,NA,NA,NA,NA,Small - medium gravel (50-150mm) (2-6in.),No Apparent  Cover,Riffle,NA,NA,NA,1,Medium - large cobble (150-300mm) (6-12in.),NA,NA,NA,NA,2009
2008-2014,2009-06-23,298,NA,4109,Steep Main RR - Upstream,39.462937961867105,-121.60428005334087,NA,EF_SE,backpack shock into any seine,good,17,sunny,NA,NA,Prickly Sculpin,NA,NA,NA,NA,NA,NA,NA,NA,NA,NA,Small - medium gravel (50-150mm) (2-6in.),No Apparent  Cover,Riffle,NA,NA,NA,1,Medium - large cobble (150-300mm) (6-12in.),NA,NA,NA,NA,2009
2008-2014,2009-06-23,298,NA,4110,Steep Main RR - Upstream,39.462937961867105,-121.60428005334087,NA,EF_SE,backpack shock into any seine,good,17,sunny,NA,NA,Prickly Sculpin,NA,NA,NA,NA,NA,NA,NA,NA,NA,NA,Small - medium gravel (50-150mm) (2-6in.),No Apparent  Cover,Riffle,NA,NA,NA,1,Medium - large cobble (150-300mm) (6-12in.),NA,NA,NA,NA,2009
2008-2014,2009-06-23,298,NA,4111,Steep Main RR - Upstream,39.462937961867105,-121.60428005334087,NA,EF_SE,backpack shock into any seine,good,17,sunny,NA,NA,Prickly Sculpin,NA,NA,NA,NA,NA,NA,NA,NA,NA,NA,Small - medium gravel (50-150mm) (2-6in.),No Apparent  Cover,Riffle,NA,NA,NA,1,Medium - large cobble (150-300mm) (6-12in.),NA,NA,NA,NA,2009
2008-2014,2009-06-23,298,NA,4112,Steep Main RR - Upstream,39.462937961867105,-121.60428005334087,NA,EF_SE,backpack shock into any seine,good,17,sunny,NA,NA,Prickly Sculpin,NA,NA,NA,NA,NA,NA,NA,NA,NA,NA,Small - medium gravel (50-150mm) (2-6in.),No Apparent  Cover,Riffle,NA,NA,NA,1,Medium - large cobble (150-300mm) (6-12in.),NA,NA,NA,NA,2009
2008-2014,2009-06-23,298,NA,4113,Steep Main RR - Upstream,39.462937961867105,-121.60428005334087,NA,EF_SE,backpack shock into any seine,good,17,sunny,NA,NA,Prickly Sculpin,NA,NA,NA,NA,NA,NA,NA,NA,NA,NA,Small - medium gravel (50-150mm) (2-6in.),No Apparent  Cover,Riffle,NA,NA,NA,1,Medium - large cobble (150-300mm) (6-12in.),NA,NA,NA,NA,2009
2008-2014,2009-06-23,298,NA,4114,Steep Main RR - Upstream,39.462937961867105,-121.60428005334087,NA,EF_SE,backpack shock into any seine,good,17,sunny,NA,NA,Prickly Sculpin,NA,NA,NA,NA,NA,NA,NA,NA,NA,NA,Small - medium gravel (50-150mm) (2-6in.),No Apparent  Cover,Riffle,NA,NA,NA,1,Medium - large cobble (150-300mm) (6-12in.),NA,NA,NA,NA,2009
2008-2014,2009-06-23,298,NA,4115,Steep Main RR - Upstream,39.462937961867105,-121.60428005334087,NA,EF_SE,backpack shock into any seine,good,17,sunny,NA,NA,Prickly Sculpin,NA,NA,NA,NA,NA,NA,NA,NA,NA,NA,Small - medium gravel (50-150mm) (2-6in.),No Apparent  Cover,Riffle,NA,NA,NA,1,Medium - large cobble (150-300mm) (6-12in.),NA,NA,NA,NA,2009
2008-2014,2009-06-23,298,NA,4116,Steep Main RR - Upstream,39.462937961867105,-121.60428005334087,NA,EF_SE,backpack shock into any seine,good,17,sunny,NA,NA,Prickly Sculpin,NA,NA,NA,NA,NA,NA,NA,NA,NA,NA,Small - medium gravel (50-150mm) (2-6in.),No Apparent  Cover,Riffle,NA,NA,NA,1,Medium - large cobble (150-300mm) (6-12in.),NA,NA,NA,NA,2009
2008-2014,2009-06-23,298,NA,4117,Steep Main RR - Upstream,39.462937961867105,-121.60428005334087,NA,EF_SE,backpack shock into any seine,good,17,sunny,NA,NA,Prickly Sculpin,NA,NA,NA,NA,NA,NA,NA,NA,NA,NA,Small - medium gravel (50-150mm) (2-6in.),No Apparent  Cover,Riffle,NA,NA,NA,1,Medium - large cobble (150-300mm) (6-12in.),NA,NA,NA,NA,2009
2008-2014,2009-06-23,298,NA,4118,Steep Main RR - Upstream,39.462937961867105,-121.60428005334087,NA,EF_SE,backpack shock into any seine,good,17,sunny,NA,NA,Prickly Sculpin,NA,NA,NA,NA,NA,NA,NA,NA,NA,NA,Small - medium gravel (50-150mm) (2-6in.),No Apparent  Cover,Riffle,NA,NA,NA,1,Medium - large cobble (150-300mm) (6-12in.),NA,NA,NA,NA,2009
2008-2014,2009-06-23,298,NA,4119,Steep Main RR - Upstream,39.462937961867105,-121.60428005334087,NA,EF_SE,backpack shock into any seine,good,17,sunny,NA,NA,Prickly Sculpin,NA,NA,NA,NA,NA,NA,NA,NA,NA,NA,Small - medium gravel (50-150mm) (2-6in.),No Apparent  Cover,Riffle,NA,NA,NA,1,Medium - large cobble (150-300mm) (6-12in.),NA,NA,NA,NA,2009
2008-2014,2009-06-23,298,NA,4120,Steep Main RR - Upstream,39.462937961867105,-121.60428005334087,NA,EF_SE,backpack shock into any seine,good,17,sunny,NA,NA,Prickly Sculpin,NA,NA,NA,NA,NA,NA,NA,NA,NA,NA,Small - medium gravel (50-150mm) (2-6in.),No Apparent  Cover,Riffle,NA,NA,NA,1,Medium - large cobble (150-300mm) (6-12in.),NA,NA,NA,NA,2009
2008-2014,2009-06-23,298,NA,4121,Steep Main RR - Upstream,39.462937961867105,-121.60428005334087,NA,EF_SE,backpack shock into any seine,good,17,sunny,NA,NA,Prickly Sculpin,NA,NA,NA,NA,NA,NA,NA,NA,NA,NA,Small - medium gravel (50-150mm) (2-6in.),No Apparent  Cover,Riffle,NA,NA,NA,1,Medium - large cobble (150-300mm) (6-12in.),NA,NA,NA,NA,2009
2008-2014,2009-06-23,298,NA,4122,Steep Main RR - Upstream,39.462937961867105,-121.60428005334087,NA,EF_SE,backpack shock into any seine,good,17,sunny,NA,NA,Prickly Sculpin,NA,NA,NA,NA,NA,NA,NA,NA,NA,NA,Small - medium gravel (50-150mm) (2-6in.),No Apparent  Cover,Riffle,NA,NA,NA,1,Medium - large cobble (150-300mm) (6-12in.),NA,NA,NA,NA,2009
2008-2014,2009-06-23,298,NA,4123,Steep Main RR - Upstream,39.462937961867105,-121.60428005334087,NA,EF_SE,backpack shock into any seine,good,17,sunny,NA,NA,Prickly Sculpin,NA,NA,NA,NA,NA,NA,NA,NA,NA,NA,Small - medium gravel (50-150mm) (2-6in.),No Apparent  Cover,Riffle,NA,NA,NA,1,Medium - large cobble (150-300mm) (6-12in.),NA,NA,NA,NA,2009
2008-2014,2009-06-23,298,NA,4124,Steep Main RR - Upstream,39.462937961867105,-121.60428005334087,NA,EF_SE,backpack shock into any seine,good,17,sunny,NA,NA,Prickly Sculpin,NA,NA,NA,NA,NA,NA,NA,NA,NA,NA,Small - medium gravel (50-150mm) (2-6in.),No Apparent  Cover,Riffle,NA,NA,NA,1,Medium - large cobble (150-300mm) (6-12in.),NA,NA,NA,NA,2009
2008-2014,2009-06-23,298,NA,4125,Steep Main RR - Upstream,39.462937961867105,-121.60428005334087,NA,EF_SE,backpack shock into any seine,good,17,sunny,NA,NA,Prickly Sculpin,NA,NA,NA,NA,NA,NA,NA,NA,NA,NA,Small - medium gravel (50-150mm) (2-6in.),No Apparent  Cover,Riffle,NA,NA,NA,1,Medium - large cobble (150-300mm) (6-12in.),NA,NA,NA,NA,2009
2008-2014,2009-06-23,298,NA,4126,Steep Main RR - Upstream,39.462937961867105,-121.60428005334087,NA,EF_SE,backpack shock into any seine,good,17,sunny,NA,NA,Unid Juvenile Sculpin,NA,NA,NA,NA,NA,NA,NA,NA,NA,NA,Small - medium gravel (50-150mm) (2-6in.),No Apparent  Cover,Riffle,NA,NA,NA,1,Medium - large cobble (150-300mm) (6-12in.),NA,NA,NA,NA,2009
2008-2014,2009-06-23,298,NA,4127,Steep Main RR - Upstream,39.462937961867105,-121.60428005334087,NA,EF_SE,backpack shock into any seine,good,17,sunny,NA,NA,Unid Juvenile Sculpin,NA,NA,NA,NA,NA,NA,NA,NA,NA,NA,Small - medium gravel (50-150mm) (2-6in.),No Apparent  Cover,Riffle,NA,NA,NA,1,Medium - large cobble (150-300mm) (6-12in.),NA,NA,NA,NA,2009
2008-2014,2009-06-23,298,NA,4128,Steep Main RR - Upstream,39.462937961867105,-121.60428005334087,NA,EF_SE,backpack shock into any seine,good,17,sunny,NA,NA,Unid Juvenile Sculpin,NA,NA,NA,NA,NA,NA,NA,NA,NA,NA,Small - medium gravel (50-150mm) (2-6in.),No Apparent  Cover,Riffle,NA,NA,NA,1,Medium - large cobble (150-300mm) (6-12in.),NA,NA,NA,NA,2009
2008-2014,2009-06-23,298,NA,4129,Steep Main RR - Upstream,39.462937961867105,-121.60428005334087,NA,EF_SE,backpack shock into any seine,good,17,sunny,NA,NA,Rainbow Trout (wild),75,NA,NA,NA,NA,NA,NA,NA,NA,NA,Small - medium gravel (50-150mm) (2-6in.),No Apparent  Cover,Riffle,NA,NA,NA,1,Medium - large cobble (150-300mm) (6-12in.),NA,NA,NA,NA,2009
2008-2014,2009-06-23,298,NA,4130,Steep Main RR - Upstream,39.462937961867105,-121.60428005334087,NA,EF_SE,backpack shock into any seine,good,17,sunny,NA,NA,Rainbow Trout (wild),127,NA,NA,NA,NA,NA,NA,NA,NA,NA,Small - medium gravel (50-150mm) (2-6in.),No Apparent  Cover,Riffle,NA,NA,NA,1,Medium - large cobble (150-300mm) (6-12in.),NA,NA,NA,NA,2009
2008-2014,2014-05-21,338,NA,5374,G95 SC  RR,39.43121470540894,-121.63242348793818,NA,EF_SE,50 foot beach seine with bag,good,16,sunny,NA,NA,Sacramento Pikeminnow,104,NA,NA,83.23,NA,7.62,0.56,0.72,NA,NA,Small - medium gravel (50-150mm) (2-6in.),No Apparent  Cover,Run,NA,NA,NA,1,Medium - large cobble (150-300mm) (6-12in.),NA,NA,NA,NA,2014
2008-2014,2014-05-21,338,NA,5375,G95 SC  RR,39.43121470540894,-121.63242348793818,NA,EF_SE,50 foot beach seine with bag,good,16,sunny,NA,NA,Sacramento Pikeminnow,105,NA,NA,83.23,NA,7.62,0.56,0.72,NA,NA,Small - medium gravel (50-150mm) (2-6in.),No Apparent  Cover,Run,NA,NA,NA,1,Medium - large cobble (150-300mm) (6-12in.),NA,NA,NA,NA,2014
2008-2014,2014-05-21,338,NA,5376,G95 SC  RR,39.43121470540894,-121.63242348793818,NA,EF_SE,50 foot beach seine with bag,good,16,sunny,NA,NA,Sacramento Pikeminnow,90,NA,NA,83.23,NA,7.62,0.56,0.72,NA,NA,Small - medium gravel (50-150mm) (2-6in.),No Apparent  Cover,Run,NA,NA,NA,1,Medium - large cobble (150-300mm) (6-12in.),NA,NA,NA,NA,2014
2008-2014,2014-05-21,338,NA,5377,G95 SC  RR,39.43121470540894,-121.63242348793818,NA,EF_SE,50 foot beach seine with bag,good,16,sunny,NA,NA,Sacramento Pikeminnow,92,NA,NA,83.23,NA,7.62,0.56,0.72,NA,NA,Small - medium gravel (50-150mm) (2-6in.),No Apparent  Cover,Run,NA,NA,NA,1,Medium - large cobble (150-300mm) (6-12in.),NA,NA,NA,NA,2014
2008-2014,2014-05-21,338,NA,5378,G95 SC  RR,39.43121470540894,-121.63242348793818,NA,EF_SE,50 foot beach seine with bag,good,16,sunny,NA,NA,Sacramento Pikeminnow,82,NA,NA,83.23,NA,7.62,0.56,0.72,NA,NA,Small - medium gravel (50-150mm) (2-6in.),No Apparent  Cover,Run,NA,NA,NA,1,Medium - large cobble (150-300mm) (6-12in.),NA,NA,NA,NA,2014
2008-2014,2014-05-21,338,NA,5379,G95 SC  RR,39.43121470540894,-121.63242348793818,NA,EF_SE,50 foot beach seine with bag,good,16,sunny,NA,NA,Sacramento Pikeminnow,81,NA,NA,83.23,NA,7.62,0.56,0.72,NA,NA,Small - medium gravel (50-150mm) (2-6in.),No Apparent  Cover,Run,NA,NA,NA,1,Medium - large cobble (150-300mm) (6-12in.),NA,NA,NA,NA,2014
2008-2014,2014-05-21,338,NA,5380,G95 SC  RR,39.43121470540894,-121.63242348793818,NA,EF_SE,50 foot beach seine with bag,good,16,sunny,NA,NA,Sacramento Pikeminnow,72,NA,NA,83.23,NA,7.62,0.56,0.72,NA,NA,Small - medium gravel (50-150mm) (2-6in.),No Apparent  Cover,Run,NA,NA,NA,1,Medium - large cobble (150-300mm) (6-12in.),NA,NA,NA,NA,2014
2008-2014,2014-05-21,338,NA,5381,G95 SC  RR,39.43121470540894,-121.63242348793818,NA,EF_SE,50 foot beach seine with bag,good,16,sunny,NA,NA,Sacramento Pikeminnow,84,NA,NA,83.23,NA,7.62,0.56,0.72,NA,NA,Small - medium gravel (50-150mm) (2-6in.),No Apparent  Cover,Run,NA,NA,NA,1,Medium - large cobble (150-300mm) (6-12in.),NA,NA,NA,NA,2014
2008-2014,2014-05-21,338,NA,5382,G95 SC  RR,39.43121470540894,-121.63242348793818,NA,EF_SE,50 foot beach seine with bag,good,16,sunny,NA,NA,Sacramento Pikeminnow,75,NA,NA,83.23,NA,7.62,0.56,0.72,NA,NA,Small - medium gravel (50-150mm) (2-6in.),No Apparent  Cover,Run,NA,NA,NA,1,Medium - large cobble (150-300mm) (6-12in.),NA,NA,NA,NA,2014
2008-2014,2014-05-21,338,NA,5383,G95 SC  RR,39.43121470540894,-121.63242348793818,NA,EF_SE,50 foot beach seine with bag,good,16,sunny,NA,NA,Sacramento Pikeminnow,86,NA,NA,83.23,NA,7.62,0.56,0.72,NA,NA,Small - medium gravel (50-150mm) (2-6in.),No Apparent  Cover,Run,NA,NA,NA,1,Medium - large cobble (150-300mm) (6-12in.),NA,NA,NA,NA,2014
2008-2014,2014-05-21,338,NA,5384,G95 SC  RR,39.43121470540894,-121.63242348793818,NA,EF_SE,50 foot beach seine with bag,good,16,sunny,NA,NA,Sacramento Pikeminnow,NA,NA,NA,83.23,NA,7.62,0.56,0.72,NA,NA,Small - medium gravel (50-150mm) (2-6in.),No Apparent  Cover,Run,NA,NA,NA,15,Medium - large cobble (150-300mm) (6-12in.),NA,NA,NA,NA,2014
2008-2014,2014-05-21,338,NA,5385,G95 SC  RR,39.43121470540894,-121.63242348793818,NA,EF_SE,50 foot beach seine with bag,good,16,sunny,NA,NA,Hardhead,73,NA,NA,83.23,NA,7.62,0.56,0.72,NA,NA,Small - medium gravel (50-150mm) (2-6in.),No Apparent  Cover,Run,NA,NA,NA,1,Medium - large cobble (150-300mm) (6-12in.),NA,NA,NA,NA,2014
2008-2014,2014-05-21,338,NA,5386,G95 SC  RR,39.43121470540894,-121.63242348793818,NA,EF_SE,50 foot beach seine with bag,good,16,sunny,NA,NA,Hardhead,92,NA,NA,83.23,NA,7.62,0.56,0.72,NA,NA,Small - medium gravel (50-150mm) (2-6in.),No Apparent  Cover,Run,NA,NA,NA,1,Medium - large cobble (150-300mm) (6-12in.),NA,NA,NA,NA,2014
2008-2014,2014-05-21,338,NA,5387,G95 SC  RR,39.43121470540894,-121.63242348793818,NA,EF_SE,50 foot beach seine with bag,good,16,sunny,NA,NA,Hardhead,87,NA,NA,83.23,NA,7.62,0.56,0.72,NA,NA,Small - medium gravel (50-150mm) (2-6in.),No Apparent  Cover,Run,NA,NA,NA,1,Medium - large cobble (150-300mm) (6-12in.),NA,NA,NA,NA,2014
2008-2014,2014-05-21,338,NA,5388,G95 SC  RR,39.43121470540894,-121.63242348793818,NA,EF_SE,50 foot beach seine with bag,good,16,sunny,NA,NA,Hardhead,95,NA,NA,83.23,NA,7.62,0.56,0.72,NA,NA,Small - medium gravel (50-150mm) (2-6in.),No Apparent  Cover,Run,NA,NA,NA,1,Medium - large cobble (150-300mm) (6-12in.),NA,NA,NA,NA,2014
2008-2014,2014-05-21,338,NA,5389,G95 SC  RR,39.43121470540894,-121.63242348793818,NA,EF_SE,50 foot beach seine with bag,good,16,sunny,NA,NA,Hardhead,73,NA,NA,83.23,NA,7.62,0.56,0.72,NA,NA,Small - medium gravel (50-150mm) (2-6in.),No Apparent  Cover,Run,NA,NA,NA,1,Medium - large cobble (150-300mm) (6-12in.),NA,NA,NA,NA,2014
2008-2014,2014-05-21,338,NA,5390,G95 SC  RR,39.43121470540894,-121.63242348793818,NA,EF_SE,50 foot beach seine with bag,good,16,sunny,NA,NA,Hardhead,70,NA,NA,83.23,NA,7.62,0.56,0.72,NA,NA,Small - medium gravel (50-150mm) (2-6in.),No Apparent  Cover,Run,NA,NA,NA,1,Medium - large cobble (150-300mm) (6-12in.),NA,NA,NA,NA,2014
2008-2014,2014-05-21,338,NA,5391,G95 SC  RR,39.43121470540894,-121.63242348793818,NA,EF_SE,50 foot beach seine with bag,good,16,sunny,NA,NA,Hardhead,74,NA,NA,83.23,NA,7.62,0.56,0.72,NA,NA,Small - medium gravel (50-150mm) (2-6in.),No Apparent  Cover,Run,NA,NA,NA,1,Medium - large cobble (150-300mm) (6-12in.),NA,NA,NA,NA,2014
2008-2014,2014-05-21,338,NA,5392,G95 SC  RR,39.43121470540894,-121.63242348793818,NA,EF_SE,50 foot beach seine with bag,good,16,sunny,NA,NA,Hardhead,90,NA,NA,83.23,NA,7.62,0.56,0.72,NA,NA,Small - medium gravel (50-150mm) (2-6in.),No Apparent  Cover,Run,NA,NA,NA,1,Medium - large cobble (150-300mm) (6-12in.),NA,NA,NA,NA,2014
2008-2014,2014-05-21,338,NA,5393,G95 SC  RR,39.43121470540894,-121.63242348793818,NA,EF_SE,50 foot beach seine with bag,good,16,sunny,NA,NA,Hardhead,70,NA,NA,83.23,NA,7.62,0.56,0.72,NA,NA,Small - medium gravel (50-150mm) (2-6in.),No Apparent  Cover,Run,NA,NA,NA,1,Medium - large cobble (150-300mm) (6-12in.),NA,NA,NA,NA,2014
2008-2014,2014-05-21,338,NA,5394,G95 SC  RR,39.43121470540894,-121.63242348793818,NA,EF_SE,50 foot beach seine with bag,good,16,sunny,NA,NA,Hardhead,85,NA,NA,83.23,NA,7.62,0.56,0.72,NA,NA,Small - medium gravel (50-150mm) (2-6in.),No Apparent  Cover,Run,NA,NA,NA,1,Medium - large cobble (150-300mm) (6-12in.),NA,NA,NA,NA,2014
2008-2014,2014-05-21,338,NA,5395,G95 SC  RR,39.43121470540894,-121.63242348793818,NA,EF_SE,50 foot beach seine with bag,good,16,sunny,NA,NA,Hardhead,NA,NA,NA,83.23,NA,7.62,0.56,0.72,NA,NA,Small - medium gravel (50-150mm) (2-6in.),No Apparent  Cover,Run,NA,NA,NA,36,Medium - large cobble (150-300mm) (6-12in.),NA,NA,NA,NA,2014
2008-2014,2014-05-21,338,NA,5396,G95 SC  RR,39.43121470540894,-121.63242348793818,NA,EF_SE,50 foot beach seine with bag,good,16,sunny,NA,NA,Hitch,66,NA,NA,83.23,NA,7.62,0.56,0.72,NA,NA,Small - medium gravel (50-150mm) (2-6in.),No Apparent  Cover,Run,NA,NA,NA,1,Medium - large cobble (150-300mm) (6-12in.),NA,NA,NA,NA,2014
2008-2014,2014-06-10,344,NA,5543,Bedrock Park RL,39.51299134724815,-121.56877267584329,NA,EF_SE,50 foot beach seine with bag,good,NA,sunny,NA,NA,Chinook Salmon- Fall,55,NA,NA,24.25,NA,10,0.52,0.62,NA,NA,Fine - small gravel (0-50mm) (0-2in.),Submerged Aquatic Veg/Algae,Pool,NA,NA,NA,1,Small - medium gravel (50-150mm) (2-6in.),Medium - large cobble (150-300mm) (6-12in.),NA,NA,NA,2014
2008-2014,2014-06-10,344,NA,5544,Bedrock Park RL,39.51299134724815,-121.56877267584329,NA,EF_SE,50 foot beach seine with bag,good,NA,sunny,NA,NA,Rainbow Trout (wild),59,NA,NA,24.25,NA,10,0.52,0.62,NA,NA,Fine - small gravel (0-50mm) (0-2in.),Submerged Aquatic Veg/Algae,Pool,NA,NA,NA,1,Small - medium gravel (50-150mm) (2-6in.),Medium - large cobble (150-300mm) (6-12in.),NA,NA,NA,2014
2008-2014,2014-06-10,344,NA,5545,Bedrock Park RL,39.51299134724815,-121.56877267584329,NA,EF_SE,50 foot beach seine with bag,good,NA,sunny,NA,NA,Rainbow Trout (wild),64,NA,NA,24.25,NA,10,0.52,0.62,NA,NA,Fine - small gravel (0-50mm) (0-2in.),Submerged Aquatic Veg/Algae,Pool,NA,NA,NA,1,Small - medium gravel (50-150mm) (2-6in.),Medium - large cobble (150-300mm) (6-12in.),NA,NA,NA,2014
2008-2014,2014-06-10,344,NA,5546,Bedrock Park RL,39.51299134724815,-121.56877267584329,NA,EF_SE,50 foot beach seine with bag,good,NA,sunny,NA,NA,Rainbow Trout (wild),72,NA,NA,24.25,NA,10,0.52,0.62,NA,NA,Fine - small gravel (0-50mm) (0-2in.),Submerged Aquatic Veg/Algae,Pool,NA,NA,NA,1,Small - medium gravel (50-150mm) (2-6in.),Medium - large cobble (150-300mm) (6-12in.),NA,NA,NA,2014
2008-2014,2014-06-10,344,NA,5547,Bedrock Park RL,39.51299134724815,-121.56877267584329,NA,EF_SE,50 foot beach seine with bag,good,NA,sunny,NA,NA,Rainbow Trout (wild),63,NA,NA,24.25,NA,10,0.52,0.62,NA,NA,Fine - small gravel (0-50mm) (0-2in.),Submerged Aquatic Veg/Algae,Pool,NA,NA,NA,1,Small - medium gravel (50-150mm) (2-6in.),Medium - large cobble (150-300mm) (6-12in.),NA,NA,NA,2014
2008-2014,2014-06-10,344,NA,5548,Bedrock Park RL,39.51299134724815,-121.56877267584329,NA,EF_SE,50 foot beach seine with bag,good,NA,sunny,NA,NA,Rainbow Trout (wild),89,NA,NA,24.25,NA,10,0.52,0.62,NA,NA,Fine - small gravel (0-50mm) (0-2in.),Submerged Aquatic Veg/Algae,Pool,NA,NA,NA,1,Small - medium gravel (50-150mm) (2-6in.),Medium - large cobble (150-300mm) (6-12in.),NA,NA,NA,2014
2008-2014,2014-06-10,344,NA,5549,Bedrock Park RL,39.51299134724815,-121.56877267584329,NA,EF_SE,50 foot beach seine with bag,good,NA,sunny,NA,NA,Rainbow Trout (wild),63,NA,NA,24.25,NA,10,0.52,0.62,NA,NA,Fine - small gravel (0-50mm) (0-2in.),Submerged Aquatic Veg/Algae,Pool,NA,NA,NA,1,Small - medium gravel (50-150mm) (2-6in.),Medium - large cobble (150-300mm) (6-12in.),NA,NA,NA,2014
2008-2014,2014-06-10,344,NA,5550,Bedrock Park RL,39.51299134724815,-121.56877267584329,NA,EF_SE,50 foot beach seine with bag,good,NA,sunny,NA,NA,Unid Juvenile Sculpin,34,NA,NA,24.25,NA,10,0.52,0.62,NA,NA,Fine - small gravel (0-50mm) (0-2in.),Submerged Aquatic Veg/Algae,Pool,NA,NA,NA,1,Small - medium gravel (50-150mm) (2-6in.),Medium - large cobble (150-300mm) (6-12in.),NA,NA,NA,2014
2008-2014,2014-06-10,344,NA,5551,Bedrock Park RL,39.51299134724815,-121.56877267584329,NA,EF_SE,50 foot beach seine with bag,good,NA,sunny,NA,NA,Unid Juvenile Sculpin,33,NA,NA,24.25,NA,10,0.52,0.62,NA,NA,Fine - small gravel (0-50mm) (0-2in.),Submerged Aquatic Veg/Algae,Pool,NA,NA,NA,1,Small - medium gravel (50-150mm) (2-6in.),Medium - large cobble (150-300mm) (6-12in.),NA,NA,NA,2014
2008-2014,2014-06-10,344,NA,5552,Bedrock Park RL,39.51299134724815,-121.56877267584329,NA,EF_SE,50 foot beach seine with bag,good,NA,sunny,NA,NA,Unid Juvenile Bass (Micropterus sp.),22,NA,NA,24.25,NA,10,0.52,0.62,NA,NA,Fine - small gravel (0-50mm) (0-2in.),Submerged Aquatic Veg/Algae,Pool,NA,NA,NA,1,Small - medium gravel (50-150mm) (2-6in.),Medium - large cobble (150-300mm) (6-12in.),NA,NA,NA,2014
2008-2014,2014-06-10,344,NA,5553,Bedrock Park RL,39.51299134724815,-121.56877267584329,NA,EF_SE,50 foot beach seine with bag,good,NA,sunny,NA,NA,Unid Juvenile Bass (Micropterus sp.),24,NA,NA,24.25,NA,10,0.52,0.62,NA,NA,Fine - small gravel (0-50mm) (0-2in.),Submerged Aquatic Veg/Algae,Pool,NA,NA,NA,1,Small - medium gravel (50-150mm) (2-6in.),Medium - large cobble (150-300mm) (6-12in.),NA,NA,NA,2014
2008-2014,2014-06-10,344,NA,5554,Bedrock Park RL,39.51299134724815,-121.56877267584329,NA,EF_SE,50 foot beach seine with bag,good,NA,sunny,NA,NA,Unid Juvenile Bass (Micropterus sp.),24,NA,NA,24.25,NA,10,0.52,0.62,NA,NA,Fine - small gravel (0-50mm) (0-2in.),Submerged Aquatic Veg/Algae,Pool,NA,NA,NA,1,Small - medium gravel (50-150mm) (2-6in.),Medium - large cobble (150-300mm) (6-12in.),NA,NA,NA,2014
2008-2014,2014-06-10,344,NA,5555,Bedrock Park RL,39.51299134724815,-121.56877267584329,NA,EF_SE,50 foot beach seine with bag,good,NA,sunny,NA,NA,Prickly Sculpin,60,NA,NA,24.25,NA,10,0.52,0.62,NA,NA,Fine - small gravel (0-50mm) (0-2in.),Submerged Aquatic Veg/Algae,Pool,NA,NA,NA,1,Small - medium gravel (50-150mm) (2-6in.),Medium - large cobble (150-300mm) (6-12in.),NA,NA,NA,2014
2008-2014,2014-06-10,344,NA,5556,Bedrock Park RL,39.51299134724815,-121.56877267584329,NA,EF_SE,50 foot beach seine with bag,good,NA,sunny,NA,NA,Prickly Sculpin,65,NA,NA,24.25,NA,10,0.52,0.62,NA,NA,Fine - small gravel (0-50mm) (0-2in.),Submerged Aquatic Veg/Algae,Pool,NA,NA,NA,1,Small - medium gravel (50-150mm) (2-6in.),Medium - large cobble (150-300mm) (6-12in.),NA,NA,NA,2014
2008-2014,2014-06-10,344,NA,5557,Bedrock Park RL,39.51299134724815,-121.56877267584329,NA,EF_SE,50 foot beach seine with bag,good,NA,sunny,NA,NA,Prickly Sculpin,94,NA,NA,24.25,NA,10,0.52,0.62,NA,NA,Fine - small gravel (0-50mm) (0-2in.),Submerged Aquatic Veg/Algae,Pool,NA,NA,NA,1,Small - medium gravel (50-150mm) (2-6in.),Medium - large cobble (150-300mm) (6-12in.),NA,NA,NA,2014
2008-2014,2014-06-10,344,NA,5558,Bedrock Park RL,39.51299134724815,-121.56877267584329,NA,EF_SE,50 foot beach seine with bag,good,NA,sunny,NA,NA,Prickly Sculpin,93,NA,NA,24.25,NA,10,0.52,0.62,NA,NA,Fine - small gravel (0-50mm) (0-2in.),Submerged Aquatic Veg/Algae,Pool,NA,NA,NA,1,Small - medium gravel (50-150mm) (2-6in.),Medium - large cobble (150-300mm) (6-12in.),NA,NA,NA,2014
2008-2014,2014-06-10,344,NA,5559,Bedrock Park RL,39.51299134724815,-121.56877267584329,NA,EF_SE,50 foot beach seine with bag,good,NA,sunny,NA,NA,Sacramento Pikeminnow,80,NA,NA,24.25,NA,10,0.52,0.62,NA,NA,Fine - small gravel (0-50mm) (0-2in.),Submerged Aquatic Veg/Algae,Pool,NA,NA,NA,1,Small - medium gravel (50-150mm) (2-6in.),Medium - large cobble (150-300mm) (6-12in.),NA,NA,NA,2014
2008-2014,2014-07-30,350,NA,5681,Eye side channel,39.45659105038165,-121.61411873782232,NA,EF_SE,50 foot beach seine with bag,good,16,sunny,NA,NA,Rainbow Trout (wild),105,NA,NA,21.67,NA,4,0.5,0.63,NA,NA,Small - medium gravel (50-150mm) (2-6in.),No Apparent  Cover,Riffle,NA,NA,NA,1,NA,NA,NA,NA,NA,2014
2008-2014,2014-07-30,350,NA,5682,Eye side channel,39.45659105038165,-121.61411873782232,NA,EF_SE,50 foot beach seine with bag,good,16,sunny,NA,NA,Rainbow Trout (wild),122,NA,NA,21.67,NA,4,0.5,0.63,NA,NA,Small - medium gravel (50-150mm) (2-6in.),No Apparent  Cover,Riffle,NA,NA,NA,1,NA,NA,NA,NA,NA,2014
2008-2014,2014-07-30,350,NA,5683,Eye side channel,39.45659105038165,-121.61411873782232,NA,EF_SE,50 foot beach seine with bag,good,16,sunny,NA,NA,Rainbow Trout (wild),119,NA,NA,21.67,NA,4,0.5,0.63,NA,NA,Small - medium gravel (50-150mm) (2-6in.),No Apparent  Cover,Riffle,NA,NA,NA,1,NA,NA,NA,NA,NA,2014
2008-2014,2014-07-30,350,NA,5684,Eye side channel,39.45659105038165,-121.61411873782232,NA,EF_SE,50 foot beach seine with bag,good,16,sunny,NA,NA,Rainbow Trout (wild),144,NA,NA,21.67,NA,4,0.5,0.63,NA,NA,Small - medium gravel (50-150mm) (2-6in.),No Apparent  Cover,Riffle,NA,NA,NA,1,NA,NA,NA,NA,NA,2014
2008-2014,2014-07-30,350,NA,5685,Eye side channel,39.45659105038165,-121.61411873782232,NA,EF_SE,50 foot beach seine with bag,good,16,sunny,NA,NA,Rainbow Trout (wild),160,NA,NA,21.67,NA,4,0.5,0.63,NA,NA,Small - medium gravel (50-150mm) (2-6in.),No Apparent  Cover,Riffle,NA,NA,NA,1,NA,NA,NA,NA,NA,2014
2008-2014,2014-07-30,350,NA,5686,Eye side channel,39.45659105038165,-121.61411873782232,NA,EF_SE,50 foot beach seine with bag,good,16,sunny,NA,NA,Sacramento Pikeminnow,100,NA,NA,21.67,NA,4,0.5,0.63,NA,NA,Small - medium gravel (50-150mm) (2-6in.),No Apparent  Cover,Riffle,NA,NA,NA,1,NA,NA,NA,NA,NA,2014
2008-2014,2014-07-30,350,NA,5687,Eye side channel,39.45659105038165,-121.61411873782232,NA,EF_SE,50 foot beach seine with bag,good,16,sunny,NA,NA,Sacramento Sucker,29,NA,NA,21.67,NA,4,0.5,0.63,NA,NA,Small - medium gravel (50-150mm) (2-6in.),No Apparent  Cover,Riffle,NA,NA,NA,1,NA,NA,NA,NA,NA,2014
2008-2014,2014-07-30,351,NA,5688,G95 SC  RR,39.43121470540894,-121.63242348793818,NA,EF_SE,50 foot beach seine with bag,good,17.7,sunny,NA,NA,Sacramento Pikeminnow,48,NA,NA,38,NA,14,0.4,0.48,NA,NA,Small - medium gravel (50-150mm) (2-6in.),No Apparent  Cover,Riffle,NA,NA,NA,1,Medium - large cobble (150-300mm) (6-12in.),NA,NA,NA,NA,2014
2008-2014,2014-07-30,351,NA,5689,G95 SC  RR,39.43121470540894,-121.63242348793818,NA,EF_SE,50 foot beach seine with bag,good,17.7,sunny,NA,NA,Sacramento Pikeminnow,55,NA,NA,38,NA,14,0.4,0.48,NA,NA,Small - medium gravel (50-150mm) (2-6in.),No Apparent  Cover,Riffle,NA,NA,NA,1,Medium - large cobble (150-300mm) (6-12in.),NA,NA,NA,NA,2014
2008-2014,2014-07-30,351,NA,5690,G95 SC  RR,39.43121470540894,-121.63242348793818,NA,EF_SE,50 foot beach seine with bag,good,17.7,sunny,NA,NA,Sacramento Pikeminnow,58,NA,NA,38,NA,14,0.4,0.48,NA,NA,Small - medium gravel (50-150mm) (2-6in.),No Apparent  Cover,Riffle,NA,NA,NA,1,Medium - large cobble (150-300mm) (6-12in.),NA,NA,NA,NA,2014
2008-2014,2014-07-30,351,NA,5691,G95 SC  RR,39.43121470540894,-121.63242348793818,NA,EF_SE,50 foot beach seine with bag,good,17.7,sunny,NA,NA,Sacramento Pikeminnow,55,NA,NA,38,NA,14,0.4,0.48,NA,NA,Small - medium gravel (50-150mm) (2-6in.),No Apparent  Cover,Riffle,NA,NA,NA,1,Medium - large cobble (150-300mm) (6-12in.),NA,NA,NA,NA,2014
2008-2014,2014-07-30,351,NA,5692,G95 SC  RR,39.43121470540894,-121.63242348793818,NA,EF_SE,50 foot beach seine with bag,good,17.7,sunny,NA,NA,Sacramento Pikeminnow,65,NA,NA,38,NA,14,0.4,0.48,NA,NA,Small - medium gravel (50-150mm) (2-6in.),No Apparent  Cover,Riffle,NA,NA,NA,1,Medium - large cobble (150-300mm) (6-12in.),NA,NA,NA,NA,2014
2008-2014,2014-07-30,351,NA,5693,G95 SC  RR,39.43121470540894,-121.63242348793818,NA,EF_SE,50 foot beach seine with bag,good,17.7,sunny,NA,NA,Sacramento Pikeminnow,115,NA,NA,38,NA,14,0.4,0.48,NA,NA,Small - medium gravel (50-150mm) (2-6in.),No Apparent  Cover,Riffle,NA,NA,NA,1,Medium - large cobble (150-300mm) (6-12in.),NA,NA,NA,NA,2014
2008-2014,2014-07-30,351,NA,5694,G95 SC  RR,39.43121470540894,-121.63242348793818,NA,EF_SE,50 foot beach seine with bag,good,17.7,sunny,NA,NA,Sacramento Pikeminnow,113,NA,NA,38,NA,14,0.4,0.48,NA,NA,Small - medium gravel (50-150mm) (2-6in.),No Apparent  Cover,Riffle,NA,NA,NA,1,Medium - large cobble (150-300mm) (6-12in.),NA,NA,NA,NA,2014
2008-2014,2014-07-30,351,NA,5695,G95 SC  RR,39.43121470540894,-121.63242348793818,NA,EF_SE,50 foot beach seine with bag,good,17.7,sunny,NA,NA,Sacramento Pikeminnow,38,NA,NA,38,NA,14,0.4,0.48,NA,NA,Small - medium gravel (50-150mm) (2-6in.),No Apparent  Cover,Riffle,NA,NA,NA,1,Medium - large cobble (150-300mm) (6-12in.),NA,NA,NA,NA,2014
2008-2014,2014-07-30,351,NA,5696,G95 SC  RR,39.43121470540894,-121.63242348793818,NA,EF_SE,50 foot beach seine with bag,good,17.7,sunny,NA,NA,Sacramento Pikeminnow,36,NA,NA,38,NA,14,0.4,0.48,NA,NA,Small - medium gravel (50-150mm) (2-6in.),No Apparent  Cover,Riffle,NA,NA,NA,1,Medium - large cobble (150-300mm) (6-12in.),NA,NA,NA,NA,2014
2008-2014,2014-07-30,351,NA,5697,G95 SC  RR,39.43121470540894,-121.63242348793818,NA,EF_SE,50 foot beach seine with bag,good,17.7,sunny,NA,NA,Sacramento Pikeminnow,50,NA,NA,38,NA,14,0.4,0.48,NA,NA,Small - medium gravel (50-150mm) (2-6in.),No Apparent  Cover,Riffle,NA,NA,NA,1,Medium - large cobble (150-300mm) (6-12in.),NA,NA,NA,NA,2014
2008-2014,2014-07-30,351,NA,5698,G95 SC  RR,39.43121470540894,-121.63242348793818,NA,EF_SE,50 foot beach seine with bag,good,17.7,sunny,NA,NA,Hardhead,38,NA,NA,38,NA,14,0.4,0.48,NA,NA,Small - medium gravel (50-150mm) (2-6in.),No Apparent  Cover,Riffle,NA,NA,NA,1,Medium - large cobble (150-300mm) (6-12in.),NA,NA,NA,NA,2014
2008-2014,2014-07-30,351,NA,5699,G95 SC  RR,39.43121470540894,-121.63242348793818,NA,EF_SE,50 foot beach seine with bag,good,17.7,sunny,NA,NA,Rainbow Trout (wild),118,NA,NA,38,NA,14,0.4,0.48,NA,NA,Small - medium gravel (50-150mm) (2-6in.),No Apparent  Cover,Riffle,NA,NA,NA,1,Medium - large cobble (150-300mm) (6-12in.),NA,NA,NA,NA,2014
2008-2014,2014-07-30,351,NA,5700,G95 SC  RR,39.43121470540894,-121.63242348793818,NA,EF_SE,50 foot beach seine with bag,good,17.7,sunny,NA,NA,Sacramento Sucker,54,NA,NA,38,NA,14,0.4,0.48,NA,NA,Small - medium gravel (50-150mm) (2-6in.),No Apparent  Cover,Riffle,NA,NA,NA,1,Medium - large cobble (150-300mm) (6-12in.),NA,NA,NA,NA,2014
2015-2025,2017-07-31,589,NA,NA,Hatchery Ditch,39.516189,-121.558826,LFC,EF-SE,backpack shock into any seine,good,NA,sunny,NA,NA,Unid Juvenile Lamprey,NA,NA,NA,NA,NA,NA,NA,NA,NA,NA,Fine - small gravel (0-50mm) (0-2in.),Small Instream Objects/Woody Debris,Riffle & Run,NA,NA,Hatchery side channel water dropped due to hatchery shut off so we rescued/efished and returned fish to river below the weir,4,NA,NA,NA,NA,NA,2017
2015-2025,2017-07-31,589,NA,NA,Hatchery Ditch,39.516189,-121.558826,LFC,EF-SE,backpack shock into any seine,good,NA,sunny,NA,NA,Unid Juvenile Sculpin,95,NA,NA,NA,NA,NA,NA,NA,NA,NA,Fine - small gravel (0-50mm) (0-2in.),Small Instream Objects/Woody Debris,Riffle & Run,NA,NA,Hatchery side channel water dropped due to hatchery shut off so we rescued/efished and returned fish to river below the weir,1,NA,NA,NA,NA,NA,2017
2015-2025,2017-07-31,589,NA,NA,Hatchery Ditch,39.516189,-121.558826,LFC,EF-SE,backpack shock into any seine,good,NA,sunny,NA,NA,Unid Juvenile Sculpin,85,NA,NA,NA,NA,NA,NA,NA,NA,NA,Fine - small gravel (0-50mm) (0-2in.),Small Instream Objects/Woody Debris,Riffle & Run,NA,NA,Hatchery side channel water dropped due to hatchery shut off so we rescued/efished and returned fish to river below the weir,1,NA,NA,NA,NA,NA,2017
2015-2025,2017-07-31,589,NA,NA,Hatchery Ditch,39.516189,-121.558826,LFC,EF-SE,backpack shock into any seine,good,NA,sunny,NA,NA,Unid Juvenile Sculpin,117,NA,NA,NA,NA,NA,NA,NA,NA,NA,Fine - small gravel (0-50mm) (0-2in.),Small Instream Objects/Woody Debris,Riffle & Run,NA,NA,Hatchery side channel water dropped due to hatchery shut off so we rescued/efished and returned fish to river below the weir,1,NA,NA,NA,NA,NA,2017
2015-2025,2017-07-31,589,NA,NA,Hatchery Ditch,39.516189,-121.558826,LFC,EF-SE,backpack shock into any seine,good,NA,sunny,NA,NA,Unid Juvenile Sculpin,NA,NA,NA,NA,NA,NA,NA,NA,NA,NA,Fine - small gravel (0-50mm) (0-2in.),Small Instream Objects/Woody Debris,Riffle & Run,NA,NA,Hatchery side channel water dropped due to hatchery shut off so we rescued/efished and returned fish to river below the weir,47,NA,NA,NA,NA,NA,2017
2015-2025,2017-07-31,589,NA,NA,Hatchery Ditch,39.516189,-121.558826,LFC,EF-SE,backpack shock into any seine,good,NA,sunny,NA,NA,Sacramento Sucker,45,NA,NA,NA,NA,NA,NA,NA,NA,NA,Fine - small gravel (0-50mm) (0-2in.),Small Instream Objects/Woody Debris,Riffle & Run,NA,NA,Hatchery side channel water dropped due to hatchery shut off so we rescued/efished and returned fish to river below the weir,1,NA,NA,NA,NA,NA,2017
2015-2025,2017-07-31,589,NA,NA,Hatchery Ditch,39.516189,-121.558826,LFC,EF-SE,backpack shock into any seine,good,NA,sunny,NA,NA,Bluegill,91,NA,NA,NA,NA,NA,NA,NA,NA,NA,Fine - small gravel (0-50mm) (0-2in.),Small Instream Objects/Woody Debris,Riffle & Run,NA,NA,Hatchery side channel water dropped due to hatchery shut off so we rescued/efished and returned fish to river below the weir,1,NA,NA,NA,NA,NA,2017
2015-2025,2017-07-31,589,NA,NA,Hatchery Ditch,39.516189,-121.558826,LFC,EF-SE,backpack shock into any seine,good,NA,sunny,NA,NA,Green Sunfish,98,NA,NA,NA,NA,NA,NA,NA,NA,NA,Fine - small gravel (0-50mm) (0-2in.),Small Instream Objects/Woody Debris,Riffle & Run,NA,NA,Hatchery side channel water dropped due to hatchery shut off so we rescued/efished and returned fish to river below the weir,1,NA,NA,NA,NA,NA,2017
2015-2025,2017-07-31,589,NA,NA,Hatchery Ditch,39.516189,-121.558826,LFC,EF-SE,backpack shock into any seine,good,NA,sunny,NA,NA,Green Sunfish,NA,NA,NA,NA,NA,NA,NA,NA,NA,NA,Fine - small gravel (0-50mm) (0-2in.),Small Instream Objects/Woody Debris,Riffle & Run,NA,NA,Hatchery side channel water dropped due to hatchery shut off so we rescued/efished and returned fish to river below the weir,3,NA,NA,NA,NA,NA,2017
2015-2025,2017-07-31,589,NA,NA,Hatchery Ditch,39.516189,-121.558826,LFC,EF-SE,backpack shock into any seine,good,NA,sunny,NA,NA,Unid Juvenile non-Micropterus Sunfish,108,NA,NA,NA,NA,NA,NA,NA,NA,NA,Fine - small gravel (0-50mm) (0-2in.),Small Instream Objects/Woody Debris,Riffle & Run,NA,NA,Hatchery side channel water dropped due to hatchery shut off so we rescued/efished and returned fish to river below the weir,1,NA,NA,NA,NA,NA,2017
