location,date,longitude,latitude,channel_location,survey_method,n_redds
Below Big,2024-10-22T00:00:00Z,-121.62443136,39.38997402,HFC,drone,1
Below Big,2024-10-22T00:00:00Z,-121.62370888,39.38978359,HFC,drone,1
Below Big,2024-10-22T00:00:00Z,-121.62372759,39.38993214,HFC,drone,1
Below Big,2024-10-22T00:00:00Z,-121.62365379,39.38999568,HFC,drone,1
Below Big,2024-10-22T00:00:00Z,-121.62359125,39.39001876,HFC,drone,1
Below Big,2024-10-22T00:00:00Z,-121.62354812,39.39001229,HFC,drone,1
Below Big,2024-10-22T00:00:00Z,-121.62347453,39.3899941,HFC,drone,1
Below Big,2024-10-22T00:00:00Z,-121.62355748,39.38989115,HFC,drone,1
Below Big,2024-10-22T00:00:00Z,-121.62346607,39.39003406,HFC,drone,1
Below Big,2024-10-22T00:00:00Z,-121.62342454,39.39033671,HFC,drone,1
Below Big,2024-10-22T00:00:00Z,-121.62415431,39.39032438,HFC,drone,1
Below Big,2024-10-22T00:00:00Z,-121.62419743,39.39033355,HFC,drone,1
Below Big,2024-11-08T00:00:00Z,-121.62365475,39.38977142,HFC,drone,1
Below Big,2024-11-08T00:00:00Z,-121.62403141,39.39040685,HFC,drone,1
Below Big,2024-11-08T00:00:00Z,-121.62368808,39.39062693,HFC,drone,1
Below Big,2024-11-08T00:00:00Z,-121.62410638,39.39019713,HFC,drone,1
Below Big,2024-11-08T00:00:00Z,-121.62362991,39.38993261,HFC,drone,1
Below Big,2025-10-23T00:00:00Z,-121.62369901,39.39056717,HFC,drone,1
Below Big,2025-10-23T00:00:00Z,-121.62335068,39.39047721,HFC,drone,1
Below Big,2025-10-23T00:00:00Z,-121.62351865,39.39025501,HFC,drone,1
Below Big,2025-10-23T00:00:00Z,-121.62354649,39.39010246,HFC,drone,1
Below Big,2025-11-10T00:00:00Z,-121.62363534,39.3899045,HFC,drone,1
Below Big,2025-11-10T00:00:00Z,-121.62346323,39.39018165,HFC,drone,1
Below Big Hole East,2025-10-22T00:00:00Z,-121.63589705,39.43470968,HFC,drone,1
Below Big Hole East,2025-10-22T00:00:00Z,-121.63579035,39.43473185,HFC,drone,1
Below Big Hole East,2025-10-22T00:00:00Z,-121.63585242,39.43464775,HFC,drone,1
Below Big Hole East,2025-10-22T00:00:00Z,-121.63580233,39.4345987,HFC,drone,1
Below Big Hole East,2025-10-22T00:00:00Z,-121.63569934,39.43459102,HFC,drone,1
Below Big Hole East,2025-10-22T00:00:00Z,-121.63565963,39.43465034,HFC,drone,1
Below Big Hole East,2025-10-22T00:00:00Z,-121.63556184,39.43459022,HFC,drone,1
Below Big Hole East,2025-10-22T00:00:00Z,-121.63575164,39.43463365,HFC,drone,1
Below Big Hole East,2025-10-22T00:00:00Z,-121.63554398,39.43449064,HFC,drone,1
Below Big Hole East,2025-10-22T00:00:00Z,-121.63565191000001,39.4345121,HFC,drone,1
Below Big Hole East,2025-10-22T00:00:00Z,-121.63583314,39.43446091,HFC,drone,1
Below Big Hole East,2025-10-22T00:00:00Z,-121.63594196,39.43454378,HFC,drone,1
Below Big Hole East,2025-10-22T00:00:00Z,-121.63586576,39.43439101,HFC,drone,1
Below Big Hole East,2025-10-22T00:00:00Z,-121.63577921,39.43434152,HFC,drone,1
Below Big Hole East,2025-10-22T00:00:00Z,-121.63583628,39.43430018,HFC,drone,1
Below Big Hole East,2025-10-22T00:00:00Z,-121.63588752,39.43423696,HFC,drone,1
Below Big Hole East,2025-10-22T00:00:00Z,-121.6356026,39.43446396,HFC,drone,1
Below Big Hole East,2025-10-22T00:00:00Z,-121.635927,39.43444776,HFC,drone,1
Below Big Hole East,2025-10-22T00:00:00Z,-121.63571563000001,39.43419667,HFC,drone,1
Below Big Hole East,2025-10-22T00:00:00Z,-121.635676,39.43422524,HFC,drone,1
Below Big Hole East,2025-10-22T00:00:00Z,-121.6357463,39.43429297,HFC,drone,1
Below Big Hole East,2025-10-22T00:00:00Z,-121.63552789,39.43408733,HFC,drone,1
Below Big Hole East,2025-11-06T00:00:00Z,-121.63622161,39.43393308,HFC,drone,1
Below Big Hole East,2025-11-06T00:00:00Z,-121.63626891,39.43455246,HFC,drone,1
Below Big Hole East,2025-11-06T00:00:00Z,-121.63630305,39.43468468,HFC,drone,1
Big,2025-10-23T00:00:00Z,-121.62207413,39.39493777,HFC,drone,1
Big,2025-10-23T00:00:00Z,-121.62183623,39.39503306,HFC,drone,1
Big,2025-10-23T00:00:00Z,-121.62187241,39.39495108,HFC,drone,1
Big,2025-10-23T00:00:00Z,-121.6218772,39.39487853,HFC,drone,1
Big,2025-10-23T00:00:00Z,-121.62176907,39.39484782,HFC,drone,1
Big,2025-10-23T00:00:00Z,-121.62171671,39.39485243,HFC,drone,1
Big,2025-10-23T00:00:00Z,-121.62174934,39.39490776,HFC,drone,1
Big,2025-10-23T00:00:00Z,-121.62179764,39.39497284,HFC,drone,1
Big,2025-10-23T00:00:00Z,-121.62176594,39.39496951,HFC,drone,1
Big,2025-10-23T00:00:00Z,-121.62166146,39.39488547,HFC,drone,1
Big,2025-10-23T00:00:00Z,-121.62163491,39.39488383,HFC,drone,1
Big,2025-10-23T00:00:00Z,-121.62155237,39.39489079,HFC,drone,1
Big,2025-10-23T00:00:00Z,-121.62149123,39.39488732,HFC,drone,1
Big,2025-10-23T00:00:00Z,-121.62145954,39.39488061,HFC,drone,1
Big,2025-10-23T00:00:00Z,-121.62138791,39.39487135,HFC,drone,1
Big,2025-10-23T00:00:00Z,-121.62127501,39.39483663,HFC,drone,1
Big,2025-10-23T00:00:00Z,-121.62132946,39.39486574,HFC,drone,1
Big,2025-10-23T00:00:00Z,-121.62136641,39.39474269,HFC,drone,1
Big,2025-10-23T00:00:00Z,-121.62160989,39.39492641,HFC,drone,1
Big,2025-10-23T00:00:00Z,-121.6213315,39.39472294,HFC,drone,1
Big,2025-10-23T00:00:00Z,-121.62209425,39.39426057,HFC,drone,1
Big,2025-11-10T00:00:00Z,-121.62141426,39.39454684,HFC,drone,1
Big,2025-11-10T00:00:00Z,-121.62166308,39.3942851,HFC,drone,1
Big,2025-11-10T00:00:00Z,-121.62155064,39.39484482,HFC,drone,1
Big,2025-11-10T00:00:00Z,-121.62183519,39.39484206,HFC,drone,1
Big,2025-11-10T00:00:00Z,-121.62150344,39.39464863,HFC,drone,1
Big Bar,2024-10-22T00:00:00Z,-121.62759268,39.38645864,HFC,drone,1
Big Bar,2024-10-22T00:00:00Z,-121.6275505,39.38649819,HFC,drone,1
Big Bar,2024-10-22T00:00:00Z,-121.62750086,39.38651345,HFC,drone,1
Big Bar,2024-10-22T00:00:00Z,-121.62751324,39.38660514,HFC,drone,1
Big Bar,2024-10-22T00:00:00Z,-121.62754346,39.38662619,HFC,drone,1
Big Bar,2024-10-22T00:00:00Z,-121.62742787,39.38664903,HFC,drone,1
Big Bar,2024-10-22T00:00:00Z,-121.62739444,39.386676370000004,HFC,drone,1
Big Bar,2024-10-22T00:00:00Z,-121.62737499,39.3866845,HFC,drone,1
Big Bar,2024-10-22T00:00:00Z,-121.62738777,39.38669829,HFC,drone,1
Big Bar,2024-10-22T00:00:00Z,-121.62741163,39.38681213,HFC,drone,1
Big Bar,2024-10-22T00:00:00Z,-121.62754537000001,39.38654467,HFC,drone,1
Big Bar,2024-10-22T00:00:00Z,-121.6274661,39.38670054,HFC,drone,1
Big Bar,2024-10-22T00:00:00Z,-121.62742213,39.38668725,HFC,drone,1
Big Bar,2024-11-08T00:00:00Z,-121.62753933,39.386808,HFC,drone,1
Big Bar,2025-10-23T00:00:00Z,-121.62735901,39.38692409,HFC,drone,1
Big Bar,2025-10-23T00:00:00Z,-121.62753192,39.38685626,HFC,drone,1
Big Bar,2025-10-23T00:00:00Z,-121.62743385,39.38683269,HFC,drone,1
Big Bar,2025-10-23T00:00:00Z,-121.62744392,39.38666538,HFC,drone,1
Big Bar,2025-10-23T00:00:00Z,-121.62746545,39.38652062,HFC,drone,1
Big Bar,2025-10-23T00:00:00Z,-121.62759266,39.38644435,HFC,drone,1
Big Bar,2025-10-23T00:00:00Z,-121.62755973,39.38630422,HFC,drone,1
Big Bar,2025-10-23T00:00:00Z,-121.62774177,39.38629055,HFC,drone,1
Big Bar,2025-10-23T00:00:00Z,-121.62785207,39.38629712,HFC,drone,1
Big Bar,2025-10-23T00:00:00Z,-121.62819778,39.38625374,HFC,drone,1
Big Bar,2025-10-23T00:00:00Z,-121.62761869,39.38624612,HFC,drone,1
Big Bar,2025-10-23T00:00:00Z,-121.62750086,39.38655904,HFC,drone,1
Big Bar,2025-11-10T00:00:00Z,-121.62770418,39.38623589,HFC,drone,1
Big Hole East,2024-10-23T00:00:00Z,-121.6355787,39.4388567,HFC,drone,1
Big Hole East,2024-10-23T00:00:00Z,-121.63551699,39.43894591,HFC,drone,1
Big Hole East,2024-10-23T00:00:00Z,-121.63548949,39.43895617,HFC,drone,1
Big Hole East,2024-10-23T00:00:00Z,-121.63544673,39.43889835,HFC,drone,1
Big Hole East,2024-10-23T00:00:00Z,-121.63540433,39.43882166,HFC,drone,1
Big Hole East,2024-10-23T00:00:00Z,-121.63537222,39.43883504,HFC,drone,1
Big Hole East,2024-10-23T00:00:00Z,-121.63524658,39.43881664,HFC,drone,1
Big Hole East,2024-10-23T00:00:00Z,-121.63549694,39.43878413,HFC,drone,1
Big Hole East,2024-10-23T00:00:00Z,-121.6355191,39.43874219,HFC,drone,1
Big Hole East,2024-10-23T00:00:00Z,-121.63558174,39.43871896,HFC,drone,1
Big Hole East,2024-10-23T00:00:00Z,-121.63594865,39.43798228,HFC,drone,1
Big Hole East,2024-10-23T00:00:00Z,-121.636081,39.43801056,HFC,drone,1
Big Hole East,2024-10-23T00:00:00Z,-121.63606121,39.43795026,HFC,drone,1
Big Hole East,2024-10-23T00:00:00Z,-121.63588117,39.43794374,HFC,drone,1
Big Hole East,2024-10-23T00:00:00Z,-121.63606812,39.43788751,HFC,drone,1
Big Hole East,2024-10-23T00:00:00Z,-121.63614643,39.43782615,HFC,drone,1
Big Hole East,2024-10-23T00:00:00Z,-121.63607955,39.43772526,HFC,drone,1
Big Hole East,2024-10-23T00:00:00Z,-121.6361946,39.43794705,HFC,drone,1
Big Hole East,2024-10-23T00:00:00Z,-121.63617654,39.43787666,HFC,drone,1
Big Hole East,2024-10-23T00:00:00Z,-121.63619614,39.43767404,HFC,drone,1
Big Hole East,2024-10-23T00:00:00Z,-121.6362728,39.43771974,HFC,drone,1
Big Hole East,2024-10-23T00:00:00Z,-121.63567168,39.43868386,HFC,drone,1
Big Hole East,2024-11-07T00:00:00Z,-121.63544061,39.43886748,HFC,drone,1
Big Hole East,2024-11-07T00:00:00Z,-121.63556584,39.43882664,HFC,drone,1
Big Hole East,2024-11-07T00:00:00Z,-121.63625673,39.43796495,HFC,drone,1
Big Hole East,2024-11-07T00:00:00Z,-121.63589051,39.43779494,HFC,drone,1
Big Hole East,2024-11-19T00:00:00Z,-121.63524622,39.4389035,HFC,drone,1
Big Hole East,2024-11-19T00:00:00Z,-121.63529785,39.43884669,HFC,drone,1
Big Hole East,2024-11-19T00:00:00Z,-121.63532434,39.43888792,HFC,drone,1
Big Hole East,2024-11-19T00:00:00Z,-121.63536479,39.43888963,HFC,drone,1
Big Hole East,2024-11-19T00:00:00Z,-121.63540598,39.43867171,HFC,drone,1
Big Hole East,2024-11-19T00:00:00Z,-121.63538555,39.43865962,HFC,drone,1
Big Hole East,2024-11-19T00:00:00Z,-121.63616162,39.43798671,HFC,drone,1
Big Hole East,2025-10-22T00:00:00Z,-121.63540668,39.43964171,HFC,drone,1
Big Hole East,2025-10-22T00:00:00Z,-121.63525725,39.43961203,HFC,drone,1
Big Hole East,2025-10-22T00:00:00Z,-121.6353417,39.43960942,HFC,drone,1
Big Hole East,2025-10-22T00:00:00Z,-121.63529931,39.43959932,HFC,drone,1
Big Hole East,2025-10-22T00:00:00Z,-121.63534514,39.4396707,HFC,drone,1
Big Hole East,2025-10-22T00:00:00Z,-121.6353198,39.43954133,HFC,drone,1
Big Hole East,2025-10-22T00:00:00Z,-121.6353402,39.43948753,HFC,drone,1
Big Hole East,2025-10-22T00:00:00Z,-121.63526929,39.43947109,HFC,drone,1
Big Hole East,2025-10-22T00:00:00Z,-121.63529616,39.43940356,HFC,drone,1
Big Hole East,2025-10-22T00:00:00Z,-121.635339,39.43939026,HFC,drone,1
Big Hole East,2025-10-22T00:00:00Z,-121.63538647,39.43937821,HFC,drone,1
Big Hole East,2025-10-22T00:00:00Z,-121.63541368,39.4393329,HFC,drone,1
Big Hole East,2025-10-22T00:00:00Z,-121.63537786,39.43930366,HFC,drone,1
Big Hole East,2025-10-22T00:00:00Z,-121.63533884,39.43931941,HFC,drone,1
Big Hole East,2025-10-22T00:00:00Z,-121.63530935,39.43932267,HFC,drone,1
Big Hole East,2025-10-22T00:00:00Z,-121.63517816,39.43935454,HFC,drone,1
Big Hole East,2025-10-22T00:00:00Z,-121.63524057,39.43933068,HFC,drone,1
Big Hole East,2025-10-22T00:00:00Z,-121.63521179,39.43933264,HFC,drone,1
Big Hole East,2025-10-22T00:00:00Z,-121.63547797,39.43932808,HFC,drone,1
Big Hole East,2025-10-22T00:00:00Z,-121.63551652,39.43928281,HFC,drone,1
Big Hole East,2025-10-22T00:00:00Z,-121.63577419,39.43940775,HFC,drone,1
Big Hole East,2025-10-22T00:00:00Z,-121.63576311,39.43929317,HFC,drone,1
Big Hole East,2025-10-22T00:00:00Z,-121.63571851,39.43934706,HFC,drone,1
Big Hole East,2025-10-22T00:00:00Z,-121.63565922,39.43922347,HFC,drone,1
Big Hole East,2025-10-22T00:00:00Z,-121.63559138,39.43922831,HFC,drone,1
Big Hole East,2025-10-22T00:00:00Z,-121.63551784,39.43921525,HFC,drone,1
Big Hole East,2025-10-22T00:00:00Z,-121.63548316,39.43913229,HFC,drone,1
Big Hole East,2025-10-22T00:00:00Z,-121.63539848,39.43919415,HFC,drone,1
Big Hole East,2025-10-22T00:00:00Z,-121.63534412999999,39.43918976,HFC,drone,1
Big Hole East,2025-10-22T00:00:00Z,-121.6351437,39.4392315,HFC,drone,1
Big Hole East,2025-10-22T00:00:00Z,-121.63520448,39.43921626,HFC,drone,1
Big Hole East,2025-10-22T00:00:00Z,-121.63535866,39.43912708,HFC,drone,1
Big Hole East,2025-10-22T00:00:00Z,-121.63541893,39.43901428,HFC,drone,1
Big Hole East,2025-10-22T00:00:00Z,-121.63545958,39.43903915,HFC,drone,1
Big Hole East,2025-10-22T00:00:00Z,-121.63551596,39.43906326,HFC,drone,1
Big Hole East,2025-10-22T00:00:00Z,-121.63550363,39.4390134,HFC,drone,1
Big Hole East,2025-10-22T00:00:00Z,-121.63555291,39.43896801,HFC,drone,1
Big Hole East,2025-10-22T00:00:00Z,-121.63560299,39.43900518,HFC,drone,1
Big Hole East,2025-10-22T00:00:00Z,-121.63562192,39.43896507,HFC,drone,1
Big Hole East,2025-10-22T00:00:00Z,-121.63567726,39.43891881,HFC,drone,1
Big Hole East,2025-10-22T00:00:00Z,-121.63556949,39.43892412,HFC,drone,1
Big Hole East,2025-10-22T00:00:00Z,-121.63549245,39.43890445,HFC,drone,1
Big Hole East,2025-10-22T00:00:00Z,-121.63556029,39.43883771,HFC,drone,1
Big Hole East,2025-10-22T00:00:00Z,-121.6354987,39.43883229,HFC,drone,1
Big Hole East,2025-10-22T00:00:00Z,-121.63563386,39.43878698,HFC,drone,1
Big Hole East,2025-10-22T00:00:00Z,-121.63525365,39.43886694,HFC,drone,1
Big Hole East,2025-10-22T00:00:00Z,-121.63539367,39.43882074,HFC,drone,1
Big Hole East,2025-10-22T00:00:00Z,-121.63526757,39.43893715,HFC,drone,1
Big Hole East,2025-10-22T00:00:00Z,-121.63533599,39.43893527,HFC,drone,1
Big Hole East,2025-10-22T00:00:00Z,-121.63541041,39.43913402,HFC,drone,1
Big Hole East,2025-10-22T00:00:00Z,-121.63522675,39.43916015,HFC,drone,1
Big Hole East,2025-10-22T00:00:00Z,-121.63519863,39.43918736,HFC,drone,1
Big Hole East,2025-10-22T00:00:00Z,-121.63533392,39.43909624,HFC,drone,1
Big Hole East,2025-10-22T00:00:00Z,-121.63544032,39.43919753,HFC,drone,1
Big Hole East,2025-10-22T00:00:00Z,-121.63527457000001,39.43923886,HFC,drone,1
Big Hole East,2025-10-22T00:00:00Z,-121.63524989,39.43923396,HFC,drone,1
Big Hole East,2025-10-22T00:00:00Z,-121.63521884,39.4392505,HFC,drone,1
Big Hole East,2025-10-22T00:00:00Z,-121.63525961,39.43918131,HFC,drone,1
Big Hole East,2025-10-22T00:00:00Z,-121.63531587,39.43917902,HFC,drone,1
Big Hole East,2025-10-22T00:00:00Z,-121.63562324,39.43871913,HFC,drone,1
Big Hole East,2025-10-22T00:00:00Z,-121.63540456,39.43868872,HFC,drone,1
Big Hole East,2025-10-22T00:00:00Z,-121.6354523,39.43878222,HFC,drone,1
Big Hole East,2025-10-22T00:00:00Z,-121.63520674,39.43886759,HFC,drone,1
Big Hole East,2025-10-22T00:00:00Z,-121.63556339,39.43856499,HFC,drone,1
Big Hole East,2025-10-22T00:00:00Z,-121.63595747,39.43816857,HFC,drone,1
Big Hole East,2025-10-22T00:00:00Z,-121.63597267,39.43806429,HFC,drone,1
Big Hole East,2025-10-22T00:00:00Z,-121.63582441,39.43808356,HFC,drone,1
Big Hole East,2025-10-22T00:00:00Z,-121.63587207,39.43802168,HFC,drone,1
Big Hole East,2025-10-22T00:00:00Z,-121.6360756,39.43802647,HFC,drone,1
Big Hole East,2025-10-22T00:00:00Z,-121.63622607,39.43801322,HFC,drone,1
Big Hole East,2025-10-22T00:00:00Z,-121.63609388,39.43809938,HFC,drone,1
Big Hole East,2025-10-22T00:00:00Z,-121.63607564,39.43794542,HFC,drone,1
Big Hole East,2025-10-22T00:00:00Z,-121.63603017,39.43793468,HFC,drone,1
Big Hole East,2025-10-22T00:00:00Z,-121.63626042,39.43791937,HFC,drone,1
Big Hole East,2025-10-22T00:00:00Z,-121.63619465,39.43788457,HFC,drone,1
Big Hole East,2025-10-22T00:00:00Z,-121.63611377,39.43787611,HFC,drone,1
Big Hole East,2025-10-22T00:00:00Z,-121.63557955,39.43834639,HFC,drone,1
Big Hole East,2025-10-22T00:00:00Z,-121.63624215,39.43780632,HFC,drone,1
Big Hole East,2025-10-22T00:00:00Z,-121.63626762,39.43774096,HFC,drone,1
Big Hole East,2025-10-22T00:00:00Z,-121.63613905,39.43782012,HFC,drone,1
Big Hole East,2025-10-22T00:00:00Z,-121.63606892,39.43781836,HFC,drone,1
Big Hole East,2025-10-22T00:00:00Z,-121.63577107,39.43770699,HFC,drone,1
Big Hole East,2025-10-22T00:00:00Z,-121.63585159,39.43761038,HFC,drone,1
Big Hole East,2025-10-22T00:00:00Z,-121.63609492,39.43766389,HFC,drone,1
Big Hole East,2025-10-22T00:00:00Z,-121.63618968,39.43764342,HFC,drone,1
Big Hole East,2025-10-22T00:00:00Z,-121.6361349,39.43759869,HFC,drone,1
Big Hole East,2025-10-22T00:00:00Z,-121.63622389,39.43750218,HFC,drone,1
Big Hole East,2025-10-22T00:00:00Z,-121.63627709,39.43750374,HFC,drone,1
Big Hole East,2025-10-22T00:00:00Z,-121.63631328,39.43757077,HFC,drone,1
Big Hole East,2025-10-22T00:00:00Z,-121.63631537,39.43764959,HFC,drone,1
Big Hole East,2025-10-22T00:00:00Z,-121.63635071,39.43769878,HFC,drone,1
Big Hole East,2025-10-22T00:00:00Z,-121.63631181,39.43781054,HFC,drone,1
Big Hole East,2025-10-22T00:00:00Z,-121.6362711,39.43778893,HFC,drone,1
Big Hole East,2025-10-22T00:00:00Z,-121.63628195,39.43771567,HFC,drone,1
Big Hole East,2025-10-22T00:00:00Z,-121.63588058,39.43758532,HFC,drone,1
Big Hole East,2025-11-06T00:00:00Z,-121.63562336,39.43908964,HFC,drone,1
Big Hole East,2025-11-06T00:00:00Z,-121.63553306,39.43914583,HFC,drone,1
Big Hole East,2025-11-06T00:00:00Z,-121.63528595,39.43936656,HFC,drone,1
Big Hole East,2025-11-06T00:00:00Z,-121.6352754,39.43932302,HFC,drone,1
Big Hole East,2025-11-06T00:00:00Z,-121.63539081,39.43922409,HFC,drone,1
Big Hole East,2025-11-06T00:00:00Z,-121.63543665,39.43885033,HFC,drone,1
Big Hole East,2025-11-06T00:00:00Z,-121.63565679,39.43885197,HFC,drone,1
Big Hole East,2025-11-06T00:00:00Z,-121.63602663,39.43811595,HFC,drone,1
Big Hole East,2025-11-06T00:00:00Z,-121.63619492,39.43798284,HFC,drone,1
Big Hole East,2025-11-06T00:00:00Z,-121.6363894,39.43756708,HFC,drone,1
Big Hole West,2024-10-23T00:00:00Z,-121.63757059,39.43876835,HFC,drone,1
Big Hole West,2024-10-23T00:00:00Z,-121.63758958,39.4386747,HFC,drone,1
Big Hole West,2024-10-23T00:00:00Z,-121.63771787,39.43879224,HFC,drone,1
Big Hole West,2024-10-23T00:00:00Z,-121.63771433,39.43875006,HFC,drone,1
Big Hole West,2024-11-07T00:00:00Z,-121.63753195,39.43894951,HFC,drone,1
Big Hole West,2024-11-07T00:00:00Z,-121.63755373,39.43880218,HFC,drone,1
Big Hole West,2024-11-07T00:00:00Z,-121.63749457,39.43867613,HFC,drone,1
Big Hole West,2024-11-07T00:00:00Z,-121.63749894,39.43843417,HFC,drone,1
Big Hole West,2024-11-07T00:00:00Z,-121.63776942,39.43847143,HFC,drone,1
Big Hole West,2025-10-22T00:00:00Z,-121.6375952,39.43889627,HFC,drone,1
Big Hole West,2025-10-22T00:00:00Z,-121.63757123,39.43900856,HFC,drone,1
Big Hole West,2025-10-22T00:00:00Z,-121.63761303,39.43885052,HFC,drone,1
Big Hole West,2025-10-22T00:00:00Z,-121.63760228,39.43878097,HFC,drone,1
Big Hole West,2025-10-22T00:00:00Z,-121.63755293,39.4387682,HFC,drone,1
Big Hole West,2025-10-22T00:00:00Z,-121.63757705,39.43871032,HFC,drone,1
Big Hole West,2025-10-22T00:00:00Z,-121.63747832,39.43868571,HFC,drone,1
Big Hole West,2025-10-22T00:00:00Z,-121.63744493,39.43853711,HFC,drone,1
Big Hole West,2025-10-22T00:00:00Z,-121.63752426,39.43850145,HFC,drone,1
Big Hole West,2025-10-22T00:00:00Z,-121.6376722,39.43848349,HFC,drone,1
Big Hole West,2025-10-22T00:00:00Z,-121.63768942,39.43877918,HFC,drone,1
Big Hole West,2025-10-22T00:00:00Z,-121.63770461,39.43862082,HFC,drone,1
Big Hole West,2025-10-22T00:00:00Z,-121.63752552,39.4384367,HFC,drone,1
Big Hole West,2025-10-22T00:00:00Z,-121.63755409,39.43863936,HFC,drone,1
Big Hole West,2025-10-22T00:00:00Z,-121.63764198,39.43874137,HFC,drone,1
Big Hole West,2025-10-22T00:00:00Z,-121.63769545,39.43869282,HFC,drone,1
Big Hole West,2025-11-06T00:00:00Z,-121.63777262,39.43886766,HFC,drone,1
Big Hole West,2025-11-06T00:00:00Z,-121.63745231,39.43845866,HFC,drone,1
Big Hole West,2025-11-06T00:00:00Z,-121.63747342,39.43840848,HFC,drone,1
Big Hole West,2025-11-06T00:00:00Z,-121.63757946,39.43895894,HFC,drone,1
Big Hole West,2025-11-06T00:00:00Z,-121.63767341,39.43913711,HFC,drone,1
Big Riffle,2024-10-22T00:00:00Z,-121.62200164,39.39496223,HFC,drone,1
Big Riffle,2024-10-22T00:00:00Z,-121.62196254,39.39499323,HFC,drone,1
Big Riffle,2024-10-22T00:00:00Z,-121.62184107,39.39498581,HFC,drone,1
Big Riffle,2024-10-22T00:00:00Z,-121.62188752,39.39494615,HFC,drone,1
Big Riffle,2024-10-22T00:00:00Z,-121.62192642,39.39492511,HFC,drone,1
Big Riffle,2024-10-22T00:00:00Z,-121.62180236,39.39489298,HFC,drone,1
Big Riffle,2024-10-22T00:00:00Z,-121.62169083,39.39487574,HFC,drone,1
Big Riffle,2024-10-22T00:00:00Z,-121.62166211,39.39495304,HFC,drone,1
Big Riffle,2024-10-22T00:00:00Z,-121.6217243,39.39492192,HFC,drone,1
Big Riffle,2024-10-22T00:00:00Z,-121.621749,39.39491863,HFC,drone,1
Big Riffle,2024-10-22T00:00:00Z,-121.62155116,39.39488045,HFC,drone,1
Big Riffle,2024-10-22T00:00:00Z,-121.62155253,39.39483667,HFC,drone,1
Big Riffle,2024-10-22T00:00:00Z,-121.62152515,39.39476786,HFC,drone,1
Big Riffle,2024-10-22T00:00:00Z,-121.62145066,39.39466784,HFC,drone,1
Big Riffle,2024-10-22T00:00:00Z,-121.62141769,39.39488285,HFC,drone,1
Big Riffle,2024-10-22T00:00:00Z,-121.62134816,39.39481753,HFC,drone,1
Big Riffle,2024-10-22T00:00:00Z,-121.62135232,39.39455639,HFC,drone,1
Big Riffle,2024-10-22T00:00:00Z,-121.62133059,39.39454237,HFC,drone,1
Big Riffle,2024-10-22T00:00:00Z,-121.62132649,39.39450027,HFC,drone,1
Big Riffle,2024-11-08T00:00:00Z,-121.62158885,39.3948639,HFC,drone,1
Big Riffle,2024-11-08T00:00:00Z,-121.62174089,39.3948612,HFC,drone,1
Big Riffle,2024-11-18T00:00:00Z,-121.6217386,39.39495155,HFC,drone,1
Big Riffle,2024-11-18T00:00:00Z,-121.62179646,39.39498409,HFC,drone,1
Developing,2025-10-23T00:00:00Z,NA,NA,HFC,drone,0
Developing,2025-11-10T00:00:00Z,NA,NA,HFC,drone,0
G95 East Bottom,2024-10-23T00:00:00Z,-121.62592678,39.42904458,HFC,drone,1
G95 East Bottom,2024-10-23T00:00:00Z,-121.62583009,39.42897445,HFC,drone,1
G95 East Bottom,2024-10-23T00:00:00Z,-121.62602606,39.42907285,HFC,drone,1
G95 East Bottom,2024-10-23T00:00:00Z,-121.62610412,39.42906011,HFC,drone,1
G95 East Bottom,2024-10-23T00:00:00Z,-121.62611701,39.42910604,HFC,drone,1
G95 East Bottom,2024-10-23T00:00:00Z,-121.62619298,39.42912538,HFC,drone,1
G95 East Bottom,2024-10-23T00:00:00Z,-121.62617236,39.42909849,HFC,drone,1
G95 East Bottom,2024-10-23T00:00:00Z,-121.62586649,39.42886105,HFC,drone,1
G95 East Bottom,2024-10-23T00:00:00Z,-121.62597183,39.42875307,HFC,drone,1
G95 East Bottom,2024-10-23T00:00:00Z,-121.62599456,39.42889738,HFC,drone,1
G95 East Bottom,2024-10-23T00:00:00Z,-121.62612563,39.42866734,HFC,drone,1
G95 East Bottom,2024-10-23T00:00:00Z,-121.6258971,39.42861227,HFC,drone,1
G95 East Bottom,2024-10-23T00:00:00Z,-121.62596518,39.42856958,HFC,drone,1
G95 East Bottom,2024-10-23T00:00:00Z,-121.62593405,39.42846515,HFC,drone,1
G95 East Bottom,2024-10-23T00:00:00Z,-121.6259039,39.42850533,HFC,drone,1
G95 East Bottom,2024-10-23T00:00:00Z,-121.6259145,39.42890759,HFC,drone,1
G95 East Bottom,2024-11-07T00:00:00Z,-121.62578618,39.42897858,HFC,drone,1
G95 East Bottom,2024-11-07T00:00:00Z,-121.62597235,39.42903024,HFC,drone,1
G95 East Bottom,2024-11-07T00:00:00Z,-121.62585771,39.42851025,HFC,drone,1
G95 East Bottom,2024-11-07T00:00:00Z,-121.62596146,39.42863945,HFC,drone,1
G95 East Bottom,2025-10-22T00:00:00Z,-121.62618554,39.42918687,HFC,drone,1
G95 East Bottom,2025-10-22T00:00:00Z,-121.62612193,39.42918874,HFC,drone,1
G95 East Bottom,2025-10-22T00:00:00Z,-121.62614903,39.42910361,HFC,drone,1
G95 East Bottom,2025-10-22T00:00:00Z,-121.62609653,39.42910102,HFC,drone,1
G95 East Bottom,2025-10-22T00:00:00Z,-121.62603208,39.4290595,HFC,drone,1
G95 East Bottom,2025-10-22T00:00:00Z,-121.62595836,39.42905863,HFC,drone,1
G95 East Bottom,2025-10-22T00:00:00Z,-121.62592183,39.4290628,HFC,drone,1
G95 East Bottom,2025-10-22T00:00:00Z,-121.62588808,39.42905451,HFC,drone,1
G95 East Bottom,2025-10-22T00:00:00Z,-121.62584651,39.42905665,HFC,drone,1
G95 East Bottom,2025-10-22T00:00:00Z,-121.62578629,39.42905857,HFC,drone,1
G95 East Bottom,2025-10-22T00:00:00Z,-121.62586078,39.42902066,HFC,drone,1
G95 East Bottom,2025-10-22T00:00:00Z,-121.62581424,39.42901683,HFC,drone,1
G95 East Bottom,2025-10-22T00:00:00Z,-121.6257501,39.4289989,HFC,drone,1
G95 East Bottom,2025-10-22T00:00:00Z,-121.62571023,39.42898497,HFC,drone,1
G95 East Bottom,2025-10-22T00:00:00Z,-121.62566302,39.42895833,HFC,drone,1
G95 East Bottom,2025-10-22T00:00:00Z,-121.62583268,39.42896496,HFC,drone,1
G95 East Bottom,2025-10-22T00:00:00Z,-121.62596715,39.42894046,HFC,drone,1
G95 East Bottom,2025-10-22T00:00:00Z,-121.62582006,39.42905642,HFC,drone,1
G95 East Bottom,2025-10-22T00:00:00Z,-121.62596687,39.42850685,HFC,drone,1
G95 East Bottom,2025-10-22T00:00:00Z,-121.62599569,39.4284093,HFC,drone,1
G95 East Bottom,2025-10-22T00:00:00Z,-121.62615935,39.4284608,HFC,drone,1
G95 East Bottom,2025-10-22T00:00:00Z,-121.62587364,39.42853833,HFC,drone,1
G95 East Bottom,2025-10-22T00:00:00Z,-121.62590828,39.42858738,HFC,drone,1
G95 East Bottom,2025-10-22T00:00:00Z,-121.62592932,39.42846536,HFC,drone,1
G95 East Bottom,2025-10-22T00:00:00Z,-121.62588886,39.4283676,HFC,drone,1
G95 East Bottom,2025-10-22T00:00:00Z,-121.62597272,39.42837056,HFC,drone,1
G95 East Bottom,2025-10-22T00:00:00Z,-121.62582925,39.42847691,HFC,drone,1
G95 East Bottom,2025-10-22T00:00:00Z,-121.62586506,39.42844914,HFC,drone,1
G95 East Bottom,2025-10-22T00:00:00Z,-121.62593038,39.42843771,HFC,drone,1
G95 East Bottom,2025-10-22T00:00:00Z,-121.62597761,39.42847868,HFC,drone,1
G95 East Bottom,2025-10-22T00:00:00Z,-121.62590361,39.42833771,HFC,drone,1
G95 East Bottom,2025-10-22T00:00:00Z,-121.62584818,39.42861764,HFC,drone,1
G95 East Bottom,2025-10-22T00:00:00Z,-121.6259489,39.42876482,HFC,drone,1
G95 East Bottom,2025-10-22T00:00:00Z,-121.62590048,39.42872673,HFC,drone,1
G95 East Bottom,2025-10-22T00:00:00Z,-121.62594442,39.42885838,HFC,drone,1
G95 East Bottom,2025-11-06T00:00:00Z,-121.62616042,39.42852397,HFC,drone,1
G95 East Bottom,2025-11-06T00:00:00Z,-121.62593113,39.42854624,HFC,drone,1
G95 East Top,2024-10-23T00:00:00Z,-121.62931531,39.43105006,HFC,drone,1
G95 East Top,2024-10-23T00:00:00Z,-121.62927453,39.43105664,HFC,drone,1
G95 East Top,2024-10-23T00:00:00Z,-121.62921684,39.43107431,HFC,drone,1
G95 East Top,2024-10-23T00:00:00Z,-121.62928104,39.43098755,HFC,drone,1
G95 East Top,2024-10-23T00:00:00Z,-121.62923962,39.43099577,HFC,drone,1
G95 East Top,2024-10-23T00:00:00Z,-121.62920746,39.43101138,HFC,drone,1
G95 East Top,2024-10-23T00:00:00Z,-121.6291757,39.43102183,HFC,drone,1
G95 East Top,2024-10-23T00:00:00Z,-121.62930223,39.4309278,HFC,drone,1
G95 East Top,2024-10-23T00:00:00Z,-121.62921612,39.43089432,HFC,drone,1
G95 East Top,2024-10-23T00:00:00Z,-121.62920067,39.43090896,HFC,drone,1
G95 East Top,2024-10-23T00:00:00Z,-121.62926822,39.43085212,HFC,drone,1
G95 East Top,2024-10-23T00:00:00Z,-121.6290721,39.43075665,HFC,drone,1
G95 East Top,2024-10-23T00:00:00Z,-121.6289728,39.43077123,HFC,drone,1
G95 East Top,2024-10-23T00:00:00Z,-121.62896968,39.43062086,HFC,drone,1
G95 East Top,2024-10-23T00:00:00Z,-121.62885154,39.43073593,HFC,drone,1
G95 East Top,2024-10-23T00:00:00Z,-121.62886741,39.43071564,HFC,drone,1
G95 East Top,2024-10-23T00:00:00Z,-121.62897643,39.43072563,HFC,drone,1
G95 East Top,2024-11-07T00:00:00Z,-121.6291566,39.43083294,HFC,drone,1
G95 East Top,2024-11-07T00:00:00Z,-121.62914052000001,39.43080665,HFC,drone,1
G95 East Top,2024-11-07T00:00:00Z,-121.62925966,39.43094333,HFC,drone,1
G95 East Top,2024-11-07T00:00:00Z,-121.62910606,39.43079845,HFC,drone,1
G95 East Top,2024-11-07T00:00:00Z,-121.62891526,39.4307355,HFC,drone,1
G95 East Top,2024-11-07T00:00:00Z,-121.62891032,39.4307705,HFC,drone,1
G95 East Top,2025-10-22T00:00:00Z,-121.62959366,39.43114422,HFC,drone,1
G95 East Top,2025-10-22T00:00:00Z,-121.62956819,39.43107613,HFC,drone,1
G95 East Top,2025-10-22T00:00:00Z,-121.62944767,39.43110002,HFC,drone,1
G95 East Top,2025-10-22T00:00:00Z,-121.62943319,39.4310655,HFC,drone,1
G95 East Top,2025-10-22T00:00:00Z,-121.62947225,39.43103523,HFC,drone,1
G95 East Top,2025-10-22T00:00:00Z,-121.62931125,39.43098362,HFC,drone,1
G95 East Top,2025-10-22T00:00:00Z,-121.62947983,39.43094584,HFC,drone,1
G95 East Top,2025-10-22T00:00:00Z,-121.62934447,39.43083487,HFC,drone,1
G95 East Top,2025-10-22T00:00:00Z,-121.62916357,39.43090686,HFC,drone,1
G95 East Top,2025-10-22T00:00:00Z,-121.62925646,39.43080582,HFC,drone,1
G95 East Top,2025-10-22T00:00:00Z,-121.62914728,39.4307268,HFC,drone,1
G95 East Top,2025-10-22T00:00:00Z,-121.62915212,39.43077747,HFC,drone,1
G95 East Top,2025-10-22T00:00:00Z,-121.62910247,39.43081304,HFC,drone,1
G95 East Top,2025-10-22T00:00:00Z,-121.6291927,39.43084314,HFC,drone,1
G95 East Top,2025-10-22T00:00:00Z,-121.62925613,39.43087975,HFC,drone,1
G95 East Top,2025-10-22T00:00:00Z,-121.62901103,39.43078778,HFC,drone,1
G95 East Top,2025-10-22T00:00:00Z,-121.62901309,39.43075888,HFC,drone,1
G95 East Top,2025-10-22T00:00:00Z,-121.62905782,39.43068362,HFC,drone,1
G95 East Top,2025-10-22T00:00:00Z,-121.62900486,39.43072176,HFC,drone,1
G95 East Top,2025-10-22T00:00:00Z,-121.62886751,39.43072708,HFC,drone,1
G95 East Top,2025-10-22T00:00:00Z,-121.62889207,39.4306915,HFC,drone,1
G95 East Top,2025-10-22T00:00:00Z,-121.62899059,39.43068862,HFC,drone,1
G95 East Top,2025-10-22T00:00:00Z,-121.6288531,39.43058692,HFC,drone,1
G95 East Top,2025-10-22T00:00:00Z,-121.62893199,39.43059595,HFC,drone,1
G95 East Top,2025-10-22T00:00:00Z,-121.62894852,39.43062796,HFC,drone,1
G95 East Top,2025-10-22T00:00:00Z,-121.62895467,39.43065638,HFC,drone,1
G95 East Top,2025-10-22T00:00:00Z,-121.62889634,39.43062619,HFC,drone,1
G95 East Top,2025-10-22T00:00:00Z,-121.62900361,39.43060112,HFC,drone,1
G95 East Top,2025-11-06T00:00:00Z,NA,NA,HFC,drone,0
G95 East Top,2025-11-12T00:00:00Z,-121.62954873,39.43099817,HFC,drone,1
G95 East Top,2025-11-12T00:00:00Z,-121.62936774,39.4307773,HFC,drone,1
G95 East Top,2025-11-12T00:00:00Z,-121.629343,39.43076008,HFC,drone,1
G95 East Top,2025-11-12T00:00:00Z,-121.62940702,39.43099535,HFC,drone,1
G95 Main,2024-10-23T00:00:00Z,-121.62963619,39.43051533,HFC,drone,1
G95 Main,2024-10-23T00:00:00Z,-121.62969082,39.43048668,HFC,drone,1
G95 Main,2024-10-23T00:00:00Z,-121.62969046,39.43042923,HFC,drone,1
G95 Main,2024-10-23T00:00:00Z,-121.62976523,39.43031811,HFC,drone,1
G95 Main,2024-10-23T00:00:00Z,-121.62945497,39.43035179,HFC,drone,1
G95 Main,2024-10-23T00:00:00Z,-121.62940167,39.43042583,HFC,drone,1
G95 Main,2024-10-23T00:00:00Z,-121.62949063,39.43011959,HFC,drone,1
G95 Main,2024-10-23T00:00:00Z,-121.62958954,39.4305906,HFC,drone,1
G95 Main,2024-10-23T00:00:00Z,-121.62954543,39.43061133,HFC,drone,1
G95 Main,2024-10-23T00:00:00Z,-121.62960817,39.43014656,HFC,drone,1
G95 Main,2024-10-23T00:00:00Z,-121.63018492,39.43014697,HFC,drone,1
G95 Main,2024-11-07T00:00:00Z,-121.62956743,39.43047144,HFC,drone,1
G95 Main,2024-11-07T00:00:00Z,-121.62953415,39.43054457,HFC,drone,1
G95 Main,2024-11-19T00:00:00Z,-121.6296188,39.43057141,HFC,drone,1
G95 Main,2024-11-19T00:00:00Z,-121.62967317,39.43055597,HFC,drone,1
G95 Main,2025-10-22T00:00:00Z,-121.63016183,39.43004459,HFC,drone,1
G95 Main,2025-10-22T00:00:00Z,-121.63018612,39.43011357,HFC,drone,1
G95 Main,2025-10-22T00:00:00Z,-121.63015128,39.43016648,HFC,drone,1
G95 Main,2025-10-22T00:00:00Z,-121.6303108,39.43017469,HFC,drone,1
G95 Main,2025-10-22T00:00:00Z,-121.63031917,39.43026637,HFC,drone,1
G95 Main,2025-10-22T00:00:00Z,-121.6299736,39.4302004,HFC,drone,1
G95 Main,2025-10-22T00:00:00Z,-121.6300873,39.43006985,HFC,drone,1
G95 Main,2025-10-22T00:00:00Z,-121.62968927,39.43042858,HFC,drone,1
G95 Main,2025-10-22T00:00:00Z,-121.6296013,39.43051613,HFC,drone,1
G95 Main,2025-10-22T00:00:00Z,-121.62953218,39.43053429,HFC,drone,1
G95 Main,2025-10-22T00:00:00Z,-121.62951576,39.43059918,HFC,drone,1
G95 Main,2025-10-22T00:00:00Z,-121.62946283,39.43062386,HFC,drone,1
G95 Main,2025-10-22T00:00:00Z,-121.62978216,39.43048849,HFC,drone,1
G95 Main,2025-10-22T00:00:00Z,-121.62926205,39.43028243,HFC,drone,1
G95 Main,2025-10-22T00:00:00Z,-121.62933254,39.42984546,HFC,drone,1
G95 Main,2025-10-22T00:00:00Z,-121.62946545,39.42984702,HFC,drone,1
G95 Main,2025-10-22T00:00:00Z,-121.62993088,39.42979319,HFC,drone,1
G95 Main,2025-10-22T00:00:00Z,-121.62974145,39.42970198,HFC,drone,1
G95 Main,2025-10-22T00:00:00Z,-121.62973693000001,39.42965391,HFC,drone,1
G95 Main,2025-10-22T00:00:00Z,-121.62958708,39.42968039,HFC,drone,1
G95 Main,2025-10-22T00:00:00Z,-121.62949128,39.42955075,HFC,drone,1
G95 Main,2025-10-22T00:00:00Z,-121.62934206,39.42973117,HFC,drone,1
G95 Main,2025-10-22T00:00:00Z,-121.62900451,39.42980498,HFC,drone,1
G95 Main,2025-10-22T00:00:00Z,-121.62902264,39.42977175,HFC,drone,1
G95 Main,2025-10-22T00:00:00Z,-121.62890515,39.42970077,HFC,drone,1
G95 Main,2025-10-22T00:00:00Z,-121.62884021,39.42974339,HFC,drone,1
G95 Main,2025-10-22T00:00:00Z,-121.62875387,39.42956974,HFC,drone,1
G95 Main,2025-10-22T00:00:00Z,-121.6290646,39.42965294,HFC,drone,1
G95 Main,2025-10-22T00:00:00Z,-121.62905782,39.42970167,HFC,drone,1
G95 Main,2025-10-22T00:00:00Z,-121.62914073,39.42976483,HFC,drone,1
G95 Main,2025-10-22T00:00:00Z,-121.62922914,39.42982083,HFC,drone,1
G95 Main,2025-11-06T00:00:00Z,NA,NA,HFC,drone,0
G95 Main,2025-11-12T00:00:00Z,-121.62959805,39.43056309,HFC,drone,1
G95 Main,2025-11-12T00:00:00Z,-121.62942829,39.4304237,HFC,drone,1
G95 Main,2025-11-12T00:00:00Z,-121.62962017,39.43038619,HFC,drone,1
G95 Main,2025-11-12T00:00:00Z,-121.62976627,39.43024601,HFC,drone,1
G95 Main,2025-11-12T00:00:00Z,-121.63021008,39.43037778,HFC,drone,1
G95 Main,2025-11-12T00:00:00Z,-121.62951672,39.4299253,HFC,drone,1
G95 Main,2025-11-12T00:00:00Z,-121.62928871,39.42966558,HFC,drone,1
G95 Main,2025-11-12T00:00:00Z,-121.62883376,39.42964892,HFC,drone,1
G95 Main,2025-11-12T00:00:00Z,-121.62896117,39.42964008,HFC,drone,1
G95 Main,2025-11-12T00:00:00Z,-121.62950424,39.42946198,HFC,drone,1
G95 West,2025-10-22T00:00:00Z,-121.63249143,39.4312189,HFC,drone,1
G95 West,2025-10-22T00:00:00Z,-121.63247474,39.43119762,HFC,drone,1
G95 West,2025-10-22T00:00:00Z,-121.63243431,39.43117131,HFC,drone,1
G95 West,2025-10-22T00:00:00Z,-121.63238376,39.43114726,HFC,drone,1
G95 West,2025-10-22T00:00:00Z,-121.63236018,39.43113419,HFC,drone,1
G95 West,2025-10-22T00:00:00Z,-121.63232822,39.43115917,HFC,drone,1
G95 West,2025-10-22T00:00:00Z,-121.63226434,39.43109776,HFC,drone,1
G95 West,2025-10-22T00:00:00Z,-121.63227371,39.43107157,HFC,drone,1
G95 West,2025-10-22T00:00:00Z,-121.63246484,39.43109443,HFC,drone,1
G95 West,2025-10-22T00:00:00Z,-121.63107462,39.43035895,HFC,drone,1
G95 West,2025-10-22T00:00:00Z,-121.63120965,39.43028983,HFC,drone,1
G95 West,2025-10-22T00:00:00Z,-121.63134819,39.4302848,HFC,drone,1
G95 West,2025-10-22T00:00:00Z,-121.63114104,39.43023108,HFC,drone,1
G95 West,2025-10-22T00:00:00Z,-121.63086791,39.43011527,HFC,drone,1
G95 West,2025-10-22T00:00:00Z,-121.63087391,39.43016595,HFC,drone,1
G95 West,2025-10-22T00:00:00Z,-121.63088556,39.43034506,HFC,drone,1
G95 West,2025-10-22T00:00:00Z,-121.63068405,39.43021976,HFC,drone,1
G95 West,2025-10-22T00:00:00Z,-121.63058936,39.43017435,HFC,drone,1
G95 West,2025-10-22T00:00:00Z,-121.6306132,39.43014752,HFC,drone,1
G95 West,2025-10-22T00:00:00Z,-121.63067305,39.43012653,HFC,drone,1
G95 West,2025-10-22T00:00:00Z,-121.63070383,39.43010249,HFC,drone,1
G95 West,2025-10-22T00:00:00Z,-121.63080791,39.43008296,HFC,drone,1
G95 West,2025-10-22T00:00:00Z,-121.63071853,39.43008138,HFC,drone,1
G95 West,2025-10-22T00:00:00Z,-121.63064566,39.4300282,HFC,drone,1
G95 West,2025-10-22T00:00:00Z,-121.63060965,39.43000003,HFC,drone,1
G95 West,2025-10-22T00:00:00Z,-121.63055354,39.430106,HFC,drone,1
G95 West,2025-11-06T00:00:00Z,-121.63247188,39.43121867,HFC,drone,1
G95 West,2025-11-06T00:00:00Z,-121.63115068,39.43028498,HFC,drone,1
G95 West Bottom,2024-10-23T00:00:00Z,-121.63046778,39.43010812,HFC,drone,1
G95 West Bottom,2024-10-23T00:00:00Z,-121.63064609,39.43004187,HFC,drone,1
G95 West Bottom,2024-10-23T00:00:00Z,-121.63071884,39.43022251,HFC,drone,1
G95 West Bottom,2024-10-23T00:00:00Z,-121.63071483,39.43027588,HFC,drone,1
G95 West Bottom,2024-10-23T00:00:00Z,-121.63069193,39.43023414,HFC,drone,1
G95 West Bottom,2024-11-07T00:00:00Z,-121.63092546,39.43018878,HFC,drone,1
G95 West Bottom,2024-11-07T00:00:00Z,-121.63062345,39.43019221,HFC,drone,1
G95 West Bottom,2024-11-07T00:00:00Z,-121.63081448,39.43007094,HFC,drone,1
G95 West Bottom,2024-11-07T00:00:00Z,-121.63076485,39.43027499,HFC,drone,1
G95 West Top,2024-10-23T00:00:00Z,-121.63248271,39.43122988,HFC,drone,1
G95 West Top,2024-10-23T00:00:00Z,-121.63242043,39.43112344,HFC,drone,1
G95 West Top,2024-10-23T00:00:00Z,-121.63233426,39.43117606,HFC,drone,1
G95 West Top,2024-11-19T00:00:00Z,-121.632512,39.43122465,HFC,drone,1
Goose,2025-10-23T00:00:00Z,-121.61679899,39.40542994,HFC,drone,1
Goose,2025-10-23T00:00:00Z,-121.6170786,39.40502255,HFC,drone,1
Goose,2025-10-23T00:00:00Z,-121.61705352,39.40479033,HFC,drone,1
Goose,2025-10-23T00:00:00Z,-121.61756695,39.40513811,HFC,drone,1
Goose,2025-10-23T00:00:00Z,-121.61771495,39.40492389,HFC,drone,1
Goose,2025-10-23T00:00:00Z,-121.61782013,39.40479768,HFC,drone,1
Goose,2025-11-10T00:00:00Z,NA,NA,HFC,drone,0
Keister,2024-10-23T00:00:00Z,-121.61974657,39.40883699,HFC,drone,1
Keister,2024-10-23T00:00:00Z,-121.61970117,39.4087854,HFC,drone,1
Keister,2024-10-23T00:00:00Z,-121.61952062,39.40870266,HFC,drone,1
Keister,2024-10-23T00:00:00Z,-121.61952149,39.40879886,HFC,drone,1
Keister,2024-10-23T00:00:00Z,-121.61962833,39.40882592,HFC,drone,1
Keister,2024-10-23T00:00:00Z,-121.61947903,39.40894989,HFC,drone,1
Keister,2024-10-23T00:00:00Z,-121.61937473,39.4087578,HFC,drone,1
Keister,2024-10-23T00:00:00Z,-121.61932773,39.40875793,HFC,drone,1
Keister,2024-10-23T00:00:00Z,-121.61934171,39.40883582,HFC,drone,1
Keister,2024-10-23T00:00:00Z,-121.61919242,39.40880757,HFC,drone,1
Keister,2024-10-23T00:00:00Z,-121.61923932,39.40881225,HFC,drone,1
Keister,2024-10-23T00:00:00Z,-121.6192372,39.40862754,HFC,drone,1
Keister,2024-10-23T00:00:00Z,-121.61869165,39.40848163,HFC,drone,1
Keister,2024-10-23T00:00:00Z,-121.61852257,39.40832896,HFC,drone,1
Keister,2024-10-23T00:00:00Z,-121.61942964,39.40884922,HFC,drone,1
Keister,2024-11-07T00:00:00Z,-121.62016513,39.40884636,HFC,drone,1
Keister,2024-11-07T00:00:00Z,-121.62002462,39.40889087,HFC,drone,1
Keister,2024-11-07T00:00:00Z,-121.61965783,39.40866486,HFC,drone,1
Keister,2024-11-07T00:00:00Z,-121.61877538,39.40884717,HFC,drone,1
Keister,2024-11-07T00:00:00Z,-121.6179913,39.40795636,HFC,drone,1
Keister,2024-11-19T00:00:00Z,-121.61971191,39.40872175,HFC,drone,1
Keister,2024-11-19T00:00:00Z,-121.61962563,39.40876103,HFC,drone,1
Keister,2024-11-19T00:00:00Z,-121.61923597,39.40876144,HFC,drone,1
Keister,2025-10-22T00:00:00Z,-121.61997856,39.40887782,HFC,drone,1
Keister,2025-10-22T00:00:00Z,-121.61985025,39.40885847,HFC,drone,1
Keister,2025-10-22T00:00:00Z,-121.61949941,39.40885906,HFC,drone,1
Keister,2025-10-22T00:00:00Z,-121.61925667,39.40881577,HFC,drone,1
Keister,2025-10-22T00:00:00Z,-121.6191927,39.40856425,HFC,drone,1
Keister,2025-10-22T00:00:00Z,-121.61907551,39.40875776,HFC,drone,1
Keister,2025-10-22T00:00:00Z,-121.61904326,39.40883938,HFC,drone,1
Keister,2025-10-22T00:00:00Z,-121.61880365,39.40848238,HFC,drone,1
Keister,2025-10-22T00:00:00Z,-121.61869717,39.40875446,HFC,drone,1
Keister,2025-10-22T00:00:00Z,-121.61854715,39.40836049,HFC,drone,1
Keister,2025-10-22T00:00:00Z,-121.61844866,39.40869327,HFC,drone,1
Keister,2025-10-22T00:00:00Z,-121.61822885,39.40853288,HFC,drone,1
Keister,2025-10-22T00:00:00Z,-121.61787636,39.40803877,HFC,drone,1
Keister,2025-10-22T00:00:00Z,-121.61787741,39.40846228,HFC,drone,1
Keister,2025-10-22T00:00:00Z,-121.61830564,39.40800847,HFC,drone,1
Keister,2025-10-22T00:00:00Z,-121.61809029,39.40792275,HFC,drone,1
Keister,2025-10-22T00:00:00Z,-121.61819065,39.40789327,HFC,drone,1
Keister,2025-10-22T00:00:00Z,-121.61823752,39.40783931,HFC,drone,1
Keister,2025-10-22T00:00:00Z,-121.61814214,39.40787128,HFC,drone,1
Keister,2025-10-22T00:00:00Z,-121.61817859,39.40780453,HFC,drone,1
Keister,2025-10-22T00:00:00Z,-121.61806485,39.40781292,HFC,drone,1
Keister,2025-10-22T00:00:00Z,-121.61791621,39.40787249,HFC,drone,1
Keister,2025-10-22T00:00:00Z,-121.61822048,39.40775763,HFC,drone,1
Keister,2025-10-22T00:00:00Z,-121.61776022,39.40779138,HFC,drone,1
Keister,2025-10-22T00:00:00Z,-121.61775649,39.40774737,HFC,drone,1
Keister,2025-10-22T00:00:00Z,-121.61764751,39.40775796,HFC,drone,1
Keister,2025-10-22T00:00:00Z,-121.61766991,39.40769821,HFC,drone,1
Keister,2025-10-22T00:00:00Z,-121.617625,39.40769534,HFC,drone,1
Keister,2025-10-22T00:00:00Z,-121.61764815,39.40774737,HFC,drone,1
Keister,2025-10-22T00:00:00Z,-121.61771936,39.40779039,HFC,drone,1
Keister,2025-11-06T00:00:00Z,NA,NA,HFC,drone,0
Keister,2025-11-12T00:00:00Z,-121.6185021,39.40829559,HFC,drone,1
Keister,2025-11-12T00:00:00Z,-121.61859323,39.40841599,HFC,drone,1
Keister,2025-11-12T00:00:00Z,-121.61932481,39.40883778,HFC,drone,1
Lower Hour,2024-10-23T00:00:00Z,-121.62751906,39.415487829999996,HFC,drone,1
Lower Hour,2024-10-23T00:00:00Z,-121.62732928,39.41554961,HFC,drone,1
Lower Hour,2024-10-23T00:00:00Z,-121.62716158,39.4156286,HFC,drone,1
Lower Hour,2024-10-23T00:00:00Z,-121.62707123,39.41558133,HFC,drone,1
Lower Hour,2024-10-23T00:00:00Z,-121.62699168,39.41562405,HFC,drone,1
Lower Hour,2024-10-23T00:00:00Z,-121.62700916,39.41565266,HFC,drone,1
Lower Hour,2024-10-23T00:00:00Z,-121.62702489,39.41568634,HFC,drone,1
Lower Hour,2024-10-23T00:00:00Z,-121.62685244,39.41573671,HFC,drone,1
Lower Hour,2024-10-23T00:00:00Z,-121.6268892,39.41577051,HFC,drone,1
Lower Hour,2024-10-23T00:00:00Z,-121.62716268,39.41584537,HFC,drone,1
Lower Hour,2024-10-23T00:00:00Z,-121.62684197,39.41587795,HFC,drone,1
Lower Hour,2024-10-23T00:00:00Z,-121.62702432,39.415987,HFC,drone,1
Lower Hour,2024-10-23T00:00:00Z,-121.62688135,39.41606373,HFC,drone,1
Lower Hour,2024-10-23T00:00:00Z,-121.62663596,39.41605513,HFC,drone,1
Lower Hour,2024-10-23T00:00:00Z,-121.62685352,39.41623079,HFC,drone,1
Lower Hour,2024-10-23T00:00:00Z,-121.62745112,39.41644347,HFC,drone,1
Lower Hour,2024-10-23T00:00:00Z,-121.62761381,39.41645344,HFC,drone,1
Lower Hour,2024-10-23T00:00:00Z,-121.62707704,39.41662661,HFC,drone,1
Lower Hour,2024-10-23T00:00:00Z,-121.62695132,39.41666115,HFC,drone,1
Lower Hour,2024-10-23T00:00:00Z,-121.62691801,39.41674493,HFC,drone,1
Lower Hour,2024-10-23T00:00:00Z,-121.62688937,39.4167606,HFC,drone,1
Lower Hour,2024-10-23T00:00:00Z,-121.6271375,39.41680012,HFC,drone,1
Lower Hour,2024-10-23T00:00:00Z,-121.62781048,39.41621372,HFC,drone,1
Lower Hour,2024-10-23T00:00:00Z,-121.62784764,39.41642841,HFC,drone,1
Lower Hour,2024-10-23T00:00:00Z,-121.62733988,39.41734774,HFC,drone,1
Lower Hour,2024-10-23T00:00:00Z,-121.62744866,39.41724449,HFC,drone,1
Lower Hour,2024-10-23T00:00:00Z,-121.62769957,39.41712472,HFC,drone,1
Lower Hour,2024-11-07T00:00:00Z,-121.62725082,39.41556479,HFC,drone,1
Lower Hour,2024-11-07T00:00:00Z,-121.62698346,39.41559767,HFC,drone,1
Lower Hour,2024-11-07T00:00:00Z,-121.62722619,39.41571046,HFC,drone,1
Lower Hour,2024-11-07T00:00:00Z,-121.62690784,39.41571186,HFC,drone,1
Lower Hour,2024-11-07T00:00:00Z,-121.62695083,39.41596334,HFC,drone,1
Lower Hour,2024-11-07T00:00:00Z,-121.6269196,39.41595049,HFC,drone,1
Lower Hour,2024-11-07T00:00:00Z,-121.62663097,39.41598524,HFC,drone,1
Lower Hour,2024-11-07T00:00:00Z,-121.62688183,39.41611118,HFC,drone,1
Lower Hour,2024-11-07T00:00:00Z,-121.6268398,39.41629483,HFC,drone,1
Lower Hour,2024-11-07T00:00:00Z,-121.62696137,39.41726259,HFC,drone,1
Lower Hour,2024-11-07T00:00:00Z,-121.62699723,39.41727116,HFC,drone,1
Lower Hour,2024-11-07T00:00:00Z,-121.62767155,39.41721554,HFC,drone,1
Lower Hour,2024-11-07T00:00:00Z,-121.62746828,39.41729624,HFC,drone,1
Lower Hour,2024-11-19T00:00:00Z,-121.62707259,39.41566123,HFC,drone,1
Lower Hour,2024-11-19T00:00:00Z,-121.62736735,39.41723103,HFC,drone,1
Lower Hour,2025-10-22T00:00:00Z,-121.62706542,39.41730521,HFC,drone,1
Lower Hour,2025-10-22T00:00:00Z,-121.62724945,39.41700442,HFC,drone,1
Lower Hour,2025-10-22T00:00:00Z,-121.62714959,39.41695331,HFC,drone,1
Lower Hour,2025-10-22T00:00:00Z,-121.62691585,39.41694389,HFC,drone,1
Lower Hour,2025-10-22T00:00:00Z,-121.62692211,39.41673422,HFC,drone,1
Lower Hour,2025-10-22T00:00:00Z,-121.62682403,39.41670144,HFC,drone,1
Lower Hour,2025-10-22T00:00:00Z,-121.62695534,39.41668135,HFC,drone,1
Lower Hour,2025-10-22T00:00:00Z,-121.6270015,39.41662529,HFC,drone,1
Lower Hour,2025-10-22T00:00:00Z,-121.62702508,39.41651737,HFC,drone,1
Lower Hour,2025-10-22T00:00:00Z,-121.62729917,39.41643904,HFC,drone,1
Lower Hour,2025-10-22T00:00:00Z,-121.62731124,39.41637093,HFC,drone,1
Lower Hour,2025-10-22T00:00:00Z,-121.62761688,39.41643447,HFC,drone,1
Lower Hour,2025-10-22T00:00:00Z,-121.6267993,39.41621175,HFC,drone,1
Lower Hour,2025-10-22T00:00:00Z,-121.62662251,39.41603487,HFC,drone,1
Lower Hour,2025-10-22T00:00:00Z,-121.62651236,39.41608932,HFC,drone,1
Lower Hour,2025-10-22T00:00:00Z,-121.62663582,39.41611396,HFC,drone,1
Lower Hour,2025-10-22T00:00:00Z,-121.62664443,39.41590196,HFC,drone,1
Lower Hour,2025-10-22T00:00:00Z,-121.62675139,39.41581001,HFC,drone,1
Lower Hour,2025-10-22T00:00:00Z,-121.62685785,39.41585288,HFC,drone,1
Lower Hour,2025-10-22T00:00:00Z,-121.62793216,39.41589718,HFC,drone,1
Lower Hour,2025-10-22T00:00:00Z,-121.62747223,39.41625964,HFC,drone,1
Lower Hour,2025-10-22T00:00:00Z,-121.62748533,39.41622967,HFC,drone,1
Lower Hour,2025-10-22T00:00:00Z,-121.62691497,39.4157853,HFC,drone,1
Lower Hour,2025-10-22T00:00:00Z,-121.62680086,39.41572181,HFC,drone,1
Lower Hour,2025-10-22T00:00:00Z,-121.62685721,39.41571702,HFC,drone,1
Lower Hour,2025-10-22T00:00:00Z,-121.6270629,39.4156274,HFC,drone,1
Lower Hour,2025-10-22T00:00:00Z,-121.62724621,39.41551366,HFC,drone,1
Lower Hour,2025-10-22T00:00:00Z,-121.62748318,39.41544281,HFC,drone,1
Lower Hour,2025-10-22T00:00:00Z,-121.62742377,39.41542439,HFC,drone,1
Lower Hour,2025-10-22T00:00:00Z,-121.62708364,39.41553888,HFC,drone,1
Lower Hour,2025-10-22T00:00:00Z,-121.62701376,39.41559559,HFC,drone,1
Lower Hour,2025-10-22T00:00:00Z,-121.62709109,39.41556299,HFC,drone,1
Lower Hour,2025-10-22T00:00:00Z,-121.62689452,39.41567238,HFC,drone,1
Lower Hour,2025-10-22T00:00:00Z,-121.62816693,39.41541555,HFC,drone,1
Lower Hour,2025-10-22T00:00:00Z,-121.62828827,39.41567186,HFC,drone,1
Lower Hour,2025-10-22T00:00:00Z,-121.62784777,39.41606109,HFC,drone,1
Lower Hour,2025-10-22T00:00:00Z,-121.62787454,39.41615446,HFC,drone,1
Lower Hour,2025-10-22T00:00:00Z,-121.6277878,39.41647786,HFC,drone,1
Lower Hour,2025-10-22T00:00:00Z,-121.62767867,39.4165372,HFC,drone,1
Lower Hour,2025-10-22T00:00:00Z,-121.62779938,39.41654243,HFC,drone,1
Lower Hour,2025-10-22T00:00:00Z,-121.62780374,39.41651613,HFC,drone,1
Lower Hour,2025-10-22T00:00:00Z,-121.62763204,39.41627542,HFC,drone,1
Lower Hour,2025-11-06T00:00:00Z,-121.62747115,39.416314559999996,HFC,drone,1
Lower Hour,2025-11-06T00:00:00Z,-121.62681868,39.41597839,HFC,drone,1
Lower Hour,2025-11-06T00:00:00Z,-121.62695417,39.41588249,HFC,drone,1
Lower Hour,2025-11-06T00:00:00Z,-121.62722179,39.41689603,HFC,drone,1
Lower McFarland,2024-10-22T00:00:00Z,-121.63265269,39.37403687,HFC,drone,1
Lower McFarland,2024-10-22T00:00:00Z,-121.63287927,39.37389083,HFC,drone,1
Lower McFarland,2024-10-22T00:00:00Z,-121.63278912,39.37380695,HFC,drone,1
Lower McFarland,2024-10-22T00:00:00Z,-121.63299884,39.37370166,HFC,drone,1
Lower McFarland,2024-10-22T00:00:00Z,-121.63296939,39.37368262,HFC,drone,1
Lower McFarland,2024-10-22T00:00:00Z,-121.63308178,39.37356728,HFC,drone,1
Lower McFarland,2024-11-08T00:00:00Z,-121.63308172,39.37345241,HFC,drone,1
Lower McFarland,2024-11-08T00:00:00Z,-121.63301076,39.37366266,HFC,drone,1
Lower McFarland,2024-11-18T00:00:00Z,-121.63275026,39.3739172,HFC,drone,1
Lower McFarland,2025-10-23T00:00:00Z,-121.63276828,39.37388658,HFC,drone,1
Lower McFarland,2025-11-10T00:00:00Z,NA,NA,HFC,drone,0
Lower Vance East,2024-10-24T00:00:00Z,-121.63607713,39.44837511,HFC,drone,1
Lower Vance East,2024-10-24T00:00:00Z,-121.63619278,39.44828739,HFC,drone,1
Lower Vance East,2024-10-24T00:00:00Z,-121.63610882,39.44828001,HFC,drone,1
Lower Vance East,2024-10-24T00:00:00Z,-121.63605339,39.44824171,HFC,drone,1
Lower Vance East,2024-10-24T00:00:00Z,-121.63618403,39.44815072,HFC,drone,1
Lower Vance East,2024-10-24T00:00:00Z,-121.6362028,39.4481972,HFC,drone,1
Lower Vance East,2025-10-22T00:00:00Z,-121.63605999,39.44851957,HFC,drone,1
Lower Vance East,2025-10-22T00:00:00Z,-121.6360392,39.44850239,HFC,drone,1
Lower Vance East,2025-10-22T00:00:00Z,-121.63610508,39.44844783,HFC,drone,1
Lower Vance East,2025-10-22T00:00:00Z,-121.63603198,39.44846165,HFC,drone,1
Lower Vance East,2025-10-22T00:00:00Z,-121.63610858,39.44836552,HFC,drone,1
Lower Vance East,2025-10-22T00:00:00Z,-121.63608369,39.44835113,HFC,drone,1
Lower Vance East,2025-10-22T00:00:00Z,-121.63618102,39.44835589,HFC,drone,1
Lower Vance East,2025-10-22T00:00:00Z,-121.63621822,39.44828874,HFC,drone,1
Lower Vance East,2025-10-22T00:00:00Z,-121.63621399,39.44826665,HFC,drone,1
Lower Vance East,2025-10-22T00:00:00Z,-121.63617814,39.44828827,HFC,drone,1
Lower Vance East,2025-10-22T00:00:00Z,-121.63614966,39.44829083,HFC,drone,1
Lower Vance East,2025-10-22T00:00:00Z,-121.63618739,39.44824429,HFC,drone,1
Lower Vance East,2025-10-22T00:00:00Z,-121.6362321,39.44816416,HFC,drone,1
Lower Vance East,2025-10-22T00:00:00Z,-121.63622739,39.44813033,HFC,drone,1
Lower Vance East,2025-10-22T00:00:00Z,-121.63614761,39.44822865,HFC,drone,1
Lower Vance East,2025-10-22T00:00:00Z,-121.63615238,39.44819943,HFC,drone,1
Lower Vance East,2025-10-22T00:00:00Z,-121.63586597,39.44830557,HFC,drone,1
Lower Vance East,2025-11-06T00:00:00Z,-121.63610891,39.44832647,HFC,drone,1
Lower Vance East,2025-11-06T00:00:00Z,-121.63611684,39.44829325,HFC,drone,1
Upper Hour,2024-10-23T00:00:00Z,-121.62490274,39.42194908,HFC,drone,1
Upper Hour,2024-10-23T00:00:00Z,-121.62498687,39.42197194,HFC,drone,1
Upper Hour,2024-10-23T00:00:00Z,-121.62496275,39.42202533,HFC,drone,1
Upper Hour,2024-10-23T00:00:00Z,-121.62490586,39.42209423,HFC,drone,1
Upper Hour,2024-10-23T00:00:00Z,-121.624942,39.42212514,HFC,drone,1
Upper Hour,2024-10-23T00:00:00Z,-121.6250394,39.42212497,HFC,drone,1
Upper Hour,2024-10-23T00:00:00Z,-121.62488545,39.42226363,HFC,drone,1
Upper Hour,2024-10-23T00:00:00Z,-121.62522569,39.42225374,HFC,drone,1
Upper Hour,2024-10-23T00:00:00Z,-121.62526596,39.42203024,HFC,drone,1
Upper Hour,2024-10-23T00:00:00Z,-121.62539216,39.42204299,HFC,drone,1
Upper Hour,2024-10-23T00:00:00Z,-121.6255323,39.42191146,HFC,drone,1
Upper Hour,2024-10-23T00:00:00Z,-121.62489442,39.42241549,HFC,drone,1
Upper Hour,2024-10-23T00:00:00Z,-121.62497805,39.42195509,HFC,drone,1
Upper Hour,2024-11-07T00:00:00Z,-121.62493462,39.42197861,HFC,drone,1
Upper Hour,2024-11-07T00:00:00Z,-121.6249177,39.42205727,HFC,drone,1
Upper Hour,2024-11-07T00:00:00Z,-121.62489032,39.4221464,HFC,drone,1
Upper Hour,2024-11-07T00:00:00Z,-121.62489621,39.42218401,HFC,drone,1
Upper Hour,2024-11-07T00:00:00Z,-121.62489048,39.42220837,HFC,drone,1
Upper Hour,2024-11-07T00:00:00Z,-121.62483397,39.42239499,HFC,drone,1
Upper Hour,2024-11-07T00:00:00Z,-121.62528163,39.42209571,HFC,drone,1
Upper Hour,2024-11-07T00:00:00Z,-121.62522304,39.42222099,HFC,drone,1
Upper Hour,2024-11-07T00:00:00Z,-121.6255774,39.42170819,HFC,drone,1
Upper Hour,2024-11-07T00:00:00Z,-121.62558727,39.4217346,HFC,drone,1
Upper Hour,2025-10-22T00:00:00Z,-121.62490549,39.42224724,HFC,drone,1
Upper Hour,2025-10-22T00:00:00Z,-121.62487642,39.42219667,HFC,drone,1
Upper Hour,2025-10-22T00:00:00Z,-121.62495415,39.42212494,HFC,drone,1
Upper Hour,2025-10-22T00:00:00Z,-121.62503082,39.42198951,HFC,drone,1
Upper Hour,2025-10-22T00:00:00Z,-121.62508614,39.42199914,HFC,drone,1
Upper Hour,2025-10-22T00:00:00Z,-121.62539006,39.4220691,HFC,drone,1
Upper Hour,2025-10-22T00:00:00Z,-121.625011,39.42193905,HFC,drone,1
Upper Hour,2025-10-22T00:00:00Z,-121.62489256,39.42196366,HFC,drone,1
Upper Hour,2025-10-22T00:00:00Z,-121.62492177,39.42188957,HFC,drone,1
Upper Hour,2025-10-22T00:00:00Z,-121.62486689,39.42185752,HFC,drone,1
Upper Hour,2025-10-22T00:00:00Z,-121.62546372,39.42179283,HFC,drone,1
Upper Hour,2025-10-22T00:00:00Z,-121.62529485,39.42167692,HFC,drone,1
Upper Hour,2025-10-22T00:00:00Z,-121.62537406,39.4217493,HFC,drone,1
Upper Hour,2025-10-22T00:00:00Z,-121.62536496,39.4217191,HFC,drone,1
Upper Hour,2025-10-22T00:00:00Z,-121.62521811,39.42209567,HFC,drone,1
Upper Hour,2025-10-22T00:00:00Z,-121.62520935,39.42207864,HFC,drone,1
Upper Hour,2025-10-22T00:00:00Z,-121.6250722,39.42168908,HFC,drone,1
Upper Hour,2025-10-22T00:00:00Z,-121.62519217,39.42165734,HFC,drone,1
Upper Hour,2025-10-22T00:00:00Z,-121.62541798,39.42164878,HFC,drone,1
Upper Hour,2025-10-22T00:00:00Z,-121.62501178,39.42187096,HFC,drone,1
Upper Hour,2025-11-06T00:00:00Z,-121.62550891,39.42167048,HFC,drone,1
Upper McFarland,2024-10-22T00:00:00Z,-121.63347707,39.3791014,HFC,drone,1
Upper McFarland,2024-10-22T00:00:00Z,-121.63325382,39.37942732,HFC,drone,1
Upper McFarland,2024-10-22T00:00:00Z,-121.63328899,39.37948591,HFC,drone,1
Upper McFarland,2024-10-22T00:00:00Z,-121.63336493,39.3795904,HFC,drone,1
Upper McFarland,2024-10-22T00:00:00Z,-121.63333992,39.3795975,HFC,drone,1
Upper McFarland,2024-10-22T00:00:00Z,-121.63327666,39.37969543,HFC,drone,1
Upper McFarland,2024-10-22T00:00:00Z,-121.6336154,39.37969913,HFC,drone,1
Upper McFarland,2024-10-22T00:00:00Z,-121.63359873,39.37971739,HFC,drone,1
Upper McFarland,2024-11-08T00:00:00Z,-121.63320712,39.37942271,HFC,drone,1
Upper McFarland,2024-11-08T00:00:00Z,-121.63337795,39.37900879,HFC,drone,1
Upper McFarland,2024-11-18T00:00:00Z,-121.63340883,39.3790402,HFC,drone,1
Upper McFarland,2025-10-23T00:00:00Z,-121.63324614,39.37959863,HFC,drone,1
Upper McFarland,2025-10-23T00:00:00Z,-121.63330074,39.37961838,HFC,drone,1
Upper McFarland,2025-10-23T00:00:00Z,-121.63328722,39.37959593,HFC,drone,1
Upper McFarland,2025-10-23T00:00:00Z,-121.63332444,39.37945498,HFC,drone,1
Upper McFarland,2025-10-23T00:00:00Z,-121.63329333,39.37949346,HFC,drone,1
Upper McFarland,2025-10-23T00:00:00Z,-121.63326527,39.37945938,HFC,drone,1
Upper McFarland,2025-10-23T00:00:00Z,-121.63319405,39.37940823,HFC,drone,1
Upper McFarland,2025-10-23T00:00:00Z,-121.6333917,39.37937233,HFC,drone,1
Upper McFarland,2025-10-23T00:00:00Z,-121.63343161,39.37934605,HFC,drone,1
Upper McFarland,2025-10-23T00:00:00Z,-121.63329335,39.37938104,HFC,drone,1
Upper McFarland,2025-10-23T00:00:00Z,-121.63352781,39.37916822,HFC,drone,1
Upper McFarland,2025-10-23T00:00:00Z,-121.63339146,39.37884138,HFC,drone,1
Upper McFarland,2025-11-10T00:00:00Z,NA,NA,HFC,drone,0
Vance East,2024-10-24T00:00:00Z,-121.63822696,39.4512449,HFC,drone,1
Vance East,2024-10-24T00:00:00Z,-121.63778208,39.45126306,HFC,drone,1
Vance East,2024-10-24T00:00:00Z,-121.63744852,39.45105938,HFC,drone,1
Vance East,2024-10-24T00:00:00Z,-121.63732506,39.45097675,HFC,drone,1
Vance East,2024-10-24T00:00:00Z,-121.63736457,39.45097826,HFC,drone,1
Vance East,2024-10-24T00:00:00Z,-121.63702394,39.45088941,HFC,drone,1
Vance East,2024-10-24T00:00:00Z,-121.63689993,39.45079525,HFC,drone,1
Vance East,2024-10-24T00:00:00Z,-121.63687731,39.45081778,HFC,drone,1
Vance East,2024-10-24T00:00:00Z,-121.63680873,39.45074894,HFC,drone,1
Vance East,2024-10-24T00:00:00Z,-121.63671484,39.45074224,HFC,drone,1
Vance East,2024-10-24T00:00:00Z,-121.63671085,39.45069957,HFC,drone,1
Vance East,2024-10-24T00:00:00Z,-121.63665775,39.4506283,HFC,drone,1
Vance East,2024-10-24T00:00:00Z,-121.63663996,39.4506008,HFC,drone,1
Vance East,2024-10-24T00:00:00Z,-121.6366752,39.45054962,HFC,drone,1
Vance East,2024-10-24T00:00:00Z,-121.63661817,39.45070447,HFC,drone,1
Vance East,2024-10-24T00:00:00Z,-121.63812208,39.45092915,HFC,drone,1
Vance East,2024-10-24T00:00:00Z,-121.63802224,39.45092176,HFC,drone,1
Vance East,2024-10-24T00:00:00Z,-121.63834439,39.45130355,HFC,drone,1
Vance East,2024-11-07T00:00:00Z,-121.63806414,39.45144218,HFC,drone,1
Vance East,2024-11-07T00:00:00Z,-121.63795671,39.45134863,HFC,drone,1
Vance East,2024-11-07T00:00:00Z,-121.63785382,39.45125455,HFC,drone,1
Vance East,2024-11-07T00:00:00Z,-121.63777658,39.45123612,HFC,drone,1
Vance East,2024-11-07T00:00:00Z,-121.63727646,39.45094695,HFC,drone,1
Vance East,2024-11-07T00:00:00Z,-121.63728074,39.45092494,HFC,drone,1
Vance East,2024-11-07T00:00:00Z,-121.63701987,39.45075217,HFC,drone,1
Vance East,2024-11-07T00:00:00Z,-121.63699117,39.450814630000004,HFC,drone,1
Vance East,2024-11-07T00:00:00Z,-121.63659324,39.45062305,HFC,drone,1
Vance East,2024-11-07T00:00:00Z,-121.63667203,39.45066248,HFC,drone,1
Vance East,2024-11-07T00:00:00Z,-121.6365303,39.45041372,HFC,drone,1
Vance East,2024-11-07T00:00:00Z,-121.63647545,39.45035812,HFC,drone,1
Vance East,2024-11-19T00:00:00Z,-121.63737772,39.4509287,HFC,drone,1
Vance East,2024-11-19T00:00:00Z,-121.6376935,39.45075184,HFC,drone,1
Vance East,2024-11-19T00:00:00Z,-121.63788627,39.45129056,HFC,drone,1
Vance East,2024-11-19T00:00:00Z,-121.63751043,39.45105252,HFC,drone,1
Vance East,2024-11-19T00:00:00Z,-121.63680427,39.45069345,HFC,drone,1
Vance East,2025-10-22T00:00:00Z,-121.63828826,39.45160065,HFC,drone,1
Vance East,2025-10-22T00:00:00Z,-121.63829467,39.45154558,HFC,drone,1
Vance East,2025-10-22T00:00:00Z,-121.63818415,39.45155945,HFC,drone,1
Vance East,2025-10-22T00:00:00Z,-121.63825303,39.45149271,HFC,drone,1
Vance East,2025-10-22T00:00:00Z,-121.63825902,39.45127634,HFC,drone,1
Vance East,2025-10-22T00:00:00Z,-121.63834432,39.45118773,HFC,drone,1
Vance East,2025-10-22T00:00:00Z,-121.63813352,39.45114667,HFC,drone,1
Vance East,2025-10-22T00:00:00Z,-121.63809439,39.45096424,HFC,drone,1
Vance East,2025-10-22T00:00:00Z,-121.63807341,39.45140238,HFC,drone,1
Vance East,2025-10-22T00:00:00Z,-121.63773207,39.45121641,HFC,drone,1
Vance East,2025-10-22T00:00:00Z,-121.63764306,39.45112989,HFC,drone,1
Vance East,2025-10-22T00:00:00Z,-121.63796352,39.4513748,HFC,drone,1
Vance East,2025-10-22T00:00:00Z,-121.63754353,39.45109941,HFC,drone,1
Vance East,2025-10-22T00:00:00Z,-121.63727263,39.45088568,HFC,drone,1
Vance East,2025-10-22T00:00:00Z,-121.63723742,39.45077636,HFC,drone,1
Vance East,2025-10-22T00:00:00Z,-121.63712914,39.45085781,HFC,drone,1
Vance East,2025-10-22T00:00:00Z,-121.63705291,39.45084588,HFC,drone,1
Vance East,2025-10-22T00:00:00Z,-121.6369887,39.45085616,HFC,drone,1
Vance East,2025-10-22T00:00:00Z,-121.63729647,39.45095817,HFC,drone,1
Vance East,2025-10-22T00:00:00Z,-121.63701706,39.45079453,HFC,drone,1
Vance East,2025-10-22T00:00:00Z,-121.63696268,39.45078203,HFC,drone,1
Vance East,2025-10-22T00:00:00Z,-121.63701702,39.45068442,HFC,drone,1
Vance East,2025-10-22T00:00:00Z,-121.63689094,39.45072586,HFC,drone,1
Vance East,2025-10-22T00:00:00Z,-121.63684423,39.45074705,HFC,drone,1
Vance East,2025-10-22T00:00:00Z,-121.63674868,39.45074505,HFC,drone,1
Vance East,2025-10-22T00:00:00Z,-121.63673733,39.45068492,HFC,drone,1
Vance East,2025-10-22T00:00:00Z,-121.6367857,39.45065549,HFC,drone,1
Vance East,2025-10-22T00:00:00Z,-121.63655242,39.45061462,HFC,drone,1
Vance East,2025-10-22T00:00:00Z,-121.63662989,39.45038048,HFC,drone,1
Vance East,2025-10-22T00:00:00Z,-121.636557,39.45037963,HFC,drone,1
Vance East,2025-10-22T00:00:00Z,-121.63642421,39.4503505,HFC,drone,1
Vance East,2025-10-22T00:00:00Z,-121.63780554,39.45124576,HFC,drone,1
Vance East,2025-10-22T00:00:00Z,-121.63684437,39.45071917,HFC,drone,1
Vance East,2025-10-22T00:00:00Z,-121.63670073,39.45065099,HFC,drone,1
Vance East,2025-10-22T00:00:00Z,-121.63673601,39.45073018,HFC,drone,1
Vance East,2025-10-22T00:00:00Z,-121.63653039,39.45061358,HFC,drone,1
Vance East,2025-10-22T00:00:00Z,-121.63809476,39.45094776,HFC,drone,1
Vance East,2025-10-22T00:00:00Z,-121.63826454,39.45161216,HFC,drone,1
Vance East,2025-10-22T00:00:00Z,-121.63790791,39.45134016,HFC,drone,1
Vance East,2025-10-22T00:00:00Z,-121.63777345,39.45124352,HFC,drone,1
Vance East,2025-11-06T00:00:00Z,-121.63789973,39.45130291,HFC,drone,1
Vance East,2025-11-06T00:00:00Z,-121.63786048,39.45127333,HFC,drone,1
Vance East,2025-11-06T00:00:00Z,-121.63775826,39.4512042,HFC,drone,1
Vance East,2025-11-06T00:00:00Z,-121.63748159,39.45103597,HFC,drone,1
Vance East,2025-11-06T00:00:00Z,-121.63814775,39.45159873,HFC,drone,1
Vance East,2025-11-06T00:00:00Z,-121.63723653,39.45093869,HFC,drone,1
Vance East,2025-11-06T00:00:00Z,-121.6372127,39.45087665,HFC,drone,1
Vance East,2025-11-06T00:00:00Z,-121.63708396,39.45088397,HFC,drone,1
Vance East,2025-11-06T00:00:00Z,-121.63669999,39.45055743,HFC,drone,1
Vance East,2025-11-06T00:00:00Z,-121.63672481,39.45051008,HFC,drone,1
Vance East,2025-11-06T00:00:00Z,-121.63662934,39.45062013,HFC,drone,1
Vance East,2025-11-06T00:00:00Z,-121.63658834,39.45059643,HFC,drone,1
Vance East,2025-11-06T00:00:00Z,-121.63651984,39.4504333,HFC,drone,1
Vance East,2025-11-06T00:00:00Z,-121.6368294,39.45069041,HFC,drone,1
Vance West,2024-10-24T00:00:00Z,-121.63884193,39.45110602,HFC,drone,1
Vance West,2024-10-24T00:00:00Z,-121.63906328,39.45081837,HFC,drone,1
Vance West,2024-10-24T00:00:00Z,-121.63887147,39.45055479,HFC,drone,1
Vance West,2024-10-24T00:00:00Z,-121.63875007,39.45072197,HFC,drone,1
Vance West,2024-11-07T00:00:00Z,-121.63906706,39.45032203,HFC,drone,1
Vance West,2025-10-22T00:00:00Z,-121.6390354,39.45131281,HFC,drone,1
Vance West,2025-10-22T00:00:00Z,-121.63910543,39.45119505,HFC,drone,1
Vance West,2025-10-22T00:00:00Z,-121.63906921,39.45118447,HFC,drone,1
Vance West,2025-10-22T00:00:00Z,-121.63900046,39.45119947,HFC,drone,1
Vance West,2025-10-22T00:00:00Z,-121.63920919,39.45106527,HFC,drone,1
Vance West,2025-10-22T00:00:00Z,-121.63887558,39.45106701,HFC,drone,1
Vance West,2025-10-22T00:00:00Z,-121.63881861,39.45088791,HFC,drone,1
Vance West,2025-10-22T00:00:00Z,-121.63878389,39.45080111,HFC,drone,1
Vance West,2025-10-22T00:00:00Z,-121.63886264,39.45075912,HFC,drone,1
Vance West,2025-10-22T00:00:00Z,-121.63903569,39.4508114,HFC,drone,1
Vance West,2025-10-22T00:00:00Z,-121.6390355,39.45074646,HFC,drone,1
Vance West,2025-10-22T00:00:00Z,-121.6389874,39.45074815,HFC,drone,1
Vance West,2025-10-22T00:00:00Z,-121.63883652,39.45072552,HFC,drone,1
Vance West,2025-10-22T00:00:00Z,-121.63882313,39.45067079,HFC,drone,1
Vance West,2025-10-22T00:00:00Z,-121.63879706,39.45064519,HFC,drone,1
Vance West,2025-10-22T00:00:00Z,-121.6387521,39.45070393,HFC,drone,1
Vance West,2025-10-22T00:00:00Z,-121.63893456,39.45054995,HFC,drone,1
Vance West,2025-10-22T00:00:00Z,-121.63910085,39.45046046,HFC,drone,1
Vance West,2025-10-22T00:00:00Z,-121.63907123,39.45042542,HFC,drone,1
Vance West,2025-10-22T00:00:00Z,-121.63932859,39.45046925,HFC,drone,1
Vance West,2025-10-22T00:00:00Z,-121.63880537,39.45022145,HFC,drone,1
Vance West,2025-10-22T00:00:00Z,-121.63903579,39.45032014,HFC,drone,1
Vance West,2025-10-22T00:00:00Z,-121.63916676,39.45032676,HFC,drone,1
Vance West,2025-10-22T00:00:00Z,-121.63919115,39.45078205,HFC,drone,1
Vance West,2025-11-06T00:00:00Z,-121.63883761,39.45135447,HFC,drone,1
Vance West,2025-11-06T00:00:00Z,-121.63870792,39.45129384,HFC,drone,1
Aleck,2024-09-24T00:00:00Z,-121.57906114,39.48362096,LFC,drone,1
Aleck,2024-09-24T00:00:00Z,-121.5791202,39.48357941,LFC,drone,1
Aleck,2024-09-24T00:00:00Z,-121.57894662,39.48388117,LFC,drone,1
Aleck,2024-09-24T00:00:00Z,-121.57895709,39.48391448,LFC,drone,1
Aleck,2024-10-02T00:00:00Z,-121.57896066,39.48382162,LFC,drone,1
Aleck,2024-10-02T00:00:00Z,-121.57895803,39.48378603,LFC,drone,1
Aleck,2024-10-02T00:00:00Z,-121.57905511,39.48363461,LFC,drone,1
Aleck,2024-10-16T00:00:00Z,-121.5790639,39.4840118,LFC,drone,1
Aleck,2024-10-16T00:00:00Z,-121.57888246,39.48377817,LFC,drone,1
Aleck,2024-10-16T00:00:00Z,-121.57888593,39.48374825,LFC,drone,1
Aleck,2024-10-16T00:00:00Z,-121.57891293,39.48368864,LFC,drone,1
Aleck,2024-10-16T00:00:00Z,-121.57894128,39.4836679,LFC,drone,1
Aleck,2024-10-16T00:00:00Z,-121.57889085,39.48354187,LFC,drone,1
Aleck,2024-10-16T00:00:00Z,-121.57898104,39.48343865,LFC,drone,1
Aleck,2024-10-16T00:00:00Z,-121.57932826,39.4835844,LFC,drone,1
Aleck,2024-10-16T00:00:00Z,-121.57909093,39.48349326,LFC,drone,1
Aleck,2024-10-30T00:00:00Z,-121.57903015,39.48421564,LFC,drone,1
Aleck,2024-10-30T00:00:00Z,-121.57899975,39.48422527,LFC,drone,1
Aleck,2024-10-30T00:00:00Z,-121.57899597,39.48416567,LFC,drone,1
Aleck,2024-10-30T00:00:00Z,-121.57904422,39.48414444,LFC,drone,1
Aleck,2024-10-30T00:00:00Z,-121.57904063,39.48407552,LFC,drone,1
Aleck,2024-10-30T00:00:00Z,-121.57905274,39.48404294,LFC,drone,1
Aleck,2024-10-30T00:00:00Z,-121.57901829,39.48403479,LFC,drone,1
Aleck,2024-10-30T00:00:00Z,-121.57908732,39.4840154,LFC,drone,1
Aleck,2024-10-30T00:00:00Z,-121.57902444,39.48397758,LFC,drone,1
Aleck,2024-10-30T00:00:00Z,-121.57893454,39.48398444,LFC,drone,1
Aleck,2024-10-30T00:00:00Z,-121.57892996,39.48393574,LFC,drone,1
Aleck,2024-10-30T00:00:00Z,-121.5790388,39.48390593,LFC,drone,1
Aleck,2024-10-30T00:00:00Z,-121.57885437,39.48388799,LFC,drone,1
Aleck,2024-10-30T00:00:00Z,-121.57894292,39.48384657,LFC,drone,1
Aleck,2024-10-30T00:00:00Z,-121.57885572,39.48382187,LFC,drone,1
Aleck,2024-10-30T00:00:00Z,-121.57881501,39.48376136,LFC,drone,1
Aleck,2024-10-30T00:00:00Z,-121.57877085,39.48378355,LFC,drone,1
Aleck,2024-10-30T00:00:00Z,-121.578689,39.48379846,LFC,drone,1
Aleck,2024-10-30T00:00:00Z,-121.57912387,39.48381946,LFC,drone,1
Aleck,2024-10-30T00:00:00Z,-121.57907133,39.48387883,LFC,drone,1
Aleck,2024-10-30T00:00:00Z,-121.57900632,39.48381575,LFC,drone,1
Aleck,2024-10-30T00:00:00Z,-121.5788459,39.48375651,LFC,drone,1
Aleck,2024-10-30T00:00:00Z,-121.57873304,39.48373877,LFC,drone,1
Aleck,2024-10-30T00:00:00Z,-121.57876917,39.48372193,LFC,drone,1
Aleck,2024-10-30T00:00:00Z,-121.57871057,39.4837044,LFC,drone,1
Aleck,2024-10-30T00:00:00Z,-121.57892669,39.48373613,LFC,drone,1
Aleck,2024-10-30T00:00:00Z,-121.57905496,39.48367428,LFC,drone,1
Aleck,2024-10-30T00:00:00Z,-121.57886962,39.48367202,LFC,drone,1
Aleck,2024-10-30T00:00:00Z,-121.57897244,39.48366464,LFC,drone,1
Aleck,2024-10-30T00:00:00Z,-121.57893197,39.4836355,LFC,drone,1
Aleck,2024-10-30T00:00:00Z,-121.57898396,39.4836175,LFC,drone,1
Aleck,2024-10-30T00:00:00Z,-121.57879807,39.48362796,LFC,drone,1
Aleck,2024-10-30T00:00:00Z,-121.57889407,39.48362367,LFC,drone,1
Aleck,2024-10-30T00:00:00Z,-121.57882021,39.48359231,LFC,drone,1
Aleck,2024-10-30T00:00:00Z,-121.57884399,39.48356237,LFC,drone,1
Aleck,2024-10-30T00:00:00Z,-121.57896902,39.48355867,LFC,drone,1
Aleck,2024-10-30T00:00:00Z,-121.57906881,39.48357035,LFC,drone,1
Aleck,2024-10-30T00:00:00Z,-121.57904147,39.48354433,LFC,drone,1
Aleck,2024-10-30T00:00:00Z,-121.57902179,39.48351704,LFC,drone,1
Aleck,2024-10-30T00:00:00Z,-121.57895434,39.48351621,LFC,drone,1
Aleck,2024-10-30T00:00:00Z,-121.57898238,39.48347882,LFC,drone,1
Aleck,2024-10-30T00:00:00Z,-121.57904689,39.48345097,LFC,drone,1
Aleck,2024-10-30T00:00:00Z,-121.57916955,39.48343406,LFC,drone,1
Aleck,2024-10-30T00:00:00Z,-121.57910313,39.48341166,LFC,drone,1
Aleck,2024-10-30T00:00:00Z,-121.57920339,39.48348653,LFC,drone,1
Aleck,2024-10-30T00:00:00Z,-121.57907862,39.48336226,LFC,drone,1
Aleck,2024-10-30T00:00:00Z,-121.57914071,39.48331472,LFC,drone,1
Aleck,2024-10-30T00:00:00Z,-121.5789101,39.48358857,LFC,drone,1
Aleck,2024-10-30T00:00:00Z,-121.5790221,39.48428009,LFC,drone,1
Aleck,2024-11-14T00:00:00Z,-121.57889782,39.48365683,LFC,drone,1
Aleck,2024-11-14T00:00:00Z,-121.57898854,39.48354016,LFC,drone,1
Aleck,2025-09-10T00:00:00Z,NA,NA,LFC,drone,0
Aleck,2025-09-25T00:00:00Z,-121.57895915,39.48389104,LFC,drone,1
Aleck,2025-09-25T00:00:00Z,-121.57902336,39.48386117,LFC,drone,1
Aleck,2025-09-25T00:00:00Z,-121.57898005,39.483836,LFC,drone,1
Aleck,2025-09-25T00:00:00Z,-121.57901641,39.48380249,LFC,drone,1
Aleck,2025-09-25T00:00:00Z,-121.57888869,39.48377057,LFC,drone,1
Aleck,2025-09-25T00:00:00Z,-121.57908957,39.48361826,LFC,drone,1
Aleck,2025-09-25T00:00:00Z,-121.5789334,39.48365091,LFC,drone,1
Aleck,2025-09-25T00:00:00Z,-121.57897491,39.4834295,LFC,drone,1
Aleck,2025-09-25T00:00:00Z,-121.57891284,39.4834989,LFC,drone,1
Aleck,2025-09-25T00:00:00Z,-121.57895594,39.48347719,LFC,drone,1
Aleck,2025-09-25T00:00:00Z,-121.57900259,39.48400898,LFC,drone,1
Aleck,2025-10-09T00:00:00Z,-121.57919456,39.4834762,LFC,drone,1
Aleck,2025-10-09T00:00:00Z,-121.57929419,39.4833725,LFC,drone,1
Aleck,2025-10-09T00:00:00Z,-121.57900034,39.48352885,LFC,drone,1
Aleck,2025-10-09T00:00:00Z,-121.5789944,39.48358821,LFC,drone,1
Aleck,2025-10-09T00:00:00Z,-121.57887283,39.48356031,LFC,drone,1
Aleck,2025-10-09T00:00:00Z,-121.57878656,39.48361208,LFC,drone,1
Aleck,2025-10-09T00:00:00Z,-121.57889321,39.48372197,LFC,drone,1
Aleck,2025-10-09T00:00:00Z,-121.57914245,39.48326881,LFC,drone,1
Aleck,2025-10-28T00:00:00Z,-121.57898353,39.48416292,LFC,drone,1
Aleck,2025-10-28T00:00:00Z,-121.57897448,39.48426534,LFC,drone,1
Aleck,2025-10-28T00:00:00Z,-121.57900385,39.48422156,LFC,drone,1
Aleck,2025-10-28T00:00:00Z,-121.57893051,39.48401405,LFC,drone,1
Aleck,2025-10-28T00:00:00Z,-121.57889748,39.48397735,LFC,drone,1
Aleck,2025-10-28T00:00:00Z,-121.57900499,39.48404469,LFC,drone,1
Aleck,2025-10-28T00:00:00Z,-121.5786555,39.48381811,LFC,drone,1
Aleck,2025-10-28T00:00:00Z,-121.5787464,39.48381776,LFC,drone,1
Aleck,2025-10-28T00:00:00Z,-121.57877893,39.48375432,LFC,drone,1
Aleck,2025-10-28T00:00:00Z,-121.57882904,39.48375787,LFC,drone,1
Aleck,2025-10-28T00:00:00Z,-121.57881579,39.48385089,LFC,drone,1
Aleck,2025-10-28T00:00:00Z,-121.57869369,39.48370926,LFC,drone,1
Aleck,2025-10-28T00:00:00Z,-121.57882274,39.48369543,LFC,drone,1
Aleck,2025-10-28T00:00:00Z,-121.57905533,39.48371148,LFC,drone,1
Aleck,2025-10-28T00:00:00Z,-121.57915436,39.48363712,LFC,drone,1
Aleck,2025-10-28T00:00:00Z,-121.57887945,39.48360735,LFC,drone,1
Aleck,2025-10-28T00:00:00Z,-121.57890174,39.48358194,LFC,drone,1
Aleck,2025-10-28T00:00:00Z,-121.57889718,39.48389884,LFC,drone,1
Aleck,2025-10-28T00:00:00Z,-121.57927671,39.48330112,LFC,drone,1
Aleck,2025-10-28T00:00:00Z,-121.57931503,39.4833258,LFC,drone,1
Aleck,2025-10-28T00:00:00Z,-121.5793936,39.48327981,LFC,drone,1
Aleck,2025-10-28T00:00:00Z,-121.57937061,39.48324651,LFC,drone,1
Aleck,2025-10-28T00:00:00Z,-121.57909343,39.48337445,LFC,drone,1
Aleck,2025-10-28T00:00:00Z,-121.57907784,39.48348945,LFC,drone,1
Aleck,2025-10-28T00:00:00Z,-121.57906034,39.4834188,LFC,drone,1
Aleck,2025-10-28T00:00:00Z,-121.57887487,39.48364618,LFC,drone,1
Aleck,2025-10-28T00:00:00Z,-121.57881038,39.48365126,LFC,drone,1
Aleck,2025-10-28T00:00:00Z,-121.57902429,39.48360839,LFC,drone,1
Aleck,2025-10-28T00:00:00Z,-121.57900109,39.48349218,LFC,drone,1
Aleck,2025-10-28T00:00:00Z,-121.57922878,39.48314426,LFC,drone,1
Aleck,2025-10-28T00:00:00Z,-121.57893188,39.4833636,LFC,drone,1
Aleck,2025-10-28T00:00:00Z,-121.57886285,39.48343969,LFC,drone,1
Aleck,2025-10-28T00:00:00Z,-121.57883512,39.48348713,LFC,drone,1
Aleck,2025-10-28T00:00:00Z,-121.57902171,39.48393957,LFC,drone,1
Aleck,2025-10-28T00:00:00Z,-121.57912805,39.48356757,LFC,drone,1
Aleck,2025-10-28T00:00:00Z,-121.57923591,39.48338905,LFC,drone,1
Aleck,2025-10-28T00:00:00Z,-121.57904742,39.48334578,LFC,drone,1
Aleck,2025-11-18T00:00:00Z,NA,NA,LFC,drone,0
Bedrock,2024-09-09T00:00:00Z,-121.567613,39.513619,LFC,drone,1
Bedrock,2024-09-09T00:00:00Z,-121.568526,39.513362,LFC,drone,1
Bedrock,2024-09-18T00:00:00Z,-121.56734,39.513718,LFC,drone,1
Bedrock,2024-09-18T00:00:00Z,-121.567577,39.513642,LFC,drone,1
Bedrock,2024-09-18T00:00:00Z,-121.567576,39.513623,LFC,drone,1
Bedrock,2024-09-18T00:00:00Z,-121.567485,39.513625,LFC,drone,1
Bedrock,2024-09-18T00:00:00Z,-121.567535,39.513664,LFC,drone,1
Bedrock,2024-09-18T00:00:00Z,-121.56785,39.513562,LFC,drone,1
Bedrock,2024-09-18T00:00:00Z,-121.567999,39.513582,LFC,drone,1
Bedrock,2024-09-18T00:00:00Z,-121.568096,39.51356,LFC,drone,1
Bedrock,2024-09-18T00:00:00Z,-121.568089,39.513548,LFC,drone,1
Bedrock,2024-09-18T00:00:00Z,-121.568271,39.513469,LFC,drone,1
Bedrock,2024-09-18T00:00:00Z,-121.568346,39.51344,LFC,drone,1
Bedrock,2024-09-18T00:00:00Z,-121.568099,39.513408,LFC,drone,1
Bedrock,2024-09-18T00:00:00Z,-121.567791,39.51326,LFC,drone,1
Bedrock,2024-09-18T00:00:00Z,-121.568318,39.513356,LFC,drone,1
Bedrock,2024-09-18T00:00:00Z,-121.568311,39.513344,LFC,drone,1
Bedrock,2024-09-18T00:00:00Z,-121.56836,39.513387,LFC,drone,1
Bedrock,2024-09-18T00:00:00Z,-121.568413,39.513277,LFC,drone,1
Bedrock,2024-09-18T00:00:00Z,-121.568345,39.513244,LFC,drone,1
Bedrock,2024-09-18T00:00:00Z,-121.568487,39.513286,LFC,drone,1
Bedrock,2024-09-18T00:00:00Z,-121.569772,39.512951,LFC,drone,1
Bedrock,2024-09-18T00:00:00Z,-121.569768,39.512927,LFC,drone,1
Bedrock,2024-09-18T00:00:00Z,-121.569404,39.513007,LFC,drone,1
Bedrock,2024-09-18T00:00:00Z,-121.569673,39.512615,LFC,drone,1
Bedrock,2024-09-18T00:00:00Z,-121.5697,39.51259,LFC,drone,1
Bedrock,2024-09-18T00:00:00Z,-121.569888,39.512548,LFC,drone,1
Bedrock,2024-09-18T00:00:00Z,-121.569868,39.512536,LFC,drone,1
Bedrock,2024-09-18T00:00:00Z,-121.569865,39.512411,LFC,drone,1
Bedrock,2024-09-18T00:00:00Z,-121.56955,39.512637,LFC,drone,1
Bedrock,2024-09-18T00:00:00Z,-121.568213,39.513424,LFC,drone,1
Bedrock,2024-09-18T00:00:00Z,-121.568118,39.513482,LFC,drone,1
Bedrock,2024-09-18T00:00:00Z,-121.568007,39.513552,LFC,drone,1
Bedrock,2024-09-23T00:00:00Z,-121.567558,39.513701,LFC,drone,1
Bedrock,2024-09-23T00:00:00Z,-121.567693,39.513687,LFC,drone,1
Bedrock,2024-09-23T00:00:00Z,-121.567654,39.51369,LFC,drone,1
Bedrock,2024-09-23T00:00:00Z,-121.567716,39.513639,LFC,drone,1
Bedrock,2024-09-23T00:00:00Z,-121.567834,39.513544,LFC,drone,1
Bedrock,2024-09-23T00:00:00Z,-121.567884,39.513535,LFC,drone,1
Bedrock,2024-09-23T00:00:00Z,-121.567828,39.51358,LFC,drone,1
Bedrock,2024-09-23T00:00:00Z,-121.567726,39.513595,LFC,drone,1
Bedrock,2024-09-23T00:00:00Z,-121.567395,39.513671,LFC,drone,1
Bedrock,2024-09-23T00:00:00Z,-121.567502,39.51366,LFC,drone,1
Bedrock,2024-09-23T00:00:00Z,-121.567782,39.513332,LFC,drone,1
Bedrock,2024-09-23T00:00:00Z,-121.56796,39.513286,LFC,drone,1
Bedrock,2024-09-23T00:00:00Z,-121.568292,39.513255,LFC,drone,1
Bedrock,2024-09-23T00:00:00Z,-121.569574,39.512977,LFC,drone,1
Bedrock,2024-09-23T00:00:00Z,-121.569462,39.512693,LFC,drone,1
Bedrock,2024-09-23T00:00:00Z,-121.569542,39.512589,LFC,drone,1
Bedrock,2024-09-23T00:00:00Z,-121.569352,39.512751,LFC,drone,1
Bedrock,2024-09-23T00:00:00Z,-121.56939,39.512729,LFC,drone,1
Bedrock,2024-09-30T00:00:00Z,-121.567104,39.513743,LFC,drone,1
Bedrock,2024-09-30T00:00:00Z,-121.567088,39.513728,LFC,drone,1
Bedrock,2024-09-30T00:00:00Z,-121.567444,39.513649,LFC,drone,1
Bedrock,2024-09-30T00:00:00Z,-121.567425,39.513427,LFC,drone,1
Bedrock,2024-09-30T00:00:00Z,-121.56747,39.513615,LFC,drone,1
Bedrock,2024-09-30T00:00:00Z,-121.567673,39.513641,LFC,drone,1
Bedrock,2024-09-30T00:00:00Z,-121.567731,39.513557,LFC,drone,1
Bedrock,2024-09-30T00:00:00Z,-121.567726,39.513571,LFC,drone,1
Bedrock,2024-09-30T00:00:00Z,-121.568228,39.513486,LFC,drone,1
Bedrock,2024-09-30T00:00:00Z,-121.568354,39.513346,LFC,drone,1
Bedrock,2024-09-30T00:00:00Z,-121.568389,39.513325,LFC,drone,1
Bedrock,2024-09-30T00:00:00Z,-121.568308,39.513417,LFC,drone,1
Bedrock,2024-09-30T00:00:00Z,-121.568323,39.513432,LFC,drone,1
Bedrock,2024-09-30T00:00:00Z,-121.568373,39.513408,LFC,drone,1
Bedrock,2024-09-30T00:00:00Z,-121.568531,39.513383,LFC,drone,1
Bedrock,2024-09-30T00:00:00Z,-121.569282,39.513045,LFC,drone,1
Bedrock,2024-09-30T00:00:00Z,-121.569815,39.512951,LFC,drone,1
Bedrock,2024-09-30T00:00:00Z,-121.569837,39.512936,LFC,drone,1
Bedrock,2024-09-30T00:00:00Z,-121.569976,39.512475,LFC,drone,1
Bedrock,2024-09-30T00:00:00Z,-121.569601,39.512535,LFC,drone,1
Bedrock,2024-09-30T00:00:00Z,-121.569854,39.512442,LFC,drone,1
Bedrock,2024-10-07T00:00:00Z,-121.567221,39.513699,LFC,drone,1
Bedrock,2024-10-07T00:00:00Z,-121.567256,39.513426,LFC,drone,1
Bedrock,2024-10-07T00:00:00Z,-121.567447,39.513341,LFC,drone,1
Bedrock,2024-10-07T00:00:00Z,-121.567866,39.513459,LFC,drone,1
Bedrock,2024-10-07T00:00:00Z,-121.567902,39.513448,LFC,drone,1
Bedrock,2024-10-07T00:00:00Z,-121.568038,39.513384,LFC,drone,1
Bedrock,2024-10-07T00:00:00Z,-121.567616,39.513352,LFC,drone,1
Bedrock,2024-10-07T00:00:00Z,-121.56805,39.513541,LFC,drone,1
Bedrock,2024-10-07T00:00:00Z,-121.567942,39.513267,LFC,drone,1
Bedrock,2024-10-07T00:00:00Z,-121.567908,39.513193,LFC,drone,1
Bedrock,2024-10-07T00:00:00Z,-121.568122,39.513358,LFC,drone,1
Bedrock,2024-10-07T00:00:00Z,-121.568256,39.513311,LFC,drone,1
Bedrock,2024-10-07T00:00:00Z,-121.568469,39.513387,LFC,drone,1
Bedrock,2024-10-07T00:00:00Z,-121.568369,39.513449,LFC,drone,1
Bedrock,2024-10-07T00:00:00Z,-121.568426,39.513168,LFC,drone,1
Bedrock,2024-10-07T00:00:00Z,-121.568263,39.513197,LFC,drone,1
Bedrock,2024-10-07T00:00:00Z,-121.569499,39.512985,LFC,drone,1
Bedrock,2024-10-07T00:00:00Z,-121.56968,39.512924,LFC,drone,1
Bedrock,2024-10-07T00:00:00Z,-121.569398,39.512701,LFC,drone,1
Bedrock,2024-10-07T00:00:00Z,-121.569417,39.512658,LFC,drone,1
Bedrock,2024-10-07T00:00:00Z,-121.569526,39.512565,LFC,drone,1
Bedrock,2024-10-07T00:00:00Z,-121.569677,39.512969,LFC,drone,1
Bedrock,2024-10-07T00:00:00Z,-121.570025,39.512562,LFC,drone,1
Bedrock,2024-10-07T00:00:00Z,-121.569548,39.512669,LFC,drone,1
Bedrock,2024-10-07T00:00:00Z,-121.569784,39.512435,LFC,drone,1
Bedrock,2024-10-07T00:00:00Z,-121.569861,39.512474,LFC,drone,1
Bedrock,2024-10-07T00:00:00Z,-121.569506,39.512598,LFC,drone,1
Bedrock,2024-10-07T00:00:00Z,-121.569537,39.512612,LFC,drone,1
Bedrock,2024-10-07T00:00:00Z,-121.570037,39.512479,LFC,drone,1
Bedrock,2024-10-07T00:00:00Z,-121.569636,39.51259,LFC,drone,1
Bedrock,2024-10-07T00:00:00Z,-121.567138,39.513426,LFC,drone,1
Bedrock,2024-10-15T00:00:00Z,-121.566989,39.513682,LFC,drone,1
Bedrock,2024-10-15T00:00:00Z,-121.567004,39.513799,LFC,drone,1
Bedrock,2024-10-15T00:00:00Z,-121.567198,39.51382,LFC,drone,1
Bedrock,2024-10-15T00:00:00Z,-121.567208,39.513777,LFC,drone,1
Bedrock,2024-10-15T00:00:00Z,-121.567257,39.51382,LFC,drone,1
Bedrock,2024-10-15T00:00:00Z,-121.567308,39.513634,LFC,drone,1
Bedrock,2024-10-15T00:00:00Z,-121.567288,39.513576,LFC,drone,1
Bedrock,2024-10-15T00:00:00Z,-121.567224,39.51347,LFC,drone,1
Bedrock,2024-10-15T00:00:00Z,-121.567201,39.513442,LFC,drone,1
Bedrock,2024-10-15T00:00:00Z,-121.567311,39.513487,LFC,drone,1
Bedrock,2024-10-15T00:00:00Z,-121.56737,39.513463,LFC,drone,1
Bedrock,2024-10-15T00:00:00Z,-121.567378,39.513524,LFC,drone,1
Bedrock,2024-10-15T00:00:00Z,-121.567354,39.513448,LFC,drone,1
Bedrock,2024-10-15T00:00:00Z,-121.567395,39.51359,LFC,drone,1
Bedrock,2024-10-15T00:00:00Z,-121.567411,39.513603,LFC,drone,1
Bedrock,2024-10-15T00:00:00Z,-121.567508,39.513524,LFC,drone,1
Bedrock,2024-10-15T00:00:00Z,-121.567494,39.513513,LFC,drone,1
Bedrock,2024-10-15T00:00:00Z,-121.567342,39.513399,LFC,drone,1
Bedrock,2024-10-15T00:00:00Z,-121.567441,39.513453,LFC,drone,1
Bedrock,2024-10-15T00:00:00Z,-121.567206,39.513734,LFC,drone,1
Bedrock,2024-10-15T00:00:00Z,-121.567237,39.513715,LFC,drone,1
Bedrock,2024-10-15T00:00:00Z,-121.567368,39.51382,LFC,drone,1
Bedrock,2024-10-15T00:00:00Z,-121.567439,39.513802,LFC,drone,1
Bedrock,2024-10-15T00:00:00Z,-121.567471,39.513735,LFC,drone,1
Bedrock,2024-10-15T00:00:00Z,-121.567372,39.513715,LFC,drone,1
Bedrock,2024-10-15T00:00:00Z,-121.567354,39.51369,LFC,drone,1
Bedrock,2024-10-15T00:00:00Z,-121.567447,39.513681,LFC,drone,1
Bedrock,2024-10-15T00:00:00Z,-121.567436,39.513624,LFC,drone,1
Bedrock,2024-10-15T00:00:00Z,-121.567379,39.513624,LFC,drone,1
Bedrock,2024-10-15T00:00:00Z,-121.567591,39.5136,LFC,drone,1
Bedrock,2024-10-15T00:00:00Z,-121.567582,39.513672,LFC,drone,1
Bedrock,2024-10-15T00:00:00Z,-121.567603,39.513679,LFC,drone,1
Bedrock,2024-10-15T00:00:00Z,-121.567099,39.513482,LFC,drone,1
Bedrock,2024-10-15T00:00:00Z,-121.56753,39.513384,LFC,drone,1
Bedrock,2024-10-15T00:00:00Z,-121.56773,39.513376,LFC,drone,1
Bedrock,2024-10-15T00:00:00Z,-121.567819,39.513426,LFC,drone,1
Bedrock,2024-10-15T00:00:00Z,-121.567826,39.513651,LFC,drone,1
Bedrock,2024-10-15T00:00:00Z,-121.567687,39.513608,LFC,drone,1
Bedrock,2024-10-15T00:00:00Z,-121.567423,39.513401,LFC,drone,1
Bedrock,2024-10-15T00:00:00Z,-121.567885,39.513327,LFC,drone,1
Bedrock,2024-10-15T00:00:00Z,-121.567895,39.513391,LFC,drone,1
Bedrock,2024-10-15T00:00:00Z,-121.567964,39.513348,LFC,drone,1
Bedrock,2024-10-15T00:00:00Z,-121.567936,39.513526,LFC,drone,1
Bedrock,2024-10-15T00:00:00Z,-121.567838,39.513601,LFC,drone,1
Bedrock,2024-10-15T00:00:00Z,-121.567671,39.51354,LFC,drone,1
Bedrock,2024-10-15T00:00:00Z,-121.567576,39.513329,LFC,drone,1
Bedrock,2024-10-15T00:00:00Z,-121.567735,39.513295,LFC,drone,1
Bedrock,2024-10-15T00:00:00Z,-121.567681,39.51356,LFC,drone,1
Bedrock,2024-10-15T00:00:00Z,-121.568169,39.513499,LFC,drone,1
Bedrock,2024-10-15T00:00:00Z,-121.56815,39.513406,LFC,drone,1
Bedrock,2024-10-15T00:00:00Z,-121.568199,39.513314,LFC,drone,1
Bedrock,2024-10-15T00:00:00Z,-121.568115,39.513337,LFC,drone,1
Bedrock,2024-10-15T00:00:00Z,-121.568033,39.513312,LFC,drone,1
Bedrock,2024-10-15T00:00:00Z,-121.56809,39.513286,LFC,drone,1
Bedrock,2024-10-15T00:00:00Z,-121.568237,39.513399,LFC,drone,1
Bedrock,2024-10-15T00:00:00Z,-121.56824400000001,39.513371,LFC,drone,1
Bedrock,2024-10-15T00:00:00Z,-121.567131,39.51375,LFC,drone,1
Bedrock,2024-10-15T00:00:00Z,-121.56809,39.513447,LFC,drone,1
Bedrock,2024-10-15T00:00:00Z,-121.568103,39.513258,LFC,drone,1
Bedrock,2024-10-15T00:00:00Z,-121.568279,39.513442,LFC,drone,1
Bedrock,2024-10-15T00:00:00Z,-121.568405,39.513303,LFC,drone,1
Bedrock,2024-10-15T00:00:00Z,-121.568414,39.513369,LFC,drone,1
Bedrock,2024-10-15T00:00:00Z,-121.56822,39.513237,LFC,drone,1
Bedrock,2024-10-15T00:00:00Z,-121.56836,39.513203,LFC,drone,1
Bedrock,2024-10-15T00:00:00Z,-121.568461,39.513358,LFC,drone,1
Bedrock,2024-10-15T00:00:00Z,-121.568591,39.513274,LFC,drone,1
Bedrock,2024-10-15T00:00:00Z,-121.568561,39.513336,LFC,drone,1
Bedrock,2024-10-15T00:00:00Z,-121.568532,39.513251,LFC,drone,1
Bedrock,2024-10-15T00:00:00Z,-121.568436,39.513237,LFC,drone,1
Bedrock,2024-10-15T00:00:00Z,-121.5686,39.513151,LFC,drone,1
Bedrock,2024-10-15T00:00:00Z,-121.568754,39.513292,LFC,drone,1
Bedrock,2024-10-15T00:00:00Z,-121.568758,39.513253,LFC,drone,1
Bedrock,2024-10-15T00:00:00Z,-121.568919,39.513206,LFC,drone,1
Bedrock,2024-10-15T00:00:00Z,-121.56903200000001,39.513193,LFC,drone,1
Bedrock,2024-10-15T00:00:00Z,-121.569144,39.51311,LFC,drone,1
Bedrock,2024-10-15T00:00:00Z,-121.568863,39.513023,LFC,drone,1
Bedrock,2024-10-15T00:00:00Z,-121.569196,39.512926,LFC,drone,1
Bedrock,2024-10-15T00:00:00Z,-121.568386,39.51323,LFC,drone,1
Bedrock,2024-10-15T00:00:00Z,-121.568893,39.513248,LFC,drone,1
Bedrock,2024-10-15T00:00:00Z,-121.56916,39.513148,LFC,drone,1
Bedrock,2024-10-15T00:00:00Z,-121.5692,39.513069,LFC,drone,1
Bedrock,2024-10-15T00:00:00Z,-121.569225,39.512957,LFC,drone,1
Bedrock,2024-10-15T00:00:00Z,-121.568546,39.513068,LFC,drone,1
Bedrock,2024-10-15T00:00:00Z,-121.568615,39.513113,LFC,drone,1
Bedrock,2024-10-15T00:00:00Z,-121.569016,39.513018,LFC,drone,1
Bedrock,2024-10-15T00:00:00Z,-121.569297,39.513002,LFC,drone,1
Bedrock,2024-10-15T00:00:00Z,-121.569366,39.512924,LFC,drone,1
Bedrock,2024-10-15T00:00:00Z,-121.569325,39.512806,LFC,drone,1
Bedrock,2024-10-15T00:00:00Z,-121.569573,39.512772,LFC,drone,1
Bedrock,2024-10-15T00:00:00Z,-121.569479,39.512719,LFC,drone,1
Bedrock,2024-10-15T00:00:00Z,-121.569603,39.512715,LFC,drone,1
Bedrock,2024-10-15T00:00:00Z,-121.569217,39.512789,LFC,drone,1
Bedrock,2024-10-15T00:00:00Z,-121.569431,39.512962,LFC,drone,1
Bedrock,2024-10-15T00:00:00Z,-121.569607,39.513012,LFC,drone,1
Bedrock,2024-10-15T00:00:00Z,-121.569636,39.512948,LFC,drone,1
Bedrock,2024-10-15T00:00:00Z,-121.569759,39.512699,LFC,drone,1
Bedrock,2024-10-15T00:00:00Z,-121.569697,39.512683,LFC,drone,1
Bedrock,2024-10-15T00:00:00Z,-121.569816,39.512793,LFC,drone,1
Bedrock,2024-10-15T00:00:00Z,-121.569803,39.512888,LFC,drone,1
Bedrock,2024-10-15T00:00:00Z,-121.569973,39.512832,LFC,drone,1
Bedrock,2024-10-15T00:00:00Z,-121.569469,39.512857,LFC,drone,1
Bedrock,2024-10-15T00:00:00Z,-121.569498,39.512955,LFC,drone,1
Bedrock,2024-10-15T00:00:00Z,-121.569578,39.51269,LFC,drone,1
Bedrock,2024-10-15T00:00:00Z,-121.570076,39.51283,LFC,drone,1
Bedrock,2024-10-15T00:00:00Z,-121.570159,39.512848,LFC,drone,1
Bedrock,2024-10-15T00:00:00Z,-121.570143,39.512817,LFC,drone,1
Bedrock,2024-10-15T00:00:00Z,-121.570103,39.512574,LFC,drone,1
Bedrock,2024-10-15T00:00:00Z,-121.570144,39.512522,LFC,drone,1
Bedrock,2024-10-15T00:00:00Z,-121.570135,39.512494,LFC,drone,1
Bedrock,2024-10-15T00:00:00Z,-121.570156,39.512464,LFC,drone,1
Bedrock,2024-10-15T00:00:00Z,-121.570183,39.512553,LFC,drone,1
Bedrock,2024-10-15T00:00:00Z,-121.570189,39.51252,LFC,drone,1
Bedrock,2024-10-15T00:00:00Z,-121.570122,39.512614,LFC,drone,1
Bedrock,2024-10-15T00:00:00Z,-121.569735,39.512494,LFC,drone,1
Bedrock,2024-10-15T00:00:00Z,-121.570012,39.512595,LFC,drone,1
Bedrock,2024-10-15T00:00:00Z,-121.570085,39.512401,LFC,drone,1
Bedrock,2024-10-15T00:00:00Z,-121.570041,39.51235,LFC,drone,1
Bedrock,2024-10-15T00:00:00Z,-121.570158,39.512402,LFC,drone,1
Bedrock,2024-10-15T00:00:00Z,-121.57021400000001,39.512808,LFC,drone,1
Bedrock,2024-10-15T00:00:00Z,-121.570272,39.512814,LFC,drone,1
Bedrock,2024-10-15T00:00:00Z,-121.570241,39.512843,LFC,drone,1
Bedrock,2024-10-15T00:00:00Z,-121.570331,39.512834,LFC,drone,1
Bedrock,2024-10-15T00:00:00Z,-121.569897,39.512442,LFC,drone,1
Bedrock,2024-10-15T00:00:00Z,-121.569901,39.512499,LFC,drone,1
Bedrock,2024-10-15T00:00:00Z,-121.569434,39.51262,LFC,drone,1
Bedrock,2024-10-15T00:00:00Z,-121.569724,39.512999,LFC,drone,1
Bedrock,2024-10-15T00:00:00Z,-121.568105,39.513517,LFC,drone,1
Bedrock,2024-10-15T00:00:00Z,-121.567659,39.513297,LFC,drone,1
Bedrock,2024-10-15T00:00:00Z,-121.567982,39.513403,LFC,drone,1
Bedrock,2024-10-15T00:00:00Z,-121.56759,39.513549,LFC,drone,1
Bedrock,2024-10-15T00:00:00Z,-121.567754,39.513668,LFC,drone,1
Bedrock,2024-10-15T00:00:00Z,-121.56702,39.513807,LFC,drone,1
Bedrock,2024-10-15T00:00:00Z,-121.567266,39.513803,LFC,drone,1
Bedrock,2024-10-15T00:00:00Z,-121.567218,39.513808,LFC,drone,1
Bedrock,2024-10-15T00:00:00Z,-121.567095,39.5137,LFC,drone,1
Bedrock,2024-10-21T00:00:00Z,-121.567064,39.513824,LFC,drone,1
Bedrock,2024-10-21T00:00:00Z,-121.567041,39.513811,LFC,drone,1
Bedrock,2024-10-21T00:00:00Z,-121.567112,39.513772,LFC,drone,1
Bedrock,2024-10-21T00:00:00Z,-121.567089,39.513763,LFC,drone,1
Bedrock,2024-10-21T00:00:00Z,-121.567116,39.513796,LFC,drone,1
Bedrock,2024-10-21T00:00:00Z,-121.567295,39.513728,LFC,drone,1
Bedrock,2024-10-21T00:00:00Z,-121.567044,39.513664,LFC,drone,1
Bedrock,2024-10-21T00:00:00Z,-121.567241,39.513737,LFC,drone,1
Bedrock,2024-10-21T00:00:00Z,-121.567211,39.513684,LFC,drone,1
Bedrock,2024-10-21T00:00:00Z,-121.567355,39.513738,LFC,drone,1
Bedrock,2024-10-21T00:00:00Z,-121.567426,39.513753,LFC,drone,1
Bedrock,2024-10-21T00:00:00Z,-121.56749,39.513741,LFC,drone,1
Bedrock,2024-10-21T00:00:00Z,-121.567454,39.513696,LFC,drone,1
Bedrock,2024-10-21T00:00:00Z,-121.567465,39.513662,LFC,drone,1
Bedrock,2024-10-21T00:00:00Z,-121.567365,39.513656,LFC,drone,1
Bedrock,2024-10-21T00:00:00Z,-121.567266,39.513706,LFC,drone,1
Bedrock,2024-10-21T00:00:00Z,-121.567127,39.51352,LFC,drone,1
Bedrock,2024-10-21T00:00:00Z,-121.567048,39.513535,LFC,drone,1
Bedrock,2024-10-21T00:00:00Z,-121.567347,39.513547,LFC,drone,1
Bedrock,2024-10-21T00:00:00Z,-121.567254,39.513579,LFC,drone,1
Bedrock,2024-10-21T00:00:00Z,-121.567364,39.513507,LFC,drone,1
Bedrock,2024-10-21T00:00:00Z,-121.567105,39.513455,LFC,drone,1
Bedrock,2024-10-21T00:00:00Z,-121.567124,39.513493,LFC,drone,1
Bedrock,2024-10-21T00:00:00Z,-121.567284,39.513447,LFC,drone,1
Bedrock,2024-10-21T00:00:00Z,-121.567201,39.513416,LFC,drone,1
Bedrock,2024-10-21T00:00:00Z,-121.567328,39.51347,LFC,drone,1
Bedrock,2024-10-21T00:00:00Z,-121.567354,39.513429,LFC,drone,1
Bedrock,2024-10-21T00:00:00Z,-121.567432,39.513495,LFC,drone,1
Bedrock,2024-10-21T00:00:00Z,-121.567433,39.51347,LFC,drone,1
Bedrock,2024-10-21T00:00:00Z,-121.567493,39.513468,LFC,drone,1
Bedrock,2024-10-21T00:00:00Z,-121.56741,39.513563,LFC,drone,1
Bedrock,2024-10-21T00:00:00Z,-121.567484,39.513589,LFC,drone,1
Bedrock,2024-10-21T00:00:00Z,-121.567651,39.513608,LFC,drone,1
Bedrock,2024-10-21T00:00:00Z,-121.567641,39.513672,LFC,drone,1
Bedrock,2024-10-21T00:00:00Z,-121.567571,39.513563,LFC,drone,1
Bedrock,2024-10-21T00:00:00Z,-121.56759,39.513518,LFC,drone,1
Bedrock,2024-10-21T00:00:00Z,-121.567588,39.513456,LFC,drone,1
Bedrock,2024-10-21T00:00:00Z,-121.567652,39.513492,LFC,drone,1
Bedrock,2024-10-21T00:00:00Z,-121.567717,39.513489,LFC,drone,1
Bedrock,2024-10-21T00:00:00Z,-121.567698,39.513454,LFC,drone,1
Bedrock,2024-10-21T00:00:00Z,-121.567692,39.513524,LFC,drone,1
Bedrock,2024-10-21T00:00:00Z,-121.567565,39.51343,LFC,drone,1
Bedrock,2024-10-21T00:00:00Z,-121.567588,39.513403,LFC,drone,1
Bedrock,2024-10-21T00:00:00Z,-121.567656,39.513381,LFC,drone,1
Bedrock,2024-10-21T00:00:00Z,-121.56765,39.513453,LFC,drone,1
Bedrock,2024-10-21T00:00:00Z,-121.567747,39.513395,LFC,drone,1
Bedrock,2024-10-21T00:00:00Z,-121.567734,39.513518,LFC,drone,1
Bedrock,2024-10-21T00:00:00Z,-121.567814,39.513495,LFC,drone,1
Bedrock,2024-10-21T00:00:00Z,-121.567688,39.513341,LFC,drone,1
Bedrock,2024-10-21T00:00:00Z,-121.567832,39.513526,LFC,drone,1
Bedrock,2024-10-21T00:00:00Z,-121.567909,39.513474,LFC,drone,1
Bedrock,2024-10-21T00:00:00Z,-121.56789,39.513415,LFC,drone,1
Bedrock,2024-10-21T00:00:00Z,-121.567767,39.513437,LFC,drone,1
Bedrock,2024-10-21T00:00:00Z,-121.567832,39.513353,LFC,drone,1
Bedrock,2024-10-21T00:00:00Z,-121.567867,39.513375,LFC,drone,1
Bedrock,2024-10-21T00:00:00Z,-121.567755,39.513544,LFC,drone,1
Bedrock,2024-10-21T00:00:00Z,-121.567783,39.513591,LFC,drone,1
Bedrock,2024-10-21T00:00:00Z,-121.567868,39.51365,LFC,drone,1
Bedrock,2024-10-21T00:00:00Z,-121.568036,39.513588,LFC,drone,1
Bedrock,2024-10-21T00:00:00Z,-121.56804,39.513420000000004,LFC,drone,1
Bedrock,2024-10-21T00:00:00Z,-121.568046,39.513484,LFC,drone,1
Bedrock,2024-10-21T00:00:00Z,-121.568057,39.513443,LFC,drone,1
Bedrock,2024-10-21T00:00:00Z,-121.568149,39.513363,LFC,drone,1
Bedrock,2024-10-21T00:00:00Z,-121.568168,39.513464,LFC,drone,1
Bedrock,2024-10-21T00:00:00Z,-121.568193,39.513341,LFC,drone,1
Bedrock,2024-10-21T00:00:00Z,-121.568191,39.51352,LFC,drone,1
Bedrock,2024-10-21T00:00:00Z,-121.568381,39.513362,LFC,drone,1
Bedrock,2024-10-21T00:00:00Z,-121.568459,39.513335,LFC,drone,1
Bedrock,2024-10-21T00:00:00Z,-121.568507,39.513315,LFC,drone,1
Bedrock,2024-10-21T00:00:00Z,-121.568304,39.513288,LFC,drone,1
Bedrock,2024-10-21T00:00:00Z,-121.56864,39.513221,LFC,drone,1
Bedrock,2024-10-21T00:00:00Z,-121.568629,39.513185,LFC,drone,1
Bedrock,2024-10-21T00:00:00Z,-121.568568,39.513197,LFC,drone,1
Bedrock,2024-10-21T00:00:00Z,-121.568453,39.513204,LFC,drone,1
Bedrock,2024-10-21T00:00:00Z,-121.568736,39.513223000000004,LFC,drone,1
Bedrock,2024-10-21T00:00:00Z,-121.568793,39.513184,LFC,drone,1
Bedrock,2024-10-21T00:00:00Z,-121.568502,39.513151,LFC,drone,1
Bedrock,2024-10-21T00:00:00Z,-121.569018,39.513173,LFC,drone,1
Bedrock,2024-10-21T00:00:00Z,-121.569018,39.513098,LFC,drone,1
Bedrock,2024-10-21T00:00:00Z,-121.569058,39.513094,LFC,drone,1
Bedrock,2024-10-21T00:00:00Z,-121.569139,39.513,LFC,drone,1
Bedrock,2024-10-21T00:00:00Z,-121.569177,39.513005,LFC,drone,1
Bedrock,2024-10-21T00:00:00Z,-121.569242,39.513056,LFC,drone,1
Bedrock,2024-10-21T00:00:00Z,-121.569407,39.512943,LFC,drone,1
Bedrock,2024-10-21T00:00:00Z,-121.569358,39.512886,LFC,drone,1
Bedrock,2024-10-21T00:00:00Z,-121.569262,39.512905,LFC,drone,1
Bedrock,2024-10-21T00:00:00Z,-121.569423,39.51284,LFC,drone,1
Bedrock,2024-10-21T00:00:00Z,-121.569382,39.512823,LFC,drone,1
Bedrock,2024-10-21T00:00:00Z,-121.569517,39.512879,LFC,drone,1
Bedrock,2024-10-21T00:00:00Z,-121.569715,39.512878,LFC,drone,1
Bedrock,2024-10-21T00:00:00Z,-121.569598,39.512893,LFC,drone,1
Bedrock,2024-10-21T00:00:00Z,-121.569565,39.512875,LFC,drone,1
Bedrock,2024-10-21T00:00:00Z,-121.569649,39.512731,LFC,drone,1
Bedrock,2024-10-21T00:00:00Z,-121.569714,39.512785,LFC,drone,1
Bedrock,2024-10-21T00:00:00Z,-121.569271,39.512813,LFC,drone,1
Bedrock,2024-10-21T00:00:00Z,-121.569424,39.512746,LFC,drone,1
Bedrock,2024-10-21T00:00:00Z,-121.569671,39.512949,LFC,drone,1
Bedrock,2024-10-21T00:00:00Z,-121.569829,39.512858,LFC,drone,1
Bedrock,2024-10-21T00:00:00Z,-121.569819,39.512752,LFC,drone,1
Bedrock,2024-10-21T00:00:00Z,-121.569776,39.512795,LFC,drone,1
Bedrock,2024-10-21T00:00:00Z,-121.569935,39.512628,LFC,drone,1
Bedrock,2024-10-21T00:00:00Z,-121.569886,39.512779,LFC,drone,1
Bedrock,2024-10-21T00:00:00Z,-121.570041,39.512613,LFC,drone,1
Bedrock,2024-10-21T00:00:00Z,-121.56998,39.512549,LFC,drone,1
Bedrock,2024-10-21T00:00:00Z,-121.569841,39.51262,LFC,drone,1
Bedrock,2024-10-21T00:00:00Z,-121.569829,39.51267,LFC,drone,1
Bedrock,2024-10-21T00:00:00Z,-121.570037,39.512775,LFC,drone,1
Bedrock,2024-10-21T00:00:00Z,-121.570096,39.512886,LFC,drone,1
Bedrock,2024-10-21T00:00:00Z,-121.57039,39.512817,LFC,drone,1
Bedrock,2024-10-21T00:00:00Z,-121.570276,39.512783,LFC,drone,1
Bedrock,2024-10-21T00:00:00Z,-121.57029,39.512836,LFC,drone,1
Bedrock,2024-10-21T00:00:00Z,-121.570089,39.512431,LFC,drone,1
Bedrock,2024-10-21T00:00:00Z,-121.570142,39.512323,LFC,drone,1
Bedrock,2024-10-21T00:00:00Z,-121.570166,39.512358,LFC,drone,1
Bedrock,2024-10-21T00:00:00Z,-121.570353,39.512383,LFC,drone,1
Bedrock,2024-10-21T00:00:00Z,-121.570211,39.512401,LFC,drone,1
Bedrock,2024-10-21T00:00:00Z,-121.570304,39.512446,LFC,drone,1
Bedrock,2024-10-21T00:00:00Z,-121.570243,39.512302,LFC,drone,1
Bedrock,2024-10-21T00:00:00Z,-121.569774,39.512532,LFC,drone,1
Bedrock,2024-10-21T00:00:00Z,-121.569452,39.512779,LFC,drone,1
Bedrock,2024-10-21T00:00:00Z,-121.569322,39.51293,LFC,drone,1
Bedrock,2024-10-21T00:00:00Z,-121.56859,39.512972,LFC,drone,1
Bedrock,2024-10-21T00:00:00Z,-121.568507,39.512994,LFC,drone,1
Bedrock,2024-10-21T00:00:00Z,-121.568158,39.513241,LFC,drone,1
Bedrock,2024-10-21T00:00:00Z,-121.568043,39.513276,LFC,drone,1
Bedrock,2024-10-21T00:00:00Z,-121.567468,39.513534,LFC,drone,1
Bedrock,2024-10-21T00:00:00Z,-121.567442,39.513553,LFC,drone,1
Bedrock,2024-10-28T00:00:00Z,-121.56692,39.5136,LFC,drone,1
Bedrock,2024-10-28T00:00:00Z,-121.566919,39.513658,LFC,drone,1
Bedrock,2024-10-28T00:00:00Z,-121.56693,39.513561,LFC,drone,1
Bedrock,2024-10-28T00:00:00Z,-121.567012,39.513757,LFC,drone,1
Bedrock,2024-10-28T00:00:00Z,-121.567016,39.513735,LFC,drone,1
Bedrock,2024-10-28T00:00:00Z,-121.56696,39.513762,LFC,drone,1
Bedrock,2024-10-28T00:00:00Z,-121.566974,39.513745,LFC,drone,1
Bedrock,2024-10-28T00:00:00Z,-121.567013,39.513838,LFC,drone,1
Bedrock,2024-10-28T00:00:00Z,-121.567082,39.513856,LFC,drone,1
Bedrock,2024-10-28T00:00:00Z,-121.56709,39.513832,LFC,drone,1
Bedrock,2024-10-28T00:00:00Z,-121.567111,39.513815,LFC,drone,1
Bedrock,2024-10-28T00:00:00Z,-121.567085,39.513792,LFC,drone,1
Bedrock,2024-10-28T00:00:00Z,-121.567145,39.513771,LFC,drone,1
Bedrock,2024-10-28T00:00:00Z,-121.567152,39.513751,LFC,drone,1
Bedrock,2024-10-28T00:00:00Z,-121.567173,39.513798,LFC,drone,1
Bedrock,2024-10-28T00:00:00Z,-121.56728,39.513835,LFC,drone,1
Bedrock,2024-10-28T00:00:00Z,-121.567334,39.513842,LFC,drone,1
Bedrock,2024-10-28T00:00:00Z,-121.567319,39.513823,LFC,drone,1
Bedrock,2024-10-28T00:00:00Z,-121.567283,39.513779,LFC,drone,1
Bedrock,2024-10-28T00:00:00Z,-121.567249,39.51377,LFC,drone,1
Bedrock,2024-10-28T00:00:00Z,-121.567384,39.513764,LFC,drone,1
Bedrock,2024-10-28T00:00:00Z,-121.567297,39.51366,LFC,drone,1
Bedrock,2024-10-28T00:00:00Z,-121.567284,39.513747,LFC,drone,1
Bedrock,2024-10-28T00:00:00Z,-121.567441,39.513782,LFC,drone,1
Bedrock,2024-10-28T00:00:00Z,-121.567134,39.513655,LFC,drone,1
Bedrock,2024-10-28T00:00:00Z,-121.567395,39.513655,LFC,drone,1
Bedrock,2024-10-28T00:00:00Z,-121.567241,39.513625,LFC,drone,1
Bedrock,2024-10-28T00:00:00Z,-121.567352,39.513608,LFC,drone,1
Bedrock,2024-10-28T00:00:00Z,-121.567528,39.513647,LFC,drone,1
Bedrock,2024-10-28T00:00:00Z,-121.567591,39.513581,LFC,drone,1
Bedrock,2024-10-28T00:00:00Z,-121.567628,39.513573,LFC,drone,1
Bedrock,2024-10-28T00:00:00Z,-121.567345,39.51357,LFC,drone,1
Bedrock,2024-10-28T00:00:00Z,-121.567233,39.513532,LFC,drone,1
Bedrock,2024-10-28T00:00:00Z,-121.567425,39.513515,LFC,drone,1
Bedrock,2024-10-28T00:00:00Z,-121.567499,39.513557,LFC,drone,1
Bedrock,2024-10-28T00:00:00Z,-121.567521,39.513489,LFC,drone,1
Bedrock,2024-10-28T00:00:00Z,-121.567845,39.513437,LFC,drone,1
Bedrock,2024-10-28T00:00:00Z,-121.567786,39.513565,LFC,drone,1
Bedrock,2024-10-28T00:00:00Z,-121.567704,39.513403,LFC,drone,1
Bedrock,2024-10-28T00:00:00Z,-121.567922,39.513425,LFC,drone,1
Bedrock,2024-10-28T00:00:00Z,-121.568092,39.513467,LFC,drone,1
Bedrock,2024-10-28T00:00:00Z,-121.568161,39.513293,LFC,drone,1
Bedrock,2024-10-28T00:00:00Z,-121.568725,39.513197,LFC,drone,1
Bedrock,2024-10-28T00:00:00Z,-121.568663,39.513255,LFC,drone,1
Bedrock,2024-10-28T00:00:00Z,-121.569482,39.512904,LFC,drone,1
Bedrock,2024-10-28T00:00:00Z,-121.569567,39.512924,LFC,drone,1
Bedrock,2024-10-28T00:00:00Z,-121.569532,39.512971,LFC,drone,1
Bedrock,2024-10-28T00:00:00Z,-121.569415,39.51291,LFC,drone,1
Bedrock,2024-10-28T00:00:00Z,-121.569263,39.512972,LFC,drone,1
Bedrock,2024-10-28T00:00:00Z,-121.569134,39.512896,LFC,drone,1
Bedrock,2024-10-28T00:00:00Z,-121.56908,39.513028,LFC,drone,1
Bedrock,2024-10-28T00:00:00Z,-121.569647,39.512772,LFC,drone,1
Bedrock,2024-10-28T00:00:00Z,-121.569706,39.512846,LFC,drone,1
Bedrock,2024-10-28T00:00:00Z,-121.569893,39.512832,LFC,drone,1
Bedrock,2024-10-28T00:00:00Z,-121.569874,39.512811,LFC,drone,1
Bedrock,2024-10-28T00:00:00Z,-121.569747,39.51283,LFC,drone,1
Bedrock,2024-10-28T00:00:00Z,-121.569767,39.512762,LFC,drone,1
Bedrock,2024-10-28T00:00:00Z,-121.569706,39.512732,LFC,drone,1
Bedrock,2024-10-28T00:00:00Z,-121.569554,39.51274,LFC,drone,1
Bedrock,2024-10-28T00:00:00Z,-121.569301,39.51275,LFC,drone,1
Bedrock,2024-10-28T00:00:00Z,-121.569696,39.512867,LFC,drone,1
Bedrock,2024-10-28T00:00:00Z,-121.569878,39.51289,LFC,drone,1
Bedrock,2024-10-28T00:00:00Z,-121.570195,39.5127,LFC,drone,1
Bedrock,2024-10-28T00:00:00Z,-121.570188,39.512632,LFC,drone,1
Bedrock,2024-10-28T00:00:00Z,-121.570057,39.512664,LFC,drone,1
Bedrock,2024-10-28T00:00:00Z,-121.569761,39.512635,LFC,drone,1
Bedrock,2024-10-28T00:00:00Z,-121.570253,39.512641,LFC,drone,1
Bedrock,2024-10-28T00:00:00Z,-121.570301,39.512683,LFC,drone,1
Bedrock,2024-10-28T00:00:00Z,-121.570252,39.512687,LFC,drone,1
Bedrock,2024-10-28T00:00:00Z,-121.570289,39.512603,LFC,drone,1
Bedrock,2024-10-28T00:00:00Z,-121.57041100000001,39.512691,LFC,drone,1
Bedrock,2024-10-28T00:00:00Z,-121.570361,39.512768,LFC,drone,1
Bedrock,2024-10-28T00:00:00Z,-121.569955,39.512446,LFC,drone,1
Bedrock,2024-10-28T00:00:00Z,-121.570337,39.512413,LFC,drone,1
Bedrock,2024-10-28T00:00:00Z,-121.570296,39.512537,LFC,drone,1
Bedrock,2024-10-28T00:00:00Z,-121.570003,39.512397,LFC,drone,1
Bedrock,2024-10-28T00:00:00Z,-121.570307,39.512806,LFC,drone,1
Bedrock,2024-10-28T00:00:00Z,-121.570169,39.512768,LFC,drone,1
Bedrock,2024-10-28T00:00:00Z,-121.569653,39.51302,LFC,drone,1
Bedrock,2024-10-28T00:00:00Z,-121.568231,39.513436,LFC,drone,1
Bedrock,2024-10-28T00:00:00Z,-121.568405,39.51344,LFC,drone,1
Bedrock,2024-10-28T00:00:00Z,-121.56828,39.51338,LFC,drone,1
Bedrock,2024-10-28T00:00:00Z,-121.568249,39.513346,LFC,drone,1
Bedrock,2024-10-28T00:00:00Z,-121.568295,39.513313,LFC,drone,1
Bedrock,2024-10-28T00:00:00Z,-121.56807,39.513313,LFC,drone,1
Bedrock,2024-10-28T00:00:00Z,-121.568195,39.513468,LFC,drone,1
Bedrock,2024-10-28T00:00:00Z,-121.568005,39.513444,LFC,drone,1
Bedrock,2024-10-28T00:00:00Z,-121.56789,39.513576,LFC,drone,1
Bedrock,2024-10-28T00:00:00Z,-121.56779,39.513528,LFC,drone,1
Bedrock,2024-10-28T00:00:00Z,-121.567536,39.513731,LFC,drone,1
Bedrock,2024-11-04T00:00:00Z,-121.56879,39.513223000000004,LFC,drone,1
Bedrock,2024-11-04T00:00:00Z,-121.569304,39.513087,LFC,drone,1
Bedrock,2024-11-04T00:00:00Z,-121.569151,39.512968,LFC,drone,1
Bedrock,2024-11-04T00:00:00Z,-121.569618,39.512827,LFC,drone,1
Bedrock,2024-11-04T00:00:00Z,-121.569747,39.512733,LFC,drone,1
Bedrock,2024-11-04T00:00:00Z,-121.570331,39.512716,LFC,drone,1
Bedrock,2024-11-04T00:00:00Z,-121.569502,39.51304,LFC,drone,1
Bedrock,2024-11-04T00:00:00Z,-121.567803,39.513349,LFC,drone,1
Bedrock,2024-11-04T00:00:00Z,-121.568677,39.513176,LFC,drone,1
Bedrock,2024-11-04T00:00:00Z,-121.569318,39.512969,LFC,drone,1
Bedrock,2024-11-04T00:00:00Z,-121.569477,39.513019,LFC,drone,1
Bedrock,2024-11-04T00:00:00Z,-121.569471,39.512804,LFC,drone,1
Bedrock,2024-11-04T00:00:00Z,-121.569926,39.512548,LFC,drone,1
Bedrock,2024-11-04T00:00:00Z,-121.569552,39.512902,LFC,drone,1
Bedrock,2024-11-04T00:00:00Z,-121.569888,39.512923,LFC,drone,1
Bedrock,2024-11-04T00:00:00Z,-121.569392,39.513071,LFC,drone,1
Bedrock,2024-11-04T00:00:00Z,-121.569065,39.513148,LFC,drone,1
Bedrock,2024-11-04T00:00:00Z,-121.567603,39.513422,LFC,drone,1
Bedrock,2024-11-04T00:00:00Z,-121.567168,39.513734,LFC,drone,1
Bedrock,2024-11-04T00:00:00Z,-121.567169,39.513696,LFC,drone,1
Bedrock,2024-11-12T00:00:00Z,-121.567669,39.513506,LFC,drone,1
Bedrock,2024-11-12T00:00:00Z,-121.567403,39.513708,LFC,drone,1
Bedrock,2024-11-12T00:00:00Z,-121.56767,39.513492,LFC,drone,1
Bedrock,2024-11-12T00:00:00Z,-121.568083,39.513512,LFC,drone,1
Bedrock,2024-11-12T00:00:00Z,-121.56831,39.513476,LFC,drone,1
Bedrock,2024-11-12T00:00:00Z,-121.56871,39.513273,LFC,drone,1
Bedrock,2024-11-12T00:00:00Z,-121.569235,39.513089,LFC,drone,1
Bedrock,2024-11-12T00:00:00Z,-121.569268,39.512936,LFC,drone,1
Bedrock,2024-11-12T00:00:00Z,-121.57009,39.512696,LFC,drone,1
Bedrock,2024-11-12T00:00:00Z,-121.570149,39.512578,LFC,drone,1
Bedrock,2024-11-12T00:00:00Z,-121.569682,39.512756,LFC,drone,1
Bedrock,2024-11-12T00:00:00Z,-121.568572,39.513308,LFC,drone,1
Bedrock,2024-11-12T00:00:00Z,-121.567478,39.513492,LFC,drone,1
Bedrock,2025-09-03T00:00:00Z,NA,NA,LFC,drone,0
Bedrock,2025-09-09T00:00:00Z,-121.56986612,39.51244348,LFC,drone,1
Bedrock,2025-09-09T00:00:00Z,-121.56963055,39.51253199,LFC,drone,1
Bedrock,2025-09-09T00:00:00Z,-121.56844739,39.51329632,LFC,drone,1
Bedrock,2025-09-09T00:00:00Z,-121.56843944,39.51341843,LFC,drone,1
Bedrock,2025-09-09T00:00:00Z,-121.56798322,39.51357053,LFC,drone,1
Bedrock,2025-09-16T00:00:00Z,-121.57051707,39.51278827,LFC,drone,1
Bedrock,2025-09-16T00:00:00Z,-121.57050644,39.51277925,LFC,drone,1
Bedrock,2025-09-16T00:00:00Z,-121.57042802,39.51282626,LFC,drone,1
Bedrock,2025-09-16T00:00:00Z,-121.57042694,39.51281534,LFC,drone,1
Bedrock,2025-09-16T00:00:00Z,-121.57021302,39.51282806,LFC,drone,1
Bedrock,2025-09-16T00:00:00Z,-121.5701654,39.51282205,LFC,drone,1
Bedrock,2025-09-16T00:00:00Z,-121.56980255,39.51295887,LFC,drone,1
Bedrock,2025-09-16T00:00:00Z,-121.56988626,39.51294412,LFC,drone,1
Bedrock,2025-09-16T00:00:00Z,-121.56954124,39.51300349,LFC,drone,1
Bedrock,2025-09-16T00:00:00Z,-121.56920753,39.51312424,LFC,drone,1
Bedrock,2025-09-16T00:00:00Z,-121.56878074,39.51324651,LFC,drone,1
Bedrock,2025-09-16T00:00:00Z,-121.56855959,39.51333394,LFC,drone,1
Bedrock,2025-09-16T00:00:00Z,-121.5684841,39.51337655,LFC,drone,1
Bedrock,2025-09-16T00:00:00Z,-121.56853564,39.51326468,LFC,drone,1
Bedrock,2025-09-16T00:00:00Z,-121.56858387,39.51331421,LFC,drone,1
Bedrock,2025-09-16T00:00:00Z,-121.56856625,39.51330012,LFC,drone,1
Bedrock,2025-09-16T00:00:00Z,-121.56835505,39.51333913,LFC,drone,1
Bedrock,2025-09-16T00:00:00Z,-121.56816699,39.51331678,LFC,drone,1
Bedrock,2025-09-16T00:00:00Z,-121.56828864,39.51342423,LFC,drone,1
Bedrock,2025-09-16T00:00:00Z,-121.56814601,39.51342607,LFC,drone,1
Bedrock,2025-09-16T00:00:00Z,-121.5680642,39.51353269,LFC,drone,1
Bedrock,2025-09-16T00:00:00Z,-121.56803743,39.51354672,LFC,drone,1
Bedrock,2025-09-16T00:00:00Z,-121.56793983,39.51355704,LFC,drone,1
Bedrock,2025-09-16T00:00:00Z,-121.56933278,39.51278944,LFC,drone,1
Bedrock,2025-09-16T00:00:00Z,-121.56942936,39.51271242,LFC,drone,1
Bedrock,2025-09-16T00:00:00Z,-121.5695871,39.51263692,LFC,drone,1
Bedrock,2025-09-16T00:00:00Z,-121.5695337,39.51259696,LFC,drone,1
Bedrock,2025-09-16T00:00:00Z,-121.56960498,39.51258975,LFC,drone,1
Bedrock,2025-09-16T00:00:00Z,-121.56969731,39.51257432,LFC,drone,1
Bedrock,2025-09-16T00:00:00Z,-121.56976317,39.51247337,LFC,drone,1
Bedrock,2025-09-16T00:00:00Z,-121.56990134,39.51247236,LFC,drone,1
Bedrock,2025-09-26T00:00:00Z,-121.5704107,39.5125698,LFC,drone,1
Bedrock,2025-09-26T00:00:00Z,-121.57042698,39.51260974,LFC,drone,1
Bedrock,2025-09-26T00:00:00Z,-121.57028604,39.5128506,LFC,drone,1
Bedrock,2025-09-26T00:00:00Z,-121.57007361,39.51287677,LFC,drone,1
Bedrock,2025-09-26T00:00:00Z,-121.57009001,39.51285308,LFC,drone,1
Bedrock,2025-09-26T00:00:00Z,-121.57005217,39.51280638,LFC,drone,1
Bedrock,2025-09-26T00:00:00Z,-121.57018224,39.51279411,LFC,drone,1
Bedrock,2025-09-26T00:00:00Z,-121.5701291,39.51283892,LFC,drone,1
Bedrock,2025-09-26T00:00:00Z,-121.56998467,39.51282327,LFC,drone,1
Bedrock,2025-09-26T00:00:00Z,-121.57009392,39.51283194,LFC,drone,1
Bedrock,2025-09-26T00:00:00Z,-121.57012657,39.512768,LFC,drone,1
Bedrock,2025-09-26T00:00:00Z,-121.57002758,39.51276832,LFC,drone,1
Bedrock,2025-09-26T00:00:00Z,-121.57010949,39.51270345,LFC,drone,1
Bedrock,2025-09-26T00:00:00Z,-121.56996498,39.51276486,LFC,drone,1
Bedrock,2025-09-26T00:00:00Z,-121.56996012,39.51273513,LFC,drone,1
Bedrock,2025-09-26T00:00:00Z,-121.57005422,39.51268235,LFC,drone,1
Bedrock,2025-09-26T00:00:00Z,-121.57001692,39.51268189,LFC,drone,1
Bedrock,2025-09-26T00:00:00Z,-121.57015586,39.51264192,LFC,drone,1
Bedrock,2025-09-26T00:00:00Z,-121.57007909,39.51263375,LFC,drone,1
Bedrock,2025-09-26T00:00:00Z,-121.57001932,39.51263,LFC,drone,1
Bedrock,2025-09-26T00:00:00Z,-121.57000191,39.51260752,LFC,drone,1
Bedrock,2025-09-26T00:00:00Z,-121.5699643,39.51266003,LFC,drone,1
Bedrock,2025-09-26T00:00:00Z,-121.56993722,39.51261635,LFC,drone,1
Bedrock,2025-09-26T00:00:00Z,-121.56991099,39.512607,LFC,drone,1
Bedrock,2025-09-26T00:00:00Z,-121.56987422,39.51265651,LFC,drone,1
Bedrock,2025-09-26T00:00:00Z,-121.56981525,39.51261425,LFC,drone,1
Bedrock,2025-09-26T00:00:00Z,-121.5697906,39.51267896,LFC,drone,1
Bedrock,2025-09-26T00:00:00Z,-121.56976936,39.51272927,LFC,drone,1
Bedrock,2025-09-26T00:00:00Z,-121.56971859,39.51274189,LFC,drone,1
Bedrock,2025-09-26T00:00:00Z,-121.56966759,39.51272741,LFC,drone,1
Bedrock,2025-09-26T00:00:00Z,-121.56976425,39.51277857,LFC,drone,1
Bedrock,2025-09-26T00:00:00Z,-121.56966843,39.51289104,LFC,drone,1
Bedrock,2025-09-26T00:00:00Z,-121.56942196,39.51302478,LFC,drone,1
Bedrock,2025-09-26T00:00:00Z,-121.56944472,39.51295803,LFC,drone,1
Bedrock,2025-09-26T00:00:00Z,-121.56923063,39.51301665,LFC,drone,1
Bedrock,2025-09-26T00:00:00Z,-121.56922042,39.51305351,LFC,drone,1
Bedrock,2025-09-26T00:00:00Z,-121.56911937,39.51310582,LFC,drone,1
Bedrock,2025-09-26T00:00:00Z,-121.56860954,39.51322668,LFC,drone,1
Bedrock,2025-09-26T00:00:00Z,-121.5685968,39.51326582,LFC,drone,1
Bedrock,2025-09-26T00:00:00Z,-121.56840027,39.51319598,LFC,drone,1
Bedrock,2025-09-26T00:00:00Z,-121.56842133,39.51323592,LFC,drone,1
Bedrock,2025-09-26T00:00:00Z,-121.56849172,39.51322369,LFC,drone,1
Bedrock,2025-09-26T00:00:00Z,-121.56858323,39.51320016,LFC,drone,1
Bedrock,2025-09-26T00:00:00Z,-121.56848179,39.51327096,LFC,drone,1
Bedrock,2025-09-26T00:00:00Z,-121.56829719,39.51337117,LFC,drone,1
Bedrock,2025-09-26T00:00:00Z,-121.56839143,39.51340854,LFC,drone,1
Bedrock,2025-09-26T00:00:00Z,-121.56834063,39.51345993,LFC,drone,1
Bedrock,2025-09-26T00:00:00Z,-121.56834266,39.51343376,LFC,drone,1
Bedrock,2025-09-26T00:00:00Z,-121.56827463,39.5133312,LFC,drone,1
Bedrock,2025-09-26T00:00:00Z,-121.56827523,39.51330232,LFC,drone,1
Bedrock,2025-09-26T00:00:00Z,-121.56831543,39.51330666,LFC,drone,1
Bedrock,2025-09-26T00:00:00Z,-121.56822804,39.51327477,LFC,drone,1
Bedrock,2025-09-26T00:00:00Z,-121.56818457,39.51328425,LFC,drone,1
Bedrock,2025-09-26T00:00:00Z,-121.56820541,39.51323866,LFC,drone,1
Bedrock,2025-09-26T00:00:00Z,-121.56819875,39.51332064,LFC,drone,1
Bedrock,2025-09-26T00:00:00Z,-121.56838229,39.51332059,LFC,drone,1
Bedrock,2025-09-26T00:00:00Z,-121.56838792,39.51336111,LFC,drone,1
Bedrock,2025-09-26T00:00:00Z,-121.56840987,39.51338257,LFC,drone,1
Bedrock,2025-09-26T00:00:00Z,-121.56814238,39.51349794,LFC,drone,1
Bedrock,2025-09-26T00:00:00Z,-121.56824732,39.51347458,LFC,drone,1
Bedrock,2025-09-26T00:00:00Z,-121.56810393,39.51348128,LFC,drone,1
Bedrock,2025-09-26T00:00:00Z,-121.56805383,39.5134745,LFC,drone,1
Bedrock,2025-09-26T00:00:00Z,-121.56806303,39.5134384,LFC,drone,1
Bedrock,2025-09-26T00:00:00Z,-121.56810585,39.51341196,LFC,drone,1
Bedrock,2025-09-26T00:00:00Z,-121.56804599,39.5133962,LFC,drone,1
Bedrock,2025-09-26T00:00:00Z,-121.56809826,39.51336987,LFC,drone,1
Bedrock,2025-09-26T00:00:00Z,-121.56807267,39.51335646,LFC,drone,1
Bedrock,2025-09-26T00:00:00Z,-121.56802184,39.51333657,LFC,drone,1
Bedrock,2025-09-26T00:00:00Z,-121.56799666,39.51330351,LFC,drone,1
Bedrock,2025-09-26T00:00:00Z,-121.56794355,39.51334639,LFC,drone,1
Bedrock,2025-09-26T00:00:00Z,-121.56788372,39.51330481,LFC,drone,1
Bedrock,2025-09-26T00:00:00Z,-121.56795342,39.51327755,LFC,drone,1
Bedrock,2025-09-26T00:00:00Z,-121.56792163,39.51342048,LFC,drone,1
Bedrock,2025-09-26T00:00:00Z,-121.56797123,39.51342764,LFC,drone,1
Bedrock,2025-09-26T00:00:00Z,-121.567961,39.51348993,LFC,drone,1
Bedrock,2025-09-26T00:00:00Z,-121.56787407,39.51345996,LFC,drone,1
Bedrock,2025-09-26T00:00:00Z,-121.56793042,39.51352577,LFC,drone,1
Bedrock,2025-09-26T00:00:00Z,-121.56788787,39.51353873,LFC,drone,1
Bedrock,2025-09-26T00:00:00Z,-121.56770732,39.51361086,LFC,drone,1
Bedrock,2025-09-26T00:00:00Z,-121.56782183,39.51355718,LFC,drone,1
Bedrock,2025-09-26T00:00:00Z,-121.56779909,39.51352646,LFC,drone,1
Bedrock,2025-09-26T00:00:00Z,-121.5677897,39.51359608,LFC,drone,1
Bedrock,2025-09-26T00:00:00Z,-121.56785728,39.51357495,LFC,drone,1
Bedrock,2025-09-26T00:00:00Z,-121.56790578,39.51361138,LFC,drone,1
Bedrock,2025-09-26T00:00:00Z,-121.5678037,39.51361667,LFC,drone,1
Bedrock,2025-09-26T00:00:00Z,-121.56775102,39.51366302,LFC,drone,1
Bedrock,2025-09-26T00:00:00Z,-121.56768448,39.51368185,LFC,drone,1
Bedrock,2025-09-26T00:00:00Z,-121.5678177,39.51366153,LFC,drone,1
Bedrock,2025-09-26T00:00:00Z,-121.56779468,39.51364391,LFC,drone,1
Bedrock,2025-09-26T00:00:00Z,-121.56786281,39.51364475,LFC,drone,1
Bedrock,2025-09-26T00:00:00Z,-121.56742497,39.51338469,LFC,drone,1
Bedrock,2025-09-26T00:00:00Z,-121.56761195,39.51331418,LFC,drone,1
Bedrock,2025-09-26T00:00:00Z,-121.5676515,39.51335011,LFC,drone,1
Bedrock,2025-09-26T00:00:00Z,-121.56780277,39.51339551,LFC,drone,1
Bedrock,2025-09-26T00:00:00Z,-121.56781502,39.51335598,LFC,drone,1
Bedrock,2025-09-26T00:00:00Z,-121.56776421000001,39.51331143,LFC,drone,1
Bedrock,2025-09-26T00:00:00Z,-121.56777554,39.51326804,LFC,drone,1
Bedrock,2025-09-26T00:00:00Z,-121.56803108,39.51324999,LFC,drone,1
Bedrock,2025-09-26T00:00:00Z,-121.5680796,39.51323672,LFC,drone,1
Bedrock,2025-09-26T00:00:00Z,-121.5680784,39.513271,LFC,drone,1
Bedrock,2025-09-26T00:00:00Z,-121.56799506,39.51326034,LFC,drone,1
Bedrock,2025-09-26T00:00:00Z,-121.56802221,39.51322176,LFC,drone,1
Bedrock,2025-09-26T00:00:00Z,-121.56804091,39.51318308,LFC,drone,1
Bedrock,2025-09-26T00:00:00Z,-121.56825826,39.51315956,LFC,drone,1
Bedrock,2025-09-26T00:00:00Z,-121.568253,39.51319802,LFC,drone,1
Bedrock,2025-09-26T00:00:00Z,-121.56833723,39.51318942,LFC,drone,1
Bedrock,2025-09-26T00:00:00Z,-121.56834473,39.51313905,LFC,drone,1
Bedrock,2025-09-26T00:00:00Z,-121.56855568,39.51306382,LFC,drone,1
Bedrock,2025-09-26T00:00:00Z,-121.56854023,39.51301701,LFC,drone,1
Bedrock,2025-09-26T00:00:00Z,-121.56901681,39.5130379,LFC,drone,1
Bedrock,2025-09-26T00:00:00Z,-121.56921274,39.51279759,LFC,drone,1
Bedrock,2025-09-26T00:00:00Z,-121.56930138,39.51274398,LFC,drone,1
Bedrock,2025-09-26T00:00:00Z,-121.56933151,39.51273009,LFC,drone,1
Bedrock,2025-09-26T00:00:00Z,-121.56941218,39.51275136,LFC,drone,1
Bedrock,2025-09-26T00:00:00Z,-121.56935726,39.51270072,LFC,drone,1
Bedrock,2025-09-26T00:00:00Z,-121.56942407,39.51266422,LFC,drone,1
Bedrock,2025-09-26T00:00:00Z,-121.56959765,39.51268923,LFC,drone,1
Bedrock,2025-09-26T00:00:00Z,-121.56964592,39.51264708,LFC,drone,1
Bedrock,2025-09-26T00:00:00Z,-121.56955312,39.51254902,LFC,drone,1
Bedrock,2025-09-26T00:00:00Z,-121.5694265,39.51262151,LFC,drone,1
Bedrock,2025-09-26T00:00:00Z,-121.56973356,39.51261806,LFC,drone,1
Bedrock,2025-09-26T00:00:00Z,-121.5697619,39.51263828,LFC,drone,1
Bedrock,2025-09-26T00:00:00Z,-121.56976241,39.51257567,LFC,drone,1
Bedrock,2025-09-26T00:00:00Z,-121.56980814,39.51258166,LFC,drone,1
Bedrock,2025-09-26T00:00:00Z,-121.56985284,39.51252441,LFC,drone,1
Bedrock,2025-09-26T00:00:00Z,-121.56998531,39.51250738,LFC,drone,1
Bedrock,2025-09-26T00:00:00Z,-121.5697312,39.51254399,LFC,drone,1
Bedrock,2025-09-26T00:00:00Z,-121.57003474,39.51237074,LFC,drone,1
Bedrock,2025-09-26T00:00:00Z,-121.57003877,39.51247734,LFC,drone,1
Bedrock,2025-09-26T00:00:00Z,-121.57008673,39.51252609,LFC,drone,1
Bedrock,2025-09-26T00:00:00Z,-121.57013678,39.51251105,LFC,drone,1
Bedrock,2025-09-26T00:00:00Z,-121.57020426,39.51247998,LFC,drone,1
Bedrock,2025-09-26T00:00:00Z,-121.57023827,39.5124509,LFC,drone,1
Bedrock,2025-09-26T00:00:00Z,-121.57020663,39.51240235,LFC,drone,1
Bedrock,2025-09-26T00:00:00Z,-121.57015467,39.51235897,LFC,drone,1
Bedrock,2025-09-26T00:00:00Z,-121.57013253,39.51245321,LFC,drone,1
Bedrock,2025-09-26T00:00:00Z,-121.56998522,39.51232197,LFC,drone,1
Bedrock,2025-09-26T00:00:00Z,-121.57023798,39.51235157,LFC,drone,1
Bedrock,2025-09-26T00:00:00Z,-121.56994138,39.51245146,LFC,drone,1
Bedrock,2025-09-26T00:00:00Z,-121.57008828,39.512412930000004,LFC,drone,1
Bedrock,2025-09-26T00:00:00Z,-121.57004002,39.51222474,LFC,drone,1
Bedrock,2025-09-26T00:00:00Z,-121.56986408,39.51276907,LFC,drone,1
Bedrock,2025-09-26T00:00:00Z,-121.57064772,39.51272261,LFC,drone,1
Bedrock,2025-09-26T00:00:00Z,-121.56948817,39.5127222,LFC,drone,1
Bedrock,2025-10-02T00:00:00Z,-121.56720898,39.51342678,LFC,drone,1
Bedrock,2025-10-02T00:00:00Z,-121.5671411,39.5134203,LFC,drone,1
Bedrock,2025-10-02T00:00:00Z,-121.5673576,39.5133449,LFC,drone,1
Bedrock,2025-10-02T00:00:00Z,-121.56741944,39.51334943,LFC,drone,1
Bedrock,2025-10-02T00:00:00Z,-121.56751377,39.5133092,LFC,drone,1
Bedrock,2025-10-02T00:00:00Z,-121.56760879,39.51335364,LFC,drone,1
Bedrock,2025-10-02T00:00:00Z,-121.56771275,39.51355433,LFC,drone,1
Bedrock,2025-10-02T00:00:00Z,-121.56743923,39.51374567,LFC,drone,1
Bedrock,2025-10-02T00:00:00Z,-121.56764304,39.51363719,LFC,drone,1
Bedrock,2025-10-02T00:00:00Z,-121.56799877,39.51346379,LFC,drone,1
Bedrock,2025-10-02T00:00:00Z,-121.56802567,39.51351398,LFC,drone,1
Bedrock,2025-10-02T00:00:00Z,-121.5681485,39.51338663,LFC,drone,1
Bedrock,2025-10-02T00:00:00Z,-121.56834781,39.51326116,LFC,drone,1
Bedrock,2025-10-02T00:00:00Z,-121.56866252,39.51307409,LFC,drone,1
Bedrock,2025-10-02T00:00:00Z,-121.56889776,39.51297258,LFC,drone,1
Bedrock,2025-10-02T00:00:00Z,-121.56905774,39.51316549,LFC,drone,1
Bedrock,2025-10-02T00:00:00Z,-121.56961357,39.51288639,LFC,drone,1
Bedrock,2025-10-02T00:00:00Z,-121.56965276,39.51298846,LFC,drone,1
Bedrock,2025-10-02T00:00:00Z,-121.56948824,39.51266192,LFC,drone,1
Bedrock,2025-10-02T00:00:00Z,-121.56965836,39.51247872,LFC,drone,1
Bedrock,2025-10-02T00:00:00Z,-121.5698644,39.51237967,LFC,drone,1
Bedrock,2025-10-02T00:00:00Z,-121.57003225,39.51254446,LFC,drone,1
Bedrock,2025-10-02T00:00:00Z,-121.57015406,39.51258546,LFC,drone,1
Bedrock,2025-10-02T00:00:00Z,-121.5698037,39.51249744,LFC,drone,1
Bedrock,2025-10-02T00:00:00Z,-121.56876783,39.51322131,LFC,drone,1
Bedrock,2025-10-02T00:00:00Z,-121.5686253,39.51328313,LFC,drone,1
Bedrock,2025-10-02T00:00:00Z,-121.56846459,39.51333354,LFC,drone,1
Bedrock,2025-10-02T00:00:00Z,-121.56826484,39.51339658,LFC,drone,1
Bedrock,2025-10-02T00:00:00Z,-121.56811629,39.513315,LFC,drone,1
Bedrock,2025-10-02T00:00:00Z,-121.56806738,39.51329899,LFC,drone,1
Bedrock,2025-10-08T00:00:00Z,-121.57048308,39.51223302,LFC,drone,1
Bedrock,2025-10-08T00:00:00Z,-121.57024958,39.51230915,LFC,drone,1
Bedrock,2025-10-08T00:00:00Z,-121.57017888,39.51232239,LFC,drone,1
Bedrock,2025-10-08T00:00:00Z,-121.5702457,39.51239199,LFC,drone,1
Bedrock,2025-10-08T00:00:00Z,-121.57017721,39.51251034,LFC,drone,1
Bedrock,2025-10-08T00:00:00Z,-121.5700894,39.51247194,LFC,drone,1
Bedrock,2025-10-08T00:00:00Z,-121.57011061,39.51257454,LFC,drone,1
Bedrock,2025-10-08T00:00:00Z,-121.57016205,39.51256735,LFC,drone,1
Bedrock,2025-10-08T00:00:00Z,-121.56999267,39.51245149,LFC,drone,1
Bedrock,2025-10-08T00:00:00Z,-121.56988619,39.51256576,LFC,drone,1
Bedrock,2025-10-08T00:00:00Z,-121.57032893,39.51276746,LFC,drone,1
Bedrock,2025-10-08T00:00:00Z,-121.57008126,39.51275538,LFC,drone,1
Bedrock,2025-10-08T00:00:00Z,-121.56993283,39.51271683,LFC,drone,1
Bedrock,2025-10-08T00:00:00Z,-121.56984838,39.51270375,LFC,drone,1
Bedrock,2025-10-08T00:00:00Z,-121.5697187,39.51266062,LFC,drone,1
Bedrock,2025-10-08T00:00:00Z,-121.56980745,39.51284291,LFC,drone,1
Bedrock,2025-10-08T00:00:00Z,-121.56948253,39.5127625,LFC,drone,1
Bedrock,2025-10-08T00:00:00Z,-121.56932189,39.51301637,LFC,drone,1
Bedrock,2025-10-08T00:00:00Z,-121.56929614,39.51308754,LFC,drone,1
Bedrock,2025-10-08T00:00:00Z,-121.5686947,39.51322216,LFC,drone,1
Bedrock,2025-10-08T00:00:00Z,-121.56846255,39.51317321,LFC,drone,1
Bedrock,2025-10-08T00:00:00Z,-121.56823609,39.51331998,LFC,drone,1
Bedrock,2025-10-08T00:00:00Z,-121.56813119,39.51346072,LFC,drone,1
Bedrock,2025-10-08T00:00:00Z,-121.56784979,39.51326725,LFC,drone,1
Bedrock,2025-10-08T00:00:00Z,-121.56784973,39.51332933,LFC,drone,1
Bedrock,2025-10-16T00:00:00Z,-121.57029471,39.51259566,LFC,drone,1
Bedrock,2025-10-16T00:00:00Z,-121.57027777,39.51253337,LFC,drone,1
Bedrock,2025-10-16T00:00:00Z,-121.57029537,39.51244517,LFC,drone,1
Bedrock,2025-10-16T00:00:00Z,-121.57031832,39.51239183,LFC,drone,1
Bedrock,2025-10-16T00:00:00Z,-121.57018705,39.51216071,LFC,drone,1
Bedrock,2025-10-16T00:00:00Z,-121.57012903,39.51220703,LFC,drone,1
Bedrock,2025-10-16T00:00:00Z,-121.57024629,39.51217367,LFC,drone,1
Bedrock,2025-10-16T00:00:00Z,-121.57058318,39.51277057,LFC,drone,1
Bedrock,2025-10-16T00:00:00Z,-121.57002451,39.51271814,LFC,drone,1
Bedrock,2025-10-16T00:00:00Z,-121.56990429,39.51274417,LFC,drone,1
Bedrock,2025-10-16T00:00:00Z,-121.56969457,39.5127858,LFC,drone,1
Bedrock,2025-10-16T00:00:00Z,-121.56967688,39.51270093,LFC,drone,1
Bedrock,2025-10-16T00:00:00Z,-121.56963664,39.51276816,LFC,drone,1
Bedrock,2025-10-16T00:00:00Z,-121.56952155,39.51287303,LFC,drone,1
Bedrock,2025-10-16T00:00:00Z,-121.56950519,39.51284179,LFC,drone,1
Bedrock,2025-10-16T00:00:00Z,-121.56948396,39.51281143,LFC,drone,1
Bedrock,2025-10-16T00:00:00Z,-121.56938907,39.51293818,LFC,drone,1
Bedrock,2025-10-16T00:00:00Z,-121.56932229,39.51293736,LFC,drone,1
Bedrock,2025-10-16T00:00:00Z,-121.56926847,39.51289719,LFC,drone,1
Bedrock,2025-10-16T00:00:00Z,-121.56925585,39.51297981,LFC,drone,1
Bedrock,2025-10-16T00:00:00Z,-121.56912933,39.51316826,LFC,drone,1
Bedrock,2025-10-16T00:00:00Z,-121.56878084,39.51310753,LFC,drone,1
Bedrock,2025-10-16T00:00:00Z,-121.56897954,39.51312973,LFC,drone,1
Bedrock,2025-10-16T00:00:00Z,-121.56913644,39.51305829,LFC,drone,1
Bedrock,2025-10-16T00:00:00Z,-121.5683134,39.51333975,LFC,drone,1
Bedrock,2025-10-16T00:00:00Z,-121.56821418,39.51338179,LFC,drone,1
Bedrock,2025-10-16T00:00:00Z,-121.56814024,39.51325672,LFC,drone,1
Bedrock,2025-10-16T00:00:00Z,-121.56800821,39.51341782,LFC,drone,1
Bedrock,2025-10-16T00:00:00Z,-121.56785744,39.51342725,LFC,drone,1
Bedrock,2025-10-16T00:00:00Z,-121.56792319,39.51347791,LFC,drone,1
Bedrock,2025-10-16T00:00:00Z,-121.56785607,39.5133755,LFC,drone,1
Bedrock,2025-10-16T00:00:00Z,-121.56754988,39.51338395,LFC,drone,1
Bedrock,2025-10-16T00:00:00Z,-121.56771685,39.51347255,LFC,drone,1
Bedrock,2025-10-16T00:00:00Z,-121.56757897,39.51350471,LFC,drone,1
Bedrock,2025-10-16T00:00:00Z,-121.56752258,39.51353035,LFC,drone,1
Bedrock,2025-10-16T00:00:00Z,-121.56746517,39.51354658,LFC,drone,1
Bedrock,2025-10-16T00:00:00Z,-121.56744651,39.51362724,LFC,drone,1
Bedrock,2025-10-16T00:00:00Z,-121.56759058,39.51364877,LFC,drone,1
Bedrock,2025-10-16T00:00:00Z,-121.56764972,39.51366643,LFC,drone,1
Bedrock,2025-10-16T00:00:00Z,-121.56729968,39.51344483,LFC,drone,1
Bedrock,2025-10-16T00:00:00Z,-121.56741361,39.5135149,LFC,drone,1
Bedrock,2025-10-16T00:00:00Z,-121.56741854,39.51357046,LFC,drone,1
Bedrock,2025-10-16T00:00:00Z,-121.56771946,39.51340486,LFC,drone,1
Bedrock,2025-10-16T00:00:00Z,-121.56764698,39.51344298,LFC,drone,1
Bedrock,2025-10-16T00:00:00Z,-121.56778333,39.51346392,LFC,drone,1
Bedrock,2025-10-16T00:00:00Z,-121.56769989,39.51336417,LFC,drone,1
Bedrock,2025-10-16T00:00:00Z,-121.56760523,39.51370444,LFC,drone,1
Bedrock,2025-10-16T00:00:00Z,-121.56713809,39.51362626,LFC,drone,1
Bedrock,2025-10-16T00:00:00Z,-121.56751351,39.51373529,LFC,drone,1
Bedrock,2025-10-16T00:00:00Z,-121.56740078,39.5137847,LFC,drone,1
Bedrock,2025-10-16T00:00:00Z,-121.56793504,39.51338464,LFC,drone,1
Bedrock,2025-10-24T00:00:00Z,-121.57030537,39.51266821,LFC,drone,1
Bedrock,2025-10-24T00:00:00Z,-121.57024914,39.51268633,LFC,drone,1
Bedrock,2025-10-24T00:00:00Z,-121.57023551,39.51264008,LFC,drone,1
Bedrock,2025-10-24T00:00:00Z,-121.57040209,39.51274841,LFC,drone,1
Bedrock,2025-10-24T00:00:00Z,-121.57037484,39.51271516,LFC,drone,1
Bedrock,2025-10-24T00:00:00Z,-121.57019161,39.51264894,LFC,drone,1
Bedrock,2025-10-24T00:00:00Z,-121.57020476,39.51260019,LFC,drone,1
Bedrock,2025-10-24T00:00:00Z,-121.57033738,39.51252846,LFC,drone,1
Bedrock,2025-10-24T00:00:00Z,-121.5702317,39.51252998,LFC,drone,1
Bedrock,2025-10-24T00:00:00Z,-121.57003186,39.51244475,LFC,drone,1
Bedrock,2025-10-24T00:00:00Z,-121.57007115,39.51260137,LFC,drone,1
Bedrock,2025-10-24T00:00:00Z,-121.57018874,39.5127298,LFC,drone,1
Bedrock,2025-10-24T00:00:00Z,-121.57016238,39.51271254,LFC,drone,1
Bedrock,2025-10-24T00:00:00Z,-121.57012659,39.51268106,LFC,drone,1
Bedrock,2025-10-24T00:00:00Z,-121.57023616,39.51278588,LFC,drone,1
Bedrock,2025-10-24T00:00:00Z,-121.57026596,39.51281352,LFC,drone,1
Bedrock,2025-10-24T00:00:00Z,-121.56991252,39.5128167,LFC,drone,1
Bedrock,2025-10-24T00:00:00Z,-121.5699186,39.51287509,LFC,drone,1
Bedrock,2025-10-24T00:00:00Z,-121.56973862,39.51282867,LFC,drone,1
Bedrock,2025-10-24T00:00:00Z,-121.56975785,39.51289757,LFC,drone,1
Bedrock,2025-10-24T00:00:00Z,-121.56977648,39.51293636,LFC,drone,1
Bedrock,2025-10-24T00:00:00Z,-121.56966805,39.51295384,LFC,drone,1
Bedrock,2025-10-24T00:00:00Z,-121.56952188,39.5129163,LFC,drone,1
Bedrock,2025-10-24T00:00:00Z,-121.56957435,39.51296304,LFC,drone,1
Bedrock,2025-10-24T00:00:00Z,-121.56936403,39.51285604,LFC,drone,1
Bedrock,2025-10-24T00:00:00Z,-121.56941959,39.51287083,LFC,drone,1
Bedrock,2025-10-24T00:00:00Z,-121.5694679,39.51306143,LFC,drone,1
Bedrock,2025-10-24T00:00:00Z,-121.56922585,39.51284399,LFC,drone,1
Bedrock,2025-10-24T00:00:00Z,-121.56938372,39.51308015,LFC,drone,1
Bedrock,2025-10-24T00:00:00Z,-121.56911735,39.51298281,LFC,drone,1
Bedrock,2025-10-24T00:00:00Z,-121.56918591,39.51295543,LFC,drone,1
Bedrock,2025-10-24T00:00:00Z,-121.56888028,39.51305514,LFC,drone,1
Bedrock,2025-10-24T00:00:00Z,-121.56896702,39.51302987,LFC,drone,1
Bedrock,2025-10-24T00:00:00Z,-121.56906414,39.51309032,LFC,drone,1
Bedrock,2025-10-24T00:00:00Z,-121.56907148,39.51302833,LFC,drone,1
Bedrock,2025-10-24T00:00:00Z,-121.56889471,39.51312116,LFC,drone,1
Bedrock,2025-10-24T00:00:00Z,-121.56878668,39.51317815,LFC,drone,1
Bedrock,2025-10-24T00:00:00Z,-121.56853842,39.51314499,LFC,drone,1
Bedrock,2025-10-24T00:00:00Z,-121.56861432,39.51335192,LFC,drone,1
Bedrock,2025-10-24T00:00:00Z,-121.56812182,39.51320758,LFC,drone,1
Bedrock,2025-10-24T00:00:00Z,-121.56839939,39.51346967,LFC,drone,1
Bedrock,2025-10-24T00:00:00Z,-121.5682155,39.51343542,LFC,drone,1
Bedrock,2025-10-24T00:00:00Z,-121.56715906,39.51349201,LFC,drone,1
Bedrock,2025-10-24T00:00:00Z,-121.56695471,39.51356756,LFC,drone,1
Bedrock,2025-10-24T00:00:00Z,-121.56751458,39.51356506,LFC,drone,1
Bedrock,2025-10-24T00:00:00Z,-121.56747012,39.51360119,LFC,drone,1
Bedrock,2025-10-24T00:00:00Z,-121.56750926,39.51364682,LFC,drone,1
Bedrock,2025-10-24T00:00:00Z,-121.56746341,39.51369141,LFC,drone,1
Bedrock,2025-10-24T00:00:00Z,-121.56741198,39.51371241,LFC,drone,1
Bedrock,2025-10-24T00:00:00Z,-121.56739215,39.51367266,LFC,drone,1
Bedrock,2025-10-24T00:00:00Z,-121.56761851,39.51353059,LFC,drone,1
Bedrock,2025-10-24T00:00:00Z,-121.56761332,39.51360578,LFC,drone,1
Bedrock,2025-10-24T00:00:00Z,-121.56744647,39.51345228,LFC,drone,1
Bedrock,2025-10-24T00:00:00Z,-121.56737177,39.51342315,LFC,drone,1
Bedrock,2025-10-24T00:00:00Z,-121.56734668,39.51346234,LFC,drone,1
Bedrock,2025-10-24T00:00:00Z,-121.56752645,39.51369689,LFC,drone,1
Bedrock,2025-10-24T00:00:00Z,-121.56751151,39.51341922,LFC,drone,1
Bedrock,2025-10-24T00:00:00Z,-121.56782446,39.51349551,LFC,drone,1
Bedrock,2025-10-24T00:00:00Z,-121.56774454,39.51360269,LFC,drone,1
Bedrock,2025-10-24T00:00:00Z,-121.568068,39.51358128,LFC,drone,1
Bedrock,2025-10-24T00:00:00Z,-121.56795789,39.51362131,LFC,drone,1
Bedrock,2025-10-24T00:00:00Z,-121.56745531,39.51379007,LFC,drone,1
Bedrock,2025-10-24T00:00:00Z,-121.56769067,39.51332831,LFC,drone,1
Bedrock,2025-10-24T00:00:00Z,-121.56767164,39.51360462,LFC,drone,1
Bedrock,2025-10-24T00:00:00Z,-121.56784575,39.51352305,LFC,drone,1
Bedrock,2025-10-24T00:00:00Z,-121.56773568,39.51344268,LFC,drone,1
Bedrock,2025-10-29T00:00:00Z,-121.57038139,39.51252128,LFC,drone,1
Bedrock,2025-10-29T00:00:00Z,-121.57081661,39.51263499,LFC,drone,1
Bedrock,2025-10-29T00:00:00Z,-121.57030588,39.51229943,LFC,drone,1
Bedrock,2025-10-29T00:00:00Z,-121.57027789,39.5127055,LFC,drone,1
Bedrock,2025-10-29T00:00:00Z,-121.56959309,39.51281935,LFC,drone,1
Bedrock,2025-10-29T00:00:00Z,-121.56952882,39.51275554,LFC,drone,1
Bedrock,2025-10-29T00:00:00Z,-121.56917233,39.5129073,LFC,drone,1
Bedrock,2025-10-29T00:00:00Z,-121.56910914,39.51285008,LFC,drone,1
Bedrock,2025-10-29T00:00:00Z,-121.56867148,39.51317014,LFC,drone,1
Bedrock,2025-10-29T00:00:00Z,-121.56858166,39.51310884,LFC,drone,1
Bedrock,2025-10-29T00:00:00Z,-121.56842098,39.51312755,LFC,drone,1
Bedrock,2025-10-29T00:00:00Z,-121.56871457,39.51308226,LFC,drone,1
Bedrock,2025-10-29T00:00:00Z,-121.56800436,39.51336886,LFC,drone,1
Bedrock,2025-10-29T00:00:00Z,-121.56792285,39.51331706,LFC,drone,1
Bedrock,2025-10-29T00:00:00Z,-121.56786587,39.51348943,LFC,drone,1
Bedrock,2025-10-29T00:00:00Z,-121.56756049,39.51345839,LFC,drone,1
Bedrock,2025-10-29T00:00:00Z,-121.56759448,39.51357733,LFC,drone,1
Bedrock,2025-10-29T00:00:00Z,-121.56728015,39.51368633,LFC,drone,1
Bedrock,2025-10-29T00:00:00Z,-121.56754797,39.51341779,LFC,drone,1
Bedrock,2025-10-29T00:00:00Z,-121.56746259,39.51349481,LFC,drone,1
Bedrock,2025-10-29T00:00:00Z,-121.56712738,39.51379261,LFC,drone,1
Bedrock,2025-10-29T00:00:00Z,-121.56782055,39.51344937,LFC,drone,1
Bedrock,2025-11-07T00:00:00Z,-121.56730494,39.51354366,LFC,drone,1
Bedrock,2025-11-07T00:00:00Z,-121.56737868,39.51361888,LFC,drone,1
Bedrock,2025-11-07T00:00:00Z,-121.57023935,39.51257146,LFC,drone,1
Bedrock,2025-11-12T00:00:00Z,NA,NA,LFC,drone,0
Cottonwood,2024-09-09T00:00:00Z,-121.55507366,39.51688486,LFC,drone,1
Cottonwood,2024-09-09T00:00:00Z,-121.55481822,39.516915,LFC,drone,1
Cottonwood,2024-09-09T00:00:00Z,-121.55481354,39.51689202,LFC,drone,1
Cottonwood,2024-09-09T00:00:00Z,-121.55470772,39.51690377,LFC,drone,1
Cottonwood,2024-09-09T00:00:00Z,-121.55460522,39.51688104,LFC,drone,1
Cottonwood,2024-09-09T00:00:00Z,-121.55483083,39.51687685,LFC,drone,1
Cottonwood,2024-09-18T00:00:00Z,-121.55610878,39.516544,LFC,drone,1
Cottonwood,2024-09-18T00:00:00Z,-121.55615845,39.51657825,LFC,drone,1
Cottonwood,2024-09-18T00:00:00Z,-121.55597952,39.51656827,LFC,drone,1
Cottonwood,2024-09-18T00:00:00Z,-121.55597023,39.51655308,LFC,drone,1
Cottonwood,2024-09-18T00:00:00Z,-121.55589301,39.51659353,LFC,drone,1
Cottonwood,2024-09-18T00:00:00Z,-121.5557518,39.51666119,LFC,drone,1
Cottonwood,2024-09-18T00:00:00Z,-121.55576334,39.51667887,LFC,drone,1
Cottonwood,2024-09-18T00:00:00Z,-121.55564459,39.51663089,LFC,drone,1
Cottonwood,2024-09-18T00:00:00Z,-121.55563562,39.51662319,LFC,drone,1
Cottonwood,2024-09-18T00:00:00Z,-121.55562508,39.51661084,LFC,drone,1
Cottonwood,2024-09-18T00:00:00Z,-121.55554442,39.51672827,LFC,drone,1
Cottonwood,2024-09-18T00:00:00Z,-121.55555307,39.51663653,LFC,drone,1
Cottonwood,2024-09-18T00:00:00Z,-121.55539412,39.5167061,LFC,drone,1
Cottonwood,2024-09-18T00:00:00Z,-121.55539192,39.51668678,LFC,drone,1
Cottonwood,2024-09-18T00:00:00Z,-121.55549912,39.51673534,LFC,drone,1
Cottonwood,2024-09-18T00:00:00Z,-121.55549109,39.51672238,LFC,drone,1
Cottonwood,2024-09-18T00:00:00Z,-121.55529323,39.51674122,LFC,drone,1
Cottonwood,2024-09-18T00:00:00Z,-121.55503951,39.51687614,LFC,drone,1
Cottonwood,2024-09-18T00:00:00Z,-121.55507632,39.51684225,LFC,drone,1
Cottonwood,2024-09-18T00:00:00Z,-121.55493955,39.51683908,LFC,drone,1
Cottonwood,2024-09-18T00:00:00Z,-121.5548544,39.51685127,LFC,drone,1
Cottonwood,2024-09-18T00:00:00Z,-121.55482304,39.516867070000004,LFC,drone,1
Cottonwood,2024-09-18T00:00:00Z,-121.55468324,39.51685699,LFC,drone,1
Cottonwood,2024-09-23T00:00:00Z,-121.55601204,39.51660226,LFC,drone,1
Cottonwood,2024-09-23T00:00:00Z,-121.55599608,39.5165915,LFC,drone,1
Cottonwood,2024-09-23T00:00:00Z,-121.5558916,39.51653611,LFC,drone,1
Cottonwood,2024-09-23T00:00:00Z,-121.5560012,39.51655,LFC,drone,1
Cottonwood,2024-09-23T00:00:00Z,-121.55615022,39.51659729,LFC,drone,1
Cottonwood,2024-09-23T00:00:00Z,-121.55576058,39.51661101,LFC,drone,1
Cottonwood,2024-09-23T00:00:00Z,-121.55574637,39.51659764,LFC,drone,1
Cottonwood,2024-09-23T00:00:00Z,-121.55566418,39.5167411,LFC,drone,1
Cottonwood,2024-09-23T00:00:00Z,-121.55568666,39.51672489,LFC,drone,1
Cottonwood,2024-09-23T00:00:00Z,-121.55559542,39.51668879,LFC,drone,1
Cottonwood,2024-09-23T00:00:00Z,-121.5555881,39.51671311,LFC,drone,1
Cottonwood,2024-09-23T00:00:00Z,-121.55551504,39.51662115,LFC,drone,1
Cottonwood,2024-09-23T00:00:00Z,-121.55550764,39.51660853,LFC,drone,1
Cottonwood,2024-09-23T00:00:00Z,-121.55549764,39.51659785,LFC,drone,1
Cottonwood,2024-09-23T00:00:00Z,-121.55514162,39.51676034,LFC,drone,1
Cottonwood,2024-09-23T00:00:00Z,-121.55514709,39.51674325,LFC,drone,1
Cottonwood,2024-09-23T00:00:00Z,-121.55519263,39.5168474,LFC,drone,1
Cottonwood,2024-09-23T00:00:00Z,-121.55518538,39.51682752,LFC,drone,1
Cottonwood,2024-09-23T00:00:00Z,-121.55510334,39.51688126,LFC,drone,1
Cottonwood,2024-09-23T00:00:00Z,-121.55511663,39.51685635,LFC,drone,1
Cottonwood,2024-09-23T00:00:00Z,-121.5549484,39.51679488,LFC,drone,1
Cottonwood,2024-09-23T00:00:00Z,-121.55489247,39.5168219,LFC,drone,1
Cottonwood,2024-09-23T00:00:00Z,-121.55465526,39.51688229,LFC,drone,1
Cottonwood,2024-09-23T00:00:00Z,-121.55498024,39.51686126,LFC,drone,1
Cottonwood,2024-09-23T00:00:00Z,-121.55568182,39.51654735,LFC,drone,1
Cottonwood,2024-09-30T00:00:00Z,-121.55533805,39.51670607,LFC,drone,1
Cottonwood,2024-09-30T00:00:00Z,-121.55544606,39.51670277,LFC,drone,1
Cottonwood,2024-09-30T00:00:00Z,-121.55508514,39.51675655,LFC,drone,1
Cottonwood,2024-09-30T00:00:00Z,-121.55571616,39.51658578,LFC,drone,1
Cottonwood,2024-09-30T00:00:00Z,-121.55513254,39.51681034,LFC,drone,1
Cottonwood,2024-09-30T00:00:00Z,-121.5549017,39.51679264,LFC,drone,1
Cottonwood,2024-09-30T00:00:00Z,-121.55504346,39.5168044,LFC,drone,1
Cottonwood,2024-10-07T00:00:00Z,-121.55584326,39.51656717,LFC,drone,1
Cottonwood,2024-10-07T00:00:00Z,-121.55560155,39.51659848,LFC,drone,1
Cottonwood,2024-10-07T00:00:00Z,-121.55539678,39.5165735,LFC,drone,1
Cottonwood,2024-10-07T00:00:00Z,-121.55504816,39.51674862,LFC,drone,1
Cottonwood,2024-10-07T00:00:00Z,-121.5549949,39.51677039,LFC,drone,1
Cottonwood,2024-10-07T00:00:00Z,-121.5548701,39.51679127,LFC,drone,1
Cottonwood,2024-10-15T00:00:00Z,-121.5554597,39.5165789,LFC,drone,1
Cottonwood,2024-10-15T00:00:00Z,-121.55556306,39.51656501,LFC,drone,1
Cottonwood,2024-10-15T00:00:00Z,-121.55554225,39.51645919,LFC,drone,1
Cottonwood,2024-10-15T00:00:00Z,-121.5556815,39.51652162,LFC,drone,1
Cottonwood,2024-10-15T00:00:00Z,-121.55563342,39.51666353,LFC,drone,1
Cottonwood,2024-10-15T00:00:00Z,-121.55561071,39.51664939,LFC,drone,1
Cottonwood,2024-10-15T00:00:00Z,-121.55557114,39.51666803,LFC,drone,1
Cottonwood,2024-10-15T00:00:00Z,-121.55517653,39.51671987,LFC,drone,1
Cottonwood,2024-10-15T00:00:00Z,-121.55520309,39.51679475,LFC,drone,1
Cottonwood,2024-10-15T00:00:00Z,-121.555604,39.51652132,LFC,drone,1
Cottonwood,2024-10-15T00:00:00Z,-121.55535416,39.51665676,LFC,drone,1
Cottonwood,2024-10-15T00:00:00Z,-121.55529719,39.516693,LFC,drone,1
Cottonwood,2024-10-15T00:00:00Z,-121.55475656,39.51684462,LFC,drone,1
Cottonwood,2024-10-15T00:00:00Z,-121.5545728,39.51679219,LFC,drone,1
Cottonwood,2024-10-15T00:00:00Z,-121.55463529,39.5168187,LFC,drone,1
Cottonwood,2024-10-21T00:00:00Z,-121.55610901,39.51652271,LFC,drone,1
Cottonwood,2024-10-21T00:00:00Z,-121.55605415,39.51655588,LFC,drone,1
Cottonwood,2024-10-21T00:00:00Z,-121.55600301,39.51652854,LFC,drone,1
Cottonwood,2024-10-21T00:00:00Z,-121.55603192,39.51658898,LFC,drone,1
Cottonwood,2024-10-21T00:00:00Z,-121.55597495,39.51660543,LFC,drone,1
Cottonwood,2024-10-21T00:00:00Z,-121.55590407,39.51652064,LFC,drone,1
Cottonwood,2024-10-21T00:00:00Z,-121.55580926,39.51655093,LFC,drone,1
Cottonwood,2024-10-21T00:00:00Z,-121.55567832,39.51657219,LFC,drone,1
Cottonwood,2024-10-21T00:00:00Z,-121.55577676,39.51666352,LFC,drone,1
Cottonwood,2024-10-21T00:00:00Z,-121.5554981,39.51653562,LFC,drone,1
Cottonwood,2024-10-21T00:00:00Z,-121.55545435,39.51653746,LFC,drone,1
Cottonwood,2024-10-21T00:00:00Z,-121.55542242,39.51653373,LFC,drone,1
Cottonwood,2024-10-21T00:00:00Z,-121.55553475,39.51657899,LFC,drone,1
Cottonwood,2024-10-21T00:00:00Z,-121.55563861,39.51676574,LFC,drone,1
Cottonwood,2024-10-21T00:00:00Z,-121.55556254,39.51675288,LFC,drone,1
Cottonwood,2024-10-21T00:00:00Z,-121.55553411,39.51669913,LFC,drone,1
Cottonwood,2024-10-21T00:00:00Z,-121.5554199,39.51662571,LFC,drone,1
Cottonwood,2024-10-21T00:00:00Z,-121.55542997,39.51667447,LFC,drone,1
Cottonwood,2024-10-21T00:00:00Z,-121.55545313,39.51674532,LFC,drone,1
Cottonwood,2024-10-21T00:00:00Z,-121.55549835,39.51676114,LFC,drone,1
Cottonwood,2024-10-21T00:00:00Z,-121.55536003,39.51675227,LFC,drone,1
Cottonwood,2024-10-21T00:00:00Z,-121.55524244,39.51675319,LFC,drone,1
Cottonwood,2024-10-21T00:00:00Z,-121.55527348,39.51668111,LFC,drone,1
Cottonwood,2024-10-21T00:00:00Z,-121.55532218,39.51664786,LFC,drone,1
Cottonwood,2024-10-21T00:00:00Z,-121.55562582,39.51672935,LFC,drone,1
Cottonwood,2024-10-21T00:00:00Z,-121.55565263,39.51671299,LFC,drone,1
Cottonwood,2024-10-21T00:00:00Z,-121.55515611,39.5167011,LFC,drone,1
Cottonwood,2024-10-21T00:00:00Z,-121.55476133,39.51688881,LFC,drone,1
Cottonwood,2024-10-21T00:00:00Z,-121.55486034,39.51689338,LFC,drone,1
Cottonwood,2024-10-21T00:00:00Z,-121.55498727,39.51688733,LFC,drone,1
Cottonwood,2024-10-28T00:00:00Z,-121.55607304,39.51653561,LFC,drone,1
Cottonwood,2024-10-28T00:00:00Z,-121.55592479,39.51659003,LFC,drone,1
Cottonwood,2024-10-28T00:00:00Z,-121.5559236,39.51652851,LFC,drone,1
Cottonwood,2024-10-28T00:00:00Z,-121.55583847,39.5165079,LFC,drone,1
Cottonwood,2024-10-28T00:00:00Z,-121.5558376,39.51660897,LFC,drone,1
Cottonwood,2024-10-28T00:00:00Z,-121.55575765,39.516546,LFC,drone,1
Cottonwood,2024-10-28T00:00:00Z,-121.55571834,39.51651213,LFC,drone,1
Cottonwood,2024-10-28T00:00:00Z,-121.55573389,39.51671257,LFC,drone,1
Cottonwood,2024-10-28T00:00:00Z,-121.55568531,39.51662091,LFC,drone,1
Cottonwood,2024-10-28T00:00:00Z,-121.55563296,39.5165926,LFC,drone,1
Cottonwood,2024-10-28T00:00:00Z,-121.5555068,39.51656147,LFC,drone,1
Cottonwood,2024-10-28T00:00:00Z,-121.55535303,39.51658531,LFC,drone,1
Cottonwood,2024-10-28T00:00:00Z,-121.55571077,39.51669941,LFC,drone,1
Cottonwood,2024-10-28T00:00:00Z,-121.5555977,39.51677179,LFC,drone,1
Cottonwood,2024-10-28T00:00:00Z,-121.55544827,39.51677196,LFC,drone,1
Cottonwood,2024-10-28T00:00:00Z,-121.5554877,39.51668091,LFC,drone,1
Cottonwood,2024-10-28T00:00:00Z,-121.55524088,39.51670931,LFC,drone,1
Cottonwood,2024-10-28T00:00:00Z,-121.55518302,39.51676866,LFC,drone,1
Cottonwood,2024-11-04T00:00:00Z,-121.55594537,39.51653271,LFC,drone,1
Cottonwood,2024-11-04T00:00:00Z,-121.55575573,39.51669842,LFC,drone,1
Cottonwood,2024-11-04T00:00:00Z,-121.55539722,39.51665821,LFC,drone,1
Cottonwood,2024-11-04T00:00:00Z,-121.55498944,39.51680511,LFC,drone,1
Cottonwood,2025-09-03T00:00:00Z,NA,NA,LFC,drone,0
Cottonwood,2025-09-09T00:00:00Z,-121.55488014,39.51679392,LFC,drone,1
Cottonwood,2025-09-09T00:00:00Z,-121.55484148,39.51682691,LFC,drone,1
Cottonwood,2025-09-09T00:00:00Z,-121.55483333,39.51679874,LFC,drone,1
Cottonwood,2025-09-09T00:00:00Z,-121.55478362,39.51681706,LFC,drone,1
Cottonwood,2025-09-09T00:00:00Z,-121.55473598,39.51681985,LFC,drone,1
Cottonwood,2025-09-09T00:00:00Z,-121.55464959,39.51682129,LFC,drone,1
Cottonwood,2025-09-09T00:00:00Z,-121.55466205,39.51676416,LFC,drone,1
Cottonwood,2025-09-09T00:00:00Z,-121.55459167,39.51683226,LFC,drone,1
Cottonwood,2025-09-09T00:00:00Z,-121.55481962,39.51687059,LFC,drone,1
Cottonwood,2025-09-16T00:00:00Z,-121.55573396,39.5166703,LFC,drone,1
Cottonwood,2025-09-16T00:00:00Z,-121.55563129,39.51669539,LFC,drone,1
Cottonwood,2025-09-16T00:00:00Z,-121.55563041,39.51671702,LFC,drone,1
Cottonwood,2025-09-16T00:00:00Z,-121.55560514,39.51671434,LFC,drone,1
Cottonwood,2025-09-16T00:00:00Z,-121.55559711,39.51670479,LFC,drone,1
Cottonwood,2025-09-16T00:00:00Z,-121.55556667,39.51671522,LFC,drone,1
Cottonwood,2025-09-16T00:00:00Z,-121.55556033,39.51672802,LFC,drone,1
Cottonwood,2025-09-16T00:00:00Z,-121.55568193,39.51668135,LFC,drone,1
Cottonwood,2025-09-16T00:00:00Z,-121.55556464,39.51674611,LFC,drone,1
Cottonwood,2025-09-16T00:00:00Z,-121.55554556,39.51674977,LFC,drone,1
Cottonwood,2025-09-16T00:00:00Z,-121.55553375,39.51673988,LFC,drone,1
Cottonwood,2025-09-16T00:00:00Z,-121.55552368,39.51676746,LFC,drone,1
Cottonwood,2025-09-16T00:00:00Z,-121.55536823,39.51679993,LFC,drone,1
Cottonwood,2025-09-16T00:00:00Z,-121.555154,39.5168782,LFC,drone,1
Cottonwood,2025-09-16T00:00:00Z,-121.5551611,39.51685881,LFC,drone,1
Cottonwood,2025-09-16T00:00:00Z,-121.55511987,39.51683969,LFC,drone,1
Cottonwood,2025-09-16T00:00:00Z,-121.55510301,39.51683061,LFC,drone,1
Cottonwood,2025-09-16T00:00:00Z,-121.55504842,39.51684984,LFC,drone,1
Cottonwood,2025-09-16T00:00:00Z,-121.55503722,39.51683715,LFC,drone,1
Cottonwood,2025-09-16T00:00:00Z,-121.55508158,39.51686734,LFC,drone,1
Cottonwood,2025-09-16T00:00:00Z,-121.55500755,39.51689369,LFC,drone,1
Cottonwood,2025-09-16T00:00:00Z,-121.55500236,39.51682092,LFC,drone,1
Cottonwood,2025-09-16T00:00:00Z,-121.55493761,39.51682236,LFC,drone,1
Cottonwood,2025-09-16T00:00:00Z,-121.5549258,39.5168725,LFC,drone,1
Cottonwood,2025-09-16T00:00:00Z,-121.55497379,39.51686042,LFC,drone,1
Cottonwood,2025-09-16T00:00:00Z,-121.55476847,39.51686104,LFC,drone,1
Cottonwood,2025-09-16T00:00:00Z,-121.55469555,39.51685802,LFC,drone,1
Cottonwood,2025-09-16T00:00:00Z,-121.55463753,39.51689926,LFC,drone,1
Cottonwood,2025-09-16T00:00:00Z,-121.55467479000001,39.5168809,LFC,drone,1
Cottonwood,2025-09-16T00:00:00Z,-121.55477046,39.51688879,LFC,drone,1
Cottonwood,2025-09-24T00:00:00Z,-121.55595852,39.51650919,LFC,drone,1
Cottonwood,2025-09-24T00:00:00Z,-121.55613405,39.51656367,LFC,drone,1
Cottonwood,2025-09-24T00:00:00Z,-121.5561552,39.51653065,LFC,drone,1
Cottonwood,2025-09-24T00:00:00Z,-121.55615629,39.51648037,LFC,drone,1
Cottonwood,2025-09-24T00:00:00Z,-121.55615055,39.51646082,LFC,drone,1
Cottonwood,2025-09-24T00:00:00Z,-121.55606038,39.51653847,LFC,drone,1
Cottonwood,2025-09-24T00:00:00Z,-121.5560734,39.51655724,LFC,drone,1
Cottonwood,2025-09-24T00:00:00Z,-121.55592341,39.51659584,LFC,drone,1
Cottonwood,2025-09-24T00:00:00Z,-121.55576673,39.51667396,LFC,drone,1
Cottonwood,2025-09-24T00:00:00Z,-121.55578814,39.51665194,LFC,drone,1
Cottonwood,2025-09-24T00:00:00Z,-121.55544432,39.51673472,LFC,drone,1
Cottonwood,2025-09-24T00:00:00Z,-121.55539872,39.51681178,LFC,drone,1
Cottonwood,2025-09-24T00:00:00Z,-121.55543488,39.51679232,LFC,drone,1
Cottonwood,2025-09-24T00:00:00Z,-121.55549347,39.51675604,LFC,drone,1
Cottonwood,2025-09-24T00:00:00Z,-121.55526401,39.51677897,LFC,drone,1
Cottonwood,2025-09-24T00:00:00Z,-121.55530048,39.51676358,LFC,drone,1
Cottonwood,2025-09-24T00:00:00Z,-121.55533107,39.51676871,LFC,drone,1
Cottonwood,2025-09-24T00:00:00Z,-121.55518221,39.51683723,LFC,drone,1
Cottonwood,2025-09-24T00:00:00Z,-121.55518845,39.51680992,LFC,drone,1
Cottonwood,2025-09-24T00:00:00Z,-121.55513493,39.51682244,LFC,drone,1
Cottonwood,2025-09-24T00:00:00Z,-121.55509518,39.51680268,LFC,drone,1
Cottonwood,2025-09-24T00:00:00Z,-121.55514058,39.5167816,LFC,drone,1
Cottonwood,2025-09-24T00:00:00Z,-121.55504926,39.51689069,LFC,drone,1
Cottonwood,2025-09-24T00:00:00Z,-121.55505912,39.51679445,LFC,drone,1
Cottonwood,2025-09-24T00:00:00Z,-121.5548589,39.51691335,LFC,drone,1
Cottonwood,2025-09-24T00:00:00Z,-121.55478774,39.51691348,LFC,drone,1
Cottonwood,2025-09-24T00:00:00Z,-121.55474602,39.5169045,LFC,drone,1
Cottonwood,2025-09-24T00:00:00Z,-121.55483808,39.5168857,LFC,drone,1
Cottonwood,2025-09-24T00:00:00Z,-121.55469953,39.51687282,LFC,drone,1
Cottonwood,2025-09-24T00:00:00Z,-121.55460981,39.51688388,LFC,drone,1
Cottonwood,2025-09-24T00:00:00Z,-121.55467067,39.5168116,LFC,drone,1
Cottonwood,2025-09-24T00:00:00Z,-121.55486188,39.51681161,LFC,drone,1
Cottonwood,2025-09-24T00:00:00Z,-121.55485936,39.51684911,LFC,drone,1
Cottonwood,2025-09-24T00:00:00Z,-121.55475168,39.51684168,LFC,drone,1
Cottonwood,2025-09-24T00:00:00Z,-121.5546265,39.51679957,LFC,drone,1
Cottonwood,2025-10-02T00:00:00Z,-121.55586206,39.51653094,LFC,drone,1
Cottonwood,2025-10-02T00:00:00Z,-121.55610674,39.51650096,LFC,drone,1
Cottonwood,2025-10-02T00:00:00Z,-121.55621256,39.51653777,LFC,drone,1
Cottonwood,2025-10-02T00:00:00Z,-121.55620735,39.51648074,LFC,drone,1
Cottonwood,2025-10-02T00:00:00Z,-121.55600744,39.51656163,LFC,drone,1
Cottonwood,2025-10-02T00:00:00Z,-121.55535724,39.51675636,LFC,drone,1
Cottonwood,2025-10-02T00:00:00Z,-121.5549693,39.51681387,LFC,drone,1
Cottonwood,2025-10-02T00:00:00Z,-121.55468992,39.51680036,LFC,drone,1
Cottonwood,2025-10-02T00:00:00Z,-121.55478976,39.51685391,LFC,drone,1
Cottonwood,2025-10-08T00:00:00Z,-121.55577262,39.51652695,LFC,drone,1
Cottonwood,2025-10-08T00:00:00Z,-121.55593801,39.51654433,LFC,drone,1
Cottonwood,2025-10-08T00:00:00Z,-121.55608577,39.51658948,LFC,drone,1
Cottonwood,2025-10-08T00:00:00Z,-121.55618282,39.51651408,LFC,drone,1
Cottonwood,2025-10-08T00:00:00Z,-121.55563596,39.5167688,LFC,drone,1
Cottonwood,2025-10-08T00:00:00Z,-121.5550261,39.5168079,LFC,drone,1
Cottonwood,2025-10-08T00:00:00Z,-121.55480901,39.51683496,LFC,drone,1
Cottonwood,2025-10-08T00:00:00Z,-121.55487245,39.5168912,LFC,drone,1
Cottonwood,2025-10-08T00:00:00Z,-121.55490586,39.51683785,LFC,drone,1
Cottonwood,2025-10-08T00:00:00Z,-121.5548559,39.51693157,LFC,drone,1
Cottonwood,2025-10-08T00:00:00Z,-121.55480173,39.51689133,LFC,drone,1
Cottonwood,2025-10-08T00:00:00Z,-121.55470491,39.51690771,LFC,drone,1
Cottonwood,2025-10-08T00:00:00Z,-121.55472664,39.51687045,LFC,drone,1
Cottonwood,2025-10-08T00:00:00Z,-121.5546985,39.51683832,LFC,drone,1
Cottonwood,2025-10-08T00:00:00Z,-121.55487995,39.51686627,LFC,drone,1
Cottonwood,2025-10-08T00:00:00Z,-121.55488084,39.51682334,LFC,drone,1
Cottonwood,2025-10-16T00:00:00Z,-121.55617636,39.51648449,LFC,drone,1
Cottonwood,2025-10-16T00:00:00Z,-121.55604756,39.51652829,LFC,drone,1
Cottonwood,2025-10-16T00:00:00Z,-121.55588069,39.51655758,LFC,drone,1
Cottonwood,2025-10-16T00:00:00Z,-121.55581068,39.51654185,LFC,drone,1
Cottonwood,2025-10-16T00:00:00Z,-121.55575511,39.5166006,LFC,drone,1
Cottonwood,2025-10-16T00:00:00Z,-121.5557197,39.51656053,LFC,drone,1
Cottonwood,2025-10-16T00:00:00Z,-121.55552432,39.51657709,LFC,drone,1
Cottonwood,2025-10-16T00:00:00Z,-121.55539254,39.51676472,LFC,drone,1
Cottonwood,2025-10-16T00:00:00Z,-121.55490622,39.51689551,LFC,drone,1
Cottonwood,2025-10-24T00:00:00Z,-121.5555813,39.51654306,LFC,drone,1
Cottonwood,2025-10-24T00:00:00Z,-121.5556222,39.5165441,LFC,drone,1
Cottonwood,2025-10-24T00:00:00Z,-121.55565618,39.51655033,LFC,drone,1
Cottonwood,2025-10-24T00:00:00Z,-121.55593371,39.51648827,LFC,drone,1
Cottonwood,2025-10-24T00:00:00Z,-121.55587697,39.51649444,LFC,drone,1
Cottonwood,2025-10-24T00:00:00Z,-121.55584151,39.516494,LFC,drone,1
Cottonwood,2025-10-24T00:00:00Z,-121.55579966,39.51650563,LFC,drone,1
Cottonwood,2025-10-24T00:00:00Z,-121.55596476,39.51657002,LFC,drone,1
Cottonwood,2025-10-24T00:00:00Z,-121.55573337,39.51664375,LFC,drone,1
Cottonwood,2025-10-24T00:00:00Z,-121.55544456,39.51669035,LFC,drone,1
Cottonwood,2025-10-24T00:00:00Z,-121.55549066,39.5167036,LFC,drone,1
Cottonwood,2025-10-24T00:00:00Z,-121.55565552,39.51661478,LFC,drone,1
Cottonwood,2025-10-29T00:00:00Z,-121.55539788,39.51663378,LFC,drone,1
Cottonwood,2025-10-29T00:00:00Z,-121.55502983,39.51670502,LFC,drone,1
Cottonwood,2025-11-07T00:00:00Z,NA,NA,LFC,drone,0
Cottonwood,2025-11-12T00:00:00Z,NA,NA,LFC,drone,0
Eye Main,2024-10-17T00:00:00Z,-121.61504115,39.45654842,LFC,drone,1
Eye Main,2024-10-17T00:00:00Z,-121.61502027,39.4565425,LFC,drone,1
Eye Main,2024-10-17T00:00:00Z,-121.61499179,39.45656265,LFC,drone,1
Eye Main,2024-10-17T00:00:00Z,-121.61497085,39.45658344,LFC,drone,1
Eye Main,2024-10-17T00:00:00Z,-121.61494689,39.45661352,LFC,drone,1
Eye Main,2024-10-31T00:00:00Z,-121.61386492,39.45760299,LFC,drone,1
Eye Main,2024-10-31T00:00:00Z,-121.6139602,39.45759555,LFC,drone,1
Eye Main,2024-11-14T00:00:00Z,-121.61379128,39.4576123,LFC,drone,1
Eye Main,2024-11-14T00:00:00Z,-121.61370569,39.45759665,LFC,drone,1
Eye Main,2024-11-14T00:00:00Z,-121.61374457,39.45761156,LFC,drone,1
Eye Main,2025-09-11T00:00:00Z,-121.61496721,39.4566159,LFC,drone,1
Eye Main,2025-09-11T00:00:00Z,-121.61494198,39.45659717,LFC,drone,1
Eye Main,2025-09-11T00:00:00Z,-121.61500401,39.45660399,LFC,drone,1
Eye Main,2025-09-25T00:00:00Z,NA,NA,LFC,drone,0
Eye Main,2025-10-09T00:00:00Z,NA,NA,LFC,drone,0
Eye Main,2025-10-28T00:00:00Z,-121.61380456,39.4576139,LFC,drone,1
Eye Main,2025-10-28T00:00:00Z,-121.61400091,39.45748717,LFC,drone,1
Eye Main,2025-11-18T00:00:00Z,-121.61395956,39.45759677,LFC,drone,1
Eye Side Channel,2024-10-31T00:00:00Z,-121.61282454,39.45817816,LFC,drone,1
Eye Side Channel,2024-10-31T00:00:00Z,-121.61275997,39.45817702,LFC,drone,1
Eye Side Channel,2024-10-31T00:00:00Z,-121.61281881,39.45812913,LFC,drone,1
Eye Side Channel,2024-10-31T00:00:00Z,-121.61291195,39.45811355,LFC,drone,1
Eye Side Channel,2024-10-31T00:00:00Z,-121.61297883,39.45754053,LFC,drone,1
Eye Side Channel,2024-10-31T00:00:00Z,-121.61306547,39.45722554,LFC,drone,1
Eye Side Channel,2024-10-31T00:00:00Z,-121.61313421,39.45708875,LFC,drone,1
Eye Side Channel,2024-10-31T00:00:00Z,-121.6131814,39.45704963,LFC,drone,1
Eye Side Channel,2024-11-14T00:00:00Z,-121.6131197,39.45713621,LFC,drone,1
Eye Side Channel,2024-11-14T00:00:00Z,-121.61285426,39.45812034,LFC,drone,1
Eye Side Channel,2025-09-11T00:00:00Z,NA,NA,LFC,drone,0
Eye Side Channel,2025-09-25T00:00:00Z,-121.61471612,39.45622628,LFC,drone,1
Eye Side Channel,2025-10-09T00:00:00Z,NA,NA,LFC,drone,0
Eye Side Channel,2025-10-28T00:00:00Z,-121.61286225,39.45806801,LFC,drone,1
Eye Side Channel,2025-10-28T00:00:00Z,-121.61281558,39.4581073,LFC,drone,1
Eye Side Channel,2025-10-28T00:00:00Z,-121.61281294,39.45744147,LFC,drone,1
Eye Side Channel,2025-10-28T00:00:00Z,-121.61311308,39.45722487,LFC,drone,1
Eye Side Channel,2025-10-28T00:00:00Z,-121.61307583,39.45721998,LFC,drone,1
Eye Side Channel,2025-10-28T00:00:00Z,-121.61318494,39.45701234,LFC,drone,1
Eye Side Channel,2025-10-28T00:00:00Z,-121.61435484,39.45640701,LFC,drone,1
Eye Side Channel,2025-10-28T00:00:00Z,-121.61435785,39.45638107,LFC,drone,1
Eye Side Channel,2025-11-18T00:00:00Z,NA,NA,LFC,drone,0
Hatchery,2024-09-09T00:00:00Z,-121.55429987,39.51597603,LFC,drone,1
Hatchery,2024-09-09T00:00:00Z,-121.5543628,39.51597859,LFC,drone,1
Hatchery,2024-09-09T00:00:00Z,-121.55422444,39.51597168,LFC,drone,1
Hatchery,2024-09-09T00:00:00Z,-121.55449725,39.51602016,LFC,drone,1
Hatchery,2024-09-18T00:00:00Z,-121.55454992,39.51595846,LFC,drone,1
Hatchery,2024-09-18T00:00:00Z,-121.55457885,39.51595334,LFC,drone,1
Hatchery,2024-09-18T00:00:00Z,-121.55461423,39.51593808,LFC,drone,1
Hatchery,2024-09-18T00:00:00Z,-121.55478689,39.51593161,LFC,drone,1
Hatchery,2024-09-18T00:00:00Z,-121.55465783,39.51588579,LFC,drone,1
Hatchery,2024-09-18T00:00:00Z,-121.5547241,39.51589385,LFC,drone,1
Hatchery,2024-09-18T00:00:00Z,-121.55511006,39.5158274,LFC,drone,1
Hatchery,2024-09-18T00:00:00Z,-121.55527909,39.51583632,LFC,drone,1
Hatchery,2024-09-18T00:00:00Z,-121.55527366,39.5158504,LFC,drone,1
Hatchery,2024-09-18T00:00:00Z,-121.55551776,39.51581124,LFC,drone,1
Hatchery,2024-09-18T00:00:00Z,-121.55552655,39.51582756,LFC,drone,1
Hatchery,2024-09-18T00:00:00Z,-121.55570462,39.51591943,LFC,drone,1
Hatchery,2024-09-18T00:00:00Z,-121.55573132,39.51582969,LFC,drone,1
Hatchery,2024-09-18T00:00:00Z,-121.55572833,39.51581116,LFC,drone,1
Hatchery,2024-09-18T00:00:00Z,-121.55578815,39.51582435,LFC,drone,1
Hatchery,2024-09-18T00:00:00Z,-121.55556559,39.51594795,LFC,drone,1
Hatchery,2024-09-18T00:00:00Z,-121.55590665,39.51599552,LFC,drone,1
Hatchery,2024-09-18T00:00:00Z,-121.55635431,39.51587539,LFC,drone,1
Hatchery,2024-09-18T00:00:00Z,-121.55655911,39.51599807,LFC,drone,1
Hatchery,2024-09-18T00:00:00Z,-121.55659158,39.51589838,LFC,drone,1
Hatchery,2024-09-18T00:00:00Z,-121.55652251,39.51593688,LFC,drone,1
Hatchery,2024-09-18T00:00:00Z,-121.55592042,39.51599709,LFC,drone,1
Hatchery,2024-09-18T00:00:00Z,-121.55369269,39.51615762,LFC,drone,1
Hatchery,2024-09-18T00:00:00Z,-121.55368678,39.51614895,LFC,drone,1
Hatchery,2024-09-18T00:00:00Z,-121.55388575,39.51609793,LFC,drone,1
Hatchery,2024-09-18T00:00:00Z,-121.553881,39.51606793,LFC,drone,1
Hatchery,2024-09-18T00:00:00Z,-121.55388248,39.5160822,LFC,drone,1
Hatchery,2024-09-18T00:00:00Z,-121.55453767,39.51596578,LFC,drone,1
Hatchery,2024-09-18T00:00:00Z,-121.55456795,39.51595535,LFC,drone,1
Hatchery,2024-09-18T00:00:00Z,-121.55425794,39.51602855,LFC,drone,1
Hatchery,2024-09-18T00:00:00Z,-121.55447821,39.51600274,LFC,drone,1
Hatchery,2024-09-23T00:00:00Z,-121.55465945,39.51596377,LFC,drone,1
Hatchery,2024-09-23T00:00:00Z,-121.5546809,39.51595433,LFC,drone,1
Hatchery,2024-09-23T00:00:00Z,-121.55474138,39.51592974,LFC,drone,1
Hatchery,2024-09-23T00:00:00Z,-121.55471419,39.51587409,LFC,drone,1
Hatchery,2024-09-23T00:00:00Z,-121.5546246,39.51590929,LFC,drone,1
Hatchery,2024-09-23T00:00:00Z,-121.55547855,39.51600267,LFC,drone,1
Hatchery,2024-09-23T00:00:00Z,-121.5555771,39.51600568,LFC,drone,1
Hatchery,2024-09-23T00:00:00Z,-121.55558632,39.51598458,LFC,drone,1
Hatchery,2024-09-23T00:00:00Z,-121.55564821,39.51599717,LFC,drone,1
Hatchery,2024-09-23T00:00:00Z,-121.555643,39.51598529,LFC,drone,1
Hatchery,2024-09-23T00:00:00Z,-121.5557791,39.51599458,LFC,drone,1
Hatchery,2024-09-23T00:00:00Z,-121.55600153,39.51596821,LFC,drone,1
Hatchery,2024-09-23T00:00:00Z,-121.55600509,39.51595389,LFC,drone,1
Hatchery,2024-09-23T00:00:00Z,-121.55599612,39.51593985,LFC,drone,1
Hatchery,2024-09-23T00:00:00Z,-121.55618104,39.5159869,LFC,drone,1
Hatchery,2024-09-23T00:00:00Z,-121.55635701,39.51599247,LFC,drone,1
Hatchery,2024-09-23T00:00:00Z,-121.55635747,39.5159701,LFC,drone,1
Hatchery,2024-09-23T00:00:00Z,-121.55636211,39.51598282,LFC,drone,1
Hatchery,2024-09-23T00:00:00Z,-121.55408327,39.51601836,LFC,drone,1
Hatchery,2024-09-23T00:00:00Z,-121.55415859,39.51608531,LFC,drone,1
Hatchery,2024-09-23T00:00:00Z,-121.55416058,39.5160975,LFC,drone,1
Hatchery,2024-09-23T00:00:00Z,-121.55426067,39.51605149,LFC,drone,1
Hatchery,2024-09-23T00:00:00Z,-121.55435149,39.51599876,LFC,drone,1
Hatchery,2024-09-23T00:00:00Z,-121.55436948,39.51601775,LFC,drone,1
Hatchery,2024-09-23T00:00:00Z,-121.5545252,39.51605825,LFC,drone,1
Hatchery,2024-09-23T00:00:00Z,-121.55424047,39.51592233,LFC,drone,1
Hatchery,2024-09-23T00:00:00Z,-121.55466498,39.51595888,LFC,drone,1
Hatchery,2024-09-23T00:00:00Z,-121.55473378,39.51592951,LFC,drone,1
Hatchery,2024-09-30T00:00:00Z,-121.55560443,39.51596581,LFC,drone,1
Hatchery,2024-09-30T00:00:00Z,-121.55547857,39.51583023,LFC,drone,1
Hatchery,2024-09-30T00:00:00Z,-121.55475419,39.51591362,LFC,drone,1
Hatchery,2024-09-30T00:00:00Z,-121.55628577,39.51598532,LFC,drone,1
Hatchery,2024-10-07T00:00:00Z,-121.55548375,39.51595243,LFC,drone,1
Hatchery,2024-10-07T00:00:00Z,-121.55522251,39.51602176,LFC,drone,1
Hatchery,2024-10-07T00:00:00Z,-121.55587267,39.5159698,LFC,drone,1
Hatchery,2024-10-15T00:00:00Z,-121.55521211,39.5159698,LFC,drone,1
Hatchery,2024-10-15T00:00:00Z,-121.55512577,39.51592692,LFC,drone,1
Hatchery,2024-10-15T00:00:00Z,-121.55518246,39.51603277,LFC,drone,1
Hatchery,2024-10-15T00:00:00Z,-121.55538378,39.51599853,LFC,drone,1
Hatchery,2024-10-15T00:00:00Z,-121.55551714,39.51600821,LFC,drone,1
Hatchery,2024-10-15T00:00:00Z,-121.55498355,39.51592377,LFC,drone,1
Hatchery,2024-10-15T00:00:00Z,-121.55505271,39.51588653,LFC,drone,1
Hatchery,2024-10-15T00:00:00Z,-121.5551652,39.51586576,LFC,drone,1
Hatchery,2024-10-15T00:00:00Z,-121.55488057,39.51589303,LFC,drone,1
Hatchery,2024-10-15T00:00:00Z,-121.55500347,39.51585484,LFC,drone,1
Hatchery,2024-10-15T00:00:00Z,-121.55468934,39.51592822,LFC,drone,1
Hatchery,2024-10-15T00:00:00Z,-121.55550862,39.51586708,LFC,drone,1
Hatchery,2024-10-15T00:00:00Z,-121.55582827,39.51580518,LFC,drone,1
Hatchery,2024-10-15T00:00:00Z,-121.55588666,39.51590767,LFC,drone,1
Hatchery,2024-10-15T00:00:00Z,-121.55624365,39.51591168,LFC,drone,1
Hatchery,2024-10-15T00:00:00Z,-121.55639456,39.51565303,LFC,drone,1
Hatchery,2024-10-15T00:00:00Z,-121.55641946,39.51571218,LFC,drone,1
Hatchery,2024-10-21T00:00:00Z,-121.55490379,39.51597192,LFC,drone,1
Hatchery,2024-10-21T00:00:00Z,-121.55500595,39.51596201,LFC,drone,1
Hatchery,2024-10-21T00:00:00Z,-121.55491404,39.5159415,LFC,drone,1
Hatchery,2024-10-21T00:00:00Z,-121.5551384,39.51602177,LFC,drone,1
Hatchery,2024-10-21T00:00:00Z,-121.55510897,39.51600352,LFC,drone,1
Hatchery,2024-10-21T00:00:00Z,-121.55510943,39.51598118,LFC,drone,1
Hatchery,2024-10-21T00:00:00Z,-121.55521937,39.51592071,LFC,drone,1
Hatchery,2024-10-21T00:00:00Z,-121.55587415,39.5158849,LFC,drone,1
Hatchery,2024-10-21T00:00:00Z,-121.55588157,39.51585147,LFC,drone,1
Hatchery,2024-10-21T00:00:00Z,-121.55573496,39.515871249999996,LFC,drone,1
Hatchery,2024-10-21T00:00:00Z,-121.55597764,39.51590332,LFC,drone,1
Hatchery,2024-10-21T00:00:00Z,-121.55610542,39.51591012,LFC,drone,1
Hatchery,2024-10-21T00:00:00Z,-121.5561772,39.5159274,LFC,drone,1
Hatchery,2024-10-21T00:00:00Z,-121.55627514,39.51587206,LFC,drone,1
Hatchery,2024-10-21T00:00:00Z,-121.5562891,39.51591133,LFC,drone,1
Hatchery,2024-10-21T00:00:00Z,-121.55624885,39.51580283,LFC,drone,1
Hatchery,2024-10-21T00:00:00Z,-121.55620952,39.51583774,LFC,drone,1
Hatchery,2024-10-21T00:00:00Z,-121.55622594,39.51576776,LFC,drone,1
Hatchery,2024-10-21T00:00:00Z,-121.55630917,39.51578161,LFC,drone,1
Hatchery,2024-10-21T00:00:00Z,-121.55632275,39.5157537,LFC,drone,1
Hatchery,2024-10-21T00:00:00Z,-121.55579021,39.51573031,LFC,drone,1
Hatchery,2024-10-21T00:00:00Z,-121.55611252,39.51586094,LFC,drone,1
Hatchery,2024-10-21T00:00:00Z,-121.55607332,39.51588944,LFC,drone,1
Hatchery,2024-10-21T00:00:00Z,-121.55584772,39.51582561,LFC,drone,1
Hatchery,2024-10-21T00:00:00Z,-121.55582308,39.51591227,LFC,drone,1
Hatchery,2024-10-21T00:00:00Z,-121.55560862,39.51588123,LFC,drone,1
Hatchery,2024-10-21T00:00:00Z,-121.55566928,39.5158057,LFC,drone,1
Hatchery,2024-10-21T00:00:00Z,-121.55575395,39.51597824,LFC,drone,1
Hatchery,2024-10-21T00:00:00Z,-121.55530175,39.51599398,LFC,drone,1
Hatchery,2024-10-21T00:00:00Z,-121.55536528,39.51595083,LFC,drone,1
Hatchery,2024-10-21T00:00:00Z,-121.55550846,39.51601332,LFC,drone,1
Hatchery,2024-10-21T00:00:00Z,-121.55586145,39.51577147,LFC,drone,1
Hatchery,2024-10-21T00:00:00Z,-121.55584702,39.51572613,LFC,drone,1
Hatchery,2024-10-21T00:00:00Z,-121.55574703,39.51595942,LFC,drone,1
Hatchery,2024-10-21T00:00:00Z,-121.5556671,39.51601422,LFC,drone,1
Hatchery,2024-10-21T00:00:00Z,-121.55523218,39.51603038,LFC,drone,1
Hatchery,2024-10-21T00:00:00Z,-121.55482145,39.51591836,LFC,drone,1
Hatchery,2024-10-28T00:00:00Z,-121.55467766,39.51590656,LFC,drone,1
Hatchery,2024-10-28T00:00:00Z,-121.55476103,39.51586373,LFC,drone,1
Hatchery,2024-10-28T00:00:00Z,-121.55472688,39.51596677,LFC,drone,1
Hatchery,2024-10-28T00:00:00Z,-121.55484573,39.51596491,LFC,drone,1
Hatchery,2024-10-28T00:00:00Z,-121.55495331,39.51600153,LFC,drone,1
Hatchery,2024-10-28T00:00:00Z,-121.55503418,39.51599014,LFC,drone,1
Hatchery,2024-10-28T00:00:00Z,-121.55492283,39.51598685,LFC,drone,1
Hatchery,2024-10-28T00:00:00Z,-121.55493666,39.51597319,LFC,drone,1
Hatchery,2024-10-28T00:00:00Z,-121.5550879,39.51603407,LFC,drone,1
Hatchery,2024-10-28T00:00:00Z,-121.55519676,39.51603149,LFC,drone,1
Hatchery,2024-10-28T00:00:00Z,-121.55514265,39.5158947,LFC,drone,1
Hatchery,2024-10-28T00:00:00Z,-121.55521058,39.5159437,LFC,drone,1
Hatchery,2024-10-28T00:00:00Z,-121.5555008,39.51598926,LFC,drone,1
Hatchery,2024-10-28T00:00:00Z,-121.55563385,39.515866,LFC,drone,1
Hatchery,2024-10-28T00:00:00Z,-121.55577316,39.51576761,LFC,drone,1
Hatchery,2024-10-28T00:00:00Z,-121.55579296,39.51594092,LFC,drone,1
Hatchery,2024-10-28T00:00:00Z,-121.55584247,39.51599518,LFC,drone,1
Hatchery,2024-10-28T00:00:00Z,-121.55584899,39.51579191,LFC,drone,1
Hatchery,2024-10-28T00:00:00Z,-121.5561541,39.5158615,LFC,drone,1
Hatchery,2024-10-28T00:00:00Z,-121.55629047,39.51593471,LFC,drone,1
Hatchery,2024-10-28T00:00:00Z,-121.55639287,39.51577531,LFC,drone,1
Hatchery,2024-10-28T00:00:00Z,-121.55635451,39.51575528,LFC,drone,1
Hatchery,2024-10-28T00:00:00Z,-121.55633845,39.51599586,LFC,drone,1
Hatchery,2024-10-28T00:00:00Z,-121.55640723,39.51585511,LFC,drone,1
Hatchery,2024-10-28T00:00:00Z,-121.55651513,39.5158164,LFC,drone,1
Hatchery,2024-10-28T00:00:00Z,-121.55650587,39.51590687,LFC,drone,1
Hatchery,2024-10-28T00:00:00Z,-121.55637734,39.51590098,LFC,drone,1
Hatchery,2024-10-28T00:00:00Z,-121.55402053,39.51612415,LFC,drone,1
Hatchery,2024-10-28T00:00:00Z,-121.55390871,39.51612955,LFC,drone,1
Hatchery,2024-10-28T00:00:00Z,-121.55375998,39.51617181,LFC,drone,1
Hatchery,2024-10-28T00:00:00Z,-121.55368366,39.51620818,LFC,drone,1
Hatchery,2024-10-28T00:00:00Z,-121.55362287,39.51618198,LFC,drone,1
Hatchery,2024-10-28T00:00:00Z,-121.55373827,39.51626824,LFC,drone,1
Hatchery,2024-11-04T00:00:00Z,-121.55496797,39.51598478,LFC,drone,1
Hatchery,2024-11-04T00:00:00Z,-121.55491482,39.5159132,LFC,drone,1
Hatchery,2024-11-04T00:00:00Z,-121.55512709,39.51595518,LFC,drone,1
Hatchery,2024-11-04T00:00:00Z,-121.55595995,39.5157915,LFC,drone,1
Hatchery,2024-11-04T00:00:00Z,-121.55592089,39.51578267,LFC,drone,1
Hatchery,2024-11-04T00:00:00Z,-121.55595683,39.51594224,LFC,drone,1
Hatchery,2024-11-04T00:00:00Z,-121.55599074,39.515754,LFC,drone,1
Hatchery,2024-11-04T00:00:00Z,-121.5558343,39.51595994,LFC,drone,1
Hatchery,2025-09-09T00:00:00Z,-121.55436564,39.51594859,LFC,drone,1
Hatchery,2025-09-09T00:00:00Z,-121.55432097,39.51589,LFC,drone,1
Hatchery,2025-09-16T00:00:00Z,-121.55443943,39.51593968,LFC,drone,1
Hatchery,2025-09-16T00:00:00Z,-121.55453857,39.51597281,LFC,drone,1
Hatchery,2025-09-16T00:00:00Z,-121.55398033,39.51606211,LFC,drone,1
Hatchery,2025-09-16T00:00:00Z,-121.5540814,39.51603634,LFC,drone,1
Hatchery,2025-09-16T00:00:00Z,-121.55413385,39.51603158,LFC,drone,1
Hatchery,2025-09-16T00:00:00Z,-121.55414921,39.51599771,LFC,drone,1
Hatchery,2025-09-16T00:00:00Z,-121.5540852,39.51598772,LFC,drone,1
Hatchery,2025-09-16T00:00:00Z,-121.55399373,39.51601109,LFC,drone,1
Hatchery,2025-09-16T00:00:00Z,-121.55440832,39.51592662,LFC,drone,1
Hatchery,2025-09-16T00:00:00Z,-121.55468696,39.51594149,LFC,drone,1
Hatchery,2025-09-16T00:00:00Z,-121.55515813,39.51602957,LFC,drone,1
Hatchery,2025-09-16T00:00:00Z,-121.5552,39.51604964,LFC,drone,1
Hatchery,2025-09-16T00:00:00Z,-121.55522745,39.51600877,LFC,drone,1
Hatchery,2025-09-16T00:00:00Z,-121.55577859,39.5158434,LFC,drone,1
Hatchery,2025-09-16T00:00:00Z,-121.55560244,39.51585177,LFC,drone,1
Hatchery,2025-09-16T00:00:00Z,-121.55562472,39.51599469,LFC,drone,1
Hatchery,2025-09-16T00:00:00Z,-121.55554678,39.51600323,LFC,drone,1
Hatchery,2025-09-24T00:00:00Z,-121.55454395,39.51593592,LFC,drone,1
Hatchery,2025-09-24T00:00:00Z,-121.55423932,39.51599649,LFC,drone,1
Hatchery,2025-09-24T00:00:00Z,-121.55394839,39.51605415,LFC,drone,1
Hatchery,2025-09-24T00:00:00Z,-121.55403706,39.51601956,LFC,drone,1
Hatchery,2025-09-24T00:00:00Z,-121.55419993,39.51597563,LFC,drone,1
Hatchery,2025-09-24T00:00:00Z,-121.55496112,39.51592516,LFC,drone,1
Hatchery,2025-09-24T00:00:00Z,-121.55506658,39.51597085,LFC,drone,1
Hatchery,2025-09-24T00:00:00Z,-121.55518925,39.51594279,LFC,drone,1
Hatchery,2025-09-24T00:00:00Z,-121.55510786,39.51591663,LFC,drone,1
Hatchery,2025-09-24T00:00:00Z,-121.55517237,39.51590053,LFC,drone,1
Hatchery,2025-09-24T00:00:00Z,-121.55556216,39.51588667,LFC,drone,1
Hatchery,2025-09-24T00:00:00Z,-121.55570701,39.51587494,LFC,drone,1
Hatchery,2025-09-24T00:00:00Z,-121.55576294,39.51586121,LFC,drone,1
Hatchery,2025-09-24T00:00:00Z,-121.55590396,39.51581695,LFC,drone,1
Hatchery,2025-09-24T00:00:00Z,-121.55601247,39.51594615,LFC,drone,1
Hatchery,2025-09-24T00:00:00Z,-121.556229,39.51595355,LFC,drone,1
Hatchery,2025-09-24T00:00:00Z,-121.55647538,39.51590285,LFC,drone,1
Hatchery,2025-09-24T00:00:00Z,-121.55639039,39.51591735,LFC,drone,1
Hatchery,2025-09-24T00:00:00Z,-121.55656067,39.51582405,LFC,drone,1
Hatchery,2025-09-24T00:00:00Z,-121.55654824,39.51592607,LFC,drone,1
Hatchery,2025-09-24T00:00:00Z,-121.55573887,39.5159554,LFC,drone,1
Hatchery,2025-09-24T00:00:00Z,-121.55537673,39.51596693,LFC,drone,1
Hatchery,2025-09-24T00:00:00Z,-121.55539314,39.51599456,LFC,drone,1
Hatchery,2025-09-24T00:00:00Z,-121.55550032,39.51597359,LFC,drone,1
Hatchery,2025-09-24T00:00:00Z,-121.55543836,39.51595247,LFC,drone,1
Hatchery,2025-09-24T00:00:00Z,-121.55520901,39.51599255,LFC,drone,1
Hatchery,2025-09-24T00:00:00Z,-121.55515136,39.51585916,LFC,drone,1
Hatchery,2025-09-24T00:00:00Z,-121.55507449,39.51587487,LFC,drone,1
Hatchery,2025-09-24T00:00:00Z,-121.55469032,39.51583525,LFC,drone,1
Hatchery,2025-09-24T00:00:00Z,-121.55476186,39.51594196,LFC,drone,1
Hatchery,2025-09-24T00:00:00Z,-121.55474547,39.51589718,LFC,drone,1
Hatchery,2025-09-24T00:00:00Z,-121.55589203,39.51595173,LFC,drone,1
Hatchery,2025-09-24T00:00:00Z,-121.55565425,39.51596636,LFC,drone,1
Hatchery,2025-09-24T00:00:00Z,-121.55573473,39.51600084,LFC,drone,1
Hatchery,2025-09-24T00:00:00Z,-121.55593213,39.51599686,LFC,drone,1
Hatchery,2025-09-24T00:00:00Z,-121.5559435,39.51586954,LFC,drone,1
Hatchery,2025-09-24T00:00:00Z,-121.55618319,39.51599457,LFC,drone,1
Hatchery,2025-09-24T00:00:00Z,-121.55633479,39.51591388,LFC,drone,1
Hatchery,2025-09-24T00:00:00Z,-121.55647767,39.51580957,LFC,drone,1
Hatchery,2025-09-24T00:00:00Z,-121.55651648,39.5158705,LFC,drone,1
Hatchery,2025-09-24T00:00:00Z,-121.55649286,39.51598554,LFC,drone,1
Hatchery,2025-09-24T00:00:00Z,-121.55596075,39.51574042,LFC,drone,1
Hatchery,2025-09-24T00:00:00Z,-121.55548712,39.51584297,LFC,drone,1
Hatchery,2025-09-24T00:00:00Z,-121.55528165,39.51583543,LFC,drone,1
Hatchery,2025-09-24T00:00:00Z,-121.55502002,39.51587441,LFC,drone,1
Hatchery,2025-09-24T00:00:00Z,-121.55482405,39.51591953,LFC,drone,1
Hatchery,2025-10-02T00:00:00Z,-121.55370169,39.51608987,LFC,drone,1
Hatchery,2025-10-02T00:00:00Z,-121.55378711,39.51612642,LFC,drone,1
Hatchery,2025-10-02T00:00:00Z,-121.55387163,39.51604806,LFC,drone,1
Hatchery,2025-10-02T00:00:00Z,-121.55384924,39.51602328,LFC,drone,1
Hatchery,2025-10-02T00:00:00Z,-121.55419827,39.51602424,LFC,drone,1
Hatchery,2025-10-02T00:00:00Z,-121.55412816,39.51596933,LFC,drone,1
Hatchery,2025-10-02T00:00:00Z,-121.55401365,39.51607118,LFC,drone,1
Hatchery,2025-10-02T00:00:00Z,-121.55435325,39.51598835,LFC,drone,1
Hatchery,2025-10-02T00:00:00Z,-121.55448763,39.51593811,LFC,drone,1
Hatchery,2025-10-02T00:00:00Z,-121.55423625,39.51590741,LFC,drone,1
Hatchery,2025-10-02T00:00:00Z,-121.55428311,39.51597072,LFC,drone,1
Hatchery,2025-10-02T00:00:00Z,-121.55448845,39.51589865,LFC,drone,1
Hatchery,2025-10-02T00:00:00Z,-121.55401596,39.51599389,LFC,drone,1
Hatchery,2025-10-02T00:00:00Z,-121.55389916,39.51607138,LFC,drone,1
Hatchery,2025-10-02T00:00:00Z,-121.55440903,39.51599175,LFC,drone,1
Hatchery,2025-10-02T00:00:00Z,-121.5545856,39.51596042,LFC,drone,1
Hatchery,2025-10-02T00:00:00Z,-121.55483158,39.51595525,LFC,drone,1
Hatchery,2025-10-02T00:00:00Z,-121.55488864,39.51596652,LFC,drone,1
Hatchery,2025-10-02T00:00:00Z,-121.55489416,39.51593067,LFC,drone,1
Hatchery,2025-10-02T00:00:00Z,-121.55488962,39.51585348,LFC,drone,1
Hatchery,2025-10-02T00:00:00Z,-121.55468188,39.51587203,LFC,drone,1
Hatchery,2025-10-02T00:00:00Z,-121.55470372,39.51597004,LFC,drone,1
Hatchery,2025-10-02T00:00:00Z,-121.55465293,39.5159525,LFC,drone,1
Hatchery,2025-10-02T00:00:00Z,-121.55492374,39.5158856,LFC,drone,1
Hatchery,2025-10-02T00:00:00Z,-121.55499033,39.51599685,LFC,drone,1
Hatchery,2025-10-02T00:00:00Z,-121.55500191,39.51596476,LFC,drone,1
Hatchery,2025-10-02T00:00:00Z,-121.55508709,39.51593571,LFC,drone,1
Hatchery,2025-10-02T00:00:00Z,-121.55501959,39.51590159,LFC,drone,1
Hatchery,2025-10-02T00:00:00Z,-121.55523973,39.51604168,LFC,drone,1
Hatchery,2025-10-02T00:00:00Z,-121.55540211,39.51584189,LFC,drone,1
Hatchery,2025-10-02T00:00:00Z,-121.55545848,39.51582093,LFC,drone,1
Hatchery,2025-10-02T00:00:00Z,-121.55558331,39.51595191,LFC,drone,1
Hatchery,2025-10-02T00:00:00Z,-121.55565545,39.51602572,LFC,drone,1
Hatchery,2025-10-02T00:00:00Z,-121.55553679,39.51602477,LFC,drone,1
Hatchery,2025-10-02T00:00:00Z,-121.55570641,39.51580446,LFC,drone,1
Hatchery,2025-10-02T00:00:00Z,-121.55571995,39.51584267,LFC,drone,1
Hatchery,2025-10-02T00:00:00Z,-121.55589936,39.51584173,LFC,drone,1
Hatchery,2025-10-02T00:00:00Z,-121.55578207,39.51590578,LFC,drone,1
Hatchery,2025-10-02T00:00:00Z,-121.55583081,39.51592382,LFC,drone,1
Hatchery,2025-10-02T00:00:00Z,-121.55580826,39.51576135,LFC,drone,1
Hatchery,2025-10-02T00:00:00Z,-121.55587622,39.51590484,LFC,drone,1
Hatchery,2025-10-02T00:00:00Z,-121.55584471,39.51597735,LFC,drone,1
Hatchery,2025-10-02T00:00:00Z,-121.55625153,39.51576527,LFC,drone,1
Hatchery,2025-10-02T00:00:00Z,-121.55636668,39.51580421,LFC,drone,1
Hatchery,2025-10-02T00:00:00Z,-121.55640069,39.51574282,LFC,drone,1
Hatchery,2025-10-02T00:00:00Z,-121.55633491,39.51585612,LFC,drone,1
Hatchery,2025-10-02T00:00:00Z,-121.55629064,39.51582017,LFC,drone,1
Hatchery,2025-10-02T00:00:00Z,-121.55635014,39.51601004,LFC,drone,1
Hatchery,2025-10-02T00:00:00Z,-121.55635971,39.51577877,LFC,drone,1
Hatchery,2025-10-02T00:00:00Z,-121.55646172,39.51585928,LFC,drone,1
Hatchery,2025-10-02T00:00:00Z,-121.55646404,39.51578006,LFC,drone,1
Hatchery,2025-10-02T00:00:00Z,-121.55645188,39.51574134,LFC,drone,1
Hatchery,2025-10-02T00:00:00Z,-121.55650669,39.51579538,LFC,drone,1
Hatchery,2025-10-02T00:00:00Z,-121.55649245,39.51595634,LFC,drone,1
Hatchery,2025-10-02T00:00:00Z,-121.55659535,39.51575666,LFC,drone,1
Hatchery,2025-10-02T00:00:00Z,-121.55609779,39.51574966,LFC,drone,1
Hatchery,2025-10-02T00:00:00Z,-121.55568658,39.51589561,LFC,drone,1
Hatchery,2025-10-02T00:00:00Z,-121.55587699,39.51601602,LFC,drone,1
Hatchery,2025-10-02T00:00:00Z,-121.55547861,39.51600529,LFC,drone,1
Hatchery,2025-10-08T00:00:00Z,-121.55461072,39.5159948,LFC,drone,1
Hatchery,2025-10-08T00:00:00Z,-121.5543098,39.51599646,LFC,drone,1
Hatchery,2025-10-08T00:00:00Z,-121.5542737,39.51602034,LFC,drone,1
Hatchery,2025-10-08T00:00:00Z,-121.55371906,39.51613835,LFC,drone,1
Hatchery,2025-10-08T00:00:00Z,-121.55518254,39.51597071,LFC,drone,1
Hatchery,2025-10-08T00:00:00Z,-121.55475622,39.51597122,LFC,drone,1
Hatchery,2025-10-08T00:00:00Z,-121.55598334,39.51583749,LFC,drone,1
Hatchery,2025-10-16T00:00:00Z,-121.55412646,39.51608502,LFC,drone,1
Hatchery,2025-10-16T00:00:00Z,-121.55396365,39.51603638,LFC,drone,1
Hatchery,2025-10-16T00:00:00Z,-121.55401372,39.51604874,LFC,drone,1
Hatchery,2025-10-16T00:00:00Z,-121.5540898,39.51602045,LFC,drone,1
Hatchery,2025-10-16T00:00:00Z,-121.5541659,39.51601852,LFC,drone,1
Hatchery,2025-10-16T00:00:00Z,-121.55405287,39.51598079,LFC,drone,1
Hatchery,2025-10-16T00:00:00Z,-121.55422,39.5160447,LFC,drone,1
Hatchery,2025-10-16T00:00:00Z,-121.55363821,39.51620567,LFC,drone,1
Hatchery,2025-10-16T00:00:00Z,-121.55493206,39.51601091,LFC,drone,1
Hatchery,2025-10-16T00:00:00Z,-121.55489356,39.51599247,LFC,drone,1
Hatchery,2025-10-16T00:00:00Z,-121.55485491,39.51598143,LFC,drone,1
Hatchery,2025-10-16T00:00:00Z,-121.554943,39.51597671,LFC,drone,1
Hatchery,2025-10-16T00:00:00Z,-121.55498894,39.51603064,LFC,drone,1
Hatchery,2025-10-16T00:00:00Z,-121.55479688,39.51598816,LFC,drone,1
Hatchery,2025-10-16T00:00:00Z,-121.55511925,39.51597831,LFC,drone,1
Hatchery,2025-10-16T00:00:00Z,-121.55510436,39.51595919,LFC,drone,1
Hatchery,2025-10-16T00:00:00Z,-121.55502124,39.51600989,LFC,drone,1
Hatchery,2025-10-16T00:00:00Z,-121.55505735,39.51599478,LFC,drone,1
Hatchery,2025-10-16T00:00:00Z,-121.55550213,39.51589211,LFC,drone,1
Hatchery,2025-10-16T00:00:00Z,-121.55541756,39.51586537,LFC,drone,1
Hatchery,2025-10-16T00:00:00Z,-121.55559834,39.51590481,LFC,drone,1
Hatchery,2025-10-16T00:00:00Z,-121.55586586,39.5158662,LFC,drone,1
Hatchery,2025-10-16T00:00:00Z,-121.55584782,39.51583115,LFC,drone,1
Hatchery,2025-10-16T00:00:00Z,-121.55581192,39.51579385,LFC,drone,1
Hatchery,2025-10-16T00:00:00Z,-121.55629648,39.5160321,LFC,drone,1
Hatchery,2025-10-16T00:00:00Z,-121.55626588,39.51599473,LFC,drone,1
Hatchery,2025-10-16T00:00:00Z,-121.55640948,39.51593183,LFC,drone,1
Hatchery,2025-10-16T00:00:00Z,-121.55642857,39.5159882,LFC,drone,1
Hatchery,2025-10-16T00:00:00Z,-121.55653557,39.51571861,LFC,drone,1
Hatchery,2025-10-16T00:00:00Z,-121.5565462,39.51576523,LFC,drone,1
Hatchery,2025-10-16T00:00:00Z,-121.5565012,39.51583018,LFC,drone,1
Hatchery,2025-10-16T00:00:00Z,-121.5560758,39.51583145,LFC,drone,1
Hatchery,2025-10-16T00:00:00Z,-121.55604151,39.51577653,LFC,drone,1
Hatchery,2025-10-16T00:00:00Z,-121.55595274,39.51596196,LFC,drone,1
Hatchery,2025-10-24T00:00:00Z,-121.55525948,39.51594419,LFC,drone,1
Hatchery,2025-10-24T00:00:00Z,-121.55529913,39.51587389,LFC,drone,1
Hatchery,2025-10-24T00:00:00Z,-121.55553476,39.51579335,LFC,drone,1
Hatchery,2025-10-24T00:00:00Z,-121.55563164,39.51592399,LFC,drone,1
Hatchery,2025-10-24T00:00:00Z,-121.55588082,39.5157818,LFC,drone,1
Hatchery,2025-10-24T00:00:00Z,-121.55623523,39.51586335,LFC,drone,1
Hatchery,2025-10-24T00:00:00Z,-121.55637061,39.51566939,LFC,drone,1
Hatchery,2025-10-24T00:00:00Z,-121.55629157,39.51588333,LFC,drone,1
Hatchery,2025-10-24T00:00:00Z,-121.55603637,39.51572799,LFC,drone,1
Hatchery,2025-10-29T00:00:00Z,-121.5562529,39.51566736,LFC,drone,1
Hatchery,2025-11-07T00:00:00Z,-121.55494635,39.51605349,LFC,drone,1
Hatchery,2025-11-07T00:00:00Z,-121.55520191,39.515869,LFC,drone,1
Hatchery Pipe,2024-09-09T00:00:00Z,-121.55297406,39.51694763,LFC,drone,1
Hatchery Pipe,2024-09-09T00:00:00Z,-121.55284644,39.51702185,LFC,drone,1
Hatchery Pipe,2024-09-09T00:00:00Z,-121.55293403,39.51707418,LFC,drone,1
Hatchery Pipe,2024-09-09T00:00:00Z,-121.55296752,39.5171494,LFC,drone,1
Hatchery Pipe,2024-09-09T00:00:00Z,-121.55302238,39.5171435,LFC,drone,1
Hatchery Pipe,2024-09-09T00:00:00Z,-121.55301355,39.51717802,LFC,drone,1
Hatchery Pipe,2024-09-09T00:00:00Z,-121.55306467,39.51693073,LFC,drone,1
Hatchery Pipe,2024-09-09T00:00:00Z,-121.55297024,39.51698169,LFC,drone,1
Hatchery Pipe,2024-09-09T00:00:00Z,-121.55288027,39.51707618,LFC,drone,1
Hatchery Pipe,2024-09-09T00:00:00Z,-121.55285111,39.51718115,LFC,drone,1
Hatchery Pipe,2024-09-18T00:00:00Z,-121.55324699,39.5169042,LFC,drone,1
Hatchery Pipe,2024-09-18T00:00:00Z,-121.55323444,39.51688889,LFC,drone,1
Hatchery Pipe,2024-09-18T00:00:00Z,-121.55315858,39.51712226,LFC,drone,1
Hatchery Pipe,2024-09-18T00:00:00Z,-121.55312077,39.51711183,LFC,drone,1
Hatchery Pipe,2024-09-18T00:00:00Z,-121.55310958,39.5171,LFC,drone,1
Hatchery Pipe,2024-09-18T00:00:00Z,-121.55303418,39.51713871,LFC,drone,1
Hatchery Pipe,2024-09-18T00:00:00Z,-121.55305217,39.5171549,LFC,drone,1
Hatchery Pipe,2024-09-18T00:00:00Z,-121.55297594,39.517130710000004,LFC,drone,1
Hatchery Pipe,2024-09-18T00:00:00Z,-121.55304733,39.51705162,LFC,drone,1
Hatchery Pipe,2024-09-18T00:00:00Z,-121.5529605,39.51693848,LFC,drone,1
Hatchery Pipe,2024-09-18T00:00:00Z,-121.55288458,39.51698761,LFC,drone,1
Hatchery Pipe,2024-09-18T00:00:00Z,-121.55299582,39.51696591,LFC,drone,1
Hatchery Pipe,2024-09-18T00:00:00Z,-121.55295351,39.51698638,LFC,drone,1
Hatchery Pipe,2024-09-18T00:00:00Z,-121.55301383,39.51699145,LFC,drone,1
Hatchery Pipe,2024-09-18T00:00:00Z,-121.55304648,39.51697312,LFC,drone,1
Hatchery Pipe,2024-09-18T00:00:00Z,-121.55293013,39.5170425,LFC,drone,1
Hatchery Pipe,2024-09-18T00:00:00Z,-121.55276756,39.51702365,LFC,drone,1
Hatchery Pipe,2024-09-18T00:00:00Z,-121.55279518,39.51703466,LFC,drone,1
Hatchery Pipe,2024-09-18T00:00:00Z,-121.55309541,39.51694734,LFC,drone,1
Hatchery Pipe,2024-09-18T00:00:00Z,-121.55273646,39.51704631,LFC,drone,1
Hatchery Pipe,2024-09-18T00:00:00Z,-121.55278699,39.51707634,LFC,drone,1
Hatchery Pipe,2024-09-18T00:00:00Z,-121.55291635,39.51711063,LFC,drone,1
Hatchery Pipe,2024-09-23T00:00:00Z,-121.55292911,39.51724719,LFC,drone,1
Hatchery Pipe,2024-09-23T00:00:00Z,-121.5529199,39.51723665,LFC,drone,1
Hatchery Pipe,2024-09-23T00:00:00Z,-121.55317018,39.51713066,LFC,drone,1
Hatchery Pipe,2024-09-23T00:00:00Z,-121.55290607,39.51699534,LFC,drone,1
Hatchery Pipe,2024-09-23T00:00:00Z,-121.55352875,39.51683317,LFC,drone,1
Hatchery Pipe,2024-09-23T00:00:00Z,-121.55391136,39.51687213,LFC,drone,1
Hatchery Pipe,2024-09-30T00:00:00Z,-121.55290232,39.51722874,LFC,drone,1
Hatchery Pipe,2024-09-30T00:00:00Z,-121.55300173,39.51709968,LFC,drone,1
Hatchery Pipe,2024-09-30T00:00:00Z,-121.5530989,39.51717961,LFC,drone,1
Hatchery Pipe,2024-09-30T00:00:00Z,-121.55307429,39.51711579,LFC,drone,1
Hatchery Pipe,2024-09-30T00:00:00Z,-121.55311465,39.51706254,LFC,drone,1
Hatchery Pipe,2024-09-30T00:00:00Z,-121.55335739,39.51688315,LFC,drone,1
Hatchery Pipe,2024-09-30T00:00:00Z,-121.55287265,39.51717245,LFC,drone,1
Hatchery Pipe,2024-09-30T00:00:00Z,-121.55311882,39.51713154,LFC,drone,1
Hatchery Pipe,2024-09-30T00:00:00Z,-121.55383516,39.51686249,LFC,drone,1
Hatchery Pipe,2024-10-07T00:00:00Z,-121.55294151,39.51719774,LFC,drone,1
Hatchery Pipe,2024-10-07T00:00:00Z,-121.55309264,39.51721102,LFC,drone,1
Hatchery Pipe,2024-10-07T00:00:00Z,-121.55301514,39.51719649,LFC,drone,1
Hatchery Pipe,2024-10-07T00:00:00Z,-121.55317063,39.51706704,LFC,drone,1
Hatchery Pipe,2024-10-07T00:00:00Z,-121.55305362,39.51703084,LFC,drone,1
Hatchery Pipe,2024-10-07T00:00:00Z,-121.55293091,39.51693213,LFC,drone,1
Hatchery Pipe,2024-10-07T00:00:00Z,-121.55332549,39.51686647,LFC,drone,1
Hatchery Pipe,2024-10-07T00:00:00Z,-121.55368707,39.51680419,LFC,drone,1
Hatchery Pipe,2024-10-07T00:00:00Z,-121.55366955,39.51673611,LFC,drone,1
Hatchery Pipe,2024-10-07T00:00:00Z,-121.55384436,39.5167904,LFC,drone,1
Hatchery Pipe,2024-10-15T00:00:00Z,-121.55299211,39.51729284,LFC,drone,1
Hatchery Pipe,2024-10-15T00:00:00Z,-121.55294926,39.51722987,LFC,drone,1
Hatchery Pipe,2024-10-15T00:00:00Z,-121.55291091,39.5171865,LFC,drone,1
Hatchery Pipe,2024-10-15T00:00:00Z,-121.55291887999999,39.51713991,LFC,drone,1
Hatchery Pipe,2024-10-15T00:00:00Z,-121.55265182,39.51703887,LFC,drone,1
Hatchery Pipe,2024-10-15T00:00:00Z,-121.55285201,39.5169849,LFC,drone,1
Hatchery Pipe,2024-10-15T00:00:00Z,-121.55296153,39.51701015,LFC,drone,1
Hatchery Pipe,2024-10-15T00:00:00Z,-121.55297982,39.51717596,LFC,drone,1
Hatchery Pipe,2024-10-15T00:00:00Z,-121.55307588,39.51724176,LFC,drone,1
Hatchery Pipe,2024-10-15T00:00:00Z,-121.55311991,39.51721408,LFC,drone,1
Hatchery Pipe,2024-10-15T00:00:00Z,-121.55302321,39.51707769,LFC,drone,1
Hatchery Pipe,2024-10-15T00:00:00Z,-121.55308848,39.51697264,LFC,drone,1
Hatchery Pipe,2024-10-15T00:00:00Z,-121.55309394,39.51704708,LFC,drone,1
Hatchery Pipe,2024-10-15T00:00:00Z,-121.55317642,39.51709209,LFC,drone,1
Hatchery Pipe,2024-10-15T00:00:00Z,-121.55331197,39.51691027,LFC,drone,1
Hatchery Pipe,2024-10-15T00:00:00Z,-121.55354928,39.51685731,LFC,drone,1
Hatchery Pipe,2024-10-15T00:00:00Z,-121.55346631,39.51680253,LFC,drone,1
Hatchery Pipe,2024-10-15T00:00:00Z,-121.55339136,39.51686729,LFC,drone,1
Hatchery Pipe,2024-10-15T00:00:00Z,-121.55305301,39.51719533,LFC,drone,1
Hatchery Pipe,2024-10-15T00:00:00Z,-121.5537139,39.51679475,LFC,drone,1
Hatchery Pipe,2024-10-15T00:00:00Z,-121.55374442,39.51674247,LFC,drone,1
Hatchery Pipe,2024-10-15T00:00:00Z,-121.5536548,39.51677176,LFC,drone,1
Hatchery Pipe,2024-10-15T00:00:00Z,-121.55381385,39.51677428,LFC,drone,1
Hatchery Pipe,2024-10-15T00:00:00Z,-121.55394437,39.51686874,LFC,drone,1
Hatchery Pipe,2024-10-21T00:00:00Z,-121.55286607,39.51715174,LFC,drone,1
Hatchery Pipe,2024-10-21T00:00:00Z,-121.55288321,39.51713621,LFC,drone,1
Hatchery Pipe,2024-10-21T00:00:00Z,-121.55282122,39.51704966,LFC,drone,1
Hatchery Pipe,2024-10-21T00:00:00Z,-121.55294397,39.51718094,LFC,drone,1
Hatchery Pipe,2024-10-21T00:00:00Z,-121.55297647,39.51720198,LFC,drone,1
Hatchery Pipe,2024-10-21T00:00:00Z,-121.55306439,39.51708635,LFC,drone,1
Hatchery Pipe,2024-10-21T00:00:00Z,-121.55287766,39.51709977,LFC,drone,1
Hatchery Pipe,2024-10-21T00:00:00Z,-121.55271317,39.51715635,LFC,drone,1
Hatchery Pipe,2024-10-21T00:00:00Z,-121.55309195,39.51700797,LFC,drone,1
Hatchery Pipe,2024-10-21T00:00:00Z,-121.5530211,39.51694303,LFC,drone,1
Hatchery Pipe,2024-10-21T00:00:00Z,-121.55312631,39.51690579,LFC,drone,1
Hatchery Pipe,2024-10-21T00:00:00Z,-121.55318044,39.51689832,LFC,drone,1
Hatchery Pipe,2024-10-21T00:00:00Z,-121.55292664,39.516969,LFC,drone,1
Hatchery Pipe,2024-10-21T00:00:00Z,-121.55324388,39.51684754,LFC,drone,1
Hatchery Pipe,2024-10-21T00:00:00Z,-121.55345687,39.51685182,LFC,drone,1
Hatchery Pipe,2024-10-21T00:00:00Z,-121.55365725,39.51682228,LFC,drone,1
Hatchery Pipe,2024-10-21T00:00:00Z,-121.5535573,39.51677489,LFC,drone,1
Hatchery Pipe,2024-10-21T00:00:00Z,-121.55370621,39.51675991,LFC,drone,1
Hatchery Pipe,2024-10-21T00:00:00Z,-121.55371481,39.51671713,LFC,drone,1
Hatchery Pipe,2024-10-21T00:00:00Z,-121.55337731,39.51680142,LFC,drone,1
Hatchery Pipe,2024-10-21T00:00:00Z,-121.55385001,39.51688982,LFC,drone,1
Hatchery Pipe,2024-10-21T00:00:00Z,-121.55383586,39.51692982,LFC,drone,1
Hatchery Pipe,2024-10-21T00:00:00Z,-121.55381461,39.51670426,LFC,drone,1
Hatchery Pipe,2024-10-21T00:00:00Z,-121.55331619,39.51694344,LFC,drone,1
Hatchery Pipe,2024-10-28T00:00:00Z,-121.55296713,39.51725218,LFC,drone,1
Hatchery Pipe,2024-10-28T00:00:00Z,-121.55294871,39.51727523,LFC,drone,1
Hatchery Pipe,2024-10-28T00:00:00Z,-121.55280173,39.517116,LFC,drone,1
Hatchery Pipe,2024-10-28T00:00:00Z,-121.55320586,39.5170974,LFC,drone,1
Hatchery Pipe,2024-10-28T00:00:00Z,-121.55317779,39.51704494,LFC,drone,1
Hatchery Pipe,2024-10-28T00:00:00Z,-121.55300369,39.5170254,LFC,drone,1
Hatchery Pipe,2024-10-28T00:00:00Z,-121.55319376,39.51696731,LFC,drone,1
Hatchery Pipe,2024-10-28T00:00:00Z,-121.55313034,39.51708326,LFC,drone,1
Hatchery Pipe,2024-10-28T00:00:00Z,-121.55341778,39.51691554,LFC,drone,1
Hatchery Pipe,2024-10-28T00:00:00Z,-121.55336839,39.51691771,LFC,drone,1
Hatchery Pipe,2024-10-28T00:00:00Z,-121.55328369,39.51689233,LFC,drone,1
Hatchery Pipe,2024-10-28T00:00:00Z,-121.55325665,39.51694133,LFC,drone,1
Hatchery Pipe,2024-10-28T00:00:00Z,-121.5535084,39.51687254,LFC,drone,1
Hatchery Pipe,2024-10-28T00:00:00Z,-121.55342057,39.51686763,LFC,drone,1
Hatchery Pipe,2024-10-28T00:00:00Z,-121.55331488,39.51681593,LFC,drone,1
Hatchery Pipe,2024-10-28T00:00:00Z,-121.55349083,39.51683272,LFC,drone,1
Hatchery Pipe,2024-10-28T00:00:00Z,-121.55376569,39.51683892,LFC,drone,1
Hatchery Pipe,2024-10-28T00:00:00Z,-121.5538578,39.51681053,LFC,drone,1
Hatchery Pipe,2024-10-28T00:00:00Z,-121.55373345,39.51677146,LFC,drone,1
Hatchery Pipe,2024-10-28T00:00:00Z,-121.55363633,39.51691201,LFC,drone,1
Hatchery Pipe,2024-10-28T00:00:00Z,-121.5538225,39.51673851,LFC,drone,1
Hatchery Pipe,2025-09-04T00:00:00Z,NA,NA,LFC,drone,0
Hatchery Pipe,2025-09-09T00:00:00Z,NA,NA,LFC,drone,0
Hatchery Pipe,2025-09-16T00:00:00Z,-121.55357059,39.51680049,LFC,drone,1
Hatchery Pipe,2025-09-24T00:00:00Z,-121.55326723,39.51688593,LFC,drone,1
Hatchery Pipe,2025-09-24T00:00:00Z,-121.55330411,39.5168918,LFC,drone,1
Hatchery Pipe,2025-09-24T00:00:00Z,-121.55343802,39.51686427,LFC,drone,1
Hatchery Pipe,2025-09-24T00:00:00Z,-121.55368696,39.51674354,LFC,drone,1
Hatchery Pipe,2025-09-24T00:00:00Z,-121.55353931,39.5168612,LFC,drone,1
Hatchery Pipe,2025-09-24T00:00:00Z,-121.55326061,39.51693614,LFC,drone,1
Hatchery Pipe,2025-09-24T00:00:00Z,-121.55332395,39.51684392,LFC,drone,1
Hatchery Pipe,2025-09-24T00:00:00Z,-121.55352958,39.51682539,LFC,drone,1
Hatchery Pipe,2025-09-24T00:00:00Z,-121.5538573,39.51694518,LFC,drone,1
Hatchery Pipe,2025-09-24T00:00:00Z,-121.55391267,39.51690099,LFC,drone,1
Hatchery Pipe,2025-09-24T00:00:00Z,-121.55394106,39.51691216,LFC,drone,1
Hatchery Pipe,2025-09-24T00:00:00Z,-121.55389255,39.51692886,LFC,drone,1
Hatchery Pipe,2025-10-02T00:00:00Z,-121.5538019,39.51678931,LFC,drone,1
Hatchery Pipe,2025-10-02T00:00:00Z,-121.55382365,39.51671659,LFC,drone,1
Hatchery Pipe,2025-10-02T00:00:00Z,-121.55372533,39.51674456,LFC,drone,1
Hatchery Pipe,2025-10-02T00:00:00Z,-121.55359514,39.5168619,LFC,drone,1
Hatchery Pipe,2025-10-08T00:00:00Z,-121.55350753,39.51708088,LFC,drone,1
Hatchery Pipe,2025-10-08T00:00:00Z,-121.55346882,39.51686032,LFC,drone,1
Hatchery Pipe,2025-10-08T00:00:00Z,-121.55352072,39.51678149,LFC,drone,1
Hatchery Pipe,2025-10-08T00:00:00Z,-121.55324922,39.51698033,LFC,drone,1
Hatchery Pipe,2025-10-16T00:00:00Z,-121.55363049,39.51684091,LFC,drone,1
Hatchery Pipe,2025-10-16T00:00:00Z,-121.55371247,39.51683264,LFC,drone,1
Hatchery Pipe,2025-10-16T00:00:00Z,-121.55335473,39.51693548,LFC,drone,1
Hatchery Pipe,2025-10-16T00:00:00Z,-121.55336622,39.51696013,LFC,drone,1
Hatchery Pipe,2025-10-16T00:00:00Z,-121.55340117,39.51690565,LFC,drone,1
Hatchery Pipe,2025-10-16T00:00:00Z,-121.5536445,39.51679631,LFC,drone,1
Hatchery Pipe,2025-10-16T00:00:00Z,-121.55340589,39.51683558,LFC,drone,1
Hatchery Pipe,2025-10-16T00:00:00Z,-121.55313165,39.5169099,LFC,drone,1
Hatchery Pipe,2025-10-24T00:00:00Z,-121.5538403,39.51677002,LFC,drone,1
Hatchery Pipe,2025-10-24T00:00:00Z,-121.55376987,39.5166948,LFC,drone,1
Hatchery Pipe,2025-10-24T00:00:00Z,-121.55377172,39.51676325,LFC,drone,1
Hatchery Pipe,2025-10-24T00:00:00Z,-121.55375052,39.51673342,LFC,drone,1
Hatchery Pipe,2025-10-24T00:00:00Z,-121.55313932,39.51696068,LFC,drone,1
Hatchery Pipe,2025-10-24T00:00:00Z,-121.55302452,39.51692123,LFC,drone,1
Hatchery Pipe,2025-10-29T00:00:00Z,-121.55312749,39.51684732,LFC,drone,1
Hatchery Pipe,2025-10-29T00:00:00Z,-121.55341201,39.51675117,LFC,drone,1
Hatchery Pipe,2025-10-29T00:00:00Z,-121.55321387,39.51683742,LFC,drone,1
Hatchery Pipe,2025-11-07T00:00:00Z,NA,NA,LFC,drone,0
Hatchery Pipe,2025-11-12T00:00:00Z,NA,NA,LFC,drone,0
Lower Auditorium,2024-09-09T00:00:00Z,-121.55956997,39.51561082,LFC,drone,1
Lower Auditorium,2024-09-09T00:00:00Z,-121.55951141,39.51571449,LFC,drone,1
Lower Auditorium,2024-09-09T00:00:00Z,-121.55967107,39.51553526,LFC,drone,1
Lower Auditorium,2024-09-09T00:00:00Z,-121.55956861,39.51564824,LFC,drone,1
Lower Auditorium,2024-09-09T00:00:00Z,-121.55953159,39.51569324,LFC,drone,1
Lower Auditorium,2024-09-09T00:00:00Z,-121.56037194,39.51548496,LFC,drone,1
Lower Auditorium,2024-09-09T00:00:00Z,-121.56035675,39.5155743,LFC,drone,1
Lower Auditorium,2024-09-09T00:00:00Z,-121.56090302,39.51564579,LFC,drone,1
Lower Auditorium,2024-09-09T00:00:00Z,-121.55971449,39.51562815,LFC,drone,1
Lower Auditorium,2024-09-18T00:00:00Z,-121.55949993,39.51564139,LFC,drone,1
Lower Auditorium,2024-09-18T00:00:00Z,-121.55979144,39.51564159,LFC,drone,1
Lower Auditorium,2024-09-18T00:00:00Z,-121.55978184,39.51558766,LFC,drone,1
Lower Auditorium,2024-09-18T00:00:00Z,-121.55969887,39.51557611,LFC,drone,1
Lower Auditorium,2024-09-18T00:00:00Z,-121.55965545,39.51550946,LFC,drone,1
Lower Auditorium,2024-09-18T00:00:00Z,-121.55976998,39.51565648,LFC,drone,1
Lower Auditorium,2024-09-18T00:00:00Z,-121.55960707,39.515495,LFC,drone,1
Lower Auditorium,2024-09-18T00:00:00Z,-121.55987415,39.51542151,LFC,drone,1
Lower Auditorium,2024-09-18T00:00:00Z,-121.55993956,39.5156376,LFC,drone,1
Lower Auditorium,2024-09-18T00:00:00Z,-121.5600435,39.51549781,LFC,drone,1
Lower Auditorium,2024-09-18T00:00:00Z,-121.56009339,39.51552838,LFC,drone,1
Lower Auditorium,2024-09-18T00:00:00Z,-121.56014127,39.51553978,LFC,drone,1
Lower Auditorium,2024-09-18T00:00:00Z,-121.56015526,39.51548815,LFC,drone,1
Lower Auditorium,2024-09-18T00:00:00Z,-121.56014869,39.51546467,LFC,drone,1
Lower Auditorium,2024-09-18T00:00:00Z,-121.56024733,39.51550819,LFC,drone,1
Lower Auditorium,2024-09-18T00:00:00Z,-121.56024667,39.51562701,LFC,drone,1
Lower Auditorium,2024-09-18T00:00:00Z,-121.56026689,39.51556075,LFC,drone,1
Lower Auditorium,2024-09-18T00:00:00Z,-121.56025126,39.51568684,LFC,drone,1
Lower Auditorium,2024-09-18T00:00:00Z,-121.56027187,39.51567146,LFC,drone,1
Lower Auditorium,2024-09-18T00:00:00Z,-121.56016811,39.51564881,LFC,drone,1
Lower Auditorium,2024-09-18T00:00:00Z,-121.56029049,39.51562197,LFC,drone,1
Lower Auditorium,2024-09-18T00:00:00Z,-121.56023872,39.51566685,LFC,drone,1
Lower Auditorium,2024-09-18T00:00:00Z,-121.56040084,39.51528342,LFC,drone,1
Lower Auditorium,2024-09-18T00:00:00Z,-121.56040396,39.51526878,LFC,drone,1
Lower Auditorium,2024-09-18T00:00:00Z,-121.56051557,39.51522553,LFC,drone,1
Lower Auditorium,2024-09-18T00:00:00Z,-121.56042437,39.51556859,LFC,drone,1
Lower Auditorium,2024-09-18T00:00:00Z,-121.56058374,39.51520286,LFC,drone,1
Lower Auditorium,2024-09-18T00:00:00Z,-121.560246,39.51509049,LFC,drone,1
Lower Auditorium,2024-09-18T00:00:00Z,-121.56033451,39.5156351,LFC,drone,1
Lower Auditorium,2024-09-18T00:00:00Z,-121.56040373,39.51503183,LFC,drone,1
Lower Auditorium,2024-09-18T00:00:00Z,-121.56023341,39.51503735,LFC,drone,1
Lower Auditorium,2024-09-18T00:00:00Z,-121.56040432,39.51506225,LFC,drone,1
Lower Auditorium,2024-09-23T00:00:00Z,-121.56088338,39.515317,LFC,drone,1
Lower Auditorium,2024-09-23T00:00:00Z,-121.56093925,39.51527284,LFC,drone,1
Lower Auditorium,2024-09-23T00:00:00Z,-121.56094315,39.51525595,LFC,drone,1
Lower Auditorium,2024-09-23T00:00:00Z,-121.56052988,39.51517989,LFC,drone,1
Lower Auditorium,2024-09-23T00:00:00Z,-121.56053038,39.51558497,LFC,drone,1
Lower Auditorium,2024-09-23T00:00:00Z,-121.56046949,39.51572931,LFC,drone,1
Lower Auditorium,2024-09-23T00:00:00Z,-121.56004487,39.51563068,LFC,drone,1
Lower Auditorium,2024-09-23T00:00:00Z,-121.56012929,39.51563447,LFC,drone,1
Lower Auditorium,2024-09-23T00:00:00Z,-121.56024691,39.51549037,LFC,drone,1
Lower Auditorium,2024-09-23T00:00:00Z,-121.55994039,39.51565364,LFC,drone,1
Lower Auditorium,2024-09-23T00:00:00Z,-121.5598672,39.51567791,LFC,drone,1
Lower Auditorium,2024-09-23T00:00:00Z,-121.55985992,39.51565859,LFC,drone,1
Lower Auditorium,2024-09-23T00:00:00Z,-121.55989204,39.51559125,LFC,drone,1
Lower Auditorium,2024-09-23T00:00:00Z,-121.55989243,39.51557203,LFC,drone,1
Lower Auditorium,2024-09-23T00:00:00Z,-121.55990613,39.51553833,LFC,drone,1
Lower Auditorium,2024-09-23T00:00:00Z,-121.55988914,39.51547404,LFC,drone,1
Lower Auditorium,2024-09-23T00:00:00Z,-121.55981477,39.51555551,LFC,drone,1
Lower Auditorium,2024-09-23T00:00:00Z,-121.55980506,39.51553937,LFC,drone,1
Lower Auditorium,2024-09-23T00:00:00Z,-121.55974971,39.51552953,LFC,drone,1
Lower Auditorium,2024-09-23T00:00:00Z,-121.55975249,39.51548104,LFC,drone,1
Lower Auditorium,2024-09-23T00:00:00Z,-121.55968135,39.51560649,LFC,drone,1
Lower Auditorium,2024-09-23T00:00:00Z,-121.55952021,39.51554041,LFC,drone,1
Lower Auditorium,2024-09-23T00:00:00Z,-121.55961011,39.51573697,LFC,drone,1
Lower Auditorium,2024-09-23T00:00:00Z,-121.5597252,39.51565784,LFC,drone,1
Lower Auditorium,2024-09-23T00:00:00Z,-121.55947764,39.51551242,LFC,drone,1
Lower Auditorium,2024-09-23T00:00:00Z,-121.55947567,39.51557922,LFC,drone,1
Lower Auditorium,2024-09-23T00:00:00Z,-121.5595551,39.51576787,LFC,drone,1
Lower Auditorium,2024-09-23T00:00:00Z,-121.55953758,39.51575758,LFC,drone,1
Lower Auditorium,2024-09-23T00:00:00Z,-121.55951,39.51574854,LFC,drone,1
Lower Auditorium,2024-09-23T00:00:00Z,-121.55951092,39.51567532,LFC,drone,1
Lower Auditorium,2024-09-23T00:00:00Z,-121.55954363,39.5156652,LFC,drone,1
Lower Auditorium,2024-09-23T00:00:00Z,-121.55971888,39.5152774,LFC,drone,1
Lower Auditorium,2024-09-23T00:00:00Z,-121.55964158,39.51569737,LFC,drone,1
Lower Auditorium,2024-09-30T00:00:00Z,-121.55960459,39.51551766,LFC,drone,1
Lower Auditorium,2024-09-30T00:00:00Z,-121.55950976,39.51550275,LFC,drone,1
Lower Auditorium,2024-09-30T00:00:00Z,-121.55960144,39.51567004,LFC,drone,1
Lower Auditorium,2024-09-30T00:00:00Z,-121.55967453,39.51570756,LFC,drone,1
Lower Auditorium,2024-09-30T00:00:00Z,-121.55971611,39.51569755,LFC,drone,1
Lower Auditorium,2024-09-30T00:00:00Z,-121.55967891,39.51566733,LFC,drone,1
Lower Auditorium,2024-09-30T00:00:00Z,-121.55974137,39.51550425,LFC,drone,1
Lower Auditorium,2024-09-30T00:00:00Z,-121.55976502,39.51556084,LFC,drone,1
Lower Auditorium,2024-09-30T00:00:00Z,-121.55980141,39.51557319,LFC,drone,1
Lower Auditorium,2024-09-30T00:00:00Z,-121.55986975,39.51564041,LFC,drone,1
Lower Auditorium,2024-09-30T00:00:00Z,-121.55996816,39.51568236,LFC,drone,1
Lower Auditorium,2024-09-30T00:00:00Z,-121.55994768,39.5156725,LFC,drone,1
Lower Auditorium,2024-09-30T00:00:00Z,-121.55996618,39.51557798,LFC,drone,1
Lower Auditorium,2024-09-30T00:00:00Z,-121.56005012,39.51551952,LFC,drone,1
Lower Auditorium,2024-09-30T00:00:00Z,-121.56004836,39.51569068,LFC,drone,1
Lower Auditorium,2024-09-30T00:00:00Z,-121.56012322,39.51558542,LFC,drone,1
Lower Auditorium,2024-09-30T00:00:00Z,-121.56012237,39.51556893,LFC,drone,1
Lower Auditorium,2024-09-30T00:00:00Z,-121.56013408,39.51534525,LFC,drone,1
Lower Auditorium,2024-09-30T00:00:00Z,-121.56034479,39.51544353,LFC,drone,1
Lower Auditorium,2024-09-30T00:00:00Z,-121.56046202,39.51551867,LFC,drone,1
Lower Auditorium,2024-09-30T00:00:00Z,-121.56045904,39.51549117,LFC,drone,1
Lower Auditorium,2024-09-30T00:00:00Z,-121.56042277,39.51564497,LFC,drone,1
Lower Auditorium,2024-09-30T00:00:00Z,-121.56039814,39.51563597,LFC,drone,1
Lower Auditorium,2024-09-30T00:00:00Z,-121.5603932,39.5156176,LFC,drone,1
Lower Auditorium,2024-09-30T00:00:00Z,-121.56047946,39.51567588,LFC,drone,1
Lower Auditorium,2024-09-30T00:00:00Z,-121.56039329,39.51569907,LFC,drone,1
Lower Auditorium,2024-09-30T00:00:00Z,-121.56036874,39.51568595,LFC,drone,1
Lower Auditorium,2024-09-30T00:00:00Z,-121.56028269,39.51573249,LFC,drone,1
Lower Auditorium,2024-09-30T00:00:00Z,-121.56030733,39.51571265,LFC,drone,1
Lower Auditorium,2024-09-30T00:00:00Z,-121.56028537,39.51565974,LFC,drone,1
Lower Auditorium,2024-09-30T00:00:00Z,-121.56026044,39.51557934,LFC,drone,1
Lower Auditorium,2024-09-30T00:00:00Z,-121.55997829,39.51510623,LFC,drone,1
Lower Auditorium,2024-09-30T00:00:00Z,-121.56098239,39.51538734,LFC,drone,1
Lower Auditorium,2024-09-30T00:00:00Z,-121.56098766,39.51536132,LFC,drone,1
Lower Auditorium,2024-09-30T00:00:00Z,-121.56081777,39.51560455,LFC,drone,1
Lower Auditorium,2024-09-30T00:00:00Z,-121.56083003,39.51558319,LFC,drone,1
Lower Auditorium,2024-09-30T00:00:00Z,-121.56125296,39.51527672,LFC,drone,1
Lower Auditorium,2024-09-30T00:00:00Z,-121.55978001,39.51561112,LFC,drone,1
Lower Auditorium,2024-10-07T00:00:00Z,-121.55955805,39.51548193,LFC,drone,1
Lower Auditorium,2024-10-07T00:00:00Z,-121.55954617,39.51556263,LFC,drone,1
Lower Auditorium,2024-10-07T00:00:00Z,-121.56022048,39.51533946,LFC,drone,1
Lower Auditorium,2024-10-07T00:00:00Z,-121.56015805,39.51543693,LFC,drone,1
Lower Auditorium,2024-10-07T00:00:00Z,-121.56010392,39.51542102,LFC,drone,1
Lower Auditorium,2024-10-07T00:00:00Z,-121.56036387,39.51532318,LFC,drone,1
Lower Auditorium,2024-10-07T00:00:00Z,-121.56036256,39.51534982,LFC,drone,1
Lower Auditorium,2024-10-07T00:00:00Z,-121.5600575,39.51558127,LFC,drone,1
Lower Auditorium,2024-10-07T00:00:00Z,-121.56002614,39.51565265,LFC,drone,1
Lower Auditorium,2024-10-07T00:00:00Z,-121.56019331,39.51565238,LFC,drone,1
Lower Auditorium,2024-10-07T00:00:00Z,-121.56037589,39.51552897,LFC,drone,1
Lower Auditorium,2024-10-07T00:00:00Z,-121.56032642,39.51557992,LFC,drone,1
Lower Auditorium,2024-10-07T00:00:00Z,-121.56033387,39.5152571,LFC,drone,1
Lower Auditorium,2024-10-07T00:00:00Z,-121.56035163,39.51522666,LFC,drone,1
Lower Auditorium,2024-10-07T00:00:00Z,-121.56047294,39.51519017,LFC,drone,1
Lower Auditorium,2024-10-07T00:00:00Z,-121.55965296,39.51563815,LFC,drone,1
Lower Auditorium,2024-10-07T00:00:00Z,-121.56013639,39.51560656,LFC,drone,1
Lower Auditorium,2024-10-07T00:00:00Z,-121.55935919,39.5154942,LFC,drone,1
Lower Auditorium,2024-10-15T00:00:00Z,-121.55959109,39.51545616,LFC,drone,1
Lower Auditorium,2024-10-15T00:00:00Z,-121.55954679,39.51559796,LFC,drone,1
Lower Auditorium,2024-10-15T00:00:00Z,-121.55966074,39.51545977,LFC,drone,1
Lower Auditorium,2024-10-15T00:00:00Z,-121.55976666,39.51539563,LFC,drone,1
Lower Auditorium,2024-10-15T00:00:00Z,-121.55973771,39.5154241,LFC,drone,1
Lower Auditorium,2024-10-15T00:00:00Z,-121.55990364,39.51543028,LFC,drone,1
Lower Auditorium,2024-10-15T00:00:00Z,-121.56001205,39.51541698,LFC,drone,1
Lower Auditorium,2024-10-15T00:00:00Z,-121.55997382,39.51552269,LFC,drone,1
Lower Auditorium,2024-10-15T00:00:00Z,-121.55995375,39.51549315,LFC,drone,1
Lower Auditorium,2024-10-15T00:00:00Z,-121.56009266,39.51546237,LFC,drone,1
Lower Auditorium,2024-10-15T00:00:00Z,-121.56003245,39.5156026,LFC,drone,1
Lower Auditorium,2024-10-15T00:00:00Z,-121.56019041,39.51539355,LFC,drone,1
Lower Auditorium,2024-10-15T00:00:00Z,-121.5602532,39.51541493,LFC,drone,1
Lower Auditorium,2024-10-15T00:00:00Z,-121.56020112,39.51536119,LFC,drone,1
Lower Auditorium,2024-10-15T00:00:00Z,-121.55979396,39.51567608,LFC,drone,1
Lower Auditorium,2024-10-15T00:00:00Z,-121.56011295,39.51568187,LFC,drone,1
Lower Auditorium,2024-10-15T00:00:00Z,-121.56016727,39.51568437,LFC,drone,1
Lower Auditorium,2024-10-15T00:00:00Z,-121.5603676,39.51565527,LFC,drone,1
Lower Auditorium,2024-10-15T00:00:00Z,-121.56035382,39.5156075,LFC,drone,1
Lower Auditorium,2024-10-15T00:00:00Z,-121.56021512,39.51559891,LFC,drone,1
Lower Auditorium,2024-10-15T00:00:00Z,-121.56035961,39.51512652,LFC,drone,1
Lower Auditorium,2024-10-15T00:00:00Z,-121.56041104,39.51512578,LFC,drone,1
Lower Auditorium,2024-10-15T00:00:00Z,-121.56065267,39.51518599,LFC,drone,1
Lower Auditorium,2024-10-15T00:00:00Z,-121.56030328,39.51527869,LFC,drone,1
Lower Auditorium,2024-10-15T00:00:00Z,-121.56034671,39.51537947,LFC,drone,1
Lower Auditorium,2024-10-15T00:00:00Z,-121.56036445,39.51540715,LFC,drone,1
Lower Auditorium,2024-10-15T00:00:00Z,-121.56037636,39.51546039,LFC,drone,1
Lower Auditorium,2024-10-15T00:00:00Z,-121.56043926,39.51533301,LFC,drone,1
Lower Auditorium,2024-10-15T00:00:00Z,-121.56031273,39.51567976,LFC,drone,1
Lower Auditorium,2024-10-15T00:00:00Z,-121.56051057,39.51559983,LFC,drone,1
Lower Auditorium,2024-10-15T00:00:00Z,-121.56114255,39.51517886,LFC,drone,1
Lower Auditorium,2024-10-15T00:00:00Z,-121.56102042,39.515236,LFC,drone,1
Lower Auditorium,2024-10-15T00:00:00Z,-121.56116958,39.51525644,LFC,drone,1
Lower Auditorium,2024-10-15T00:00:00Z,-121.56121472,39.51526129,LFC,drone,1
Lower Auditorium,2024-10-15T00:00:00Z,-121.56091409,39.51569024,LFC,drone,1
Lower Auditorium,2024-10-15T00:00:00Z,-121.56083975,39.51575798,LFC,drone,1
Lower Auditorium,2024-10-15T00:00:00Z,-121.56075245,39.51578264,LFC,drone,1
Lower Auditorium,2024-10-15T00:00:00Z,-121.56045356,39.5155458,LFC,drone,1
Lower Auditorium,2024-10-21T00:00:00Z,-121.55990422,39.51536449,LFC,drone,1
Lower Auditorium,2024-10-21T00:00:00Z,-121.55997195,39.51543828,LFC,drone,1
Lower Auditorium,2024-10-21T00:00:00Z,-121.56000416,39.51557742,LFC,drone,1
Lower Auditorium,2024-10-21T00:00:00Z,-121.56005844,39.51554233,LFC,drone,1
Lower Auditorium,2024-10-21T00:00:00Z,-121.56007787,39.51540598,LFC,drone,1
Lower Auditorium,2024-10-21T00:00:00Z,-121.56024056,39.51530787,LFC,drone,1
Lower Auditorium,2024-10-21T00:00:00Z,-121.56024678,39.51545384,LFC,drone,1
Lower Auditorium,2024-10-21T00:00:00Z,-121.56016065,39.51555576,LFC,drone,1
Lower Auditorium,2024-10-21T00:00:00Z,-121.56039064,39.51541772,LFC,drone,1
Lower Auditorium,2024-10-21T00:00:00Z,-121.56045256,39.51523612,LFC,drone,1
Lower Auditorium,2024-10-21T00:00:00Z,-121.56053146000001,39.51526069,LFC,drone,1
Lower Auditorium,2024-10-21T00:00:00Z,-121.56046277,39.51545723,LFC,drone,1
Lower Auditorium,2024-10-21T00:00:00Z,-121.56047508,39.51562116,LFC,drone,1
Lower Auditorium,2024-10-21T00:00:00Z,-121.56047646,39.515599,LFC,drone,1
Lower Auditorium,2024-10-21T00:00:00Z,-121.56050798,39.51554862,LFC,drone,1
Lower Auditorium,2024-10-21T00:00:00Z,-121.56056059,39.51554927,LFC,drone,1
Lower Auditorium,2024-10-21T00:00:00Z,-121.56057419,39.51542714,LFC,drone,1
Lower Auditorium,2024-10-21T00:00:00Z,-121.56068768,39.51543141,LFC,drone,1
Lower Auditorium,2024-10-21T00:00:00Z,-121.56062409,39.51546996,LFC,drone,1
Lower Auditorium,2024-10-21T00:00:00Z,-121.56064644,39.51555033,LFC,drone,1
Lower Auditorium,2024-10-21T00:00:00Z,-121.56065368,39.51533372,LFC,drone,1
Lower Auditorium,2024-10-21T00:00:00Z,-121.56064904,39.515290039999996,LFC,drone,1
Lower Auditorium,2024-10-21T00:00:00Z,-121.5606909,39.51523049,LFC,drone,1
Lower Auditorium,2024-10-21T00:00:00Z,-121.56073332,39.51523316,LFC,drone,1
Lower Auditorium,2024-10-21T00:00:00Z,-121.56073822,39.51517457,LFC,drone,1
Lower Auditorium,2024-10-21T00:00:00Z,-121.56080908,39.51518618,LFC,drone,1
Lower Auditorium,2024-10-21T00:00:00Z,-121.56088223,39.5152207,LFC,drone,1
Lower Auditorium,2024-10-21T00:00:00Z,-121.56081583,39.51530641,LFC,drone,1
Lower Auditorium,2024-10-21T00:00:00Z,-121.56089427,39.51535315,LFC,drone,1
Lower Auditorium,2024-10-21T00:00:00Z,-121.56088354,39.51538091,LFC,drone,1
Lower Auditorium,2024-10-21T00:00:00Z,-121.56088421,39.51543813,LFC,drone,1
Lower Auditorium,2024-10-21T00:00:00Z,-121.5608727,39.51545873,LFC,drone,1
Lower Auditorium,2024-10-21T00:00:00Z,-121.56086449,39.51549868,LFC,drone,1
Lower Auditorium,2024-10-21T00:00:00Z,-121.56085102,39.51552497,LFC,drone,1
Lower Auditorium,2024-10-21T00:00:00Z,-121.56084783,39.51554567,LFC,drone,1
Lower Auditorium,2024-10-21T00:00:00Z,-121.56060041,39.51576717,LFC,drone,1
Lower Auditorium,2024-10-21T00:00:00Z,-121.56043176,39.51579655,LFC,drone,1
Lower Auditorium,2024-10-21T00:00:00Z,-121.56048334,39.51580291,LFC,drone,1
Lower Auditorium,2024-10-21T00:00:00Z,-121.56070879,39.51584003,LFC,drone,1
Lower Auditorium,2024-10-21T00:00:00Z,-121.56115529,39.51536711,LFC,drone,1
Lower Auditorium,2024-10-21T00:00:00Z,-121.56107306,39.51523522,LFC,drone,1
Lower Auditorium,2024-10-21T00:00:00Z,-121.56106817,39.51520369,LFC,drone,1
Lower Auditorium,2024-10-21T00:00:00Z,-121.56110725,39.51514481,LFC,drone,1
Lower Auditorium,2024-10-21T00:00:00Z,-121.56091515,39.51514673,LFC,drone,1
Lower Auditorium,2024-10-21T00:00:00Z,-121.56110542,39.51550166,LFC,drone,1
Lower Auditorium,2024-10-21T00:00:00Z,-121.56100491,39.51549541,LFC,drone,1
Lower Auditorium,2024-10-21T00:00:00Z,-121.56125562,39.515427,LFC,drone,1
Lower Auditorium,2024-10-21T00:00:00Z,-121.56123175,39.51546532,LFC,drone,1
Lower Auditorium,2024-10-21T00:00:00Z,-121.56122557,39.51522781,LFC,drone,1
Lower Auditorium,2024-10-21T00:00:00Z,-121.56057239,39.51560377,LFC,drone,1
Lower Auditorium,2024-10-21T00:00:00Z,-121.56113892,39.51531041,LFC,drone,1
Lower Auditorium,2024-10-21T00:00:00Z,-121.56138851,39.51538573,LFC,drone,1
Lower Auditorium,2024-10-21T00:00:00Z,-121.56139879,39.51533508,LFC,drone,1
Lower Auditorium,2024-10-21T00:00:00Z,-121.56138638,39.5153099,LFC,drone,1
Lower Auditorium,2024-10-21T00:00:00Z,-121.56139442,39.51523347,LFC,drone,1
Lower Auditorium,2024-10-21T00:00:00Z,-121.56117545,39.51568776,LFC,drone,1
Lower Auditorium,2024-10-21T00:00:00Z,-121.56113639,39.51574592,LFC,drone,1
Lower Auditorium,2024-10-28T00:00:00Z,-121.56117403,39.51580145,LFC,drone,1
Lower Auditorium,2024-10-28T00:00:00Z,-121.56115689,39.51578193,LFC,drone,1
Lower Auditorium,2024-10-28T00:00:00Z,-121.56073831,39.51584661,LFC,drone,1
Lower Auditorium,2024-10-28T00:00:00Z,-121.56087538,39.51576225,LFC,drone,1
Lower Auditorium,2024-10-28T00:00:00Z,-121.56093559,39.51570807,LFC,drone,1
Lower Auditorium,2024-10-28T00:00:00Z,-121.56062677,39.5158109,LFC,drone,1
Lower Auditorium,2024-10-28T00:00:00Z,-121.56036335,39.51579136,LFC,drone,1
Lower Auditorium,2024-10-28T00:00:00Z,-121.56079015,39.51565409,LFC,drone,1
Lower Auditorium,2024-10-28T00:00:00Z,-121.56096014,39.5155491,LFC,drone,1
Lower Auditorium,2024-10-28T00:00:00Z,-121.56112367,39.51552823,LFC,drone,1
Lower Auditorium,2024-10-28T00:00:00Z,-121.56106772,39.51540488,LFC,drone,1
Lower Auditorium,2024-10-28T00:00:00Z,-121.56086276,39.515801,LFC,drone,1
Lower Auditorium,2024-10-28T00:00:00Z,-121.5607436,39.5156764,LFC,drone,1
Lower Auditorium,2024-10-28T00:00:00Z,-121.56145889,39.51526279,LFC,drone,1
Lower Auditorium,2024-10-28T00:00:00Z,-121.56128293,39.51519882,LFC,drone,1
Lower Auditorium,2024-10-28T00:00:00Z,-121.56122997,39.51533136,LFC,drone,1
Lower Auditorium,2024-10-28T00:00:00Z,-121.56124228,39.51536493,LFC,drone,1
Lower Auditorium,2024-10-28T00:00:00Z,-121.56107185,39.5152905,LFC,drone,1
Lower Auditorium,2024-10-28T00:00:00Z,-121.56103051,39.51534674,LFC,drone,1
Lower Auditorium,2024-10-28T00:00:00Z,-121.5610424,39.51531439,LFC,drone,1
Lower Auditorium,2024-10-28T00:00:00Z,-121.56068903,39.51508483,LFC,drone,1
Lower Auditorium,2024-10-28T00:00:00Z,-121.56079875,39.51515164,LFC,drone,1
Lower Auditorium,2024-10-28T00:00:00Z,-121.56073955,39.51530012,LFC,drone,1
Lower Auditorium,2024-10-28T00:00:00Z,-121.5607261,39.51540751,LFC,drone,1
Lower Auditorium,2024-10-28T00:00:00Z,-121.56058029,39.5156579,LFC,drone,1
Lower Auditorium,2024-10-28T00:00:00Z,-121.5605911,39.51524885,LFC,drone,1
Lower Auditorium,2024-10-28T00:00:00Z,-121.56052216,39.51541094,LFC,drone,1
Lower Auditorium,2024-10-28T00:00:00Z,-121.56074697,39.51588516,LFC,drone,1
Lower Auditorium,2024-10-28T00:00:00Z,-121.56051135,39.51593442,LFC,drone,1
Lower Auditorium,2024-10-28T00:00:00Z,-121.56037284,39.51574505,LFC,drone,1
Lower Auditorium,2024-10-28T00:00:00Z,-121.5602497,39.51535538,LFC,drone,1
Lower Auditorium,2024-10-28T00:00:00Z,-121.56000915,39.51547141,LFC,drone,1
Lower Auditorium,2024-10-28T00:00:00Z,-121.5600305,39.51532475,LFC,drone,1
Lower Auditorium,2024-10-28T00:00:00Z,-121.56007509,39.51531203,LFC,drone,1
Lower Auditorium,2024-10-28T00:00:00Z,-121.56013528,39.5152876,LFC,drone,1
Lower Auditorium,2024-10-28T00:00:00Z,-121.5596453,39.51534927,LFC,drone,1
Lower Auditorium,2024-10-28T00:00:00Z,-121.55957899,39.51541253,LFC,drone,1
Lower Auditorium,2024-10-28T00:00:00Z,-121.55964761,39.5154088,LFC,drone,1
Lower Auditorium,2024-10-28T00:00:00Z,-121.55951575,39.51535544,LFC,drone,1
Lower Auditorium,2024-10-28T00:00:00Z,-121.55982825,39.51567224,LFC,drone,1
Lower Auditorium,2024-10-28T00:00:00Z,-121.55977518,39.51568597,LFC,drone,1
Lower Auditorium,2024-10-28T00:00:00Z,-121.55975128,39.51567306,LFC,drone,1
Lower Auditorium,2024-10-28T00:00:00Z,-121.55957909,39.51575077,LFC,drone,1
Lower Auditorium,2024-10-28T00:00:00Z,-121.55957538,39.51570175,LFC,drone,1
Lower Auditorium,2024-10-28T00:00:00Z,-121.55951716,39.5154589,LFC,drone,1
Lower Auditorium,2024-10-28T00:00:00Z,-121.55949561,39.51541515,LFC,drone,1
Lower Auditorium,2024-10-28T00:00:00Z,-121.55956102,39.51533815,LFC,drone,1
Lower Auditorium,2024-11-04T00:00:00Z,-121.56127839,39.51551088,LFC,drone,1
Lower Auditorium,2024-11-04T00:00:00Z,-121.56087989,39.51527317,LFC,drone,1
Lower Auditorium,2024-11-04T00:00:00Z,-121.56064042,39.51560402,LFC,drone,1
Lower Auditorium,2024-11-04T00:00:00Z,-121.56053413,39.51550896,LFC,drone,1
Lower Auditorium,2024-11-04T00:00:00Z,-121.56032015,39.51548496,LFC,drone,1
Lower Auditorium,2024-11-04T00:00:00Z,-121.55983387,39.5153628,LFC,drone,1
Lower Auditorium,2024-11-04T00:00:00Z,-121.55979934,39.51547174,LFC,drone,1
Lower Auditorium,2024-11-04T00:00:00Z,-121.55955199,39.51520777,LFC,drone,1
Lower Auditorium,2024-11-12T00:00:00Z,-121.56015718,39.515518,LFC,drone,1
Lower Auditorium,2024-11-12T00:00:00Z,-121.56035281,39.51550659,LFC,drone,1
Lower Auditorium,2024-11-12T00:00:00Z,-121.55993777,39.515459130000004,LFC,drone,1
Lower Auditorium,2024-11-12T00:00:00Z,-121.55979406,39.51549966,LFC,drone,1
Lower Auditorium,2024-11-12T00:00:00Z,-121.55967453,39.51548842,LFC,drone,1
Lower Auditorium,2024-11-12T00:00:00Z,-121.5599688,39.51563528,LFC,drone,1
Lower Auditorium,2024-11-12T00:00:00Z,-121.5610112,39.51526737,LFC,drone,1
Lower Auditorium,2024-11-12T00:00:00Z,-121.56115917,39.51542788,LFC,drone,1
Lower Auditorium,2024-11-12T00:00:00Z,-121.56097445,39.51567377,LFC,drone,1
Lower Auditorium,2025-09-03T00:00:00Z,-121.55951867,39.51556793,LFC,drone,1
Lower Auditorium,2025-09-03T00:00:00Z,-121.56020274,39.51554049,LFC,drone,1
Lower Auditorium,2025-09-03T00:00:00Z,-121.56085473,39.51544826,LFC,drone,1
Lower Auditorium,2025-09-09T00:00:00Z,-121.56075922,39.51521082,LFC,drone,1
Lower Auditorium,2025-09-09T00:00:00Z,-121.56086075,39.51539475,LFC,drone,1
Lower Auditorium,2025-09-09T00:00:00Z,-121.55984948,39.51549219,LFC,drone,1
Lower Auditorium,2025-09-09T00:00:00Z,-121.55971728,39.51555412,LFC,drone,1
Lower Auditorium,2025-09-09T00:00:00Z,-121.55954613,39.51565718,LFC,drone,1
Lower Auditorium,2025-09-09T00:00:00Z,-121.55953792,39.51560524,LFC,drone,1
Lower Auditorium,2025-09-09T00:00:00Z,-121.55950114,39.51558852,LFC,drone,1
Lower Auditorium,2025-09-09T00:00:00Z,-121.55949473,39.51554031,LFC,drone,1
Lower Auditorium,2025-09-09T00:00:00Z,-121.56054316,39.51533585,LFC,drone,1
Lower Auditorium,2025-09-09T00:00:00Z,-121.56075174,39.51545466,LFC,drone,1
Lower Auditorium,2025-09-09T00:00:00Z,-121.56069883,39.51562972,LFC,drone,1
Lower Auditorium,2025-09-09T00:00:00Z,-121.56039953,39.51547695,LFC,drone,1
Lower Auditorium,2025-09-16T00:00:00Z,-121.56057905,39.51517548,LFC,drone,1
Lower Auditorium,2025-09-16T00:00:00Z,-121.56065881,39.51515696,LFC,drone,1
Lower Auditorium,2025-09-16T00:00:00Z,-121.56071683,39.51515649,LFC,drone,1
Lower Auditorium,2025-09-16T00:00:00Z,-121.5605837,39.51524589,LFC,drone,1
Lower Auditorium,2025-09-16T00:00:00Z,-121.56049737,39.51528679,LFC,drone,1
Lower Auditorium,2025-09-16T00:00:00Z,-121.56050864,39.51525856,LFC,drone,1
Lower Auditorium,2025-09-16T00:00:00Z,-121.56040226,39.51530926,LFC,drone,1
Lower Auditorium,2025-09-16T00:00:00Z,-121.56035485,39.51542455,LFC,drone,1
Lower Auditorium,2025-09-16T00:00:00Z,-121.56017241,39.51546249,LFC,drone,1
Lower Auditorium,2025-09-16T00:00:00Z,-121.5604914,39.51546647,LFC,drone,1
Lower Auditorium,2025-09-16T00:00:00Z,-121.56056121,39.51544501,LFC,drone,1
Lower Auditorium,2025-09-16T00:00:00Z,-121.56052999,39.51541927,LFC,drone,1
Lower Auditorium,2025-09-16T00:00:00Z,-121.56095484,39.51529911,LFC,drone,1
Lower Auditorium,2025-09-16T00:00:00Z,-121.56105153,39.51523749,LFC,drone,1
Lower Auditorium,2025-09-16T00:00:00Z,-121.56071774,39.51569246,LFC,drone,1
Lower Auditorium,2025-09-16T00:00:00Z,-121.56074822,39.51566051,LFC,drone,1
Lower Auditorium,2025-09-16T00:00:00Z,-121.56047932,39.51580313,LFC,drone,1
Lower Auditorium,2025-09-16T00:00:00Z,-121.56052411,39.51582862,LFC,drone,1
Lower Auditorium,2025-09-16T00:00:00Z,-121.56030424,39.51555131,LFC,drone,1
Lower Auditorium,2025-09-16T00:00:00Z,-121.56024912,39.51557121,LFC,drone,1
Lower Auditorium,2025-09-16T00:00:00Z,-121.56015985,39.51560933,LFC,drone,1
Lower Auditorium,2025-09-16T00:00:00Z,-121.56014572,39.51559991,LFC,drone,1
Lower Auditorium,2025-09-16T00:00:00Z,-121.56073017,39.51554283,LFC,drone,1
Lower Auditorium,2025-09-16T00:00:00Z,-121.56077167,39.51552026,LFC,drone,1
Lower Auditorium,2025-09-16T00:00:00Z,-121.56073218,39.51556366,LFC,drone,1
Lower Auditorium,2025-09-16T00:00:00Z,-121.56075835,39.51555036,LFC,drone,1
Lower Auditorium,2025-09-16T00:00:00Z,-121.56068692,39.51555553,LFC,drone,1
Lower Auditorium,2025-09-16T00:00:00Z,-121.56062605,39.51549878,LFC,drone,1
Lower Auditorium,2025-09-16T00:00:00Z,-121.56074705,39.51534023,LFC,drone,1
Lower Auditorium,2025-09-16T00:00:00Z,-121.55990986,39.51548477,LFC,drone,1
Lower Auditorium,2025-09-16T00:00:00Z,-121.55978606,39.51553127,LFC,drone,1
Lower Auditorium,2025-09-16T00:00:00Z,-121.55970789,39.51544717,LFC,drone,1
Lower Auditorium,2025-09-16T00:00:00Z,-121.55956773,39.51553503,LFC,drone,1
Lower Auditorium,2025-09-16T00:00:00Z,-121.55960502,39.51557706,LFC,drone,1
Lower Auditorium,2025-09-16T00:00:00Z,-121.55980753,39.51542723,LFC,drone,1
Lower Auditorium,2025-09-16T00:00:00Z,-121.55969516,39.5155092,LFC,drone,1
Lower Auditorium,2025-09-16T00:00:00Z,-121.55944486,39.51547545,LFC,drone,1
Lower Auditorium,2025-09-16T00:00:00Z,-121.55946378,39.51550557,LFC,drone,1
Lower Auditorium,2025-09-16T00:00:00Z,-121.56138183,39.51523973,LFC,drone,1
Lower Auditorium,2025-09-16T00:00:00Z,-121.56140867,39.51521051,LFC,drone,1
Lower Auditorium,2025-09-16T00:00:00Z,-121.56151887,39.51524513,LFC,drone,1
Lower Auditorium,2025-09-16T00:00:00Z,-121.56146281,39.51530355,LFC,drone,1
Lower Auditorium,2025-09-16T00:00:00Z,-121.5616056,39.51520371,LFC,drone,1
Lower Auditorium,2025-09-24T00:00:00Z,-121.56137092,39.5153643,LFC,drone,1
Lower Auditorium,2025-09-24T00:00:00Z,-121.56149727,39.51539731,LFC,drone,1
Lower Auditorium,2025-09-24T00:00:00Z,-121.56147836,39.51535215,LFC,drone,1
Lower Auditorium,2025-09-24T00:00:00Z,-121.5612671,39.51538087,LFC,drone,1
Lower Auditorium,2025-09-24T00:00:00Z,-121.56126679,39.51535899,LFC,drone,1
Lower Auditorium,2025-09-24T00:00:00Z,-121.56115304,39.51535994,LFC,drone,1
Lower Auditorium,2025-09-24T00:00:00Z,-121.56122582,39.51531,LFC,drone,1
Lower Auditorium,2025-09-24T00:00:00Z,-121.56114677,39.51529424,LFC,drone,1
Lower Auditorium,2025-09-24T00:00:00Z,-121.56125104,39.51545634,LFC,drone,1
Lower Auditorium,2025-09-24T00:00:00Z,-121.56147818,39.51541852,LFC,drone,1
Lower Auditorium,2025-09-24T00:00:00Z,-121.56125039,39.51542592,LFC,drone,1
Lower Auditorium,2025-09-24T00:00:00Z,-121.56138595,39.51529555,LFC,drone,1
Lower Auditorium,2025-09-24T00:00:00Z,-121.56141769,39.51527248,LFC,drone,1
Lower Auditorium,2025-09-24T00:00:00Z,-121.56152808,39.51527272,LFC,drone,1
Lower Auditorium,2025-09-24T00:00:00Z,-121.56116064,39.5151592,LFC,drone,1
Lower Auditorium,2025-09-24T00:00:00Z,-121.56097746,39.51515882,LFC,drone,1
Lower Auditorium,2025-09-24T00:00:00Z,-121.5610188,39.51511998,LFC,drone,1
Lower Auditorium,2025-09-24T00:00:00Z,-121.56094899,39.51509453,LFC,drone,1
Lower Auditorium,2025-09-24T00:00:00Z,-121.56096767,39.51537132,LFC,drone,1
Lower Auditorium,2025-09-24T00:00:00Z,-121.56091399,39.51554524,LFC,drone,1
Lower Auditorium,2025-09-24T00:00:00Z,-121.56107594,39.51534922,LFC,drone,1
Lower Auditorium,2025-09-24T00:00:00Z,-121.56089364,39.51566971,LFC,drone,1
Lower Auditorium,2025-09-24T00:00:00Z,-121.56086311,39.5157049,LFC,drone,1
Lower Auditorium,2025-09-24T00:00:00Z,-121.56084899,39.51572667,LFC,drone,1
Lower Auditorium,2025-09-24T00:00:00Z,-121.56081584,39.51579436,LFC,drone,1
Lower Auditorium,2025-09-24T00:00:00Z,-121.56081764,39.51568315,LFC,drone,1
Lower Auditorium,2025-09-24T00:00:00Z,-121.56072028,39.5157614,LFC,drone,1
Lower Auditorium,2025-09-24T00:00:00Z,-121.56068287,39.51582261,LFC,drone,1
Lower Auditorium,2025-09-24T00:00:00Z,-121.56070195,39.51584517,LFC,drone,1
Lower Auditorium,2025-09-24T00:00:00Z,-121.56073322,39.51586826,LFC,drone,1
Lower Auditorium,2025-09-24T00:00:00Z,-121.56047074,39.51583746,LFC,drone,1
Lower Auditorium,2025-09-24T00:00:00Z,-121.56042078,39.51589123,LFC,drone,1
Lower Auditorium,2025-09-24T00:00:00Z,-121.56041363,39.51575694,LFC,drone,1
Lower Auditorium,2025-09-24T00:00:00Z,-121.56032795,39.51561813,LFC,drone,1
Lower Auditorium,2025-09-24T00:00:00Z,-121.5603987,39.51562965,LFC,drone,1
Lower Auditorium,2025-09-24T00:00:00Z,-121.56044789,39.51565036,LFC,drone,1
Lower Auditorium,2025-09-24T00:00:00Z,-121.56034311,39.51569757,LFC,drone,1
Lower Auditorium,2025-09-24T00:00:00Z,-121.56035383,39.515576,LFC,drone,1
Lower Auditorium,2025-09-24T00:00:00Z,-121.56021592,39.51564689,LFC,drone,1
Lower Auditorium,2025-09-24T00:00:00Z,-121.5601536,39.51567095,LFC,drone,1
Lower Auditorium,2025-09-24T00:00:00Z,-121.56021451,39.51567821,LFC,drone,1
Lower Auditorium,2025-09-24T00:00:00Z,-121.56008046,39.51562748,LFC,drone,1
Lower Auditorium,2025-09-24T00:00:00Z,-121.5600832,39.51557606,LFC,drone,1
Lower Auditorium,2025-09-24T00:00:00Z,-121.56007185,39.51551084,LFC,drone,1
Lower Auditorium,2025-09-24T00:00:00Z,-121.55999973,39.51562042,LFC,drone,1
Lower Auditorium,2025-09-24T00:00:00Z,-121.55998426,39.5155177,LFC,drone,1
Lower Auditorium,2025-09-24T00:00:00Z,-121.55994451,39.5155978,LFC,drone,1
Lower Auditorium,2025-09-24T00:00:00Z,-121.55989576,39.51559303,LFC,drone,1
Lower Auditorium,2025-09-24T00:00:00Z,-121.55995345,39.51556688,LFC,drone,1
Lower Auditorium,2025-09-24T00:00:00Z,-121.559922,39.51552865,LFC,drone,1
Lower Auditorium,2025-09-24T00:00:00Z,-121.55995973,39.51547577,LFC,drone,1
Lower Auditorium,2025-09-24T00:00:00Z,-121.55983089,39.51558806,LFC,drone,1
Lower Auditorium,2025-09-24T00:00:00Z,-121.55983994,39.51552802,LFC,drone,1
Lower Auditorium,2025-09-24T00:00:00Z,-121.55980293,39.51547534,LFC,drone,1
Lower Auditorium,2025-09-24T00:00:00Z,-121.55979984,39.51550671,LFC,drone,1
Lower Auditorium,2025-09-24T00:00:00Z,-121.55978347,39.51544786,LFC,drone,1
Lower Auditorium,2025-09-24T00:00:00Z,-121.55974087,39.51561835,LFC,drone,1
Lower Auditorium,2025-09-24T00:00:00Z,-121.55979474,39.51561183,LFC,drone,1
Lower Auditorium,2025-09-24T00:00:00Z,-121.55964522,39.51554263,LFC,drone,1
Lower Auditorium,2025-09-24T00:00:00Z,-121.5596693,39.51563033,LFC,drone,1
Lower Auditorium,2025-09-24T00:00:00Z,-121.55960189,39.51565371,LFC,drone,1
Lower Auditorium,2025-09-24T00:00:00Z,-121.55964789,39.51569741,LFC,drone,1
Lower Auditorium,2025-09-24T00:00:00Z,-121.55952711,39.51572656,LFC,drone,1
Lower Auditorium,2025-09-24T00:00:00Z,-121.55958863,39.51551544,LFC,drone,1
Lower Auditorium,2025-09-24T00:00:00Z,-121.55967081,39.51546869,LFC,drone,1
Lower Auditorium,2025-09-24T00:00:00Z,-121.55956581,39.51548927,LFC,drone,1
Lower Auditorium,2025-09-24T00:00:00Z,-121.56000876,39.51544036,LFC,drone,1
Lower Auditorium,2025-09-24T00:00:00Z,-121.55991881,39.51543452,LFC,drone,1
Lower Auditorium,2025-09-24T00:00:00Z,-121.56007799,39.51545127,LFC,drone,1
Lower Auditorium,2025-09-24T00:00:00Z,-121.5597309,39.51558945,LFC,drone,1
Lower Auditorium,2025-09-24T00:00:00Z,-121.55974559,39.51550627,LFC,drone,1
Lower Auditorium,2025-09-24T00:00:00Z,-121.55962365,39.51560822,LFC,drone,1
Lower Auditorium,2025-09-24T00:00:00Z,-121.55985046,39.51541568,LFC,drone,1
Lower Auditorium,2025-09-24T00:00:00Z,-121.56018371,39.51539117,LFC,drone,1
Lower Auditorium,2025-09-24T00:00:00Z,-121.56027656,39.5154463,LFC,drone,1
Lower Auditorium,2025-09-24T00:00:00Z,-121.56033188,39.51529417,LFC,drone,1
Lower Auditorium,2025-09-24T00:00:00Z,-121.56034884,39.51537503,LFC,drone,1
Lower Auditorium,2025-09-24T00:00:00Z,-121.56066016,39.5152465,LFC,drone,1
Lower Auditorium,2025-09-24T00:00:00Z,-121.56077118,39.51524141,LFC,drone,1
Lower Auditorium,2025-09-24T00:00:00Z,-121.56072971,39.51528616,LFC,drone,1
Lower Auditorium,2025-10-02T00:00:00Z,-121.5609058,39.51568973,LFC,drone,1
Lower Auditorium,2025-10-02T00:00:00Z,-121.56096165,39.51564667,LFC,drone,1
Lower Auditorium,2025-10-02T00:00:00Z,-121.56086209,39.51562593,LFC,drone,1
Lower Auditorium,2025-10-02T00:00:00Z,-121.56067427,39.51566558,LFC,drone,1
Lower Auditorium,2025-10-02T00:00:00Z,-121.56051099,39.51569962,LFC,drone,1
Lower Auditorium,2025-10-02T00:00:00Z,-121.56104532,39.51537382,LFC,drone,1
Lower Auditorium,2025-10-02T00:00:00Z,-121.56080538,39.51510501,LFC,drone,1
Lower Auditorium,2025-10-02T00:00:00Z,-121.5608531,39.51514024,LFC,drone,1
Lower Auditorium,2025-10-02T00:00:00Z,-121.56064217,39.51533825,LFC,drone,1
Lower Auditorium,2025-10-02T00:00:00Z,-121.56093091,39.51525234,LFC,drone,1
Lower Auditorium,2025-10-02T00:00:00Z,-121.56005296,39.51535549,LFC,drone,1
Lower Auditorium,2025-10-02T00:00:00Z,-121.55949221,39.51543803,LFC,drone,1
Lower Auditorium,2025-10-02T00:00:00Z,-121.56080303,39.5153739,LFC,drone,1
Lower Auditorium,2025-10-02T00:00:00Z,-121.5609521,39.51559157,LFC,drone,1
Lower Auditorium,2025-10-02T00:00:00Z,-121.56077725,39.51570528,LFC,drone,1
Lower Auditorium,2025-10-02T00:00:00Z,-121.56055594,39.51581427,LFC,drone,1
Lower Auditorium,2025-10-02T00:00:00Z,-121.56043236,39.51569982,LFC,drone,1
Lower Auditorium,2025-10-02T00:00:00Z,-121.56043655,39.515571,LFC,drone,1
Lower Auditorium,2025-10-02T00:00:00Z,-121.56048657,39.51558817,LFC,drone,1
Lower Auditorium,2025-10-02T00:00:00Z,-121.56047568,39.51534398,LFC,drone,1
Lower Auditorium,2025-10-02T00:00:00Z,-121.56101155,39.5154987,LFC,drone,1
Lower Auditorium,2025-10-08T00:00:00Z,-121.56135564,39.51541123,LFC,drone,1
Lower Auditorium,2025-10-08T00:00:00Z,-121.56133392,39.5153075,LFC,drone,1
Lower Auditorium,2025-10-08T00:00:00Z,-121.56126215,39.51526042,LFC,drone,1
Lower Auditorium,2025-10-08T00:00:00Z,-121.56133519,39.51518835,LFC,drone,1
Lower Auditorium,2025-10-08T00:00:00Z,-121.56100392,39.51555851,LFC,drone,1
Lower Auditorium,2025-10-08T00:00:00Z,-121.56099001,39.51545606,LFC,drone,1
Lower Auditorium,2025-10-08T00:00:00Z,-121.56100447,39.51538412,LFC,drone,1
Lower Auditorium,2025-10-08T00:00:00Z,-121.56101407,39.51532571,LFC,drone,1
Lower Auditorium,2025-10-08T00:00:00Z,-121.56058652,39.51577504,LFC,drone,1
Lower Auditorium,2025-10-08T00:00:00Z,-121.56035981,39.51551684,LFC,drone,1
Lower Auditorium,2025-10-08T00:00:00Z,-121.56043657,39.51553316,LFC,drone,1
Lower Auditorium,2025-10-08T00:00:00Z,-121.56053427,39.51553319,LFC,drone,1
Lower Auditorium,2025-10-08T00:00:00Z,-121.56024976,39.51552375,LFC,drone,1
Lower Auditorium,2025-10-08T00:00:00Z,-121.56043685,39.51537177,LFC,drone,1
Lower Auditorium,2025-10-08T00:00:00Z,-121.56027158,39.51532644,LFC,drone,1
Lower Auditorium,2025-10-08T00:00:00Z,-121.55998202,39.5156635,LFC,drone,1
Lower Auditorium,2025-10-08T00:00:00Z,-121.56006604,39.51566041,LFC,drone,1
Lower Auditorium,2025-10-08T00:00:00Z,-121.56046143,39.51594851,LFC,drone,1
Lower Auditorium,2025-10-08T00:00:00Z,-121.5604231,39.51593555,LFC,drone,1
Lower Auditorium,2025-10-08T00:00:00Z,-121.56039862,39.51596173,LFC,drone,1
Lower Auditorium,2025-10-08T00:00:00Z,-121.56054604,39.51591967,LFC,drone,1
Lower Auditorium,2025-10-08T00:00:00Z,-121.56018907,39.51510933,LFC,drone,1
Lower Auditorium,2025-10-08T00:00:00Z,-121.55975899,39.51567079,LFC,drone,1
Lower Auditorium,2025-10-08T00:00:00Z,-121.55959909,39.51568891,LFC,drone,1
Lower Auditorium,2025-10-16T00:00:00Z,-121.56142123,39.51518018,LFC,drone,1
Lower Auditorium,2025-10-16T00:00:00Z,-121.5614638,39.51514006,LFC,drone,1
Lower Auditorium,2025-10-16T00:00:00Z,-121.56148721,39.5151034,LFC,drone,1
Lower Auditorium,2025-10-16T00:00:00Z,-121.56152893,39.51516211,LFC,drone,1
Lower Auditorium,2025-10-16T00:00:00Z,-121.56115327,39.51521935,LFC,drone,1
Lower Auditorium,2025-10-16T00:00:00Z,-121.56122213,39.51517679,LFC,drone,1
Lower Auditorium,2025-10-16T00:00:00Z,-121.56091088,39.51546484,LFC,drone,1
Lower Auditorium,2025-10-16T00:00:00Z,-121.56095221,39.51542655,LFC,drone,1
Lower Auditorium,2025-10-16T00:00:00Z,-121.56106961,39.51545941,LFC,drone,1
Lower Auditorium,2025-10-16T00:00:00Z,-121.56145834,39.51546238,LFC,drone,1
Lower Auditorium,2025-10-16T00:00:00Z,-121.56153668,39.51536451,LFC,drone,1
Lower Auditorium,2025-10-16T00:00:00Z,-121.56107137,39.51572085,LFC,drone,1
Lower Auditorium,2025-10-16T00:00:00Z,-121.56110189,39.51574433,LFC,drone,1
Lower Auditorium,2025-10-16T00:00:00Z,-121.56116046,39.51579586,LFC,drone,1
Lower Auditorium,2025-10-16T00:00:00Z,-121.56105097,39.51555341,LFC,drone,1
Lower Auditorium,2025-10-16T00:00:00Z,-121.56124519,39.51550408,LFC,drone,1
Lower Auditorium,2025-10-16T00:00:00Z,-121.56088202,39.51518736,LFC,drone,1
Lower Auditorium,2025-10-16T00:00:00Z,-121.56107156,39.51519155,LFC,drone,1
Lower Auditorium,2025-10-16T00:00:00Z,-121.56084893,39.51557677,LFC,drone,1
Lower Auditorium,2025-10-16T00:00:00Z,-121.56062686,39.5155888,LFC,drone,1
Lower Auditorium,2025-10-16T00:00:00Z,-121.56033412,39.5157884,LFC,drone,1
Lower Auditorium,2025-10-16T00:00:00Z,-121.56059802,39.5156568,LFC,drone,1
Lower Auditorium,2025-10-16T00:00:00Z,-121.5607518,39.51560235,LFC,drone,1
Lower Auditorium,2025-10-16T00:00:00Z,-121.5602418,39.51535032,LFC,drone,1
Lower Auditorium,2025-10-16T00:00:00Z,-121.56009169,39.51540019,LFC,drone,1
Lower Auditorium,2025-10-16T00:00:00Z,-121.55996404,39.51540231,LFC,drone,1
Lower Auditorium,2025-10-16T00:00:00Z,-121.56014311,39.51550891,LFC,drone,1
Lower Auditorium,2025-10-16T00:00:00Z,-121.56046128,39.51522368,LFC,drone,1
Lower Auditorium,2025-10-16T00:00:00Z,-121.56041524,39.51519828,LFC,drone,1
Lower Auditorium,2025-10-16T00:00:00Z,-121.5603525,39.51520578,LFC,drone,1
Lower Auditorium,2025-10-16T00:00:00Z,-121.56033697,39.51525525,LFC,drone,1
Lower Auditorium,2025-10-16T00:00:00Z,-121.56031685,39.5153425,LFC,drone,1
Lower Auditorium,2025-10-16T00:00:00Z,-121.56025125,39.51540846,LFC,drone,1
Lower Auditorium,2025-10-16T00:00:00Z,-121.55985669,39.51563376,LFC,drone,1
Lower Auditorium,2025-10-16T00:00:00Z,-121.55982337,39.51568785,LFC,drone,1
Lower Auditorium,2025-10-16T00:00:00Z,-121.55988537,39.51568861,LFC,drone,1
Lower Auditorium,2025-10-16T00:00:00Z,-121.55975314,39.51532546,LFC,drone,1
Lower Auditorium,2025-10-16T00:00:00Z,-121.55984638,39.51535677,LFC,drone,1
Lower Auditorium,2025-10-16T00:00:00Z,-121.55970344,39.51532541,LFC,drone,1
Lower Auditorium,2025-10-16T00:00:00Z,-121.55972901,39.51538546,LFC,drone,1
Lower Auditorium,2025-10-16T00:00:00Z,-121.56029375,39.5151496,LFC,drone,1
Lower Auditorium,2025-10-16T00:00:00Z,-121.56048126,39.51515344,LFC,drone,1
Lower Auditorium,2025-10-16T00:00:00Z,-121.56025513,39.51512755,LFC,drone,1
Lower Auditorium,2025-10-16T00:00:00Z,-121.56014232,39.51522075,LFC,drone,1
Lower Auditorium,2025-10-16T00:00:00Z,-121.55950201,39.51538081,LFC,drone,1
Lower Auditorium,2025-10-16T00:00:00Z,-121.55967946,39.51542236,LFC,drone,1
Lower Auditorium,2025-10-16T00:00:00Z,-121.55966913,39.51558691,LFC,drone,1
Lower Auditorium,2025-10-16T00:00:00Z,-121.55970636,39.51566896,LFC,drone,1
Lower Auditorium,2025-10-16T00:00:00Z,-121.55955124,39.51569357,LFC,drone,1
Lower Auditorium,2025-10-24T00:00:00Z,-121.56128945,39.51515084,LFC,drone,1
Lower Auditorium,2025-10-24T00:00:00Z,-121.56129204,39.5151989,LFC,drone,1
Lower Auditorium,2025-10-24T00:00:00Z,-121.5613172,39.51525094,LFC,drone,1
Lower Auditorium,2025-10-24T00:00:00Z,-121.56135256,39.51561811,LFC,drone,1
Lower Auditorium,2025-10-24T00:00:00Z,-121.56120568,39.51558348,LFC,drone,1
Lower Auditorium,2025-10-24T00:00:00Z,-121.56135198,39.51544754,LFC,drone,1
Lower Auditorium,2025-10-24T00:00:00Z,-121.56143107,39.51542428,LFC,drone,1
Lower Auditorium,2025-10-24T00:00:00Z,-121.56107446,39.51550618,LFC,drone,1
Lower Auditorium,2025-10-24T00:00:00Z,-121.56115253,39.51553257,LFC,drone,1
Lower Auditorium,2025-10-24T00:00:00Z,-121.56112248,39.51547248,LFC,drone,1
Lower Auditorium,2025-10-24T00:00:00Z,-121.56104676,39.51540592,LFC,drone,1
Lower Auditorium,2025-10-24T00:00:00Z,-121.56104458,39.51558562,LFC,drone,1
Lower Auditorium,2025-10-24T00:00:00Z,-121.56102498,39.51527796,LFC,drone,1
Lower Auditorium,2025-10-24T00:00:00Z,-121.5611231,39.5152573,LFC,drone,1
Lower Auditorium,2025-10-24T00:00:00Z,-121.56119492,39.51525405,LFC,drone,1
Lower Auditorium,2025-10-24T00:00:00Z,-121.56122789,39.51520953,LFC,drone,1
Lower Auditorium,2025-10-24T00:00:00Z,-121.56128908,39.51516653,LFC,drone,1
Lower Auditorium,2025-10-24T00:00:00Z,-121.56091278,39.51538889,LFC,drone,1
Lower Auditorium,2025-10-24T00:00:00Z,-121.56135074,39.51572952,LFC,drone,1
Lower Auditorium,2025-10-24T00:00:00Z,-121.56132084,39.51573566,LFC,drone,1
Lower Auditorium,2025-10-24T00:00:00Z,-121.56115343,39.51567387,LFC,drone,1
Lower Auditorium,2025-10-24T00:00:00Z,-121.56110388,39.51574479,LFC,drone,1
Lower Auditorium,2025-10-24T00:00:00Z,-121.56091195,39.51572468,LFC,drone,1
Lower Auditorium,2025-10-24T00:00:00Z,-121.56085079,39.51576649,LFC,drone,1
Lower Auditorium,2025-10-24T00:00:00Z,-121.56079397,39.51574569,LFC,drone,1
Lower Auditorium,2025-10-24T00:00:00Z,-121.56086324,39.51553312,LFC,drone,1
Lower Auditorium,2025-10-24T00:00:00Z,-121.56063429,39.51567927,LFC,drone,1
Lower Auditorium,2025-10-24T00:00:00Z,-121.56060307,39.51574983,LFC,drone,1
Lower Auditorium,2025-10-24T00:00:00Z,-121.56061608,39.51563707,LFC,drone,1
Lower Auditorium,2025-10-24T00:00:00Z,-121.56058153,39.51561004,LFC,drone,1
Lower Auditorium,2025-10-24T00:00:00Z,-121.56066906,39.51547396,LFC,drone,1
Lower Auditorium,2025-10-24T00:00:00Z,-121.56058944,39.51552264,LFC,drone,1
Lower Auditorium,2025-10-24T00:00:00Z,-121.56072901,39.515898,LFC,drone,1
Lower Auditorium,2025-10-24T00:00:00Z,-121.56061294,39.51586346,LFC,drone,1
Lower Auditorium,2025-10-24T00:00:00Z,-121.56063995,39.51584901,LFC,drone,1
Lower Auditorium,2025-10-24T00:00:00Z,-121.56044265,39.51586726,LFC,drone,1
Lower Auditorium,2025-10-24T00:00:00Z,-121.56046737,39.51574164,LFC,drone,1
Lower Auditorium,2025-10-24T00:00:00Z,-121.56025356,39.51570943,LFC,drone,1
Lower Auditorium,2025-10-24T00:00:00Z,-121.56025855,39.5156155,LFC,drone,1
Lower Auditorium,2025-10-24T00:00:00Z,-121.56021713,39.51544058,LFC,drone,1
Lower Auditorium,2025-10-24T00:00:00Z,-121.56019396,39.51549055,LFC,drone,1
Lower Auditorium,2025-10-24T00:00:00Z,-121.56003205,39.51568009,LFC,drone,1
Lower Auditorium,2025-10-24T00:00:00Z,-121.56013957,39.51535212,LFC,drone,1
Lower Auditorium,2025-10-24T00:00:00Z,-121.56026511,39.51526086,LFC,drone,1
Lower Auditorium,2025-10-24T00:00:00Z,-121.56025262,39.51520041,LFC,drone,1
Lower Auditorium,2025-10-24T00:00:00Z,-121.55996826,39.51510998,LFC,drone,1
Lower Auditorium,2025-10-24T00:00:00Z,-121.56033985,39.51515301,LFC,drone,1
Lower Auditorium,2025-10-24T00:00:00Z,-121.5600803,39.51511787,LFC,drone,1
Lower Auditorium,2025-10-24T00:00:00Z,-121.56032891,39.51509139,LFC,drone,1
Lower Auditorium,2025-10-24T00:00:00Z,-121.56017292,39.51506817,LFC,drone,1
Lower Auditorium,2025-10-24T00:00:00Z,-121.5605412,39.51508633,LFC,drone,1
Lower Auditorium,2025-10-24T00:00:00Z,-121.56066231,39.51509847,LFC,drone,1
Lower Auditorium,2025-10-24T00:00:00Z,-121.56004822,39.515082,LFC,drone,1
Lower Auditorium,2025-10-24T00:00:00Z,-121.55973637,39.51569416,LFC,drone,1
Lower Auditorium,2025-10-24T00:00:00Z,-121.55950825,39.5156433,LFC,drone,1
Lower Auditorium,2025-10-24T00:00:00Z,-121.55957186,39.51562376,LFC,drone,1
Lower Auditorium,2025-10-24T00:00:00Z,-121.55951321,39.51563412,LFC,drone,1
Lower Auditorium,2025-10-24T00:00:00Z,-121.55976863,39.51539342,LFC,drone,1
Lower Auditorium,2025-10-24T00:00:00Z,-121.55944701,39.51537107,LFC,drone,1
Lower Auditorium,2025-10-24T00:00:00Z,-121.56001808,39.51555724,LFC,drone,1
Lower Auditorium,2025-10-24T00:00:00Z,-121.560138,39.51564094,LFC,drone,1
Lower Auditorium,2025-10-24T00:00:00Z,-121.55994517,39.51567369,LFC,drone,1
Lower Auditorium,2025-10-24T00:00:00Z,-121.5596651,39.51556026,LFC,drone,1
Lower Auditorium,2025-10-24T00:00:00Z,-121.55980074,39.5156447,LFC,drone,1
Lower Auditorium,2025-10-24T00:00:00Z,-121.55965228,39.51566356,LFC,drone,1
Lower Auditorium,2025-10-24T00:00:00Z,-121.55994619,39.51569794,LFC,drone,1
Lower Auditorium,2025-10-24T00:00:00Z,-121.56018379,39.51557673,LFC,drone,1
Lower Auditorium,2025-10-29T00:00:00Z,-121.55959983,39.51528336,LFC,drone,1
Lower Auditorium,2025-10-29T00:00:00Z,-121.55961242,39.51537633,LFC,drone,1
Lower Auditorium,2025-10-29T00:00:00Z,-121.5613015,39.51502905,LFC,drone,1
Lower Auditorium,2025-11-07T00:00:00Z,NA,NA,LFC,drone,0
Lower Auditorium,2025-11-12T00:00:00Z,NA,NA,LFC,drone,0
Lower Gateway,2024-10-31T00:00:00Z,-121.62560151,39.45659875,LFC,drone,1
Lower Gateway,2024-10-31T00:00:00Z,-121.62577161,39.4566809,LFC,drone,1
Lower Gateway,2024-11-14T00:00:00Z,-121.62564014,39.45657782,LFC,drone,1
Lower Gateway,2024-11-14T00:00:00Z,-121.62556629,39.45660766,LFC,drone,1
Lower Gateway,2025-09-11T00:00:00Z,NA,NA,LFC,drone,0
Lower Gateway,2025-09-25T00:00:00Z,NA,NA,LFC,drone,0
Lower Gateway,2025-10-09T00:00:00Z,NA,NA,LFC,drone,0
Lower Gateway,2025-10-28T00:00:00Z,-121.62564741,39.45658739,LFC,drone,1
Lower Gateway,2025-10-28T00:00:00Z,-121.62559139,39.45658303,LFC,drone,1
Lower Gateway,2025-10-28T00:00:00Z,-121.62577086,39.45662216,LFC,drone,1
Lower Gateway,2025-10-28T00:00:00Z,-121.62569266,39.45671376,LFC,drone,1
Lower Gateway,2025-10-28T00:00:00Z,-121.62807323,39.45601738,LFC,drone,1
Lower Gateway,2025-11-18T00:00:00Z,-121.6256783,39.4565567,LFC,drone,1
Lower Robinson,2024-09-24T00:00:00Z,-121.59862174,39.46662834,LFC,drone,1
Lower Robinson,2024-10-02T00:00:00Z,-121.59799453,39.46683055,LFC,drone,1
Lower Robinson,2024-10-16T00:00:00Z,-121.59749962,39.46695688,LFC,drone,1
Lower Robinson,2024-10-16T00:00:00Z,-121.59761063,39.46701411,LFC,drone,1
Lower Robinson,2024-10-16T00:00:00Z,-121.59759985,39.46699869,LFC,drone,1
Lower Robinson,2024-10-16T00:00:00Z,-121.59763008,39.46690448,LFC,drone,1
Lower Robinson,2024-10-16T00:00:00Z,-121.59776372,39.4669701,LFC,drone,1
Lower Robinson,2024-10-16T00:00:00Z,-121.59778178,39.4670219,LFC,drone,1
Lower Robinson,2024-10-16T00:00:00Z,-121.59777722,39.4670037,LFC,drone,1
Lower Robinson,2024-10-16T00:00:00Z,-121.59774419,39.46689917,LFC,drone,1
Lower Robinson,2024-10-16T00:00:00Z,-121.59770934,39.46688586,LFC,drone,1
Lower Robinson,2024-10-16T00:00:00Z,-121.59784597,39.46683258,LFC,drone,1
Lower Robinson,2024-10-16T00:00:00Z,-121.59784356,39.46695291,LFC,drone,1
Lower Robinson,2024-10-16T00:00:00Z,-121.59783469,39.46693418,LFC,drone,1
Lower Robinson,2024-10-16T00:00:00Z,-121.59792977,39.46686368,LFC,drone,1
Lower Robinson,2024-10-16T00:00:00Z,-121.59792708,39.46684454,LFC,drone,1
Lower Robinson,2024-10-16T00:00:00Z,-121.59791803,39.46677326,LFC,drone,1
Lower Robinson,2024-10-16T00:00:00Z,-121.59783963,39.46678044,LFC,drone,1
Lower Robinson,2024-10-16T00:00:00Z,-121.59782809,39.46674113,LFC,drone,1
Lower Robinson,2024-10-16T00:00:00Z,-121.59795219,39.46675982,LFC,drone,1
Lower Robinson,2024-10-16T00:00:00Z,-121.59800913,39.46677818,LFC,drone,1
Lower Robinson,2024-10-16T00:00:00Z,-121.59801986,39.46670428,LFC,drone,1
Lower Robinson,2024-10-16T00:00:00Z,-121.59782704,39.46670148,LFC,drone,1
Lower Robinson,2024-10-16T00:00:00Z,-121.59814905,39.46674596,LFC,drone,1
Lower Robinson,2024-10-16T00:00:00Z,-121.59806196,39.46669428,LFC,drone,1
Lower Robinson,2024-10-16T00:00:00Z,-121.59827705,39.46675467,LFC,drone,1
Lower Robinson,2024-10-16T00:00:00Z,-121.59827811,39.46673223,LFC,drone,1
Lower Robinson,2024-10-16T00:00:00Z,-121.59816201,39.46668354,LFC,drone,1
Lower Robinson,2024-10-16T00:00:00Z,-121.59822067,39.46670813,LFC,drone,1
Lower Robinson,2024-10-16T00:00:00Z,-121.59838531,39.46670295,LFC,drone,1
Lower Robinson,2024-10-16T00:00:00Z,-121.59842162,39.46673587,LFC,drone,1
Lower Robinson,2024-10-16T00:00:00Z,-121.598241,39.46667781,LFC,drone,1
Lower Robinson,2024-10-16T00:00:00Z,-121.59858675,39.46661415,LFC,drone,1
Lower Robinson,2024-10-16T00:00:00Z,-121.59861414,39.46653902,LFC,drone,1
Lower Robinson,2024-10-16T00:00:00Z,-121.59864032,39.466585190000004,LFC,drone,1
Lower Robinson,2024-10-16T00:00:00Z,-121.59870879,39.46655114,LFC,drone,1
Lower Robinson,2024-10-16T00:00:00Z,-121.59865093,39.46648644,LFC,drone,1
Lower Robinson,2024-10-16T00:00:00Z,-121.59871994,39.4664868,LFC,drone,1
Lower Robinson,2024-10-16T00:00:00Z,-121.59877564,39.46647505,LFC,drone,1
Lower Robinson,2024-10-16T00:00:00Z,-121.59870499,39.46646417,LFC,drone,1
Lower Robinson,2024-10-16T00:00:00Z,-121.59873885,39.46652715,LFC,drone,1
Lower Robinson,2024-10-16T00:00:00Z,-121.59860677,39.46666073,LFC,drone,1
Lower Robinson,2024-10-16T00:00:00Z,-121.5994883,39.46636757,LFC,drone,1
Lower Robinson,2024-10-16T00:00:00Z,-121.59885579,39.46641129,LFC,drone,1
Lower Robinson,2024-10-16T00:00:00Z,-121.59899917,39.46630236,LFC,drone,1
Lower Robinson,2024-10-16T00:00:00Z,-121.59956427,39.46612789,LFC,drone,1
Lower Robinson,2024-10-16T00:00:00Z,-121.59956035,39.46610706,LFC,drone,1
Lower Robinson,2024-10-16T00:00:00Z,-121.59971164,39.46609482,LFC,drone,1
Lower Robinson,2024-10-16T00:00:00Z,-121.59988368,39.4661889,LFC,drone,1
Lower Robinson,2024-10-16T00:00:00Z,-121.59986289,39.46618315,LFC,drone,1
Lower Robinson,2024-10-16T00:00:00Z,-121.60000321,39.46622641,LFC,drone,1
Lower Robinson,2024-10-16T00:00:00Z,-121.59995332,39.46613778,LFC,drone,1
Lower Robinson,2024-10-16T00:00:00Z,-121.59995904,39.46616719,LFC,drone,1
Lower Robinson,2024-10-16T00:00:00Z,-121.60020461,39.46609495,LFC,drone,1
Lower Robinson,2024-10-16T00:00:00Z,-121.59965829,39.46609999,LFC,drone,1
Lower Robinson,2024-10-16T00:00:00Z,-121.59802122,39.46675767,LFC,drone,1
Lower Robinson,2024-10-16T00:00:00Z,-121.59804813,39.46680015,LFC,drone,1
Lower Robinson,2024-10-16T00:00:00Z,-121.59830877,39.46664545,LFC,drone,1
Lower Robinson,2024-10-30T00:00:00Z,-121.59702685,39.46674819,LFC,drone,1
Lower Robinson,2024-10-30T00:00:00Z,-121.59706615,39.46672478,LFC,drone,1
Lower Robinson,2024-10-30T00:00:00Z,-121.59710032,39.46674143,LFC,drone,1
Lower Robinson,2024-10-30T00:00:00Z,-121.59702731,39.46678688,LFC,drone,1
Lower Robinson,2024-10-30T00:00:00Z,-121.59728854,39.46700401,LFC,drone,1
Lower Robinson,2024-10-30T00:00:00Z,-121.59728521,39.46698813,LFC,drone,1
Lower Robinson,2024-10-30T00:00:00Z,-121.59744984,39.46686204,LFC,drone,1
Lower Robinson,2024-10-30T00:00:00Z,-121.59753524,39.46679245,LFC,drone,1
Lower Robinson,2024-10-30T00:00:00Z,-121.59754951,39.46680852,LFC,drone,1
Lower Robinson,2024-10-30T00:00:00Z,-121.59747258,39.46698672,LFC,drone,1
Lower Robinson,2024-10-30T00:00:00Z,-121.59750005,39.46693448,LFC,drone,1
Lower Robinson,2024-10-30T00:00:00Z,-121.59758563,39.46689547,LFC,drone,1
Lower Robinson,2024-10-30T00:00:00Z,-121.59760168,39.46692072,LFC,drone,1
Lower Robinson,2024-10-30T00:00:00Z,-121.59758567,39.46703088,LFC,drone,1
Lower Robinson,2024-10-30T00:00:00Z,-121.59757105,39.46701267,LFC,drone,1
Lower Robinson,2024-10-30T00:00:00Z,-121.59757906,39.46698648,LFC,drone,1
Lower Robinson,2024-10-30T00:00:00Z,-121.59766058,39.46681597,LFC,drone,1
Lower Robinson,2024-10-30T00:00:00Z,-121.59773715,39.46685205,LFC,drone,1
Lower Robinson,2024-10-30T00:00:00Z,-121.59775309,39.46692255,LFC,drone,1
Lower Robinson,2024-10-30T00:00:00Z,-121.59770256,39.466807,LFC,drone,1
Lower Robinson,2024-10-30T00:00:00Z,-121.59768318,39.46673127,LFC,drone,1
Lower Robinson,2024-10-30T00:00:00Z,-121.59763004,39.46706015,LFC,drone,1
Lower Robinson,2024-10-30T00:00:00Z,-121.59776726,39.4670615,LFC,drone,1
Lower Robinson,2024-10-30T00:00:00Z,-121.59774522,39.46703953,LFC,drone,1
Lower Robinson,2024-10-30T00:00:00Z,-121.59783264,39.46690853,LFC,drone,1
Lower Robinson,2024-10-30T00:00:00Z,-121.59782234,39.46689129,LFC,drone,1
Lower Robinson,2024-10-30T00:00:00Z,-121.59781884,39.46686924,LFC,drone,1
Lower Robinson,2024-10-30T00:00:00Z,-121.59767214,39.46671251,LFC,drone,1
Lower Robinson,2024-10-30T00:00:00Z,-121.5979042,39.46672533,LFC,drone,1
Lower Robinson,2024-10-30T00:00:00Z,-121.59790624,39.46668524,LFC,drone,1
Lower Robinson,2024-10-30T00:00:00Z,-121.5979258,39.46666255,LFC,drone,1
Lower Robinson,2024-10-30T00:00:00Z,-121.59780827,39.46680776,LFC,drone,1
Lower Robinson,2024-10-30T00:00:00Z,-121.59790122,39.4668127,LFC,drone,1
Lower Robinson,2024-10-30T00:00:00Z,-121.59782389,39.46698133,LFC,drone,1
Lower Robinson,2024-10-30T00:00:00Z,-121.59798807,39.46687584,LFC,drone,1
Lower Robinson,2024-10-30T00:00:00Z,-121.59810078,39.46687911,LFC,drone,1
Lower Robinson,2024-10-30T00:00:00Z,-121.59810375,39.46685384,LFC,drone,1
Lower Robinson,2024-10-30T00:00:00Z,-121.59806759,39.46681328,LFC,drone,1
Lower Robinson,2024-10-30T00:00:00Z,-121.59815968,39.4668612,LFC,drone,1
Lower Robinson,2024-10-30T00:00:00Z,-121.59824283,39.46680154,LFC,drone,1
Lower Robinson,2024-10-30T00:00:00Z,-121.59794795,39.46694049,LFC,drone,1
Lower Robinson,2024-10-30T00:00:00Z,-121.59813721,39.46693639,LFC,drone,1
Lower Robinson,2024-10-30T00:00:00Z,-121.59810246,39.46667232,LFC,drone,1
Lower Robinson,2024-10-30T00:00:00Z,-121.59835528,39.46663334,LFC,drone,1
Lower Robinson,2024-10-30T00:00:00Z,-121.59836893,39.46659815,LFC,drone,1
Lower Robinson,2024-10-30T00:00:00Z,-121.59840644,39.46678632,LFC,drone,1
Lower Robinson,2024-10-30T00:00:00Z,-121.59848154,39.46669791,LFC,drone,1
Lower Robinson,2024-10-30T00:00:00Z,-121.59834515,39.46667763,LFC,drone,1
Lower Robinson,2024-10-30T00:00:00Z,-121.59867706,39.46659709,LFC,drone,1
Lower Robinson,2024-10-30T00:00:00Z,-121.59874983,39.46659415,LFC,drone,1
Lower Robinson,2024-10-30T00:00:00Z,-121.59853213,39.46663356,LFC,drone,1
Lower Robinson,2024-10-30T00:00:00Z,-121.59874987,39.46659224,LFC,drone,1
Lower Robinson,2024-10-30T00:00:00Z,-121.59854151,39.46656537,LFC,drone,1
Lower Robinson,2024-10-30T00:00:00Z,-121.59877756,39.46653287,LFC,drone,1
Lower Robinson,2024-10-30T00:00:00Z,-121.59884127,39.4664596,LFC,drone,1
Lower Robinson,2024-10-30T00:00:00Z,-121.59894176,39.46642642,LFC,drone,1
Lower Robinson,2024-10-30T00:00:00Z,-121.59890248,39.46635717,LFC,drone,1
Lower Robinson,2024-10-30T00:00:00Z,-121.59912204,39.46625569,LFC,drone,1
Lower Robinson,2024-10-30T00:00:00Z,-121.59921307,39.46623339,LFC,drone,1
Lower Robinson,2024-10-30T00:00:00Z,-121.5994596,39.46620101,LFC,drone,1
Lower Robinson,2024-10-30T00:00:00Z,-121.59949533,39.46613983,LFC,drone,1
Lower Robinson,2024-10-30T00:00:00Z,-121.59959006,39.46608699,LFC,drone,1
Lower Robinson,2024-10-30T00:00:00Z,-121.59956838,39.4660619,LFC,drone,1
Lower Robinson,2024-10-30T00:00:00Z,-121.59976768,39.46611015,LFC,drone,1
Lower Robinson,2024-10-30T00:00:00Z,-121.59966057,39.46607399,LFC,drone,1
Lower Robinson,2024-10-30T00:00:00Z,-121.59960958,39.46618897,LFC,drone,1
Lower Robinson,2024-10-30T00:00:00Z,-121.59957502,39.46616085,LFC,drone,1
Lower Robinson,2024-10-30T00:00:00Z,-121.59941825,39.46635765,LFC,drone,1
Lower Robinson,2024-10-30T00:00:00Z,-121.59955541,39.46637029,LFC,drone,1
Lower Robinson,2024-10-30T00:00:00Z,-121.59962868,39.46634299,LFC,drone,1
Lower Robinson,2024-10-30T00:00:00Z,-121.59971279,39.46629672,LFC,drone,1
Lower Robinson,2024-10-30T00:00:00Z,-121.59983741,39.46625906,LFC,drone,1
Lower Robinson,2024-10-30T00:00:00Z,-121.59979963,39.46620702,LFC,drone,1
Lower Robinson,2024-10-30T00:00:00Z,-121.59979899,39.46617739,LFC,drone,1
Lower Robinson,2024-10-30T00:00:00Z,-121.59983315,39.4660412,LFC,drone,1
Lower Robinson,2024-10-30T00:00:00Z,-121.59984159,39.46608095,LFC,drone,1
Lower Robinson,2024-10-30T00:00:00Z,-121.59993476,39.46607538,LFC,drone,1
Lower Robinson,2024-10-30T00:00:00Z,-121.60002136,39.46608932,LFC,drone,1
Lower Robinson,2024-10-30T00:00:00Z,-121.60009232,39.46611549,LFC,drone,1
Lower Robinson,2024-10-30T00:00:00Z,-121.60012544,39.46603087,LFC,drone,1
Lower Robinson,2024-10-30T00:00:00Z,-121.60012638,39.46598407,LFC,drone,1
Lower Robinson,2024-10-30T00:00:00Z,-121.60017001,39.46608251,LFC,drone,1
Lower Robinson,2024-10-30T00:00:00Z,-121.60033201,39.46602428,LFC,drone,1
Lower Robinson,2024-10-30T00:00:00Z,-121.60020513,39.46614407,LFC,drone,1
Lower Robinson,2024-10-30T00:00:00Z,-121.60013015,39.46619571,LFC,drone,1
Lower Robinson,2024-10-30T00:00:00Z,-121.60012352,39.46615742,LFC,drone,1
Lower Robinson,2024-10-30T00:00:00Z,-121.60002203,39.46614808,LFC,drone,1
Lower Robinson,2024-10-30T00:00:00Z,-121.60006183,39.46606879,LFC,drone,1
Lower Robinson,2024-10-30T00:00:00Z,-121.59936264,39.46615017,LFC,drone,1
Lower Robinson,2024-10-30T00:00:00Z,-121.59813988,39.46680953,LFC,drone,1
Lower Robinson,2024-10-30T00:00:00Z,-121.59811379,39.46669489,LFC,drone,1
Lower Robinson,2024-10-30T00:00:00Z,-121.5981267,39.4667198,LFC,drone,1
Lower Robinson,2024-10-30T00:00:00Z,-121.59798016,39.46680943,LFC,drone,1
Lower Robinson,2024-10-30T00:00:00Z,-121.59697325,39.4666864,LFC,drone,1
Lower Robinson,2024-10-30T00:00:00Z,-121.59724126,39.4672413,LFC,drone,1
Lower Robinson,2024-11-14T00:00:00Z,-121.59807537,39.46664047,LFC,drone,1
Lower Robinson,2024-11-14T00:00:00Z,-121.59825785,39.46660589,LFC,drone,1
Lower Robinson,2024-11-14T00:00:00Z,-121.59935191,39.46622407,LFC,drone,1
Lower Robinson,2024-11-14T00:00:00Z,-121.59920293,39.46615541,LFC,drone,1
Lower Robinson,2024-11-14T00:00:00Z,-121.59948007,39.46607134,LFC,drone,1
Lower Robinson,2024-11-14T00:00:00Z,-121.59989634,39.46599372,LFC,drone,1
Lower Robinson,2024-11-14T00:00:00Z,-121.59743766,39.46675887,LFC,drone,1
Lower Robinson,2025-09-10T00:00:00Z,NA,NA,LFC,drone,0
Lower Robinson,2025-09-25T00:00:00Z,-121.59742785,39.46695619,LFC,drone,1
Lower Robinson,2025-09-25T00:00:00Z,-121.59761114,39.46693585,LFC,drone,1
Lower Robinson,2025-09-25T00:00:00Z,-121.59760937,39.46699428,LFC,drone,1
Lower Robinson,2025-09-25T00:00:00Z,-121.59764604,39.46685343,LFC,drone,1
Lower Robinson,2025-09-25T00:00:00Z,-121.59779095,39.4668225,LFC,drone,1
Lower Robinson,2025-09-25T00:00:00Z,-121.59776928,39.46686689,LFC,drone,1
Lower Robinson,2025-09-25T00:00:00Z,-121.59788622,39.46686876,LFC,drone,1
Lower Robinson,2025-09-25T00:00:00Z,-121.59789979,39.46673076,LFC,drone,1
Lower Robinson,2025-09-25T00:00:00Z,-121.59815118,39.46675538,LFC,drone,1
Lower Robinson,2025-09-25T00:00:00Z,-121.59830151,39.466709,LFC,drone,1
Lower Robinson,2025-09-25T00:00:00Z,-121.598202,39.46662816,LFC,drone,1
Lower Robinson,2025-09-25T00:00:00Z,-121.59867761,39.46645994,LFC,drone,1
Lower Robinson,2025-09-25T00:00:00Z,-121.59875663,39.46644891,LFC,drone,1
Lower Robinson,2025-09-25T00:00:00Z,-121.59870433,39.46649805,LFC,drone,1
Lower Robinson,2025-09-25T00:00:00Z,-121.59959057,39.46611647,LFC,drone,1
Lower Robinson,2025-09-25T00:00:00Z,-121.59957730000001,39.46607714,LFC,drone,1
Lower Robinson,2025-09-25T00:00:00Z,-121.59933654,39.46616348,LFC,drone,1
Lower Robinson,2025-09-25T00:00:00Z,-121.59977498,39.46624446,LFC,drone,1
Lower Robinson,2025-09-25T00:00:00Z,-121.59998982,39.46610508,LFC,drone,1
Lower Robinson,2025-09-25T00:00:00Z,-121.60002247,39.46614435,LFC,drone,1
Lower Robinson,2025-09-25T00:00:00Z,-121.60030456,39.46610062,LFC,drone,1
Lower Robinson,2025-09-25T00:00:00Z,-121.59844678,39.46672007,LFC,drone,1
Lower Robinson,2025-09-25T00:00:00Z,-121.59842274,39.46668708,LFC,drone,1
Lower Robinson,2025-09-25T00:00:00Z,-121.59813221,39.46682938,LFC,drone,1
Lower Robinson,2025-09-25T00:00:00Z,-121.5979681,39.4667661,LFC,drone,1
Lower Robinson,2025-10-09T00:00:00Z,-121.5983718,39.46664944,LFC,drone,1
Lower Robinson,2025-10-09T00:00:00Z,-121.59862662,39.46657269,LFC,drone,1
Lower Robinson,2025-10-09T00:00:00Z,-121.59825273,39.46666526,LFC,drone,1
Lower Robinson,2025-10-09T00:00:00Z,-121.59804295,39.46680872,LFC,drone,1
Lower Robinson,2025-10-09T00:00:00Z,-121.59803528,39.46686759,LFC,drone,1
Lower Robinson,2025-10-09T00:00:00Z,-121.59785508,39.46692438,LFC,drone,1
Lower Robinson,2025-10-09T00:00:00Z,-121.59780317,39.46696834,LFC,drone,1
Lower Robinson,2025-10-09T00:00:00Z,-121.5977416,39.46680005,LFC,drone,1
Lower Robinson,2025-10-09T00:00:00Z,-121.59806374,39.46668128,LFC,drone,1
Lower Robinson,2025-10-09T00:00:00Z,-121.59811846,39.46668164,LFC,drone,1
Lower Robinson,2025-10-09T00:00:00Z,-121.59759703,39.46697664,LFC,drone,1
Lower Robinson,2025-10-09T00:00:00Z,-121.59762414,39.46690932,LFC,drone,1
Lower Robinson,2025-10-09T00:00:00Z,-121.59793678,39.46680493,LFC,drone,1
Lower Robinson,2025-10-09T00:00:00Z,-121.5986284,39.4665155,LFC,drone,1
Lower Robinson,2025-10-09T00:00:00Z,-121.59872536,39.46653646,LFC,drone,1
Lower Robinson,2025-10-09T00:00:00Z,-121.59885141,39.46640957,LFC,drone,1
Lower Robinson,2025-10-09T00:00:00Z,-121.5989438,39.46636917,LFC,drone,1
Lower Robinson,2025-10-09T00:00:00Z,-121.59889314,39.46640586,LFC,drone,1
Lower Robinson,2025-10-09T00:00:00Z,-121.59943773,39.46612991,LFC,drone,1
Lower Robinson,2025-10-09T00:00:00Z,-121.59951455,39.46617778,LFC,drone,1
Lower Robinson,2025-10-09T00:00:00Z,-121.59952368,39.46610747,LFC,drone,1
Lower Robinson,2025-10-09T00:00:00Z,-121.59951716,39.46613685,LFC,drone,1
Lower Robinson,2025-10-09T00:00:00Z,-121.59961423,39.466063,LFC,drone,1
Lower Robinson,2025-10-09T00:00:00Z,-121.59965601,39.46608191,LFC,drone,1
Lower Robinson,2025-10-09T00:00:00Z,-121.5997017,39.4661133,LFC,drone,1
Lower Robinson,2025-10-09T00:00:00Z,-121.59952473,39.46638087,LFC,drone,1
Lower Robinson,2025-10-09T00:00:00Z,-121.59989899,39.4662003,LFC,drone,1
Lower Robinson,2025-10-09T00:00:00Z,-121.59989239,39.4661693,LFC,drone,1
Lower Robinson,2025-10-09T00:00:00Z,-121.60021236,39.46615047,LFC,drone,1
Lower Robinson,2025-10-09T00:00:00Z,-121.60036867,39.46610476,LFC,drone,1
Lower Robinson,2025-10-09T00:00:00Z,-121.60008868,39.46615825,LFC,drone,1
Lower Robinson,2025-10-09T00:00:00Z,-121.59999504,39.46620689,LFC,drone,1
Lower Robinson,2025-10-09T00:00:00Z,-121.59935894,39.46622149,LFC,drone,1
Lower Robinson,2025-10-09T00:00:00Z,-121.59794607,39.46673661,LFC,drone,1
Lower Robinson,2025-10-28T00:00:00Z,-121.59744221,39.46687842,LFC,drone,1
Lower Robinson,2025-10-28T00:00:00Z,-121.59758028,39.46684053,LFC,drone,1
Lower Robinson,2025-10-28T00:00:00Z,-121.59756749,39.46703934,LFC,drone,1
Lower Robinson,2025-10-28T00:00:00Z,-121.59762605,39.46708055,LFC,drone,1
Lower Robinson,2025-10-28T00:00:00Z,-121.59776683,39.46701827,LFC,drone,1
Lower Robinson,2025-10-28T00:00:00Z,-121.59771413,39.46698174,LFC,drone,1
Lower Robinson,2025-10-28T00:00:00Z,-121.59776252,39.4669132,LFC,drone,1
Lower Robinson,2025-10-28T00:00:00Z,-121.5976599,39.46675663,LFC,drone,1
Lower Robinson,2025-10-28T00:00:00Z,-121.59784474,39.4666999,LFC,drone,1
Lower Robinson,2025-10-28T00:00:00Z,-121.59781602,39.46679016,LFC,drone,1
Lower Robinson,2025-10-28T00:00:00Z,-121.59784211,39.46684751,LFC,drone,1
Lower Robinson,2025-10-28T00:00:00Z,-121.59771105,39.46686894,LFC,drone,1
Lower Robinson,2025-10-28T00:00:00Z,-121.59787686,39.46680959,LFC,drone,1
Lower Robinson,2025-10-28T00:00:00Z,-121.59738374,39.46701794,LFC,drone,1
Lower Robinson,2025-10-28T00:00:00Z,-121.597482,39.46697598,LFC,drone,1
Lower Robinson,2025-10-28T00:00:00Z,-121.59800418,39.46673299,LFC,drone,1
Lower Robinson,2025-10-28T00:00:00Z,-121.59803404,39.46676016,LFC,drone,1
Lower Robinson,2025-10-28T00:00:00Z,-121.59814108,39.46695804,LFC,drone,1
Lower Robinson,2025-10-28T00:00:00Z,-121.59809532,39.46684985,LFC,drone,1
Lower Robinson,2025-10-28T00:00:00Z,-121.598436,39.46681233,LFC,drone,1
Lower Robinson,2025-10-28T00:00:00Z,-121.59842399,39.46675972,LFC,drone,1
Lower Robinson,2025-10-28T00:00:00Z,-121.59821485,39.46682531,LFC,drone,1
Lower Robinson,2025-10-28T00:00:00Z,-121.59824308,39.4667017,LFC,drone,1
Lower Robinson,2025-10-28T00:00:00Z,-121.59845136,39.46662439,LFC,drone,1
Lower Robinson,2025-10-28T00:00:00Z,-121.59847858,39.4665935,LFC,drone,1
Lower Robinson,2025-10-28T00:00:00Z,-121.59830541,39.46666358,LFC,drone,1
Lower Robinson,2025-10-28T00:00:00Z,-121.59870632,39.466588,LFC,drone,1
Lower Robinson,2025-10-28T00:00:00Z,-121.59878532,39.46653328,LFC,drone,1
Lower Robinson,2025-10-28T00:00:00Z,-121.59876786,39.46649478,LFC,drone,1
Lower Robinson,2025-10-28T00:00:00Z,-121.59891214,39.46644408,LFC,drone,1
Lower Robinson,2025-10-28T00:00:00Z,-121.59896487,39.46641085,LFC,drone,1
Lower Robinson,2025-10-28T00:00:00Z,-121.59880035,39.46639524,LFC,drone,1
Lower Robinson,2025-10-28T00:00:00Z,-121.59970312,39.46630892,LFC,drone,1
Lower Robinson,2025-10-28T00:00:00Z,-121.59944125,39.46619126,LFC,drone,1
Lower Robinson,2025-10-28T00:00:00Z,-121.59911306,39.46627299,LFC,drone,1
Lower Robinson,2025-10-28T00:00:00Z,-121.59979438,39.46620552,LFC,drone,1
Lower Robinson,2025-10-28T00:00:00Z,-121.59962998,39.4661411,LFC,drone,1
Lower Robinson,2025-10-28T00:00:00Z,-121.60015632,39.4660051,LFC,drone,1
Lower Robinson,2025-10-28T00:00:00Z,-121.60025289,39.46607483,LFC,drone,1
Lower Robinson,2025-10-28T00:00:00Z,-121.60005959,39.46609355,LFC,drone,1
Lower Robinson,2025-10-28T00:00:00Z,-121.60013304,39.46615945,LFC,drone,1
Lower Robinson,2025-10-28T00:00:00Z,-121.59945729,39.46610207,LFC,drone,1
Lower Robinson,2025-10-28T00:00:00Z,-121.5991198,39.46634084,LFC,drone,1
Lower Robinson,2025-10-28T00:00:00Z,-121.59770804,39.46683317,LFC,drone,1
Lower Robinson,2025-11-18T00:00:00Z,-121.59802447,39.46665017,LFC,drone,1
Lower Robinson,2025-11-18T00:00:00Z,-121.60012169,39.46619245,LFC,drone,1
Lower Table Mountain,2024-09-09T00:00:00Z,-121.55270965,39.51712317,LFC,drone,1
Lower Table Mountain,2024-09-09T00:00:00Z,-121.55260262,39.5171758,LFC,drone,1
Lower Table Mountain,2024-09-09T00:00:00Z,-121.55251383,39.51712212,LFC,drone,1
Lower Table Mountain,2024-09-09T00:00:00Z,-121.55254937,39.51715308,LFC,drone,1
Lower Table Mountain,2024-09-09T00:00:00Z,-121.55256346,39.51716042,LFC,drone,1
Lower Table Mountain,2024-09-09T00:00:00Z,-121.55247113,39.51715388,LFC,drone,1
Lower Table Mountain,2024-09-09T00:00:00Z,-121.55237565,39.5171833,LFC,drone,1
Lower Table Mountain,2024-09-09T00:00:00Z,-121.55239822,39.51716967,LFC,drone,1
Lower Table Mountain,2024-09-09T00:00:00Z,-121.55261939,39.51718709,LFC,drone,1
Lower Table Mountain,2024-09-09T00:00:00Z,-121.5526579,39.51717568,LFC,drone,1
Lower Table Mountain,2024-09-09T00:00:00Z,-121.55264056,39.5171109,LFC,drone,1
Lower Table Mountain,2024-09-09T00:00:00Z,-121.55255827,39.5171455,LFC,drone,1
Lower Table Mountain,2024-09-09T00:00:00Z,-121.5527266,39.51717327,LFC,drone,1
Lower Table Mountain,2024-09-09T00:00:00Z,-121.55277988,39.51723047,LFC,drone,1
Lower Table Mountain,2024-09-09T00:00:00Z,-121.55277467,39.51729765,LFC,drone,1
Lower Table Mountain,2024-09-09T00:00:00Z,-121.55270506,39.51729261,LFC,drone,1
Lower Table Mountain,2024-09-09T00:00:00Z,-121.55262925,39.51720956,LFC,drone,1
Lower Table Mountain,2024-09-09T00:00:00Z,-121.55253634,39.51721481,LFC,drone,1
Lower Table Mountain,2024-09-09T00:00:00Z,-121.55232398,39.51717565,LFC,drone,1
Lower Table Mountain,2024-09-09T00:00:00Z,-121.55244087,39.51715995,LFC,drone,1
Lower Table Mountain,2024-09-09T00:00:00Z,-121.55267837,39.51714143,LFC,drone,1
Lower Table Mountain,2024-09-09T00:00:00Z,-121.55237697,39.51730222,LFC,drone,1
Lower Table Mountain,2024-09-09T00:00:00Z,-121.55242625,39.51722002,LFC,drone,1
Lower Table Mountain,2024-09-09T00:00:00Z,-121.55246543,39.51729545,LFC,drone,1
Lower Table Mountain,2024-09-09T00:00:00Z,-121.55245684,39.51728822,LFC,drone,1
Lower Table Mountain,2024-09-09T00:00:00Z,-121.552491,39.51722441,LFC,drone,1
Lower Table Mountain,2024-09-09T00:00:00Z,-121.5524223,39.51728257,LFC,drone,1
Lower Table Mountain,2024-09-09T00:00:00Z,-121.5522622,39.51742097,LFC,drone,1
Lower Table Mountain,2024-09-09T00:00:00Z,-121.5522786,39.51734046,LFC,drone,1
Lower Table Mountain,2024-09-09T00:00:00Z,-121.55220964,39.51734249,LFC,drone,1
Lower Table Mountain,2024-09-09T00:00:00Z,-121.552179,39.51740716,LFC,drone,1
Lower Table Mountain,2024-09-09T00:00:00Z,-121.55213568,39.51743029,LFC,drone,1
Lower Table Mountain,2024-09-09T00:00:00Z,-121.55218218,39.51743567,LFC,drone,1
Lower Table Mountain,2024-09-09T00:00:00Z,-121.55197602,39.51747947,LFC,drone,1
Lower Table Mountain,2024-09-18T00:00:00Z,-121.55268156,39.51706031,LFC,drone,1
Lower Table Mountain,2024-09-18T00:00:00Z,-121.55271387,39.51707263,LFC,drone,1
Lower Table Mountain,2024-09-18T00:00:00Z,-121.55270574,39.51708528,LFC,drone,1
Lower Table Mountain,2024-09-18T00:00:00Z,-121.55273376,39.51709755,LFC,drone,1
Lower Table Mountain,2024-09-18T00:00:00Z,-121.55275863,39.51712363,LFC,drone,1
Lower Table Mountain,2024-09-18T00:00:00Z,-121.55284815,39.51720861,LFC,drone,1
Lower Table Mountain,2024-09-18T00:00:00Z,-121.55278799,39.51720882,LFC,drone,1
Lower Table Mountain,2024-09-18T00:00:00Z,-121.55277936,39.51719347,LFC,drone,1
Lower Table Mountain,2024-09-18T00:00:00Z,-121.55277873,39.51717239,LFC,drone,1
Lower Table Mountain,2024-09-18T00:00:00Z,-121.55264065,39.51708067,LFC,drone,1
Lower Table Mountain,2024-09-18T00:00:00Z,-121.55265186,39.51709459,LFC,drone,1
Lower Table Mountain,2024-09-18T00:00:00Z,-121.55271323,39.51705211,LFC,drone,1
Lower Table Mountain,2024-09-18T00:00:00Z,-121.55272953,39.51710908,LFC,drone,1
Lower Table Mountain,2024-09-18T00:00:00Z,-121.55272883,39.51719558,LFC,drone,1
Lower Table Mountain,2024-09-18T00:00:00Z,-121.55263683,39.51714777,LFC,drone,1
Lower Table Mountain,2024-09-18T00:00:00Z,-121.55262159,39.51714279,LFC,drone,1
Lower Table Mountain,2024-09-18T00:00:00Z,-121.5525697,39.51712654,LFC,drone,1
Lower Table Mountain,2024-09-18T00:00:00Z,-121.55254901,39.51711918,LFC,drone,1
Lower Table Mountain,2024-09-18T00:00:00Z,-121.55253882,39.51711356,LFC,drone,1
Lower Table Mountain,2024-09-18T00:00:00Z,-121.55259093,39.51716317,LFC,drone,1
Lower Table Mountain,2024-09-18T00:00:00Z,-121.55246371,39.51712398,LFC,drone,1
Lower Table Mountain,2024-09-18T00:00:00Z,-121.55248182,39.51713449,LFC,drone,1
Lower Table Mountain,2024-09-18T00:00:00Z,-121.55252365,39.5171382,LFC,drone,1
Lower Table Mountain,2024-09-18T00:00:00Z,-121.55269359,39.51721781,LFC,drone,1
Lower Table Mountain,2024-09-18T00:00:00Z,-121.55274643,39.51723832,LFC,drone,1
Lower Table Mountain,2024-09-18T00:00:00Z,-121.55266394,39.51728755,LFC,drone,1
Lower Table Mountain,2024-09-18T00:00:00Z,-121.55255828,39.5172025,LFC,drone,1
Lower Table Mountain,2024-09-18T00:00:00Z,-121.55240727,39.51715059,LFC,drone,1
Lower Table Mountain,2024-09-18T00:00:00Z,-121.5523843,39.51716485,LFC,drone,1
Lower Table Mountain,2024-09-18T00:00:00Z,-121.55247777,39.51721924,LFC,drone,1
Lower Table Mountain,2024-09-18T00:00:00Z,-121.55253549,39.51725207,LFC,drone,1
Lower Table Mountain,2024-09-18T00:00:00Z,-121.55253475,39.51718855,LFC,drone,1
Lower Table Mountain,2024-09-18T00:00:00Z,-121.55259307,39.51727181,LFC,drone,1
Lower Table Mountain,2024-09-18T00:00:00Z,-121.55260871,39.51729418,LFC,drone,1
Lower Table Mountain,2024-09-18T00:00:00Z,-121.55247077,39.51726724,LFC,drone,1
Lower Table Mountain,2024-09-18T00:00:00Z,-121.55232786,39.51723857,LFC,drone,1
Lower Table Mountain,2024-09-18T00:00:00Z,-121.55227894,39.51723297,LFC,drone,1
Lower Table Mountain,2024-09-18T00:00:00Z,-121.55235383,39.51728047,LFC,drone,1
Lower Table Mountain,2024-09-18T00:00:00Z,-121.55240835,39.51729196,LFC,drone,1
Lower Table Mountain,2024-09-18T00:00:00Z,-121.55251407,39.51733203,LFC,drone,1
Lower Table Mountain,2024-09-18T00:00:00Z,-121.55221283,39.5173907,LFC,drone,1
Lower Table Mountain,2024-09-18T00:00:00Z,-121.55241617,39.5171737,LFC,drone,1
Lower Table Mountain,2024-09-18T00:00:00Z,-121.55245446,39.5171739,LFC,drone,1
Lower Table Mountain,2024-09-18T00:00:00Z,-121.552516,39.51723866,LFC,drone,1
Lower Table Mountain,2024-09-18T00:00:00Z,-121.55239468,39.5172716,LFC,drone,1
Lower Table Mountain,2024-09-18T00:00:00Z,-121.55244396,39.51730326,LFC,drone,1
Lower Table Mountain,2024-09-18T00:00:00Z,-121.55250926,39.51730212,LFC,drone,1
Lower Table Mountain,2024-09-18T00:00:00Z,-121.55214187,39.51730222,LFC,drone,1
Lower Table Mountain,2024-09-18T00:00:00Z,-121.55231458,39.51743442,LFC,drone,1
Lower Table Mountain,2024-09-18T00:00:00Z,-121.55236883,39.51715969,LFC,drone,1
Lower Table Mountain,2024-09-18T00:00:00Z,-121.55241684,39.5171202,LFC,drone,1
Lower Table Mountain,2024-09-18T00:00:00Z,-121.55252146,39.51710039,LFC,drone,1
Lower Table Mountain,2024-09-18T00:00:00Z,-121.55250188,39.51721369,LFC,drone,1
Lower Table Mountain,2024-09-18T00:00:00Z,-121.55245151,39.51723701,LFC,drone,1
Lower Table Mountain,2024-09-18T00:00:00Z,-121.55244503,39.51725147,LFC,drone,1
Lower Table Mountain,2024-09-18T00:00:00Z,-121.55238617,39.51725109,LFC,drone,1
Lower Table Mountain,2024-09-18T00:00:00Z,-121.55223916,39.51721644,LFC,drone,1
Lower Table Mountain,2024-09-18T00:00:00Z,-121.55269376,39.51718273,LFC,drone,1
Lower Table Mountain,2024-09-18T00:00:00Z,-121.55268776,39.51712198,LFC,drone,1
Lower Table Mountain,2024-09-18T00:00:00Z,-121.55270409,39.51714063,LFC,drone,1
Lower Table Mountain,2024-09-18T00:00:00Z,-121.55207575,39.51745301,LFC,drone,1
Lower Table Mountain,2024-09-18T00:00:00Z,-121.55207165,39.5174409,LFC,drone,1
Lower Table Mountain,2024-09-18T00:00:00Z,-121.55197225,39.51746254,LFC,drone,1
Lower Table Mountain,2024-09-18T00:00:00Z,-121.55199565,39.51752688,LFC,drone,1
Lower Table Mountain,2024-09-18T00:00:00Z,-121.55185704,39.51752887,LFC,drone,1
Lower Table Mountain,2024-09-23T00:00:00Z,-121.55216809,39.51735909,LFC,drone,1
Lower Table Mountain,2024-09-23T00:00:00Z,-121.5521782,39.51734734,LFC,drone,1
Lower Table Mountain,2024-09-23T00:00:00Z,-121.55229978,39.51724112,LFC,drone,1
Lower Table Mountain,2024-09-23T00:00:00Z,-121.55267712,39.5173394,LFC,drone,1
Lower Table Mountain,2024-09-23T00:00:00Z,-121.5526704,39.51732575,LFC,drone,1
Lower Table Mountain,2024-09-23T00:00:00Z,-121.55199565,39.51750241,LFC,drone,1
Lower Table Mountain,2024-09-23T00:00:00Z,-121.5519756,39.5174959,LFC,drone,1
Lower Table Mountain,2024-09-23T00:00:00Z,-121.55206053,39.51746708,LFC,drone,1
Lower Table Mountain,2024-09-30T00:00:00Z,-121.55221867,39.51740861,LFC,drone,1
Lower Table Mountain,2024-09-30T00:00:00Z,-121.55218619,39.51738649,LFC,drone,1
Lower Table Mountain,2024-09-30T00:00:00Z,-121.5521255,39.51737216,LFC,drone,1
Lower Table Mountain,2024-09-30T00:00:00Z,-121.55233973,39.51731729,LFC,drone,1
Lower Table Mountain,2024-09-30T00:00:00Z,-121.55225867,39.51723756,LFC,drone,1
Lower Table Mountain,2024-09-30T00:00:00Z,-121.55243749,39.51726747,LFC,drone,1
Lower Table Mountain,2024-09-30T00:00:00Z,-121.55279493,39.51723555,LFC,drone,1
Lower Table Mountain,2024-09-30T00:00:00Z,-121.55264174,39.51732159,LFC,drone,1
Lower Table Mountain,2024-10-07T00:00:00Z,-121.55223877,39.5173524,LFC,drone,1
Lower Table Mountain,2024-10-07T00:00:00Z,-121.5522937,39.51717122,LFC,drone,1
Lower Table Mountain,2024-10-07T00:00:00Z,-121.55221238,39.51720549,LFC,drone,1
Lower Table Mountain,2024-10-07T00:00:00Z,-121.55239361,39.51732176,LFC,drone,1
Lower Table Mountain,2024-10-07T00:00:00Z,-121.55280756,39.51726882,LFC,drone,1
Lower Table Mountain,2024-10-07T00:00:00Z,-121.55284668,39.51724162,LFC,drone,1
Lower Table Mountain,2024-10-07T00:00:00Z,-121.55286834,39.51721095,LFC,drone,1
Lower Table Mountain,2024-10-07T00:00:00Z,-121.55267644,39.51710215,LFC,drone,1
Lower Table Mountain,2024-10-07T00:00:00Z,-121.55270867,39.51703523,LFC,drone,1
Lower Table Mountain,2024-10-07T00:00:00Z,-121.55234025,39.51715714,LFC,drone,1
Lower Table Mountain,2024-10-15T00:00:00Z,-121.55238927,39.51739554,LFC,drone,1
Lower Table Mountain,2024-10-15T00:00:00Z,-121.55224435,39.5173199,LFC,drone,1
Lower Table Mountain,2024-10-15T00:00:00Z,-121.55222734,39.51726105,LFC,drone,1
Lower Table Mountain,2024-10-15T00:00:00Z,-121.5523281,39.51726991,LFC,drone,1
Lower Table Mountain,2024-10-15T00:00:00Z,-121.55236385,39.51733713,LFC,drone,1
Lower Table Mountain,2024-10-15T00:00:00Z,-121.55230784,39.51719908,LFC,drone,1
Lower Table Mountain,2024-10-15T00:00:00Z,-121.55250062,39.51726554,LFC,drone,1
Lower Table Mountain,2024-10-15T00:00:00Z,-121.55249874,39.51732198,LFC,drone,1
Lower Table Mountain,2024-10-15T00:00:00Z,-121.55274514,39.51727076,LFC,drone,1
Lower Table Mountain,2024-10-15T00:00:00Z,-121.55269851,39.51725443,LFC,drone,1
Lower Table Mountain,2024-10-15T00:00:00Z,-121.55265284,39.51725984,LFC,drone,1
Lower Table Mountain,2024-10-15T00:00:00Z,-121.55284255,39.51727143,LFC,drone,1
Lower Table Mountain,2024-10-15T00:00:00Z,-121.55258684,39.51719767,LFC,drone,1
Lower Table Mountain,2024-10-15T00:00:00Z,-121.55248152,39.51717247,LFC,drone,1
Lower Table Mountain,2024-10-15T00:00:00Z,-121.55242857,39.51719081,LFC,drone,1
Lower Table Mountain,2024-10-15T00:00:00Z,-121.55244369,39.5171378,LFC,drone,1
Lower Table Mountain,2024-10-15T00:00:00Z,-121.55248556,39.51707914,LFC,drone,1
Lower Table Mountain,2024-10-15T00:00:00Z,-121.55264473,39.51704258,LFC,drone,1
Lower Table Mountain,2024-10-15T00:00:00Z,-121.55266914,39.51708251,LFC,drone,1
Lower Table Mountain,2024-10-15T00:00:00Z,-121.55260382,39.51712242,LFC,drone,1
Lower Table Mountain,2024-10-15T00:00:00Z,-121.55293171,39.51726494,LFC,drone,1
Lower Table Mountain,2024-10-15T00:00:00Z,-121.55271457,39.51732521,LFC,drone,1
Lower Table Mountain,2024-10-15T00:00:00Z,-121.55220083,39.51725529,LFC,drone,1
Lower Table Mountain,2024-10-15T00:00:00Z,-121.55274272,39.51721861,LFC,drone,1
Lower Table Mountain,2024-10-15T00:00:00Z,-121.55273941,39.51714148,LFC,drone,1
Lower Table Mountain,2024-10-21T00:00:00Z,-121.55237174,39.5173622,LFC,drone,1
Lower Table Mountain,2024-10-21T00:00:00Z,-121.55249098,39.51739192,LFC,drone,1
Lower Table Mountain,2024-10-21T00:00:00Z,-121.55242088,39.51732481,LFC,drone,1
Lower Table Mountain,2024-10-21T00:00:00Z,-121.55221327,39.51729725,LFC,drone,1
Lower Table Mountain,2024-10-21T00:00:00Z,-121.55227126,39.517273,LFC,drone,1
Lower Table Mountain,2024-10-21T00:00:00Z,-121.5522556,39.51718323,LFC,drone,1
Lower Table Mountain,2024-10-21T00:00:00Z,-121.55234979,39.51713663,LFC,drone,1
Lower Table Mountain,2024-10-21T00:00:00Z,-121.55247545,39.51719465,LFC,drone,1
Lower Table Mountain,2024-10-21T00:00:00Z,-121.55255786,39.51724291,LFC,drone,1
Lower Table Mountain,2024-10-21T00:00:00Z,-121.55259352,39.5172135,LFC,drone,1
Lower Table Mountain,2024-10-21T00:00:00Z,-121.55270957,39.51722851,LFC,drone,1
Lower Table Mountain,2024-10-21T00:00:00Z,-121.55266456,39.51720189,LFC,drone,1
Lower Table Mountain,2024-10-21T00:00:00Z,-121.55257082,39.5170916,LFC,drone,1
Lower Table Mountain,2024-10-21T00:00:00Z,-121.55280811,39.51714125,LFC,drone,1
Lower Table Mountain,2024-10-21T00:00:00Z,-121.55291049,39.5172739,LFC,drone,1
Lower Table Mountain,2024-10-28T00:00:00Z,-121.55197851,39.51739865,LFC,drone,1
Lower Table Mountain,2024-10-28T00:00:00Z,-121.55210697,39.51752047,LFC,drone,1
Lower Table Mountain,2024-10-28T00:00:00Z,-121.55211764,39.51739552,LFC,drone,1
Lower Table Mountain,2024-10-28T00:00:00Z,-121.552299,39.51738979,LFC,drone,1
Lower Table Mountain,2024-10-28T00:00:00Z,-121.55234989,39.51738034,LFC,drone,1
Lower Table Mountain,2024-10-28T00:00:00Z,-121.55218555,39.51727962,LFC,drone,1
Lower Table Mountain,2024-10-28T00:00:00Z,-121.55244859,39.51733641,LFC,drone,1
Lower Table Mountain,2024-10-28T00:00:00Z,-121.55236424,39.51725092,LFC,drone,1
Lower Table Mountain,2024-10-28T00:00:00Z,-121.55239383,39.5172301,LFC,drone,1
Lower Table Mountain,2024-10-28T00:00:00Z,-121.55251566,39.51708812,LFC,drone,1
Lower Table Mountain,2024-10-28T00:00:00Z,-121.55280473,39.51731756,LFC,drone,1
Lower Table Mountain,2024-11-04T00:00:00Z,-121.55255395,39.51739759,LFC,drone,1
Lower Table Mountain,2024-11-04T00:00:00Z,-121.55251186,39.51736558,LFC,drone,1
Lower Table Mountain,2024-11-04T00:00:00Z,-121.55219904,39.51724007,LFC,drone,1
Lower Table Mountain,2025-09-04T00:00:00Z,-121.55221536,39.51728053,LFC,drone,1
Lower Table Mountain,2025-09-04T00:00:00Z,-121.55283583,39.51703116,LFC,drone,1
Lower Table Mountain,2025-09-04T00:00:00Z,-121.55282,39.51700881,LFC,drone,1
Lower Table Mountain,2025-09-04T00:00:00Z,-121.55224368,39.51720805,LFC,drone,1
Lower Table Mountain,2025-09-09T00:00:00Z,NA,NA,LFC,drone,0
Lower Table Mountain,2025-09-16T00:00:00Z,-121.55218385,39.51738612,LFC,drone,1
Lower Table Mountain,2025-09-16T00:00:00Z,-121.55209276,39.51743581,LFC,drone,1
Lower Table Mountain,2025-09-16T00:00:00Z,-121.55218537,39.51733438,LFC,drone,1
Lower Table Mountain,2025-09-16T00:00:00Z,-121.55215561,39.51730459,LFC,drone,1
Lower Table Mountain,2025-09-16T00:00:00Z,-121.55243731,39.51729357,LFC,drone,1
Lower Table Mountain,2025-09-16T00:00:00Z,-121.55226715,39.5172071,LFC,drone,1
Lower Table Mountain,2025-09-16T00:00:00Z,-121.55237821,39.51717063,LFC,drone,1
Lower Table Mountain,2025-09-16T00:00:00Z,-121.55241908,39.51715222,LFC,drone,1
Lower Table Mountain,2025-09-16T00:00:00Z,-121.55299107,39.51724207,LFC,drone,1
Lower Table Mountain,2025-09-16T00:00:00Z,-121.5529394,39.51720898,LFC,drone,1
Lower Table Mountain,2025-09-16T00:00:00Z,-121.55299948,39.51717296,LFC,drone,1
Lower Table Mountain,2025-09-16T00:00:00Z,-121.55304844,39.5171687,LFC,drone,1
Lower Table Mountain,2025-09-24T00:00:00Z,-121.55196094,39.51746336,LFC,drone,1
Lower Table Mountain,2025-09-24T00:00:00Z,-121.55201465,39.51749918,LFC,drone,1
Lower Table Mountain,2025-09-24T00:00:00Z,-121.55208598,39.5175271,LFC,drone,1
Lower Table Mountain,2025-09-24T00:00:00Z,-121.55213888,39.51743368,LFC,drone,1
Lower Table Mountain,2025-09-24T00:00:00Z,-121.55214545,39.51735266,LFC,drone,1
Lower Table Mountain,2025-09-24T00:00:00Z,-121.55235437,39.5173439,LFC,drone,1
Lower Table Mountain,2025-09-24T00:00:00Z,-121.5522496,39.51734638,LFC,drone,1
Lower Table Mountain,2025-09-24T00:00:00Z,-121.55225998,39.51731731,LFC,drone,1
Lower Table Mountain,2025-09-24T00:00:00Z,-121.5523438,39.51731511,LFC,drone,1
Lower Table Mountain,2025-09-24T00:00:00Z,-121.5523245,39.51726945,LFC,drone,1
Lower Table Mountain,2025-09-24T00:00:00Z,-121.5521842,39.51726825,LFC,drone,1
Lower Table Mountain,2025-09-24T00:00:00Z,-121.55226008,39.51724486,LFC,drone,1
Lower Table Mountain,2025-09-24T00:00:00Z,-121.55235551,39.51722172,LFC,drone,1
Lower Table Mountain,2025-09-24T00:00:00Z,-121.55239987,39.51723687,LFC,drone,1
Lower Table Mountain,2025-09-24T00:00:00Z,-121.55240327,39.51727476,LFC,drone,1
Lower Table Mountain,2025-09-24T00:00:00Z,-121.55247238,39.51727508,LFC,drone,1
Lower Table Mountain,2025-09-24T00:00:00Z,-121.55255817,39.51724533,LFC,drone,1
Lower Table Mountain,2025-09-24T00:00:00Z,-121.55253633,39.51722127,LFC,drone,1
Lower Table Mountain,2025-09-24T00:00:00Z,-121.55245691,39.51721325,LFC,drone,1
Lower Table Mountain,2025-09-24T00:00:00Z,-121.55253073,39.51715469,LFC,drone,1
Lower Table Mountain,2025-09-24T00:00:00Z,-121.55248862,39.51713199,LFC,drone,1
Lower Table Mountain,2025-09-24T00:00:00Z,-121.55235507,39.51717575,LFC,drone,1
Lower Table Mountain,2025-09-24T00:00:00Z,-121.55255803,39.51711312,LFC,drone,1
Lower Table Mountain,2025-09-24T00:00:00Z,-121.5526151,39.51714932,LFC,drone,1
Lower Table Mountain,2025-09-24T00:00:00Z,-121.55265312,39.51710417,LFC,drone,1
Lower Table Mountain,2025-09-24T00:00:00Z,-121.55258936,39.51707549,LFC,drone,1
Lower Table Mountain,2025-09-24T00:00:00Z,-121.55268216,39.51707158,LFC,drone,1
Lower Table Mountain,2025-09-24T00:00:00Z,-121.55292596,39.51714981,LFC,drone,1
Lower Table Mountain,2025-09-24T00:00:00Z,-121.55276408,39.51727621,LFC,drone,1
Lower Table Mountain,2025-09-24T00:00:00Z,-121.55279705,39.5173067,LFC,drone,1
Lower Table Mountain,2025-09-24T00:00:00Z,-121.55284434,39.5173154,LFC,drone,1
Lower Table Mountain,2025-09-24T00:00:00Z,-121.55290732,39.51727455,LFC,drone,1
Lower Table Mountain,2025-09-24T00:00:00Z,-121.55289117,39.51724515,LFC,drone,1
Lower Table Mountain,2025-09-24T00:00:00Z,-121.5530206,39.51726758,LFC,drone,1
Lower Table Mountain,2025-09-24T00:00:00Z,-121.55312541,39.51715821,LFC,drone,1
Lower Table Mountain,2025-09-24T00:00:00Z,-121.55311447,39.51721214,LFC,drone,1
Lower Table Mountain,2025-09-24T00:00:00Z,-121.55273711,39.51710437,LFC,drone,1
Lower Table Mountain,2025-09-24T00:00:00Z,-121.55271074,39.51700857,LFC,drone,1
Lower Table Mountain,2025-09-24T00:00:00Z,-121.55310188,39.51703034,LFC,drone,1
Lower Table Mountain,2025-09-24T00:00:00Z,-121.55306811,39.51697585,LFC,drone,1
Lower Table Mountain,2025-09-24T00:00:00Z,-121.55297413,39.51698397,LFC,drone,1
Lower Table Mountain,2025-09-24T00:00:00Z,-121.55306798,39.51692938,LFC,drone,1
Lower Table Mountain,2025-09-24T00:00:00Z,-121.55321759,39.5169211,LFC,drone,1
Lower Table Mountain,2025-09-24T00:00:00Z,-121.55298028,39.51695025,LFC,drone,1
Lower Table Mountain,2025-09-24T00:00:00Z,-121.55286743,39.51697419,LFC,drone,1
Lower Table Mountain,2025-09-24T00:00:00Z,-121.55276111,39.51705144,LFC,drone,1
Lower Table Mountain,2025-09-24T00:00:00Z,-121.55269133,39.51732511,LFC,drone,1
Lower Table Mountain,2025-10-02T00:00:00Z,-121.55208742,39.51746812,LFC,drone,1
Lower Table Mountain,2025-10-02T00:00:00Z,-121.55204121,39.51743432,LFC,drone,1
Lower Table Mountain,2025-10-02T00:00:00Z,-121.5519824,39.51742632,LFC,drone,1
Lower Table Mountain,2025-10-02T00:00:00Z,-121.55207559,39.51741433,LFC,drone,1
Lower Table Mountain,2025-10-02T00:00:00Z,-121.55202291,39.51741195,LFC,drone,1
Lower Table Mountain,2025-10-02T00:00:00Z,-121.5520283,39.51747534,LFC,drone,1
Lower Table Mountain,2025-10-02T00:00:00Z,-121.55220465,39.51741698,LFC,drone,1
Lower Table Mountain,2025-10-02T00:00:00Z,-121.55224334,39.51742577,LFC,drone,1
Lower Table Mountain,2025-10-02T00:00:00Z,-121.55232888,39.51739465,LFC,drone,1
Lower Table Mountain,2025-10-02T00:00:00Z,-121.55221595,39.51736763,LFC,drone,1
Lower Table Mountain,2025-10-02T00:00:00Z,-121.55221305,39.51733542,LFC,drone,1
Lower Table Mountain,2025-10-02T00:00:00Z,-121.55227018,39.51735966,LFC,drone,1
Lower Table Mountain,2025-10-02T00:00:00Z,-121.55230682,39.51735977,LFC,drone,1
Lower Table Mountain,2025-10-02T00:00:00Z,-121.55237676,39.51732673,LFC,drone,1
Lower Table Mountain,2025-10-02T00:00:00Z,-121.55230711,39.51730267,LFC,drone,1
Lower Table Mountain,2025-10-02T00:00:00Z,-121.55226219,39.51727132,LFC,drone,1
Lower Table Mountain,2025-10-02T00:00:00Z,-121.55221701,39.51723096,LFC,drone,1
Lower Table Mountain,2025-10-02T00:00:00Z,-121.55208817,39.51732486,LFC,drone,1
Lower Table Mountain,2025-10-02T00:00:00Z,-121.55208039,39.51735522,LFC,drone,1
Lower Table Mountain,2025-10-02T00:00:00Z,-121.55205334,39.51736665,LFC,drone,1
Lower Table Mountain,2025-10-02T00:00:00Z,-121.55230971,39.51722069,LFC,drone,1
Lower Table Mountain,2025-10-02T00:00:00Z,-121.55242709,39.51735573,LFC,drone,1
Lower Table Mountain,2025-10-02T00:00:00Z,-121.55245582,39.51737062,LFC,drone,1
Lower Table Mountain,2025-10-02T00:00:00Z,-121.55246862,39.51731368,LFC,drone,1
Lower Table Mountain,2025-10-02T00:00:00Z,-121.55248842,39.51719939,LFC,drone,1
Lower Table Mountain,2025-10-02T00:00:00Z,-121.55240415,39.51719107,LFC,drone,1
Lower Table Mountain,2025-10-02T00:00:00Z,-121.55256275,39.51716986,LFC,drone,1
Lower Table Mountain,2025-10-02T00:00:00Z,-121.55259289,39.51718165,LFC,drone,1
Lower Table Mountain,2025-10-02T00:00:00Z,-121.55264373,39.51714318,LFC,drone,1
Lower Table Mountain,2025-10-02T00:00:00Z,-121.55261144,39.5171061,LFC,drone,1
Lower Table Mountain,2025-10-02T00:00:00Z,-121.55243105,39.51727273,LFC,drone,1
Lower Table Mountain,2025-10-02T00:00:00Z,-121.55274517,39.51733616,LFC,drone,1
Lower Table Mountain,2025-10-02T00:00:00Z,-121.55268264,39.51729212,LFC,drone,1
Lower Table Mountain,2025-10-02T00:00:00Z,-121.55252562,39.517086,LFC,drone,1
Lower Table Mountain,2025-10-02T00:00:00Z,-121.55277379,39.51707628,LFC,drone,1
Lower Table Mountain,2025-10-02T00:00:00Z,-121.55282375,39.51718799,LFC,drone,1
Lower Table Mountain,2025-10-02T00:00:00Z,-121.55263053,39.51719804,LFC,drone,1
Lower Table Mountain,2025-10-02T00:00:00Z,-121.55299494,39.51729221,LFC,drone,1
Lower Table Mountain,2025-10-02T00:00:00Z,-121.55295966,39.51722706,LFC,drone,1
Lower Table Mountain,2025-10-02T00:00:00Z,-121.55287059,39.51729896,LFC,drone,1
Lower Table Mountain,2025-10-02T00:00:00Z,-121.55312718,39.51718519,LFC,drone,1
Lower Table Mountain,2025-10-02T00:00:00Z,-121.55305279,39.51713132,LFC,drone,1
Lower Table Mountain,2025-10-02T00:00:00Z,-121.55301742,39.51715614,LFC,drone,1
Lower Table Mountain,2025-10-02T00:00:00Z,-121.5529708,39.51703479,LFC,drone,1
Lower Table Mountain,2025-10-02T00:00:00Z,-121.55304952,39.51707349,LFC,drone,1
Lower Table Mountain,2025-10-02T00:00:00Z,-121.5530265,39.51697734,LFC,drone,1
Lower Table Mountain,2025-10-08T00:00:00Z,-121.5525005,39.51729922,LFC,drone,1
Lower Table Mountain,2025-10-08T00:00:00Z,-121.55238318,39.517301,LFC,drone,1
Lower Table Mountain,2025-10-08T00:00:00Z,-121.55243684,39.51723841,LFC,drone,1
Lower Table Mountain,2025-10-08T00:00:00Z,-121.55274064,39.51723246,LFC,drone,1
Lower Table Mountain,2025-10-08T00:00:00Z,-121.55308571,39.51718917,LFC,drone,1
Lower Table Mountain,2025-10-08T00:00:00Z,-121.55291828,39.51718385,LFC,drone,1
Lower Table Mountain,2025-10-08T00:00:00Z,-121.55304625,39.51724059,LFC,drone,1
Lower Table Mountain,2025-10-08T00:00:00Z,-121.5531567,39.51699811,LFC,drone,1
Lower Table Mountain,2025-10-16T00:00:00Z,-121.55222734,39.51747696,LFC,drone,1
Lower Table Mountain,2025-10-16T00:00:00Z,-121.55227985,39.5174695,LFC,drone,1
Lower Table Mountain,2025-10-16T00:00:00Z,-121.55228269,39.51743385,LFC,drone,1
Lower Table Mountain,2025-10-16T00:00:00Z,-121.5522647,39.51739253,LFC,drone,1
Lower Table Mountain,2025-10-16T00:00:00Z,-121.55252628,39.51740282,LFC,drone,1
Lower Table Mountain,2025-10-16T00:00:00Z,-121.55230628,39.51734006,LFC,drone,1
Lower Table Mountain,2025-10-16T00:00:00Z,-121.55254105,39.51733001,LFC,drone,1
Lower Table Mountain,2025-10-16T00:00:00Z,-121.55250214,39.51725382,LFC,drone,1
Lower Table Mountain,2025-10-16T00:00:00Z,-121.55261696,39.51737259,LFC,drone,1
Lower Table Mountain,2025-10-16T00:00:00Z,-121.55271975,39.51726356,LFC,drone,1
Lower Table Mountain,2025-10-16T00:00:00Z,-121.55278227,39.51734599,LFC,drone,1
Lower Table Mountain,2025-10-16T00:00:00Z,-121.55251222,39.51727287,LFC,drone,1
Lower Table Mountain,2025-10-16T00:00:00Z,-121.55242046,39.51722036,LFC,drone,1
Lower Table Mountain,2025-10-16T00:00:00Z,-121.55229688,39.51718746,LFC,drone,1
Lower Table Mountain,2025-10-16T00:00:00Z,-121.55247122,39.51716314,LFC,drone,1
Lower Table Mountain,2025-10-16T00:00:00Z,-121.55252569,39.51719572,LFC,drone,1
Lower Table Mountain,2025-10-16T00:00:00Z,-121.55267034,39.51718887,LFC,drone,1
Lower Table Mountain,2025-10-16T00:00:00Z,-121.5528477,39.5171197,LFC,drone,1
Lower Table Mountain,2025-10-16T00:00:00Z,-121.55277582,39.51715233,LFC,drone,1
Lower Table Mountain,2025-10-16T00:00:00Z,-121.55277136,39.51719878,LFC,drone,1
Lower Table Mountain,2025-10-16T00:00:00Z,-121.55290054,39.51706305,LFC,drone,1
Lower Table Mountain,2025-10-16T00:00:00Z,-121.55279452,39.51722664,LFC,drone,1
Lower Table Mountain,2025-10-16T00:00:00Z,-121.55284153,39.51721533,LFC,drone,1
Lower Table Mountain,2025-10-16T00:00:00Z,-121.55288806,39.51712615,LFC,drone,1
Lower Table Mountain,2025-10-16T00:00:00Z,-121.55258383,39.51721969,LFC,drone,1
Lower Table Mountain,2025-10-16T00:00:00Z,-121.5523445,39.51724753,LFC,drone,1
Lower Table Mountain,2025-10-16T00:00:00Z,-121.55214065,39.51728122,LFC,drone,1
Lower Table Mountain,2025-10-16T00:00:00Z,-121.55275452,39.51730401,LFC,drone,1
Lower Table Mountain,2025-10-16T00:00:00Z,-121.55284313,39.51727267,LFC,drone,1
Lower Table Mountain,2025-10-16T00:00:00Z,-121.55304487,39.51720597,LFC,drone,1
Lower Table Mountain,2025-10-16T00:00:00Z,-121.55298745,39.51711387,LFC,drone,1
Lower Table Mountain,2025-10-16T00:00:00Z,-121.55312974,39.51691775,LFC,drone,1
Lower Table Mountain,2025-10-24T00:00:00Z,-121.55316002000001,39.51711977,LFC,drone,1
Lower Table Mountain,2025-10-24T00:00:00Z,-121.55302398,39.51710456,LFC,drone,1
Lower Table Mountain,2025-10-24T00:00:00Z,-121.55289841,39.51700584,LFC,drone,1
Lower Table Mountain,2025-10-24T00:00:00Z,-121.55292374,39.51709909,LFC,drone,1
Lower Table Mountain,2025-10-24T00:00:00Z,-121.55306109,39.51726132,LFC,drone,1
Lower Table Mountain,2025-10-24T00:00:00Z,-121.5528317,39.51706668,LFC,drone,1
Lower Table Mountain,2025-10-24T00:00:00Z,-121.55277512,39.51711245,LFC,drone,1
Lower Table Mountain,2025-10-24T00:00:00Z,-121.55284386,39.51716399,LFC,drone,1
Lower Table Mountain,2025-10-24T00:00:00Z,-121.5528785,39.51722948,LFC,drone,1
Lower Table Mountain,2025-10-24T00:00:00Z,-121.55271982,39.51720131,LFC,drone,1
Lower Table Mountain,2025-10-24T00:00:00Z,-121.55236343,39.51713436,LFC,drone,1
Lower Table Mountain,2025-10-24T00:00:00Z,-121.55263911,39.51725353,LFC,drone,1
Lower Table Mountain,2025-10-24T00:00:00Z,-121.55258932,39.51728755,LFC,drone,1
Lower Table Mountain,2025-10-24T00:00:00Z,-121.55259657,39.51735861,LFC,drone,1
Lower Table Mountain,2025-10-24T00:00:00Z,-121.55239757,39.51738148,LFC,drone,1
Lower Table Mountain,2025-10-29T00:00:00Z,-121.55271358,39.51713449,LFC,drone,1
Lower Table Mountain,2025-10-29T00:00:00Z,-121.55198149,39.51751607,LFC,drone,1
Lower Table Mountain,2025-11-07T00:00:00Z,NA,NA,LFC,drone,0
Lower Table Mountain,2025-11-12T00:00:00Z,NA,NA,LFC,drone,0
Mathews,2024-10-02T00:00:00Z,-121.57941155,39.49326083,LFC,drone,1
Mathews,2024-10-02T00:00:00Z,-121.57904952,39.49219467,LFC,drone,1
Mathews,2024-10-02T00:00:00Z,-121.57903743,39.49215406,LFC,drone,1
Mathews,2024-10-02T00:00:00Z,-121.57901056,39.4921105,LFC,drone,1
Mathews,2024-10-02T00:00:00Z,-121.57896625,39.49205927,LFC,drone,1
Mathews,2024-10-02T00:00:00Z,-121.57907156,39.49186825,LFC,drone,1
Mathews,2024-10-02T00:00:00Z,-121.57902228,39.49161592,LFC,drone,1
Mathews,2024-10-02T00:00:00Z,-121.57899676,39.49158664,LFC,drone,1
Mathews,2024-10-02T00:00:00Z,-121.57896492,39.49151725,LFC,drone,1
Mathews,2024-10-02T00:00:00Z,-121.57890185,39.4915365,LFC,drone,1
Mathews,2024-10-02T00:00:00Z,-121.57896458,39.49145293,LFC,drone,1
Mathews,2024-10-16T00:00:00Z,-121.57920093,39.49324277,LFC,drone,1
Mathews,2024-10-16T00:00:00Z,-121.5791402,39.49316039,LFC,drone,1
Mathews,2024-10-16T00:00:00Z,-121.57955139,39.49330112,LFC,drone,1
Mathews,2024-10-16T00:00:00Z,-121.57958679,39.49327608,LFC,drone,1
Mathews,2024-10-16T00:00:00Z,-121.57910182,39.49336478,LFC,drone,1
Mathews,2024-10-16T00:00:00Z,-121.57911424,39.49179887,LFC,drone,1
Mathews,2024-10-16T00:00:00Z,-121.57884979,39.49153775,LFC,drone,1
Mathews,2024-10-16T00:00:00Z,-121.57906159,39.49178107,LFC,drone,1
Mathews,2024-10-16T00:00:00Z,-121.57904891,39.49174452,LFC,drone,1
Mathews,2024-10-16T00:00:00Z,-121.57891855,39.49096197,LFC,drone,1
Mathews,2024-10-30T00:00:00Z,-121.57906671,39.49332217,LFC,drone,1
Mathews,2024-10-30T00:00:00Z,-121.57914491,39.49323661,LFC,drone,1
Mathews,2024-10-30T00:00:00Z,-121.57928879,39.49329927,LFC,drone,1
Mathews,2024-10-30T00:00:00Z,-121.57927384,39.4932109,LFC,drone,1
Mathews,2024-10-30T00:00:00Z,-121.57950859,39.49334654,LFC,drone,1
Mathews,2024-10-30T00:00:00Z,-121.57907606,39.49199823,LFC,drone,1
Mathews,2024-10-30T00:00:00Z,-121.5790832,39.49192178,LFC,drone,1
Mathews,2024-10-30T00:00:00Z,-121.57909102,39.49172754,LFC,drone,1
Mathews,2024-10-30T00:00:00Z,-121.57913711,39.49165756,LFC,drone,1
Mathews,2024-10-30T00:00:00Z,-121.57903779,39.49143106,LFC,drone,1
Mathews,2024-10-30T00:00:00Z,-121.57891404,39.49141325,LFC,drone,1
Mathews,2024-10-30T00:00:00Z,-121.57900724,39.49113853,LFC,drone,1
Mathews,2024-10-30T00:00:00Z,-121.5789707,39.49107718,LFC,drone,1
Mathews,2024-10-30T00:00:00Z,-121.57895860000001,39.49120715,LFC,drone,1
Mathews,2024-10-30T00:00:00Z,-121.57931943,39.49312361,LFC,drone,1
Mathews,2024-10-30T00:00:00Z,-121.57933446,39.49337669,LFC,drone,1
Mathews,2024-11-14T00:00:00Z,-121.57908472,39.49183127,LFC,drone,1
Mathews,2024-11-14T00:00:00Z,-121.5788807,39.49133795,LFC,drone,1
Mathews,2025-09-10T00:00:00Z,NA,NA,LFC,drone,0
Mathews,2025-09-24T00:00:00Z,-121.57953829,39.49334125,LFC,drone,1
Mathews,2025-09-24T00:00:00Z,-121.57947536,39.49333141,LFC,drone,1
Mathews,2025-09-24T00:00:00Z,-121.57942249,39.49333933,LFC,drone,1
Mathews,2025-09-24T00:00:00Z,-121.5794844,39.49327101,LFC,drone,1
Mathews,2025-09-24T00:00:00Z,-121.57952838,39.49327973,LFC,drone,1
Mathews,2025-09-24T00:00:00Z,-121.57938909,39.4933892,LFC,drone,1
Mathews,2025-09-24T00:00:00Z,-121.57944466,39.49341171,LFC,drone,1
Mathews,2025-10-08T00:00:00Z,-121.57961885,39.49338005,LFC,drone,1
Mathews,2025-10-08T00:00:00Z,-121.57961381,39.49343546,LFC,drone,1
Mathews,2025-10-08T00:00:00Z,-121.57950752,39.49341399,LFC,drone,1
Mathews,2025-10-08T00:00:00Z,-121.5795495,39.49339786,LFC,drone,1
Mathews,2025-10-08T00:00:00Z,-121.57943468,39.49331578,LFC,drone,1
Mathews,2025-10-08T00:00:00Z,-121.57941302,39.49322879,LFC,drone,1
Mathews,2025-10-08T00:00:00Z,-121.57949058,39.49331899,LFC,drone,1
Mathews,2025-10-08T00:00:00Z,-121.57955929,39.4933248,LFC,drone,1
Mathews,2025-10-28T00:00:00Z,-121.57899238,39.49220148,LFC,drone,1
Mathews,2025-10-28T00:00:00Z,-121.57900354,39.49210314,LFC,drone,1
Mathews,2025-10-28T00:00:00Z,-121.57897222,39.4919922,LFC,drone,1
Mathews,2025-10-28T00:00:00Z,-121.57908275,39.49178064,LFC,drone,1
Mathews,2025-10-28T00:00:00Z,-121.5790471,39.49177246,LFC,drone,1
Mathews,2025-10-28T00:00:00Z,-121.57909239,39.49181852,LFC,drone,1
Mathews,2025-10-28T00:00:00Z,-121.57892533,39.49143815,LFC,drone,1
Mathews,2025-10-28T00:00:00Z,-121.57887611,39.49090965,LFC,drone,1
Mathews,2025-10-28T00:00:00Z,-121.57902222,39.4914601,LFC,drone,1
Mathews,2025-11-18T00:00:00Z,NA,NA,LFC,drone,0
Middle Auditorium,2024-09-18T00:00:00Z,-121.5584925,39.51563614,LFC,drone,1
Middle Auditorium,2024-09-18T00:00:00Z,-121.55945743,39.51559794,LFC,drone,1
Middle Auditorium,2024-09-18T00:00:00Z,-121.55943924,39.51558126,LFC,drone,1
Middle Auditorium,2024-09-18T00:00:00Z,-121.55923853,39.51568958,LFC,drone,1
Middle Auditorium,2024-09-23T00:00:00Z,-121.55942996,39.51552668,LFC,drone,1
Middle Auditorium,2024-09-23T00:00:00Z,-121.55936376,39.51555804,LFC,drone,1
Middle Auditorium,2024-09-23T00:00:00Z,-121.5593458,39.5155335,LFC,drone,1
Middle Auditorium,2024-09-23T00:00:00Z,-121.5592174,39.515552219999996,LFC,drone,1
Middle Auditorium,2024-09-23T00:00:00Z,-121.55929103,39.51564971,LFC,drone,1
Middle Auditorium,2024-09-23T00:00:00Z,-121.55837769,39.51563747,LFC,drone,1
Middle Auditorium,2024-09-23T00:00:00Z,-121.55858061,39.51559788,LFC,drone,1
Middle Auditorium,2024-09-30T00:00:00Z,-121.55839677,39.51562015,LFC,drone,1
Middle Auditorium,2024-09-30T00:00:00Z,-121.55868759,39.5156085,LFC,drone,1
Middle Auditorium,2024-09-30T00:00:00Z,-121.55868358,39.51559158,LFC,drone,1
Middle Auditorium,2024-09-30T00:00:00Z,-121.55920823,39.5155728,LFC,drone,1
Middle Auditorium,2024-09-30T00:00:00Z,-121.55916833,39.51561859,LFC,drone,1
Middle Auditorium,2024-09-30T00:00:00Z,-121.55942566,39.51561123,LFC,drone,1
Middle Auditorium,2024-09-30T00:00:00Z,-121.55926122,39.51568037,LFC,drone,1
Middle Auditorium,2024-10-07T00:00:00Z,-121.55810939,39.51555221,LFC,drone,1
Middle Auditorium,2024-10-07T00:00:00Z,-121.55818805,39.51560628,LFC,drone,1
Middle Auditorium,2024-10-07T00:00:00Z,-121.55912537,39.51543025,LFC,drone,1
Middle Auditorium,2024-10-07T00:00:00Z,-121.55924929,39.51541027,LFC,drone,1
Middle Auditorium,2024-10-07T00:00:00Z,-121.5594394,39.51544695,LFC,drone,1
Middle Auditorium,2024-10-15T00:00:00Z,-121.55839091,39.515540970000004,LFC,drone,1
Middle Auditorium,2024-10-15T00:00:00Z,-121.55810386,39.51558032,LFC,drone,1
Middle Auditorium,2024-10-15T00:00:00Z,-121.55847905,39.51552061,LFC,drone,1
Middle Auditorium,2024-10-15T00:00:00Z,-121.55854875,39.51554365,LFC,drone,1
Middle Auditorium,2024-10-15T00:00:00Z,-121.55879242,39.51559244,LFC,drone,1
Middle Auditorium,2024-10-15T00:00:00Z,-121.55898575,39.51557553,LFC,drone,1
Middle Auditorium,2024-10-15T00:00:00Z,-121.55831644,39.51565594,LFC,drone,1
Middle Auditorium,2024-10-15T00:00:00Z,-121.55839477,39.51566881,LFC,drone,1
Middle Auditorium,2024-10-15T00:00:00Z,-121.55833401,39.51569231,LFC,drone,1
Middle Auditorium,2024-10-15T00:00:00Z,-121.55928375,39.51562994,LFC,drone,1
Middle Auditorium,2024-10-15T00:00:00Z,-121.55942189,39.51549388,LFC,drone,1
Middle Auditorium,2024-10-15T00:00:00Z,-121.55944362,39.51564336,LFC,drone,1
Middle Auditorium,2024-10-15T00:00:00Z,-121.55951736,39.51564931,LFC,drone,1
Middle Auditorium,2024-10-21T00:00:00Z,-121.558236,39.515534,LFC,drone,1
Middle Auditorium,2024-10-21T00:00:00Z,-121.558369,39.515509,LFC,drone,1
Middle Auditorium,2024-10-21T00:00:00Z,-121.55833,39.515545,LFC,drone,1
Middle Auditorium,2024-10-21T00:00:00Z,-121.55871,39.515528,LFC,drone,1
Middle Auditorium,2024-10-21T00:00:00Z,-121.558912,39.515505,LFC,drone,1
Middle Auditorium,2024-10-21T00:00:00Z,-121.5589,39.515568,LFC,drone,1
Middle Auditorium,2024-10-21T00:00:00Z,-121.558589,39.515675,LFC,drone,1
Middle Auditorium,2024-10-21T00:00:00Z,-121.558476,39.515673,LFC,drone,1
Middle Auditorium,2024-10-21T00:00:00Z,-121.55876,39.515673,LFC,drone,1
Middle Auditorium,2024-10-21T00:00:00Z,-121.558897,39.515634,LFC,drone,1
Middle Auditorium,2024-10-21T00:00:00Z,-121.558951,39.515627,LFC,drone,1
Middle Auditorium,2024-10-21T00:00:00Z,-121.559183,39.515471,LFC,drone,1
Middle Auditorium,2024-10-21T00:00:00Z,-121.559246,39.515454,LFC,drone,1
Middle Auditorium,2024-10-21T00:00:00Z,-121.55929,39.515443,LFC,drone,1
Middle Auditorium,2024-10-21T00:00:00Z,-121.559307,39.515482,LFC,drone,1
Middle Auditorium,2024-10-21T00:00:00Z,-121.559279,39.515535,LFC,drone,1
Middle Auditorium,2024-10-21T00:00:00Z,-121.559348,39.515426,LFC,drone,1
Middle Auditorium,2024-10-21T00:00:00Z,-121.559313,39.515389,LFC,drone,1
Middle Auditorium,2024-10-21T00:00:00Z,-121.559364,39.515595,LFC,drone,1
Middle Auditorium,2024-10-21T00:00:00Z,-121.559439,39.51572,LFC,drone,1
Middle Auditorium,2024-10-21T00:00:00Z,-121.559434,39.515546,LFC,drone,1
Middle Auditorium,2024-10-21T00:00:00Z,-121.559195,39.515349,LFC,drone,1
Middle Auditorium,2024-10-21T00:00:00Z,-121.559077,39.515617,LFC,drone,1
Middle Auditorium,2024-10-21T00:00:00Z,-121.558239,39.515586,LFC,drone,1
Middle Auditorium,2024-10-21T00:00:00Z,-121.558624,39.515577,LFC,drone,1
Middle Auditorium,2024-10-28T00:00:00Z,-121.55822839,39.51567556,LFC,drone,1
Middle Auditorium,2024-10-28T00:00:00Z,-121.55868566,39.5154867,LFC,drone,1
Middle Auditorium,2024-10-28T00:00:00Z,-121.55873555,39.51544012,LFC,drone,1
Middle Auditorium,2024-10-28T00:00:00Z,-121.5588093,39.51553543,LFC,drone,1
Middle Auditorium,2024-10-28T00:00:00Z,-121.55846944,39.51558343,LFC,drone,1
Middle Auditorium,2024-10-28T00:00:00Z,-121.55835653,39.51559633,LFC,drone,1
Middle Auditorium,2024-10-28T00:00:00Z,-121.55865381,39.51568727,LFC,drone,1
Middle Auditorium,2024-10-28T00:00:00Z,-121.55848803,39.51571167,LFC,drone,1
Middle Auditorium,2024-10-28T00:00:00Z,-121.55892156,39.51573278,LFC,drone,1
Middle Auditorium,2024-10-28T00:00:00Z,-121.55906138,39.51553498,LFC,drone,1
Middle Auditorium,2024-10-28T00:00:00Z,-121.55920118,39.51551669,LFC,drone,1
Middle Auditorium,2024-10-28T00:00:00Z,-121.55925165,39.51548728,LFC,drone,1
Middle Auditorium,2024-10-28T00:00:00Z,-121.55920315,39.5154216,LFC,drone,1
Middle Auditorium,2024-10-28T00:00:00Z,-121.55925273,39.51561388,LFC,drone,1
Middle Auditorium,2024-10-28T00:00:00Z,-121.55937231,39.51568044,LFC,drone,1
Middle Auditorium,2024-10-28T00:00:00Z,-121.55936453,39.515744,LFC,drone,1
Middle Auditorium,2024-10-28T00:00:00Z,-121.55938984,39.51541318,LFC,drone,1
Middle Auditorium,2024-10-28T00:00:00Z,-121.55937424,39.51545304,LFC,drone,1
Middle Auditorium,2024-10-28T00:00:00Z,-121.55941214,39.5157331,LFC,drone,1
Middle Auditorium,2024-10-28T00:00:00Z,-121.55926545,39.51557899,LFC,drone,1
Middle Auditorium,2024-10-28T00:00:00Z,-121.55883373,39.51564873,LFC,drone,1
Middle Auditorium,2024-11-04T00:00:00Z,-121.55863277,39.51571164,LFC,drone,1
Middle Auditorium,2024-11-04T00:00:00Z,-121.55856441,39.51564647,LFC,drone,1
Middle Auditorium,2024-11-04T00:00:00Z,-121.55898273,39.51547701,LFC,drone,1
Middle Auditorium,2024-11-04T00:00:00Z,-121.55929429,39.51551753,LFC,drone,1
Middle Auditorium,2024-11-04T00:00:00Z,-121.55905499,39.51543658,LFC,drone,1
Middle Auditorium,2024-11-04T00:00:00Z,-121.55885602,39.51567375,LFC,drone,1
Middle Auditorium,2024-11-04T00:00:00Z,-121.55933517,39.51570502,LFC,drone,1
Middle Auditorium,2025-09-03T00:00:00Z,NA,NA,LFC,drone,0
Middle Auditorium,2025-09-09T00:00:00Z,NA,NA,LFC,drone,0
Middle Auditorium,2025-09-16T00:00:00Z,-121.55941447,39.51552766,LFC,drone,1
Middle Auditorium,2025-09-16T00:00:00Z,-121.55941352,39.51547922,LFC,drone,1
Middle Auditorium,2025-09-16T00:00:00Z,-121.55935465,39.51549098,LFC,drone,1
Middle Auditorium,2025-09-16T00:00:00Z,-121.55927226,39.51550698,LFC,drone,1
Middle Auditorium,2025-09-16T00:00:00Z,-121.55926282,39.51553827,LFC,drone,1
Middle Auditorium,2025-09-16T00:00:00Z,-121.55926619,39.51556404,LFC,drone,1
Middle Auditorium,2025-09-16T00:00:00Z,-121.55935367,39.51560939,LFC,drone,1
Middle Auditorium,2025-09-16T00:00:00Z,-121.55918145,39.51550434,LFC,drone,1
Middle Auditorium,2025-09-16T00:00:00Z,-121.55903987,39.51552378,LFC,drone,1
Middle Auditorium,2025-09-16T00:00:00Z,-121.55895754,39.51556035,LFC,drone,1
Middle Auditorium,2025-09-16T00:00:00Z,-121.55892526,39.51553394,LFC,drone,1
Middle Auditorium,2025-09-16T00:00:00Z,-121.55924596,39.51561181,LFC,drone,1
Middle Auditorium,2025-09-16T00:00:00Z,-121.55914343,39.51553547,LFC,drone,1
Middle Auditorium,2025-09-16T00:00:00Z,-121.55915146,39.5155702,LFC,drone,1
Middle Auditorium,2025-09-16T00:00:00Z,-121.55905404,39.51557965,LFC,drone,1
Middle Auditorium,2025-09-16T00:00:00Z,-121.55939962,39.51558423,LFC,drone,1
Middle Auditorium,2025-09-24T00:00:00Z,-121.55886809,39.51561018,LFC,drone,1
Middle Auditorium,2025-09-24T00:00:00Z,-121.5588111,39.51562575,LFC,drone,1
Middle Auditorium,2025-09-24T00:00:00Z,-121.55906052,39.51554106,LFC,drone,1
Middle Auditorium,2025-09-24T00:00:00Z,-121.55863445,39.51564503,LFC,drone,1
Middle Auditorium,2025-09-24T00:00:00Z,-121.55864246,39.5156268,LFC,drone,1
Middle Auditorium,2025-09-24T00:00:00Z,-121.55853128,39.51565336,LFC,drone,1
Middle Auditorium,2025-09-24T00:00:00Z,-121.55844769,39.51565878,LFC,drone,1
Middle Auditorium,2025-09-24T00:00:00Z,-121.55926262,39.51568238,LFC,drone,1
Middle Auditorium,2025-09-24T00:00:00Z,-121.55920536000001,39.51568285,LFC,drone,1
Middle Auditorium,2025-09-24T00:00:00Z,-121.55831419,39.51566249,LFC,drone,1
Middle Auditorium,2025-09-24T00:00:00Z,-121.55832852,39.5156801,LFC,drone,1
Middle Auditorium,2025-10-02T00:00:00Z,-121.55887251,39.51546412,LFC,drone,1
Middle Auditorium,2025-10-02T00:00:00Z,-121.55940089,39.51563975,LFC,drone,1
Middle Auditorium,2025-10-02T00:00:00Z,-121.55932291,39.51546083,LFC,drone,1
Middle Auditorium,2025-10-02T00:00:00Z,-121.5587561,39.51559392,LFC,drone,1
Middle Auditorium,2025-10-02T00:00:00Z,-121.55828463,39.51550885,LFC,drone,1
Middle Auditorium,2025-10-08T00:00:00Z,-121.55868919,39.51565517,LFC,drone,1
Middle Auditorium,2025-10-08T00:00:00Z,-121.55941154,39.51567831,LFC,drone,1
Middle Auditorium,2025-10-08T00:00:00Z,-121.55943588,39.5157194,LFC,drone,1
Middle Auditorium,2025-10-08T00:00:00Z,-121.55917102,39.51564577,LFC,drone,1
Middle Auditorium,2025-10-08T00:00:00Z,-121.5592972,39.51559708,LFC,drone,1
Middle Auditorium,2025-10-08T00:00:00Z,-121.55810496,39.51559708,LFC,drone,1
Middle Auditorium,2025-10-08T00:00:00Z,-121.55823165,39.51563471,LFC,drone,1
Middle Auditorium,2025-10-08T00:00:00Z,-121.55823193,39.51558446,LFC,drone,1
Middle Auditorium,2025-10-16T00:00:00Z,-121.55936046,39.51540776,LFC,drone,1
Middle Auditorium,2025-10-16T00:00:00Z,-121.55933824,39.51556862,LFC,drone,1
Middle Auditorium,2025-10-16T00:00:00Z,-121.55934962,39.51570137,LFC,drone,1
Middle Auditorium,2025-10-16T00:00:00Z,-121.55931528,39.51574714,LFC,drone,1
Middle Auditorium,2025-10-16T00:00:00Z,-121.55912713,39.51547969,LFC,drone,1
Middle Auditorium,2025-10-16T00:00:00Z,-121.55830756,39.51562933,LFC,drone,1
Middle Auditorium,2025-10-16T00:00:00Z,-121.55854312,39.51548446,LFC,drone,1
Middle Auditorium,2025-10-16T00:00:00Z,-121.55884281,39.51557194,LFC,drone,1
Middle Auditorium,2025-10-16T00:00:00Z,-121.55866793,39.51568683,LFC,drone,1
Middle Auditorium,2025-10-16T00:00:00Z,-121.55855655,39.51557312,LFC,drone,1
Middle Auditorium,2025-10-16T00:00:00Z,-121.55813364,39.51562325,LFC,drone,1
Middle Auditorium,2025-10-16T00:00:00Z,-121.55818028,39.515572,LFC,drone,1
Middle Auditorium,2025-10-24T00:00:00Z,-121.55881597,39.51554086,LFC,drone,1
Middle Auditorium,2025-10-24T00:00:00Z,-121.55873316,39.5155221,LFC,drone,1
Middle Auditorium,2025-10-24T00:00:00Z,-121.55926,39.51547661,LFC,drone,1
Middle Auditorium,2025-10-24T00:00:00Z,-121.55919016,39.51553191,LFC,drone,1
Middle Auditorium,2025-10-24T00:00:00Z,-121.55918308,39.51557911,LFC,drone,1
Middle Auditorium,2025-10-24T00:00:00Z,-121.55918299,39.51573105,LFC,drone,1
Middle Auditorium,2025-10-24T00:00:00Z,-121.55879899,39.51558677,LFC,drone,1
Middle Auditorium,2025-10-24T00:00:00Z,-121.55874001,39.51563392,LFC,drone,1
Middle Auditorium,2025-10-24T00:00:00Z,-121.55897665,39.51548492,LFC,drone,1
Middle Auditorium,2025-10-24T00:00:00Z,-121.55851517,39.51554423,LFC,drone,1
Middle Auditorium,2025-10-24T00:00:00Z,-121.55842874,39.51558986,LFC,drone,1
Middle Auditorium,2025-10-24T00:00:00Z,-121.55833647,39.51558576,LFC,drone,1
Middle Auditorium,2025-10-24T00:00:00Z,-121.55836073,39.5156304,LFC,drone,1
Middle Auditorium,2025-10-24T00:00:00Z,-121.55855359,39.5156795,LFC,drone,1
Middle Auditorium,2025-10-24T00:00:00Z,-121.55849912,39.51569301,LFC,drone,1
Middle Auditorium,2025-10-24T00:00:00Z,-121.5583708,39.51569733,LFC,drone,1
Middle Auditorium,2025-10-24T00:00:00Z,-121.55825822,39.51567879,LFC,drone,1
Middle Auditorium,2025-10-24T00:00:00Z,-121.55827589,39.51556254,LFC,drone,1
Middle Auditorium,2025-10-24T00:00:00Z,-121.55826736,39.51560559,LFC,drone,1
Middle Auditorium,2025-10-24T00:00:00Z,-121.55876842,39.5154782,LFC,drone,1
Middle Auditorium,2025-10-24T00:00:00Z,-121.55818642,39.51566293,LFC,drone,1
Middle Auditorium,2025-10-24T00:00:00Z,-121.55897282,39.51564036,LFC,drone,1
Middle Auditorium,2025-10-29T00:00:00Z,-121.55840781,39.51545777,LFC,drone,1
Middle Auditorium,2025-11-07T00:00:00Z,NA,NA,LFC,drone,0
Middle Auditorium,2025-11-12T00:00:00Z,NA,NA,LFC,drone,0
Steep,2024-10-03T00:00:00Z,-121.60394326,39.46372245,LFC,drone,1
Steep,2024-10-03T00:00:00Z,-121.60401877,39.46359735,LFC,drone,1
Steep,2024-10-17T00:00:00Z,-121.60438989,39.46331008,LFC,drone,1
Steep,2024-10-17T00:00:00Z,-121.60434925,39.46329895,LFC,drone,1
Steep,2024-10-17T00:00:00Z,-121.60428322,39.463334,LFC,drone,1
Steep,2024-10-17T00:00:00Z,-121.60403627,39.46373702,LFC,drone,1
Steep,2024-10-17T00:00:00Z,-121.60384312,39.4637297,LFC,drone,1
Steep,2024-10-17T00:00:00Z,-121.60376415,39.46372317,LFC,drone,1
Steep,2024-10-17T00:00:00Z,-121.60373593,39.46379403,LFC,drone,1
Steep,2024-10-31T00:00:00Z,-121.60391299,39.46368578,LFC,drone,1
Steep,2024-10-31T00:00:00Z,-121.6039968,39.46372514,LFC,drone,1
Steep,2024-10-31T00:00:00Z,-121.60405921,39.46363681,LFC,drone,1
Steep,2024-10-31T00:00:00Z,-121.60431592,39.4634506,LFC,drone,1
Steep,2024-10-31T00:00:00Z,-121.60422598,39.46338276,LFC,drone,1
Steep,2024-10-31T00:00:00Z,-121.60409047,39.46339064,LFC,drone,1
Steep,2024-10-31T00:00:00Z,-121.60417784,39.46333784,LFC,drone,1
Steep,2024-10-31T00:00:00Z,-121.60424518,39.46326541,LFC,drone,1
Steep,2024-10-31T00:00:00Z,-121.60433269,39.4633591,LFC,drone,1
Steep,2024-10-31T00:00:00Z,-121.60457939,39.46320528,LFC,drone,1
Steep,2024-10-31T00:00:00Z,-121.60462905,39.4631742,LFC,drone,1
Steep,2024-10-31T00:00:00Z,-121.60451538,39.46316255,LFC,drone,1
Steep,2024-10-31T00:00:00Z,-121.6045144,39.46310909,LFC,drone,1
Steep,2024-10-31T00:00:00Z,-121.6046026,39.46314301,LFC,drone,1
Steep,2024-10-31T00:00:00Z,-121.60378195,39.46356857,LFC,drone,1
Steep,2024-10-31T00:00:00Z,-121.6039619,39.46369038,LFC,drone,1
Steep,2024-11-13T00:00:00Z,-121.60448636,39.46313211,LFC,drone,1
Steep,2025-09-11T00:00:00Z,NA,NA,LFC,drone,0
Steep,2025-09-26T00:00:00Z,-121.60400279,39.46368951,LFC,drone,1
Steep,2025-09-26T00:00:00Z,-121.60404812,39.46355881,LFC,drone,1
Steep,2025-09-26T00:00:00Z,-121.60403397,39.46355293,LFC,drone,1
Steep,2025-09-26T00:00:00Z,-121.60416265,39.46334552,LFC,drone,1
Steep,2025-09-26T00:00:00Z,-121.60417423,39.46345466,LFC,drone,1
Steep,2025-10-09T00:00:00Z,-121.60395999,39.46367177,LFC,drone,1
Steep,2025-10-09T00:00:00Z,-121.60429643,39.46334694,LFC,drone,1
Steep,2025-10-09T00:00:00Z,-121.60432325,39.46333608,LFC,drone,1
Steep,2025-10-09T00:00:00Z,-121.60458165,39.46316284,LFC,drone,1
Steep,2025-10-09T00:00:00Z,-121.60455889,39.46318962,LFC,drone,1
Steep,2025-10-28T00:00:00Z,-121.60399272,39.46361709,LFC,drone,1
Steep,2025-10-28T00:00:00Z,-121.60396417,39.46359388,LFC,drone,1
Steep,2025-10-28T00:00:00Z,-121.60396762,39.46361307,LFC,drone,1
Steep,2025-10-28T00:00:00Z,-121.60410093,39.46339682,LFC,drone,1
Steep,2025-10-28T00:00:00Z,-121.60419198,39.46333007,LFC,drone,1
Steep,2025-10-28T00:00:00Z,-121.60420044,39.46327831,LFC,drone,1
Steep,2025-10-28T00:00:00Z,-121.60435499,39.46319407,LFC,drone,1
Steep,2025-10-28T00:00:00Z,-121.60440755,39.46315031,LFC,drone,1
Steep,2025-10-28T00:00:00Z,-121.60445076,39.46312388,LFC,drone,1
Steep,2025-10-28T00:00:00Z,-121.60448045,39.46310211,LFC,drone,1
Steep,2025-11-18T00:00:00Z,NA,NA,LFC,drone,0
Table Mountain,2024-09-09T00:00:00Z,-121.5518783,39.51754651,LFC,drone,1
Table Mountain,2024-09-09T00:00:00Z,-121.55167741,39.51762954,LFC,drone,1
Table Mountain,2024-09-09T00:00:00Z,-121.55167505,39.51769698,LFC,drone,1
Table Mountain,2024-09-09T00:00:00Z,-121.55165789,39.51769232,LFC,drone,1
Table Mountain,2024-09-09T00:00:00Z,-121.5515849,39.517712,LFC,drone,1
Table Mountain,2024-09-09T00:00:00Z,-121.55158693,39.51769647,LFC,drone,1
Table Mountain,2024-09-09T00:00:00Z,-121.551528,39.51771675,LFC,drone,1
Table Mountain,2024-09-09T00:00:00Z,-121.55159062,39.51774459,LFC,drone,1
Table Mountain,2024-09-09T00:00:00Z,-121.55155645,39.51774922,LFC,drone,1
Table Mountain,2024-09-09T00:00:00Z,-121.55115136,39.51788781,LFC,drone,1
Table Mountain,2024-09-09T00:00:00Z,-121.5513442,39.51789357,LFC,drone,1
Table Mountain,2024-09-09T00:00:00Z,-121.55131638,39.51788837,LFC,drone,1
Table Mountain,2024-09-09T00:00:00Z,-121.55135858,39.51787611,LFC,drone,1
Table Mountain,2024-09-09T00:00:00Z,-121.55122364,39.51790761,LFC,drone,1
Table Mountain,2024-09-09T00:00:00Z,-121.55096016,39.51786467,LFC,drone,1
Table Mountain,2024-09-09T00:00:00Z,-121.55128946,39.5178928,LFC,drone,1
Table Mountain,2024-09-09T00:00:00Z,-121.55122591,39.51783809,LFC,drone,1
Table Mountain,2024-09-09T00:00:00Z,-121.55181073,39.51758419,LFC,drone,1
Table Mountain,2024-09-09T00:00:00Z,-121.55173674,39.51762696,LFC,drone,1
Table Mountain,2024-09-18T00:00:00Z,-121.55178992,39.51761965,LFC,drone,1
Table Mountain,2024-09-18T00:00:00Z,-121.55168928,39.51765748,LFC,drone,1
Table Mountain,2024-09-18T00:00:00Z,-121.55166673,39.51767522,LFC,drone,1
Table Mountain,2024-09-18T00:00:00Z,-121.55180579,39.5176825,LFC,drone,1
Table Mountain,2024-09-18T00:00:00Z,-121.55152389,39.51770021,LFC,drone,1
Table Mountain,2024-09-18T00:00:00Z,-121.55157382,39.51772008,LFC,drone,1
Table Mountain,2024-09-18T00:00:00Z,-121.55170497,39.51778103,LFC,drone,1
Table Mountain,2024-09-18T00:00:00Z,-121.55170348,39.51776687,LFC,drone,1
Table Mountain,2024-09-18T00:00:00Z,-121.55158895,39.5178221,LFC,drone,1
Table Mountain,2024-09-18T00:00:00Z,-121.55122546,39.51782399,LFC,drone,1
Table Mountain,2024-09-18T00:00:00Z,-121.5512571,39.51781313,LFC,drone,1
Table Mountain,2024-09-18T00:00:00Z,-121.55124636,39.51775877,LFC,drone,1
Table Mountain,2024-09-18T00:00:00Z,-121.55109689,39.51783166,LFC,drone,1
Table Mountain,2024-09-18T00:00:00Z,-121.55107557,39.51787245,LFC,drone,1
Table Mountain,2024-09-18T00:00:00Z,-121.55113747,39.51785891,LFC,drone,1
Table Mountain,2024-09-18T00:00:00Z,-121.55113051,39.51787095,LFC,drone,1
Table Mountain,2024-09-18T00:00:00Z,-121.55113698,39.51788273,LFC,drone,1
Table Mountain,2024-09-18T00:00:00Z,-121.55098026,39.51789594,LFC,drone,1
Table Mountain,2024-09-18T00:00:00Z,-121.5509861,39.51787782,LFC,drone,1
Table Mountain,2024-09-18T00:00:00Z,-121.55103916,39.51780252,LFC,drone,1
Table Mountain,2024-09-18T00:00:00Z,-121.5512672,39.51774847,LFC,drone,1
Table Mountain,2024-09-18T00:00:00Z,-121.55141779,39.51771357,LFC,drone,1
Table Mountain,2024-09-18T00:00:00Z,-121.55133133,39.51782887,LFC,drone,1
Table Mountain,2024-09-18T00:00:00Z,-121.55134984,39.51785978,LFC,drone,1
Table Mountain,2024-09-18T00:00:00Z,-121.55130891,39.5178755,LFC,drone,1
Table Mountain,2024-09-18T00:00:00Z,-121.55175842,39.51768884,LFC,drone,1
Table Mountain,2024-09-18T00:00:00Z,-121.55178785,39.51770195,LFC,drone,1
Table Mountain,2024-09-18T00:00:00Z,-121.55108866,39.51789796,LFC,drone,1
Table Mountain,2024-09-23T00:00:00Z,-121.55092988,39.51788522,LFC,drone,1
Table Mountain,2024-09-23T00:00:00Z,-121.55094561,39.51788403,LFC,drone,1
Table Mountain,2024-09-23T00:00:00Z,-121.55104264,39.51781297,LFC,drone,1
Table Mountain,2024-09-23T00:00:00Z,-121.55107231,39.5178314,LFC,drone,1
Table Mountain,2024-09-23T00:00:00Z,-121.5510801,39.51782351,LFC,drone,1
Table Mountain,2024-09-23T00:00:00Z,-121.5510788,39.51786449,LFC,drone,1
Table Mountain,2024-09-23T00:00:00Z,-121.55109718,39.51786507,LFC,drone,1
Table Mountain,2024-09-23T00:00:00Z,-121.55116035,39.51786933,LFC,drone,1
Table Mountain,2024-09-23T00:00:00Z,-121.55109978,39.51788866,LFC,drone,1
Table Mountain,2024-09-23T00:00:00Z,-121.5512525,39.51788195,LFC,drone,1
Table Mountain,2024-09-23T00:00:00Z,-121.55100495,39.51787817,LFC,drone,1
Table Mountain,2024-09-23T00:00:00Z,-121.55137585,39.51786125,LFC,drone,1
Table Mountain,2024-09-23T00:00:00Z,-121.55136661,39.51789553,LFC,drone,1
Table Mountain,2024-09-23T00:00:00Z,-121.55144407,39.51783812,LFC,drone,1
Table Mountain,2024-09-23T00:00:00Z,-121.55152831,39.5178211,LFC,drone,1
Table Mountain,2024-09-23T00:00:00Z,-121.55153607,39.51777152,LFC,drone,1
Table Mountain,2024-09-23T00:00:00Z,-121.55141468,39.51778425,LFC,drone,1
Table Mountain,2024-09-23T00:00:00Z,-121.55144953,39.5177694,LFC,drone,1
Table Mountain,2024-09-23T00:00:00Z,-121.5514766,39.51780552,LFC,drone,1
Table Mountain,2024-09-23T00:00:00Z,-121.55165977,39.51764728,LFC,drone,1
Table Mountain,2024-09-23T00:00:00Z,-121.55165674,39.51766392,LFC,drone,1
Table Mountain,2024-09-23T00:00:00Z,-121.55162987,39.51768339,LFC,drone,1
Table Mountain,2024-09-23T00:00:00Z,-121.55200843,39.51760904,LFC,drone,1
Table Mountain,2024-09-23T00:00:00Z,-121.55203466,39.51759525,LFC,drone,1
Table Mountain,2024-09-23T00:00:00Z,-121.55193926,39.51753108,LFC,drone,1
Table Mountain,2024-09-23T00:00:00Z,-121.55207075,39.51747735,LFC,drone,1
Table Mountain,2024-09-23T00:00:00Z,-121.55155481,39.51769004,LFC,drone,1
Table Mountain,2024-09-23T00:00:00Z,-121.55159614,39.51771813,LFC,drone,1
Table Mountain,2024-09-23T00:00:00Z,-121.55155966,39.51770545,LFC,drone,1
Table Mountain,2024-09-30T00:00:00Z,-121.55115937,39.51768695,LFC,drone,1
Table Mountain,2024-09-30T00:00:00Z,-121.55124208,39.51778842,LFC,drone,1
Table Mountain,2024-09-30T00:00:00Z,-121.55126616,39.51760793,LFC,drone,1
Table Mountain,2024-09-30T00:00:00Z,-121.5513036,39.51759374,LFC,drone,1
Table Mountain,2024-09-30T00:00:00Z,-121.55119032,39.51785075,LFC,drone,1
Table Mountain,2024-09-30T00:00:00Z,-121.55120872,39.51787595,LFC,drone,1
Table Mountain,2024-09-30T00:00:00Z,-121.55106384,39.51789912,LFC,drone,1
Table Mountain,2024-09-30T00:00:00Z,-121.55098769,39.51785311,LFC,drone,1
Table Mountain,2024-09-30T00:00:00Z,-121.55137703,39.51777055,LFC,drone,1
Table Mountain,2024-09-30T00:00:00Z,-121.55146358,39.51782212,LFC,drone,1
Table Mountain,2024-09-30T00:00:00Z,-121.55150147,39.51775256,LFC,drone,1
Table Mountain,2024-09-30T00:00:00Z,-121.55148603,39.51771979,LFC,drone,1
Table Mountain,2024-09-30T00:00:00Z,-121.55159368,39.51766685,LFC,drone,1
Table Mountain,2024-09-30T00:00:00Z,-121.55192115,39.51749177,LFC,drone,1
Table Mountain,2024-10-07T00:00:00Z,-121.55123628,39.51766293,LFC,drone,1
Table Mountain,2024-10-07T00:00:00Z,-121.55118651,39.51769652,LFC,drone,1
Table Mountain,2024-10-07T00:00:00Z,-121.55114814,39.51775521,LFC,drone,1
Table Mountain,2024-10-07T00:00:00Z,-121.55113682,39.51769264,LFC,drone,1
Table Mountain,2024-10-07T00:00:00Z,-121.55088848,39.51787142,LFC,drone,1
Table Mountain,2024-10-07T00:00:00Z,-121.55094074,39.51785252,LFC,drone,1
Table Mountain,2024-10-07T00:00:00Z,-121.55117024,39.51783855,LFC,drone,1
Table Mountain,2024-10-07T00:00:00Z,-121.5510375,39.51785101,LFC,drone,1
Table Mountain,2024-10-07T00:00:00Z,-121.55115462,39.51784813,LFC,drone,1
Table Mountain,2024-10-07T00:00:00Z,-121.55121029,39.51773264,LFC,drone,1
Table Mountain,2024-10-07T00:00:00Z,-121.55133549,39.51771195,LFC,drone,1
Table Mountain,2024-10-07T00:00:00Z,-121.55134903,39.51773492,LFC,drone,1
Table Mountain,2024-10-07T00:00:00Z,-121.55126381,39.51785601,LFC,drone,1
Table Mountain,2024-10-07T00:00:00Z,-121.55148244,39.51769043,LFC,drone,1
Table Mountain,2024-10-07T00:00:00Z,-121.55152271,39.51767519,LFC,drone,1
Table Mountain,2024-10-07T00:00:00Z,-121.55160951,39.51764696,LFC,drone,1
Table Mountain,2024-10-07T00:00:00Z,-121.55144017,39.51773442,LFC,drone,1
Table Mountain,2024-10-07T00:00:00Z,-121.55119645,39.51779165,LFC,drone,1
Table Mountain,2024-10-07T00:00:00Z,-121.55192763,39.51761835,LFC,drone,1
Table Mountain,2024-10-07T00:00:00Z,-121.55188923,39.51747617,LFC,drone,1
Table Mountain,2024-10-15T00:00:00Z,-121.55083376,39.51789097,LFC,drone,1
Table Mountain,2024-10-15T00:00:00Z,-121.55082393,39.51786757,LFC,drone,1
Table Mountain,2024-10-15T00:00:00Z,-121.55112324,39.51773371,LFC,drone,1
Table Mountain,2024-10-15T00:00:00Z,-121.5511569,39.51762538,LFC,drone,1
Table Mountain,2024-10-15T00:00:00Z,-121.55123793,39.51761145,LFC,drone,1
Table Mountain,2024-10-15T00:00:00Z,-121.55127835,39.51769569,LFC,drone,1
Table Mountain,2024-10-15T00:00:00Z,-121.55128696,39.51773506,LFC,drone,1
Table Mountain,2024-10-15T00:00:00Z,-121.55121965,39.51771406,LFC,drone,1
Table Mountain,2024-10-15T00:00:00Z,-121.55110756,39.51779745,LFC,drone,1
Table Mountain,2024-10-15T00:00:00Z,-121.55116964,39.51781108,LFC,drone,1
Table Mountain,2024-10-15T00:00:00Z,-121.55092093,39.51786287,LFC,drone,1
Table Mountain,2024-10-15T00:00:00Z,-121.55130087,39.51764837,LFC,drone,1
Table Mountain,2024-10-15T00:00:00Z,-121.55135205,39.51762503,LFC,drone,1
Table Mountain,2024-10-15T00:00:00Z,-121.55123073,39.5178504,LFC,drone,1
Table Mountain,2024-10-15T00:00:00Z,-121.55134321,39.517791,LFC,drone,1
Table Mountain,2024-10-15T00:00:00Z,-121.55125569,39.51783647,LFC,drone,1
Table Mountain,2024-10-15T00:00:00Z,-121.55090122,39.51788313,LFC,drone,1
Table Mountain,2024-10-15T00:00:00Z,-121.55164087,39.51762898,LFC,drone,1
Table Mountain,2024-10-15T00:00:00Z,-121.5515608,39.51766099,LFC,drone,1
Table Mountain,2024-10-15T00:00:00Z,-121.55174423,39.5175983,LFC,drone,1
Table Mountain,2024-10-15T00:00:00Z,-121.55178153,39.51757375,LFC,drone,1
Table Mountain,2024-10-15T00:00:00Z,-121.55165063,39.51772013,LFC,drone,1
Table Mountain,2024-10-15T00:00:00Z,-121.55167326,39.51775412,LFC,drone,1
Table Mountain,2024-10-15T00:00:00Z,-121.55195806,39.51769234,LFC,drone,1
Table Mountain,2024-10-15T00:00:00Z,-121.55196936,39.51764488,LFC,drone,1
Table Mountain,2024-10-15T00:00:00Z,-121.55202903,39.51755841,LFC,drone,1
Table Mountain,2024-10-15T00:00:00Z,-121.55187287,39.51749566,LFC,drone,1
Table Mountain,2024-10-15T00:00:00Z,-121.55191518,39.51755352,LFC,drone,1
Table Mountain,2024-10-15T00:00:00Z,-121.55197277,39.51754555,LFC,drone,1
Table Mountain,2024-10-15T00:00:00Z,-121.5519674,39.51743708,LFC,drone,1
Table Mountain,2024-10-15T00:00:00Z,-121.55210227,39.51753084,LFC,drone,1
Table Mountain,2024-10-15T00:00:00Z,-121.55190702,39.51760102,LFC,drone,1
Table Mountain,2024-10-21T00:00:00Z,-121.55074611,39.51787507,LFC,drone,1
Table Mountain,2024-10-21T00:00:00Z,-121.55082522,39.5178462,LFC,drone,1
Table Mountain,2024-10-21T00:00:00Z,-121.55099393,39.51778912,LFC,drone,1
Table Mountain,2024-10-21T00:00:00Z,-121.55102462,39.51769504,LFC,drone,1
Table Mountain,2024-10-21T00:00:00Z,-121.55118522,39.51765741,LFC,drone,1
Table Mountain,2024-10-21T00:00:00Z,-121.55129303,39.51756266,LFC,drone,1
Table Mountain,2024-10-21T00:00:00Z,-121.55107271,39.51770867,LFC,drone,1
Table Mountain,2024-10-21T00:00:00Z,-121.55105935,39.51774434,LFC,drone,1
Table Mountain,2024-10-21T00:00:00Z,-121.55096075,39.51783431,LFC,drone,1
Table Mountain,2024-10-21T00:00:00Z,-121.5508909,39.51785624,LFC,drone,1
Table Mountain,2024-10-21T00:00:00Z,-121.55079909,39.5178893,LFC,drone,1
Table Mountain,2024-10-21T00:00:00Z,-121.55086566,39.51789013,LFC,drone,1
Table Mountain,2024-10-21T00:00:00Z,-121.55115126,39.51777371,LFC,drone,1
Table Mountain,2024-10-21T00:00:00Z,-121.55110546,39.51771777,LFC,drone,1
Table Mountain,2024-10-21T00:00:00Z,-121.55113042,39.51783209,LFC,drone,1
Table Mountain,2024-10-21T00:00:00Z,-121.55113872,39.51780396,LFC,drone,1
Table Mountain,2024-10-21T00:00:00Z,-121.55118288,39.51777031,LFC,drone,1
Table Mountain,2024-10-21T00:00:00Z,-121.55123573,39.51768899,LFC,drone,1
Table Mountain,2024-10-21T00:00:00Z,-121.55138343,39.51769897,LFC,drone,1
Table Mountain,2024-10-21T00:00:00Z,-121.55132192,39.51765694,LFC,drone,1
Table Mountain,2024-10-21T00:00:00Z,-121.55126268,39.51767412,LFC,drone,1
Table Mountain,2024-10-21T00:00:00Z,-121.55129051,39.51778522,LFC,drone,1
Table Mountain,2024-10-21T00:00:00Z,-121.55133386,39.51775699,LFC,drone,1
Table Mountain,2024-10-21T00:00:00Z,-121.55130609,39.51791245,LFC,drone,1
Table Mountain,2024-10-21T00:00:00Z,-121.55139793,39.51774313,LFC,drone,1
Table Mountain,2024-10-21T00:00:00Z,-121.55132369,39.51777369,LFC,drone,1
Table Mountain,2024-10-21T00:00:00Z,-121.55193229,39.51766401,LFC,drone,1
Table Mountain,2024-10-21T00:00:00Z,-121.55188718,39.51764227,LFC,drone,1
Table Mountain,2024-10-21T00:00:00Z,-121.55196238,39.51756503,LFC,drone,1
Table Mountain,2024-10-21T00:00:00Z,-121.55176084,39.51731279,LFC,drone,1
Table Mountain,2024-10-28T00:00:00Z,-121.55051399,39.51791398,LFC,drone,1
Table Mountain,2024-10-28T00:00:00Z,-121.55049717,39.51794743,LFC,drone,1
Table Mountain,2024-10-28T00:00:00Z,-121.55050227,39.51797192,LFC,drone,1
Table Mountain,2024-10-28T00:00:00Z,-121.55103874,39.51778477,LFC,drone,1
Table Mountain,2024-10-28T00:00:00Z,-121.55099271,39.51771158,LFC,drone,1
Table Mountain,2024-10-28T00:00:00Z,-121.55110329,39.5177008,LFC,drone,1
Table Mountain,2024-10-28T00:00:00Z,-121.55110496,39.51774981,LFC,drone,1
Table Mountain,2024-10-28T00:00:00Z,-121.55139262,39.517637,LFC,drone,1
Table Mountain,2024-10-28T00:00:00Z,-121.55134492,39.51768713,LFC,drone,1
Table Mountain,2024-10-28T00:00:00Z,-121.55141889,39.51787842,LFC,drone,1
Table Mountain,2024-10-28T00:00:00Z,-121.55140921,39.5176591,LFC,drone,1
Table Mountain,2024-10-28T00:00:00Z,-121.55091155,39.51783913,LFC,drone,1
Table Mountain,2024-10-28T00:00:00Z,-121.55183862,39.51748169,LFC,drone,1
Table Mountain,2024-10-28T00:00:00Z,-121.5517167,39.51780087,LFC,drone,1
Table Mountain,2024-10-28T00:00:00Z,-121.55194739,39.51745003,LFC,drone,1
Table Mountain,2024-10-28T00:00:00Z,-121.55205355,39.51756567,LFC,drone,1
Table Mountain,2024-10-28T00:00:00Z,-121.55193595,39.51759061,LFC,drone,1
Table Mountain,2024-10-28T00:00:00Z,-121.55198174,39.51763218,LFC,drone,1
Table Mountain,2024-11-04T00:00:00Z,-121.55100252,39.5178142,LFC,drone,1
Table Mountain,2024-11-04T00:00:00Z,-121.55115919,39.51772929,LFC,drone,1
Table Mountain,2024-11-04T00:00:00Z,-121.55091057,39.5177528,LFC,drone,1
Table Mountain,2024-11-12T00:00:00Z,-121.5511506,39.51760323,LFC,drone,1
Table Mountain,2024-11-12T00:00:00Z,-121.55196438,39.51767147,LFC,drone,1
Table Mountain,2025-09-04T00:00:00Z,NA,NA,LFC,drone,0
Table Mountain,2025-09-09T00:00:00Z,-121.55110089,39.51783441,LFC,drone,1
Table Mountain,2025-09-09T00:00:00Z,-121.55117241,39.51781108,LFC,drone,1
Table Mountain,2025-09-09T00:00:00Z,-121.55128909,39.51783073,LFC,drone,1
Table Mountain,2025-09-16T00:00:00Z,-121.55105481,39.5178987,LFC,drone,1
Table Mountain,2025-09-16T00:00:00Z,-121.55111465,39.51790864,LFC,drone,1
Table Mountain,2025-09-16T00:00:00Z,-121.55110195,39.51784792,LFC,drone,1
Table Mountain,2025-09-16T00:00:00Z,-121.55116983,39.51787364,LFC,drone,1
Table Mountain,2025-09-16T00:00:00Z,-121.55127458,39.51790405,LFC,drone,1
Table Mountain,2025-09-16T00:00:00Z,-121.55110726,39.51789297,LFC,drone,1
Table Mountain,2025-09-16T00:00:00Z,-121.55096763,39.51790438,LFC,drone,1
Table Mountain,2025-09-16T00:00:00Z,-121.55152811,39.51774422,LFC,drone,1
Table Mountain,2025-09-16T00:00:00Z,-121.55157881,39.51771267,LFC,drone,1
Table Mountain,2025-09-16T00:00:00Z,-121.5513921,39.51773145,LFC,drone,1
Table Mountain,2025-09-16T00:00:00Z,-121.5515856,39.51779443,LFC,drone,1
Table Mountain,2025-09-16T00:00:00Z,-121.55172123,39.51778227,LFC,drone,1
Table Mountain,2025-09-16T00:00:00Z,-121.55182942,39.51757744,LFC,drone,1
Table Mountain,2025-09-16T00:00:00Z,-121.5519307,39.5177001,LFC,drone,1
Table Mountain,2025-09-16T00:00:00Z,-121.5516711,39.51773822,LFC,drone,1
Table Mountain,2025-09-24T00:00:00Z,-121.55101185,39.5178495,LFC,drone,1
Table Mountain,2025-09-24T00:00:00Z,-121.55106911,39.51781561,LFC,drone,1
Table Mountain,2025-09-24T00:00:00Z,-121.551183,39.51770997,LFC,drone,1
Table Mountain,2025-09-24T00:00:00Z,-121.55118018,39.5177786,LFC,drone,1
Table Mountain,2025-09-24T00:00:00Z,-121.55112989,39.51781312,LFC,drone,1
Table Mountain,2025-09-24T00:00:00Z,-121.55125421,39.51787793,LFC,drone,1
Table Mountain,2025-09-24T00:00:00Z,-121.55138155,39.51786438,LFC,drone,1
Table Mountain,2025-09-24T00:00:00Z,-121.55136589,39.51784526,LFC,drone,1
Table Mountain,2025-09-24T00:00:00Z,-121.55125075,39.51784274,LFC,drone,1
Table Mountain,2025-09-24T00:00:00Z,-121.55119637,39.51783936,LFC,drone,1
Table Mountain,2025-09-24T00:00:00Z,-121.55128078,39.51777499,LFC,drone,1
Table Mountain,2025-09-24T00:00:00Z,-121.55144768,39.5177057,LFC,drone,1
Table Mountain,2025-09-24T00:00:00Z,-121.55156547,39.51768121,LFC,drone,1
Table Mountain,2025-09-24T00:00:00Z,-121.55149403,39.51772574,LFC,drone,1
Table Mountain,2025-09-24T00:00:00Z,-121.55131732,39.51773003,LFC,drone,1
Table Mountain,2025-09-24T00:00:00Z,-121.55142271,39.51776486,LFC,drone,1
Table Mountain,2025-09-24T00:00:00Z,-121.55131087,39.51787269,LFC,drone,1
Table Mountain,2025-09-24T00:00:00Z,-121.55167688,39.51762799,LFC,drone,1
Table Mountain,2025-09-24T00:00:00Z,-121.55161167,39.51770882,LFC,drone,1
Table Mountain,2025-09-24T00:00:00Z,-121.55200746,39.51760994,LFC,drone,1
Table Mountain,2025-09-24T00:00:00Z,-121.55193573,39.51760147,LFC,drone,1
Table Mountain,2025-09-24T00:00:00Z,-121.5519574,39.51753307,LFC,drone,1
Table Mountain,2025-09-24T00:00:00Z,-121.55130878,39.51788917,LFC,drone,1
Table Mountain,2025-09-24T00:00:00Z,-121.55133539,39.51786093,LFC,drone,1
Table Mountain,2025-09-24T00:00:00Z,-121.55135294,39.51789703,LFC,drone,1
Table Mountain,2025-09-24T00:00:00Z,-121.5511893,39.51785911,LFC,drone,1
Table Mountain,2025-09-24T00:00:00Z,-121.5512968,39.51790987,LFC,drone,1
Table Mountain,2025-10-02T00:00:00Z,-121.55103796,39.51770167,LFC,drone,1
Table Mountain,2025-10-02T00:00:00Z,-121.55124263,39.51762906,LFC,drone,1
Table Mountain,2025-10-02T00:00:00Z,-121.55109304,39.51773913,LFC,drone,1
Table Mountain,2025-10-02T00:00:00Z,-121.55123106,39.51771543,LFC,drone,1
Table Mountain,2025-10-02T00:00:00Z,-121.55127309,39.51770839,LFC,drone,1
Table Mountain,2025-10-02T00:00:00Z,-121.55110647,39.51766359,LFC,drone,1
Table Mountain,2025-10-02T00:00:00Z,-121.55108407,39.51776767,LFC,drone,1
Table Mountain,2025-10-02T00:00:00Z,-121.55118527,39.51773541,LFC,drone,1
Table Mountain,2025-10-02T00:00:00Z,-121.55124067,39.51775665,LFC,drone,1
Table Mountain,2025-10-02T00:00:00Z,-121.55131726,39.51780032,LFC,drone,1
Table Mountain,2025-10-02T00:00:00Z,-121.55107927,39.51779681,LFC,drone,1
Table Mountain,2025-10-02T00:00:00Z,-121.55048642,39.51790459,LFC,drone,1
Table Mountain,2025-10-02T00:00:00Z,-121.55052395,39.51791263,LFC,drone,1
Table Mountain,2025-10-02T00:00:00Z,-121.55055204,39.51790487,LFC,drone,1
Table Mountain,2025-10-02T00:00:00Z,-121.55082742,39.51788937,LFC,drone,1
Table Mountain,2025-10-02T00:00:00Z,-121.55090174,39.51787408,LFC,drone,1
Table Mountain,2025-10-02T00:00:00Z,-121.55092981,39.51786686,LFC,drone,1
Table Mountain,2025-10-02T00:00:00Z,-121.55116248,39.51775675,LFC,drone,1
Table Mountain,2025-10-02T00:00:00Z,-121.55114421,39.5176619,LFC,drone,1
Table Mountain,2025-10-02T00:00:00Z,-121.55159538,39.51765292,LFC,drone,1
Table Mountain,2025-10-02T00:00:00Z,-121.55137292,39.5177756,LFC,drone,1
Table Mountain,2025-10-02T00:00:00Z,-121.55130143,39.51775578,LFC,drone,1
Table Mountain,2025-10-02T00:00:00Z,-121.55186006,39.51754754,LFC,drone,1
Table Mountain,2025-10-02T00:00:00Z,-121.55197114,39.51764463,LFC,drone,1
Table Mountain,2025-10-02T00:00:00Z,-121.55186723,39.51750491,LFC,drone,1
Table Mountain,2025-10-02T00:00:00Z,-121.55191871,39.51751367,LFC,drone,1
Table Mountain,2025-10-08T00:00:00Z,-121.55105697,39.51772786,LFC,drone,1
Table Mountain,2025-10-08T00:00:00Z,-121.55112638,39.51774711,LFC,drone,1
Table Mountain,2025-10-08T00:00:00Z,-121.5509784,39.51788044,LFC,drone,1
Table Mountain,2025-10-08T00:00:00Z,-121.55088528,39.51789334,LFC,drone,1
Table Mountain,2025-10-08T00:00:00Z,-121.55114718,39.51785497,LFC,drone,1
Table Mountain,2025-10-08T00:00:00Z,-121.55127042,39.51780352,LFC,drone,1
Table Mountain,2025-10-08T00:00:00Z,-121.55126182,39.51767959,LFC,drone,1
Table Mountain,2025-10-08T00:00:00Z,-121.55151904,39.51779905,LFC,drone,1
Table Mountain,2025-10-08T00:00:00Z,-121.55145794,39.51778314,LFC,drone,1
Table Mountain,2025-10-08T00:00:00Z,-121.55151066,39.51769837,LFC,drone,1
Table Mountain,2025-10-08T00:00:00Z,-121.55161873,39.5178057,LFC,drone,1
Table Mountain,2025-10-08T00:00:00Z,-121.55150638,39.51783728,LFC,drone,1
Table Mountain,2025-10-08T00:00:00Z,-121.55142838,39.51786172,LFC,drone,1
Table Mountain,2025-10-08T00:00:00Z,-121.55160494,39.51776389,LFC,drone,1
Table Mountain,2025-10-08T00:00:00Z,-121.55177732,39.51759842,LFC,drone,1
Table Mountain,2025-10-16T00:00:00Z,-121.55077498,39.51788085,LFC,drone,1
Table Mountain,2025-10-16T00:00:00Z,-121.55090584,39.51788248,LFC,drone,1
Table Mountain,2025-10-16T00:00:00Z,-121.55096135,39.51783586,LFC,drone,1
Table Mountain,2025-10-16T00:00:00Z,-121.55110625,39.51779204,LFC,drone,1
Table Mountain,2025-10-16T00:00:00Z,-121.55103903,39.51787738,LFC,drone,1
Table Mountain,2025-10-16T00:00:00Z,-121.55116614,39.51790178,LFC,drone,1
Table Mountain,2025-10-16T00:00:00Z,-121.55163092,39.51765607,LFC,drone,1
Table Mountain,2025-10-16T00:00:00Z,-121.55192173,39.51767051,LFC,drone,1
Table Mountain,2025-10-16T00:00:00Z,-121.55200523,39.51758287,LFC,drone,1
Table Mountain,2025-10-24T00:00:00Z,-121.551693,39.51765847,LFC,drone,1
Table Mountain,2025-10-24T00:00:00Z,-121.55169792,39.51769043,LFC,drone,1
Table Mountain,2025-10-24T00:00:00Z,-121.55154222,39.51765767,LFC,drone,1
Table Mountain,2025-10-24T00:00:00Z,-121.55156746,39.51775369,LFC,drone,1
Table Mountain,2025-10-24T00:00:00Z,-121.55145917,39.51775721,LFC,drone,1
Table Mountain,2025-10-24T00:00:00Z,-121.55138989,39.51769795,LFC,drone,1
Table Mountain,2025-10-24T00:00:00Z,-121.55137027,39.5178026,LFC,drone,1
Table Mountain,2025-10-24T00:00:00Z,-121.55122429,39.51767155,LFC,drone,1
Table Mountain,2025-10-24T00:00:00Z,-121.55113536,39.51771802,LFC,drone,1
Table Mountain,2025-10-24T00:00:00Z,-121.55119713,39.5178026,LFC,drone,1
Table Mountain,2025-10-24T00:00:00Z,-121.5509314,39.51782416,LFC,drone,1
Table Mountain,2025-10-24T00:00:00Z,-121.55086529,39.51784767,LFC,drone,1
Table Mountain,2025-10-24T00:00:00Z,-121.55083702,39.51786408,LFC,drone,1
Table Mountain,2025-10-29T00:00:00Z,-121.5508435,39.51778738,LFC,drone,1
Table Mountain,2025-10-29T00:00:00Z,-121.55072441,39.51780698,LFC,drone,1
Table Mountain,2025-10-29T00:00:00Z,-121.55135808,39.51761644,LFC,drone,1
Table Mountain,2025-10-29T00:00:00Z,-121.55154652,39.51738447,LFC,drone,1
Table Mountain,2025-11-07T00:00:00Z,NA,NA,LFC,drone,0
Table Mountain,2025-11-12T00:00:00Z,NA,NA,LFC,drone,0
Top of Auditorium,2024-09-09T00:00:00Z,-121.55708098,39.51616289,LFC,drone,1
Top of Auditorium,2024-09-09T00:00:00Z,-121.55705232,39.51615131,LFC,drone,1
Top of Auditorium,2024-09-09T00:00:00Z,-121.55695619,39.5162545,LFC,drone,1
Top of Auditorium,2024-09-09T00:00:00Z,-121.55694943,39.51622909,LFC,drone,1
Top of Auditorium,2024-09-09T00:00:00Z,-121.55693188,39.51619776,LFC,drone,1
Top of Auditorium,2024-09-09T00:00:00Z,-121.55691497,39.51619075,LFC,drone,1
Top of Auditorium,2024-09-09T00:00:00Z,-121.55688769,39.51610531,LFC,drone,1
Top of Auditorium,2024-09-09T00:00:00Z,-121.55683212,39.51613495,LFC,drone,1
Top of Auditorium,2024-09-09T00:00:00Z,-121.55671637,39.51626302,LFC,drone,1
Top of Auditorium,2024-09-09T00:00:00Z,-121.55679052,39.51627662,LFC,drone,1
Top of Auditorium,2024-09-09T00:00:00Z,-121.55675492,39.51632119,LFC,drone,1
Top of Auditorium,2024-09-09T00:00:00Z,-121.55663526,39.51626963,LFC,drone,1
Top of Auditorium,2024-09-09T00:00:00Z,-121.55668111,39.51634631,LFC,drone,1
Top of Auditorium,2024-09-09T00:00:00Z,-121.55683358,39.51632003,LFC,drone,1
Top of Auditorium,2024-09-09T00:00:00Z,-121.55684124,39.51637248,LFC,drone,1
Top of Auditorium,2024-09-09T00:00:00Z,-121.55685589,39.51636318,LFC,drone,1
Top of Auditorium,2024-09-09T00:00:00Z,-121.5568942,39.51628415,LFC,drone,1
Top of Auditorium,2024-09-09T00:00:00Z,-121.5568818,39.51632033,LFC,drone,1
Top of Auditorium,2024-09-09T00:00:00Z,-121.5567814,39.51638306,LFC,drone,1
Top of Auditorium,2024-09-09T00:00:00Z,-121.55665696,39.51643637,LFC,drone,1
Top of Auditorium,2024-09-09T00:00:00Z,-121.55664754,39.51641955,LFC,drone,1
Top of Auditorium,2024-09-09T00:00:00Z,-121.55659434,39.51648169,LFC,drone,1
Top of Auditorium,2024-09-09T00:00:00Z,-121.55658355,39.5164566,LFC,drone,1
Top of Auditorium,2024-09-09T00:00:00Z,-121.55644715,39.5165386,LFC,drone,1
Top of Auditorium,2024-09-09T00:00:00Z,-121.55665035,39.51630276,LFC,drone,1
Top of Auditorium,2024-09-09T00:00:00Z,-121.55663331,39.51650357,LFC,drone,1
Top of Auditorium,2024-09-09T00:00:00Z,-121.55678735,39.51621321,LFC,drone,1
Top of Auditorium,2024-09-09T00:00:00Z,-121.55676085,39.51623526,LFC,drone,1
Top of Auditorium,2024-09-09T00:00:00Z,-121.55669812,39.51619742,LFC,drone,1
Top of Auditorium,2024-09-18T00:00:00Z,-121.55703114,39.51614242,LFC,drone,1
Top of Auditorium,2024-09-18T00:00:00Z,-121.55698236,39.51620892,LFC,drone,1
Top of Auditorium,2024-09-18T00:00:00Z,-121.55696615,39.51619596,LFC,drone,1
Top of Auditorium,2024-09-18T00:00:00Z,-121.55689814,39.5162378,LFC,drone,1
Top of Auditorium,2024-09-18T00:00:00Z,-121.55684666,39.51630399,LFC,drone,1
Top of Auditorium,2024-09-18T00:00:00Z,-121.55686637,39.51630365,LFC,drone,1
Top of Auditorium,2024-09-18T00:00:00Z,-121.55685408,39.5161931,LFC,drone,1
Top of Auditorium,2024-09-18T00:00:00Z,-121.55681989,39.51619218,LFC,drone,1
Top of Auditorium,2024-09-18T00:00:00Z,-121.55676037,39.51628271,LFC,drone,1
Top of Auditorium,2024-09-18T00:00:00Z,-121.5567358,39.51627602,LFC,drone,1
Top of Auditorium,2024-09-18T00:00:00Z,-121.55668386,39.51627587,LFC,drone,1
Top of Auditorium,2024-09-18T00:00:00Z,-121.55670078,39.516254000000004,LFC,drone,1
Top of Auditorium,2024-09-18T00:00:00Z,-121.55679701,39.51634891,LFC,drone,1
Top of Auditorium,2024-09-18T00:00:00Z,-121.55678384,39.5164037,LFC,drone,1
Top of Auditorium,2024-09-18T00:00:00Z,-121.55676446,39.51645253,LFC,drone,1
Top of Auditorium,2024-09-18T00:00:00Z,-121.55672459,39.51645056,LFC,drone,1
Top of Auditorium,2024-09-18T00:00:00Z,-121.55674613,39.51638901,LFC,drone,1
Top of Auditorium,2024-09-18T00:00:00Z,-121.55662526,39.51641351,LFC,drone,1
Top of Auditorium,2024-09-18T00:00:00Z,-121.55665091,39.51639862,LFC,drone,1
Top of Auditorium,2024-09-18T00:00:00Z,-121.5566073,39.51636324,LFC,drone,1
Top of Auditorium,2024-09-18T00:00:00Z,-121.55658915,39.51634805,LFC,drone,1
Top of Auditorium,2024-09-18T00:00:00Z,-121.55661463,39.51634567,LFC,drone,1
Top of Auditorium,2024-09-18T00:00:00Z,-121.55663343,39.5163248,LFC,drone,1
Top of Auditorium,2024-09-18T00:00:00Z,-121.55662464,39.51632126,LFC,drone,1
Top of Auditorium,2024-09-18T00:00:00Z,-121.55660575,39.51631563,LFC,drone,1
Top of Auditorium,2024-09-18T00:00:00Z,-121.55658152,39.51629226,LFC,drone,1
Top of Auditorium,2024-09-18T00:00:00Z,-121.55656915,39.51627788,LFC,drone,1
Top of Auditorium,2024-09-18T00:00:00Z,-121.55651438,39.51623059,LFC,drone,1
Top of Auditorium,2024-09-18T00:00:00Z,-121.5565122,39.51621338,LFC,drone,1
Top of Auditorium,2024-09-18T00:00:00Z,-121.55642457,39.516254000000004,LFC,drone,1
Top of Auditorium,2024-09-18T00:00:00Z,-121.55641547,39.51623475,LFC,drone,1
Top of Auditorium,2024-09-18T00:00:00Z,-121.55643075,39.51635369,LFC,drone,1
Top of Auditorium,2024-09-18T00:00:00Z,-121.55642677,39.51633374,LFC,drone,1
Top of Auditorium,2024-09-18T00:00:00Z,-121.55634409,39.51634848,LFC,drone,1
Top of Auditorium,2024-09-18T00:00:00Z,-121.55615484,39.51630855,LFC,drone,1
Top of Auditorium,2024-09-18T00:00:00Z,-121.55623568,39.51641211,LFC,drone,1
Top of Auditorium,2024-09-18T00:00:00Z,-121.5562429,39.5164537,LFC,drone,1
Top of Auditorium,2024-09-18T00:00:00Z,-121.55623147,39.5164767,LFC,drone,1
Top of Auditorium,2024-09-18T00:00:00Z,-121.55621274,39.51651045,LFC,drone,1
Top of Auditorium,2024-09-18T00:00:00Z,-121.55646783,39.51645524,LFC,drone,1
Top of Auditorium,2024-09-18T00:00:00Z,-121.55645323,39.51644875,LFC,drone,1
Top of Auditorium,2024-09-18T00:00:00Z,-121.55645196,39.5164305,LFC,drone,1
Top of Auditorium,2024-09-18T00:00:00Z,-121.55652072,39.51650593,LFC,drone,1
Top of Auditorium,2024-09-18T00:00:00Z,-121.55651535,39.51648967,LFC,drone,1
Top of Auditorium,2024-09-18T00:00:00Z,-121.55659224,39.51620309,LFC,drone,1
Top of Auditorium,2024-09-18T00:00:00Z,-121.5568621,39.51616176,LFC,drone,1
Top of Auditorium,2024-09-18T00:00:00Z,-121.55693244,39.51608023,LFC,drone,1
Top of Auditorium,2024-09-18T00:00:00Z,-121.55687695,39.51606777,LFC,drone,1
Top of Auditorium,2024-09-18T00:00:00Z,-121.55675887,39.51620222,LFC,drone,1
Top of Auditorium,2024-09-18T00:00:00Z,-121.55666041,39.51621701,LFC,drone,1
Top of Auditorium,2024-09-18T00:00:00Z,-121.5564063,39.5161837,LFC,drone,1
Top of Auditorium,2024-09-18T00:00:00Z,-121.55645495,39.51651541,LFC,drone,1
Top of Auditorium,2024-09-18T00:00:00Z,-121.55634869,39.51655335,LFC,drone,1
Top of Auditorium,2024-09-18T00:00:00Z,-121.55632712,39.51619977,LFC,drone,1
Top of Auditorium,2024-09-18T00:00:00Z,-121.55624925,39.51621701,LFC,drone,1
Top of Auditorium,2024-09-18T00:00:00Z,-121.55641584,39.5162452,LFC,drone,1
Top of Auditorium,2024-09-18T00:00:00Z,-121.5564267,39.51617893,LFC,drone,1
Top of Auditorium,2024-09-18T00:00:00Z,-121.55641497,39.51634921,LFC,drone,1
Top of Auditorium,2024-09-18T00:00:00Z,-121.55637193,39.51634366,LFC,drone,1
Top of Auditorium,2024-09-18T00:00:00Z,-121.55634263,39.51635798,LFC,drone,1
Top of Auditorium,2024-09-18T00:00:00Z,-121.55644125,39.51630682,LFC,drone,1
Top of Auditorium,2024-09-18T00:00:00Z,-121.55649186,39.51633589,LFC,drone,1
Top of Auditorium,2024-09-18T00:00:00Z,-121.55616728,39.5163791,LFC,drone,1
Top of Auditorium,2024-09-18T00:00:00Z,-121.55615088,39.51633722,LFC,drone,1
Top of Auditorium,2024-09-18T00:00:00Z,-121.55622924,39.51639888,LFC,drone,1
Top of Auditorium,2024-09-18T00:00:00Z,-121.55635095,39.51640753,LFC,drone,1
Top of Auditorium,2024-09-18T00:00:00Z,-121.55624012,39.51641833,LFC,drone,1
Top of Auditorium,2024-09-18T00:00:00Z,-121.55655527,39.51629137,LFC,drone,1
Top of Auditorium,2024-09-18T00:00:00Z,-121.55655869,39.51630768,LFC,drone,1
Top of Auditorium,2024-09-18T00:00:00Z,-121.5566145,39.51625924,LFC,drone,1
Top of Auditorium,2024-09-18T00:00:00Z,-121.55652294,39.51638068,LFC,drone,1
Top of Auditorium,2024-09-18T00:00:00Z,-121.55615377,39.51629378,LFC,drone,1
Top of Auditorium,2024-09-18T00:00:00Z,-121.5568019,39.51631246,LFC,drone,1
Top of Auditorium,2024-09-18T00:00:00Z,-121.55655539,39.51647674,LFC,drone,1
Top of Auditorium,2024-09-18T00:00:00Z,-121.55680971,39.51637539,LFC,drone,1
Top of Auditorium,2024-09-18T00:00:00Z,-121.5562592,39.51624966,LFC,drone,1
Top of Auditorium,2024-09-18T00:00:00Z,-121.5565145,39.51616376,LFC,drone,1
Top of Auditorium,2024-09-23T00:00:00Z,-121.55695684,39.51610136,LFC,drone,1
Top of Auditorium,2024-09-23T00:00:00Z,-121.5569885,39.51617697,LFC,drone,1
Top of Auditorium,2024-09-23T00:00:00Z,-121.55681428,39.5164044,LFC,drone,1
Top of Auditorium,2024-09-23T00:00:00Z,-121.5567797,39.51630567,LFC,drone,1
Top of Auditorium,2024-09-23T00:00:00Z,-121.55681958,39.51627185,LFC,drone,1
Top of Auditorium,2024-09-23T00:00:00Z,-121.55681896,39.51621973,LFC,drone,1
Top of Auditorium,2024-09-23T00:00:00Z,-121.55665438,39.51635161,LFC,drone,1
Top of Auditorium,2024-09-23T00:00:00Z,-121.55656869,39.51633537,LFC,drone,1
Top of Auditorium,2024-09-23T00:00:00Z,-121.55659485,39.51642938,LFC,drone,1
Top of Auditorium,2024-09-23T00:00:00Z,-121.55654345,39.51652573,LFC,drone,1
Top of Auditorium,2024-09-23T00:00:00Z,-121.55658094,39.51651183,LFC,drone,1
Top of Auditorium,2024-09-23T00:00:00Z,-121.55667621,39.51649079,LFC,drone,1
Top of Auditorium,2024-09-23T00:00:00Z,-121.55666862,39.51648704,LFC,drone,1
Top of Auditorium,2024-09-23T00:00:00Z,-121.55643405,39.5165026,LFC,drone,1
Top of Auditorium,2024-09-23T00:00:00Z,-121.55642157,39.51648793,LFC,drone,1
Top of Auditorium,2024-09-23T00:00:00Z,-121.55636221,39.51655476,LFC,drone,1
Top of Auditorium,2024-09-23T00:00:00Z,-121.5564584,39.51627265,LFC,drone,1
Top of Auditorium,2024-09-23T00:00:00Z,-121.55644406,39.51626587,LFC,drone,1
Top of Auditorium,2024-09-23T00:00:00Z,-121.55630971,39.51625431,LFC,drone,1
Top of Auditorium,2024-09-23T00:00:00Z,-121.55645627,39.5161697,LFC,drone,1
Top of Auditorium,2024-09-23T00:00:00Z,-121.55654601,39.51623745,LFC,drone,1
Top of Auditorium,2024-09-23T00:00:00Z,-121.55663028,39.51624047,LFC,drone,1
Top of Auditorium,2024-09-23T00:00:00Z,-121.55623015,39.51643541,LFC,drone,1
Top of Auditorium,2024-09-23T00:00:00Z,-121.55630682,39.51655842,LFC,drone,1
Top of Auditorium,2024-09-23T00:00:00Z,-121.55624834,39.5165445,LFC,drone,1
Top of Auditorium,2024-09-23T00:00:00Z,-121.55621333,39.51654868,LFC,drone,1
Top of Auditorium,2024-09-23T00:00:00Z,-121.55611169,39.51656193,LFC,drone,1
Top of Auditorium,2024-09-23T00:00:00Z,-121.55609327,39.51658743,LFC,drone,1
Top of Auditorium,2024-09-23T00:00:00Z,-121.55654657,39.51642129,LFC,drone,1
Top of Auditorium,2024-09-23T00:00:00Z,-121.55655306,39.51645008,LFC,drone,1
Top of Auditorium,2024-09-23T00:00:00Z,-121.55643123,39.51654428,LFC,drone,1
Top of Auditorium,2024-09-30T00:00:00Z,-121.55631146,39.5164019,LFC,drone,1
Top of Auditorium,2024-09-30T00:00:00Z,-121.55645209,39.5164028,LFC,drone,1
Top of Auditorium,2024-09-30T00:00:00Z,-121.55648024,39.51638626,LFC,drone,1
Top of Auditorium,2024-09-30T00:00:00Z,-121.55645772,39.51623609,LFC,drone,1
Top of Auditorium,2024-09-30T00:00:00Z,-121.55621013,39.51624061,LFC,drone,1
Top of Auditorium,2024-09-30T00:00:00Z,-121.55612412,39.5163924,LFC,drone,1
Top of Auditorium,2024-09-30T00:00:00Z,-121.5561275,39.51636119,LFC,drone,1
Top of Auditorium,2024-09-30T00:00:00Z,-121.55641077,39.51652939,LFC,drone,1
Top of Auditorium,2024-09-30T00:00:00Z,-121.55639685,39.51651697,LFC,drone,1
Top of Auditorium,2024-09-30T00:00:00Z,-121.55639306,39.51648948,LFC,drone,1
Top of Auditorium,2024-09-30T00:00:00Z,-121.55651153,39.51645463,LFC,drone,1
Top of Auditorium,2024-09-30T00:00:00Z,-121.55651707,39.51647666,LFC,drone,1
Top of Auditorium,2024-09-30T00:00:00Z,-121.55656277,39.51642867,LFC,drone,1
Top of Auditorium,2024-09-30T00:00:00Z,-121.55655537,39.516391,LFC,drone,1
Top of Auditorium,2024-09-30T00:00:00Z,-121.55618569,39.51647297,LFC,drone,1
Top of Auditorium,2024-09-30T00:00:00Z,-121.55617199,39.51642382,LFC,drone,1
Top of Auditorium,2024-09-30T00:00:00Z,-121.55651727,39.51651973,LFC,drone,1
Top of Auditorium,2024-09-30T00:00:00Z,-121.55652377,39.51628462,LFC,drone,1
Top of Auditorium,2024-09-30T00:00:00Z,-121.55668444,39.51639767,LFC,drone,1
Top of Auditorium,2024-09-30T00:00:00Z,-121.55674529,39.51635493,LFC,drone,1
Top of Auditorium,2024-09-30T00:00:00Z,-121.55668788,39.51636309,LFC,drone,1
Top of Auditorium,2024-09-30T00:00:00Z,-121.556859,39.51623431,LFC,drone,1
Top of Auditorium,2024-09-30T00:00:00Z,-121.55688268,39.51617001,LFC,drone,1
Top of Auditorium,2024-09-30T00:00:00Z,-121.556968,39.51613011,LFC,drone,1
Top of Auditorium,2024-09-30T00:00:00Z,-121.55700113,39.51613643,LFC,drone,1
Top of Auditorium,2024-09-30T00:00:00Z,-121.55699786,39.51624153,LFC,drone,1
Top of Auditorium,2024-09-30T00:00:00Z,-121.55702789,39.51621319,LFC,drone,1
Top of Auditorium,2024-09-30T00:00:00Z,-121.55689433,39.51613384,LFC,drone,1
Top of Auditorium,2024-09-30T00:00:00Z,-121.55694216,39.51616737,LFC,drone,1
Top of Auditorium,2024-09-30T00:00:00Z,-121.55686866,39.51621543,LFC,drone,1
Top of Auditorium,2024-09-30T00:00:00Z,-121.55663985,39.51628649,LFC,drone,1
Top of Auditorium,2024-09-30T00:00:00Z,-121.55647698,39.51625406,LFC,drone,1
Top of Auditorium,2024-09-30T00:00:00Z,-121.55585026,39.51658618,LFC,drone,1
Top of Auditorium,2024-09-30T00:00:00Z,-121.55585562,39.51648533,LFC,drone,1
Top of Auditorium,2024-09-30T00:00:00Z,-121.55591589,39.51654942,LFC,drone,1
Top of Auditorium,2024-10-07T00:00:00Z,-121.55639749,39.51645794,LFC,drone,1
Top of Auditorium,2024-10-07T00:00:00Z,-121.55630464,39.51633473,LFC,drone,1
Top of Auditorium,2024-10-07T00:00:00Z,-121.55619274,39.51622646,LFC,drone,1
Top of Auditorium,2024-10-07T00:00:00Z,-121.55611587,39.51627763,LFC,drone,1
Top of Auditorium,2024-10-07T00:00:00Z,-121.55614075,39.5162278,LFC,drone,1
Top of Auditorium,2024-10-07T00:00:00Z,-121.55636829,39.51626361,LFC,drone,1
Top of Auditorium,2024-10-07T00:00:00Z,-121.55648888,39.51636407,LFC,drone,1
Top of Auditorium,2024-10-07T00:00:00Z,-121.55647417,39.51649848,LFC,drone,1
Top of Auditorium,2024-10-07T00:00:00Z,-121.55650542,39.51642893,LFC,drone,1
Top of Auditorium,2024-10-07T00:00:00Z,-121.55648538,39.51628618,LFC,drone,1
Top of Auditorium,2024-10-07T00:00:00Z,-121.55659873,39.51628297,LFC,drone,1
Top of Auditorium,2024-10-07T00:00:00Z,-121.55662832,39.51637636,LFC,drone,1
Top of Auditorium,2024-10-07T00:00:00Z,-121.55680533,39.51617865,LFC,drone,1
Top of Auditorium,2024-10-07T00:00:00Z,-121.55683089,39.51609584,LFC,drone,1
Top of Auditorium,2024-10-07T00:00:00Z,-121.55696655,39.51616746,LFC,drone,1
Top of Auditorium,2024-10-15T00:00:00Z,-121.55617683,39.51654229,LFC,drone,1
Top of Auditorium,2024-10-15T00:00:00Z,-121.5561623,39.51646228,LFC,drone,1
Top of Auditorium,2024-10-15T00:00:00Z,-121.55620151,39.51641988,LFC,drone,1
Top of Auditorium,2024-10-15T00:00:00Z,-121.55624551,39.51635181,LFC,drone,1
Top of Auditorium,2024-10-15T00:00:00Z,-121.55623515,39.51627647,LFC,drone,1
Top of Auditorium,2024-10-15T00:00:00Z,-121.55615009,39.51635261,LFC,drone,1
Top of Auditorium,2024-10-15T00:00:00Z,-121.5561267,39.51624807,LFC,drone,1
Top of Auditorium,2024-10-15T00:00:00Z,-121.55627346,39.51619514,LFC,drone,1
Top of Auditorium,2024-10-15T00:00:00Z,-121.55629651,39.51635706,LFC,drone,1
Top of Auditorium,2024-10-15T00:00:00Z,-121.55632909,39.51642938,LFC,drone,1
Top of Auditorium,2024-10-15T00:00:00Z,-121.55636458,39.51652549,LFC,drone,1
Top of Auditorium,2024-10-15T00:00:00Z,-121.5564177,39.51646941,LFC,drone,1
Top of Auditorium,2024-10-15T00:00:00Z,-121.55646871,39.516474,LFC,drone,1
Top of Auditorium,2024-10-15T00:00:00Z,-121.55645627,39.51637554,LFC,drone,1
Top of Auditorium,2024-10-15T00:00:00Z,-121.55638795,39.51638393,LFC,drone,1
Top of Auditorium,2024-10-15T00:00:00Z,-121.55633886,39.51624543,LFC,drone,1
Top of Auditorium,2024-10-15T00:00:00Z,-121.55639234,39.51621311,LFC,drone,1
Top of Auditorium,2024-10-15T00:00:00Z,-121.55650212,39.51630024,LFC,drone,1
Top of Auditorium,2024-10-15T00:00:00Z,-121.55649085,39.5163509,LFC,drone,1
Top of Auditorium,2024-10-15T00:00:00Z,-121.55652635,39.51640544,LFC,drone,1
Top of Auditorium,2024-10-15T00:00:00Z,-121.55704639,39.51621991,LFC,drone,1
Top of Auditorium,2024-10-15T00:00:00Z,-121.55702132,39.51619651,LFC,drone,1
Top of Auditorium,2024-10-21T00:00:00Z,-121.55627151,39.5165233,LFC,drone,1
Top of Auditorium,2024-10-21T00:00:00Z,-121.55625795,39.51649452,LFC,drone,1
Top of Auditorium,2024-10-21T00:00:00Z,-121.5562957,39.5164845,LFC,drone,1
Top of Auditorium,2024-10-21T00:00:00Z,-121.55627879,39.51646903,LFC,drone,1
Top of Auditorium,2024-10-21T00:00:00Z,-121.55635643,39.51649479,LFC,drone,1
Top of Auditorium,2024-10-21T00:00:00Z,-121.5561902,39.51637735,LFC,drone,1
Top of Auditorium,2024-10-21T00:00:00Z,-121.55623272,39.51637501,LFC,drone,1
Top of Auditorium,2024-10-21T00:00:00Z,-121.5561079,39.51642782,LFC,drone,1
Top of Auditorium,2024-10-21T00:00:00Z,-121.55610476,39.51634148,LFC,drone,1
Top of Auditorium,2024-10-21T00:00:00Z,-121.55610274,39.51632,LFC,drone,1
Top of Auditorium,2024-10-21T00:00:00Z,-121.55607867,39.51629348,LFC,drone,1
Top of Auditorium,2024-10-21T00:00:00Z,-121.55615325,39.51619952,LFC,drone,1
Top of Auditorium,2024-10-21T00:00:00Z,-121.55629033,39.51629801,LFC,drone,1
Top of Auditorium,2024-10-21T00:00:00Z,-121.55627536,39.5162778,LFC,drone,1
Top of Auditorium,2024-10-21T00:00:00Z,-121.55623381,39.51629254,LFC,drone,1
Top of Auditorium,2024-10-21T00:00:00Z,-121.5563601,39.51631747,LFC,drone,1
Top of Auditorium,2024-10-21T00:00:00Z,-121.55634818,39.51629873,LFC,drone,1
Top of Auditorium,2024-10-21T00:00:00Z,-121.55637762,39.51642306,LFC,drone,1
Top of Auditorium,2024-10-21T00:00:00Z,-121.55647603,39.51642667,LFC,drone,1
Top of Auditorium,2024-10-21T00:00:00Z,-121.55649064,39.51631576,LFC,drone,1
Top of Auditorium,2024-10-21T00:00:00Z,-121.55655694,39.51635425,LFC,drone,1
Top of Auditorium,2024-10-21T00:00:00Z,-121.55667214,39.5163204,LFC,drone,1
Top of Auditorium,2024-10-21T00:00:00Z,-121.55707963,39.51621343,LFC,drone,1
Top of Auditorium,2024-10-21T00:00:00Z,-121.55628024,39.51636893,LFC,drone,1
Top of Auditorium,2024-10-21T00:00:00Z,-121.55627348,39.5163984,LFC,drone,1
Top of Auditorium,2024-10-21T00:00:00Z,-121.55624289,39.51615077,LFC,drone,1
Top of Auditorium,2024-10-28T00:00:00Z,-121.55616333,39.51651528,LFC,drone,1
Top of Auditorium,2024-10-28T00:00:00Z,-121.5561705,39.5164963,LFC,drone,1
Top of Auditorium,2024-10-28T00:00:00Z,-121.55607736,39.51644603,LFC,drone,1
Top of Auditorium,2024-10-28T00:00:00Z,-121.55614556,39.51642256,LFC,drone,1
Top of Auditorium,2024-10-28T00:00:00Z,-121.55616969,39.51635707,LFC,drone,1
Top of Auditorium,2024-10-28T00:00:00Z,-121.55608135,39.51625298,LFC,drone,1
Top of Auditorium,2024-10-28T00:00:00Z,-121.55619842,39.51618817,LFC,drone,1
Top of Auditorium,2024-10-28T00:00:00Z,-121.55617879,39.51627422,LFC,drone,1
Top of Auditorium,2024-10-28T00:00:00Z,-121.55631374,39.51650523,LFC,drone,1
Top of Auditorium,2024-10-28T00:00:00Z,-121.5563028,39.5164393,LFC,drone,1
Top of Auditorium,2024-10-28T00:00:00Z,-121.55626426,39.51642737,LFC,drone,1
Top of Auditorium,2024-10-28T00:00:00Z,-121.55629847,39.51623184,LFC,drone,1
Top of Auditorium,2024-10-28T00:00:00Z,-121.55630501,39.51621333,LFC,drone,1
Top of Auditorium,2024-10-28T00:00:00Z,-121.55632024,39.51628074,LFC,drone,1
Top of Auditorium,2024-10-28T00:00:00Z,-121.55636584,39.51645677,LFC,drone,1
Top of Auditorium,2024-10-28T00:00:00Z,-121.55644278,39.5164868,LFC,drone,1
Top of Auditorium,2024-10-28T00:00:00Z,-121.55645391,39.5163358,LFC,drone,1
Top of Auditorium,2024-10-28T00:00:00Z,-121.55629114,39.51631853,LFC,drone,1
Top of Auditorium,2024-11-04T00:00:00Z,-121.55610873,39.51648409,LFC,drone,1
Top of Auditorium,2024-11-04T00:00:00Z,-121.55609767,39.51646071,LFC,drone,1
Top of Auditorium,2024-11-12T00:00:00Z,-121.55619706,39.51632714,LFC,drone,1
Top of Auditorium,2025-09-03T00:00:00Z,-121.55677096,39.51648961,LFC,drone,1
Top of Auditorium,2025-09-03T00:00:00Z,-121.55677214,39.51647619,LFC,drone,1
Top of Auditorium,2025-09-03T00:00:00Z,-121.55690485,39.51629282,LFC,drone,1
Top of Auditorium,2025-09-09T00:00:00Z,-121.55664929,39.51629554,LFC,drone,1
Top of Auditorium,2025-09-09T00:00:00Z,-121.55661364,39.51626511,LFC,drone,1
Top of Auditorium,2025-09-09T00:00:00Z,-121.55659069,39.51626656,LFC,drone,1
Top of Auditorium,2025-09-09T00:00:00Z,-121.55665916,39.51643706,LFC,drone,1
Top of Auditorium,2025-09-09T00:00:00Z,-121.55696579,39.51615558,LFC,drone,1
Top of Auditorium,2025-09-09T00:00:00Z,-121.55652163,39.51616116,LFC,drone,1
Top of Auditorium,2025-09-09T00:00:00Z,-121.55645168,39.51611327,LFC,drone,1
Top of Auditorium,2025-09-09T00:00:00Z,-121.55658733,39.51618363,LFC,drone,1
Top of Auditorium,2025-09-09T00:00:00Z,-121.55659281,39.5162154,LFC,drone,1
Top of Auditorium,2025-09-09T00:00:00Z,-121.55663855,39.51622236,LFC,drone,1
Top of Auditorium,2025-09-09T00:00:00Z,-121.55688678,39.51621559,LFC,drone,1
Top of Auditorium,2025-09-16T00:00:00Z,-121.55655186,39.51651286,LFC,drone,1
Top of Auditorium,2025-09-16T00:00:00Z,-121.5566379,39.51640196,LFC,drone,1
Top of Auditorium,2025-09-16T00:00:00Z,-121.55662939,39.51637554,LFC,drone,1
Top of Auditorium,2025-09-16T00:00:00Z,-121.55661753,39.51636627,LFC,drone,1
Top of Auditorium,2025-09-16T00:00:00Z,-121.55659664,39.51634388,LFC,drone,1
Top of Auditorium,2025-09-16T00:00:00Z,-121.55657918,39.51632354,LFC,drone,1
Top of Auditorium,2025-09-16T00:00:00Z,-121.5565505,39.51630523,LFC,drone,1
Top of Auditorium,2025-09-16T00:00:00Z,-121.5565491,39.51629768,LFC,drone,1
Top of Auditorium,2025-09-16T00:00:00Z,-121.55648165,39.51623015,LFC,drone,1
Top of Auditorium,2025-09-16T00:00:00Z,-121.55654336,39.51626445,LFC,drone,1
Top of Auditorium,2025-09-16T00:00:00Z,-121.55692884,39.51624559,LFC,drone,1
Top of Auditorium,2025-09-16T00:00:00Z,-121.55692933,39.51622159,LFC,drone,1
Top of Auditorium,2025-09-16T00:00:00Z,-121.55700939,39.51615022,LFC,drone,1
Top of Auditorium,2025-09-16T00:00:00Z,-121.55688977,39.5160872,LFC,drone,1
Top of Auditorium,2025-09-16T00:00:00Z,-121.55695862,39.51613539,LFC,drone,1
Top of Auditorium,2025-09-16T00:00:00Z,-121.5568524,39.51628995,LFC,drone,1
Top of Auditorium,2025-09-16T00:00:00Z,-121.55628434,39.51622625,LFC,drone,1
Top of Auditorium,2025-09-24T00:00:00Z,-121.55662711,39.51646941,LFC,drone,1
Top of Auditorium,2025-09-24T00:00:00Z,-121.55668945,39.51645645,LFC,drone,1
Top of Auditorium,2025-09-24T00:00:00Z,-121.55647197,39.51651715,LFC,drone,1
Top of Auditorium,2025-09-24T00:00:00Z,-121.55646499,39.5164917,LFC,drone,1
Top of Auditorium,2025-09-24T00:00:00Z,-121.55648692,39.51645394,LFC,drone,1
Top of Auditorium,2025-09-24T00:00:00Z,-121.55655595,39.51643909,LFC,drone,1
Top of Auditorium,2025-09-24T00:00:00Z,-121.55649432,39.5164221,LFC,drone,1
Top of Auditorium,2025-09-24T00:00:00Z,-121.55650267,39.5163982,LFC,drone,1
Top of Auditorium,2025-09-24T00:00:00Z,-121.55645792,39.51640914,LFC,drone,1
Top of Auditorium,2025-09-24T00:00:00Z,-121.55641863,39.51638802,LFC,drone,1
Top of Auditorium,2025-09-24T00:00:00Z,-121.55638284,39.51638792,LFC,drone,1
Top of Auditorium,2025-09-24T00:00:00Z,-121.55635254,39.51645956,LFC,drone,1
Top of Auditorium,2025-09-24T00:00:00Z,-121.55627153,39.51640817,LFC,drone,1
Top of Auditorium,2025-09-24T00:00:00Z,-121.55643615,39.5163639,LFC,drone,1
Top of Auditorium,2025-09-24T00:00:00Z,-121.55646238,39.51634123,LFC,drone,1
Top of Auditorium,2025-09-24T00:00:00Z,-121.55644201,39.51633421,LFC,drone,1
Top of Auditorium,2025-09-24T00:00:00Z,-121.55639807,39.51636883,LFC,drone,1
Top of Auditorium,2025-09-24T00:00:00Z,-121.5563718,39.51633064,LFC,drone,1
Top of Auditorium,2025-09-24T00:00:00Z,-121.55654162,39.5164778,LFC,drone,1
Top of Auditorium,2025-09-24T00:00:00Z,-121.55662207,39.51643811,LFC,drone,1
Top of Auditorium,2025-09-24T00:00:00Z,-121.55659151,39.51638926,LFC,drone,1
Top of Auditorium,2025-09-24T00:00:00Z,-121.55640465,39.51641378,LFC,drone,1
Top of Auditorium,2025-09-24T00:00:00Z,-121.55619473,39.51636736,LFC,drone,1
Top of Auditorium,2025-09-24T00:00:00Z,-121.55625026,39.51638654,LFC,drone,1
Top of Auditorium,2025-09-24T00:00:00Z,-121.5562358,39.51636048,LFC,drone,1
Top of Auditorium,2025-09-24T00:00:00Z,-121.556254,39.51617409,LFC,drone,1
Top of Auditorium,2025-09-24T00:00:00Z,-121.5562276,39.51620773,LFC,drone,1
Top of Auditorium,2025-09-24T00:00:00Z,-121.55630246,39.5161946,LFC,drone,1
Top of Auditorium,2025-09-24T00:00:00Z,-121.55641677,39.51622469,LFC,drone,1
Top of Auditorium,2025-09-24T00:00:00Z,-121.55645559,39.51620522,LFC,drone,1
Top of Auditorium,2025-09-24T00:00:00Z,-121.55629508,39.51613527,LFC,drone,1
Top of Auditorium,2025-09-24T00:00:00Z,-121.55638969,39.51614118,LFC,drone,1
Top of Auditorium,2025-09-24T00:00:00Z,-121.55637564,39.51618732,LFC,drone,1
Top of Auditorium,2025-09-24T00:00:00Z,-121.55645069,39.51616797,LFC,drone,1
Top of Auditorium,2025-09-24T00:00:00Z,-121.55644988,39.5162972,LFC,drone,1
Top of Auditorium,2025-09-24T00:00:00Z,-121.5564464,39.51625918,LFC,drone,1
Top of Auditorium,2025-09-24T00:00:00Z,-121.55648558,39.51628343,LFC,drone,1
Top of Auditorium,2025-09-24T00:00:00Z,-121.55671739,39.51636789,LFC,drone,1
Top of Auditorium,2025-09-24T00:00:00Z,-121.5566904,39.51634446,LFC,drone,1
Top of Auditorium,2025-09-24T00:00:00Z,-121.55667241,39.51632416,LFC,drone,1
Top of Auditorium,2025-09-24T00:00:00Z,-121.55683549,39.51638694,LFC,drone,1
Top of Auditorium,2025-09-24T00:00:00Z,-121.55686549,39.51635456,LFC,drone,1
Top of Auditorium,2025-09-24T00:00:00Z,-121.55704214,39.51619034,LFC,drone,1
Top of Auditorium,2025-09-24T00:00:00Z,-121.55695202,39.51609571,LFC,drone,1
Top of Auditorium,2025-09-24T00:00:00Z,-121.55701355,39.51612183,LFC,drone,1
Top of Auditorium,2025-09-24T00:00:00Z,-121.55698277,39.51619171,LFC,drone,1
Top of Auditorium,2025-09-24T00:00:00Z,-121.55698761,39.51622189,LFC,drone,1
Top of Auditorium,2025-09-24T00:00:00Z,-121.55673538,39.51605891,LFC,drone,1
Top of Auditorium,2025-09-24T00:00:00Z,-121.55675912,39.51609336,LFC,drone,1
Top of Auditorium,2025-09-24T00:00:00Z,-121.55672309,39.51614667,LFC,drone,1
Top of Auditorium,2025-09-24T00:00:00Z,-121.5566392,39.51606617,LFC,drone,1
Top of Auditorium,2025-10-02T00:00:00Z,-121.55678384,39.51637785,LFC,drone,1
Top of Auditorium,2025-10-02T00:00:00Z,-121.55675645,39.51635004,LFC,drone,1
Top of Auditorium,2025-10-02T00:00:00Z,-121.55681887,39.51633338,LFC,drone,1
Top of Auditorium,2025-10-02T00:00:00Z,-121.55701713,39.51608067,LFC,drone,1
Top of Auditorium,2025-10-02T00:00:00Z,-121.5565487,39.51636912,LFC,drone,1
Top of Auditorium,2025-10-02T00:00:00Z,-121.55652001,39.51633812,LFC,drone,1
Top of Auditorium,2025-10-02T00:00:00Z,-121.55647094,39.51636921,LFC,drone,1
Top of Auditorium,2025-10-02T00:00:00Z,-121.55631925,39.51631608,LFC,drone,1
Top of Auditorium,2025-10-02T00:00:00Z,-121.55626966,39.51630648,LFC,drone,1
Top of Auditorium,2025-10-02T00:00:00Z,-121.55631692,39.51636254,LFC,drone,1
Top of Auditorium,2025-10-02T00:00:00Z,-121.55634369,39.5163877,LFC,drone,1
Top of Auditorium,2025-10-02T00:00:00Z,-121.55617014,39.51623709,LFC,drone,1
Top of Auditorium,2025-10-02T00:00:00Z,-121.55639072,39.51648814,LFC,drone,1
Top of Auditorium,2025-10-02T00:00:00Z,-121.55631565,39.51652313,LFC,drone,1
Top of Auditorium,2025-10-02T00:00:00Z,-121.55626358,39.51650135,LFC,drone,1
Top of Auditorium,2025-10-02T00:00:00Z,-121.55631991,39.51648198,LFC,drone,1
Top of Auditorium,2025-10-02T00:00:00Z,-121.55643639,39.51645648,LFC,drone,1
Top of Auditorium,2025-10-02T00:00:00Z,-121.55661416,39.51650201,LFC,drone,1
Top of Auditorium,2025-10-02T00:00:00Z,-121.55669216,39.5164903,LFC,drone,1
Top of Auditorium,2025-10-02T00:00:00Z,-121.5566774,39.51641245,LFC,drone,1
Top of Auditorium,2025-10-02T00:00:00Z,-121.55688587,39.5161071,LFC,drone,1
Top of Auditorium,2025-10-02T00:00:00Z,-121.55659229,39.51607573,LFC,drone,1
Top of Auditorium,2025-10-08T00:00:00Z,-121.55628343,39.51646614,LFC,drone,1
Top of Auditorium,2025-10-08T00:00:00Z,-121.5562468,39.51644303,LFC,drone,1
Top of Auditorium,2025-10-08T00:00:00Z,-121.55622175,39.51640891,LFC,drone,1
Top of Auditorium,2025-10-08T00:00:00Z,-121.55617978,39.5163908,LFC,drone,1
Top of Auditorium,2025-10-08T00:00:00Z,-121.55616461,39.51636458,LFC,drone,1
Top of Auditorium,2025-10-08T00:00:00Z,-121.55617444,39.51626935,LFC,drone,1
Top of Auditorium,2025-10-08T00:00:00Z,-121.55630548,39.51626557,LFC,drone,1
Top of Auditorium,2025-10-08T00:00:00Z,-121.55623208,39.51626838,LFC,drone,1
Top of Auditorium,2025-10-08T00:00:00Z,-121.55634046,39.51624166,LFC,drone,1
Top of Auditorium,2025-10-08T00:00:00Z,-121.55639167,39.51627746,LFC,drone,1
Top of Auditorium,2025-10-08T00:00:00Z,-121.5564006,39.51631003,LFC,drone,1
Top of Auditorium,2025-10-08T00:00:00Z,-121.5563963,39.51620144,LFC,drone,1
Top of Auditorium,2025-10-08T00:00:00Z,-121.55637293,39.51636041,LFC,drone,1
Top of Auditorium,2025-10-08T00:00:00Z,-121.55633314,39.51634233,LFC,drone,1
Top of Auditorium,2025-10-08T00:00:00Z,-121.55635087,39.51651938,LFC,drone,1
Top of Auditorium,2025-10-08T00:00:00Z,-121.55636329,39.5164252,LFC,drone,1
Top of Auditorium,2025-10-08T00:00:00Z,-121.55636407,39.51640865,LFC,drone,1
Top of Auditorium,2025-10-08T00:00:00Z,-121.55652479,39.5164262,LFC,drone,1
Top of Auditorium,2025-10-08T00:00:00Z,-121.55645892,39.51655048,LFC,drone,1
Top of Auditorium,2025-10-08T00:00:00Z,-121.55632514,39.51653901,LFC,drone,1
Top of Auditorium,2025-10-08T00:00:00Z,-121.55640731,39.51644976,LFC,drone,1
Top of Auditorium,2025-10-08T00:00:00Z,-121.55675027,39.51645773,LFC,drone,1
Top of Auditorium,2025-10-08T00:00:00Z,-121.55674274,39.51642079,LFC,drone,1
Top of Auditorium,2025-10-08T00:00:00Z,-121.55657156,39.51646532,LFC,drone,1
Top of Auditorium,2025-10-08T00:00:00Z,-121.55649282,39.51626249,LFC,drone,1
Top of Auditorium,2025-10-08T00:00:00Z,-121.55655518,39.51624467,LFC,drone,1
Top of Auditorium,2025-10-08T00:00:00Z,-121.55699827,39.51624442,LFC,drone,1
Top of Auditorium,2025-10-08T00:00:00Z,-121.55706139,39.51621072,LFC,drone,1
Top of Auditorium,2025-10-08T00:00:00Z,-121.55705407,39.51612136,LFC,drone,1
Top of Auditorium,2025-10-08T00:00:00Z,-121.55687396,39.51628176,LFC,drone,1
Top of Auditorium,2025-10-08T00:00:00Z,-121.55654429,39.51622222,LFC,drone,1
Top of Auditorium,2025-10-08T00:00:00Z,-121.55648535,39.51630703,LFC,drone,1
Top of Auditorium,2025-10-16T00:00:00Z,-121.5561414,39.51631978,LFC,drone,1
Top of Auditorium,2025-10-16T00:00:00Z,-121.55610166,39.51628326,LFC,drone,1
Top of Auditorium,2025-10-16T00:00:00Z,-121.55611167,39.51635999,LFC,drone,1
Top of Auditorium,2025-10-16T00:00:00Z,-121.55617973,39.51620234,LFC,drone,1
Top of Auditorium,2025-10-16T00:00:00Z,-121.55612764,39.51641196,LFC,drone,1
Top of Auditorium,2025-10-16T00:00:00Z,-121.55628716,39.51651538,LFC,drone,1
Top of Auditorium,2025-10-16T00:00:00Z,-121.55629316,39.51655508,LFC,drone,1
Top of Auditorium,2025-10-16T00:00:00Z,-121.55633181,39.51659888,LFC,drone,1
Top of Auditorium,2025-10-16T00:00:00Z,-121.55639292,39.51657956,LFC,drone,1
Top of Auditorium,2025-10-16T00:00:00Z,-121.55630189,39.51642998,LFC,drone,1
Top of Auditorium,2025-10-16T00:00:00Z,-121.55629174,39.51639287,LFC,drone,1
Top of Auditorium,2025-10-16T00:00:00Z,-121.55623682,39.51637687,LFC,drone,1
Top of Auditorium,2025-10-16T00:00:00Z,-121.55620394,39.51628506,LFC,drone,1
Top of Auditorium,2025-10-16T00:00:00Z,-121.55629066,39.51631308,LFC,drone,1
Top of Auditorium,2025-10-16T00:00:00Z,-121.55634262,39.51627463,LFC,drone,1
Top of Auditorium,2025-10-16T00:00:00Z,-121.55636696,39.51621894,LFC,drone,1
Top of Auditorium,2025-10-16T00:00:00Z,-121.55649963,39.51656504,LFC,drone,1
Top of Auditorium,2025-10-16T00:00:00Z,-121.55639089,39.51654573,LFC,drone,1
Top of Auditorium,2025-10-16T00:00:00Z,-121.55639161,39.51651087,LFC,drone,1
Top of Auditorium,2025-10-16T00:00:00Z,-121.5563816,39.51646742,LFC,drone,1
Top of Auditorium,2025-10-16T00:00:00Z,-121.5565498,39.51654664,LFC,drone,1
Top of Auditorium,2025-10-16T00:00:00Z,-121.55649178,39.51638373,LFC,drone,1
Top of Auditorium,2025-10-16T00:00:00Z,-121.55641965,39.51627665,LFC,drone,1
Top of Auditorium,2025-10-16T00:00:00Z,-121.55661915,39.51652426,LFC,drone,1
Top of Auditorium,2025-10-16T00:00:00Z,-121.55656862,39.51649405,LFC,drone,1
Top of Auditorium,2025-10-16T00:00:00Z,-121.55652667,39.51641164,LFC,drone,1
Top of Auditorium,2025-10-16T00:00:00Z,-121.55669413,39.51639523,LFC,drone,1
Top of Auditorium,2025-10-16T00:00:00Z,-121.55701341,39.51622749,LFC,drone,1
Top of Auditorium,2025-10-16T00:00:00Z,-121.55692422,39.51615348,LFC,drone,1
Top of Auditorium,2025-10-16T00:00:00Z,-121.55685732,39.51632118,LFC,drone,1
Top of Auditorium,2025-10-16T00:00:00Z,-121.55664803,39.51611782,LFC,drone,1
Top of Auditorium,2025-10-16T00:00:00Z,-121.55670881,39.51611435,LFC,drone,1
Top of Auditorium,2025-10-16T00:00:00Z,-121.55668181,39.51616632,LFC,drone,1
Top of Auditorium,2025-10-24T00:00:00Z,-121.55618851,39.51630963,LFC,drone,1
Top of Auditorium,2025-10-24T00:00:00Z,-121.55620154,39.51624623,LFC,drone,1
Top of Auditorium,2025-10-24T00:00:00Z,-121.55613627,39.51620745,LFC,drone,1
Top of Auditorium,2025-10-24T00:00:00Z,-121.55608439,39.5162423,LFC,drone,1
Top of Auditorium,2025-10-24T00:00:00Z,-121.55618833,39.51642107,LFC,drone,1
Top of Auditorium,2025-10-24T00:00:00Z,-121.55630676,39.51641511,LFC,drone,1
Top of Auditorium,2025-10-24T00:00:00Z,-121.55634766,39.51655017,LFC,drone,1
Top of Auditorium,2025-10-24T00:00:00Z,-121.55627944,39.51634461,LFC,drone,1
Top of Auditorium,2025-10-24T00:00:00Z,-121.55632341,39.51617676,LFC,drone,1
Top of Auditorium,2025-10-24T00:00:00Z,-121.55672805,39.51639971,LFC,drone,1
Top of Auditorium,2025-10-24T00:00:00Z,-121.5570362,39.51623844,LFC,drone,1
Top of Auditorium,2025-10-24T00:00:00Z,-121.55703446,39.51616825,LFC,drone,1
Top of Auditorium,2025-10-24T00:00:00Z,-121.55610237,39.51631497,LFC,drone,1
Top of Auditorium,2025-10-24T00:00:00Z,-121.55620613,39.51634373,LFC,drone,1
Top of Auditorium,2025-10-29T00:00:00Z,-121.55645739,39.51643525,LFC,drone,1
Top of Auditorium,2025-10-29T00:00:00Z,-121.55613224,39.51626315,LFC,drone,1
Top of Auditorium,2025-10-29T00:00:00Z,-121.55707662,39.516139,LFC,drone,1
Top of Auditorium,2025-11-07T00:00:00Z,NA,NA,LFC,drone,0
Top of Auditorium,2025-11-12T00:00:00Z,NA,NA,LFC,drone,0
Top of Auditorium to Upper Cottonwood-hatchery,2025-09-03T00:00:00Z,NA,NA,LFC,drone,0
Top of Auditorium to Upper Cottonwood-hatchery,2025-09-09T00:00:00Z,NA,NA,LFC,drone,0
Top of Auditorium to Upper Cottonwood-hatchery,2025-11-12T00:00:00Z,NA,NA,LFC,drone,0
Trailer Park,2024-09-24T00:00:00Z,-121.57879786,39.49714333,LFC,drone,1
Trailer Park,2024-09-24T00:00:00Z,-121.57880195,39.49712952,LFC,drone,1
Trailer Park,2024-09-24T00:00:00Z,-121.5788511,39.49708972,LFC,drone,1
Trailer Park,2024-09-24T00:00:00Z,-121.57885234,39.49712217,LFC,drone,1
Trailer Park,2024-09-24T00:00:00Z,-121.57885148,39.4971086,LFC,drone,1
Trailer Park,2024-09-24T00:00:00Z,-121.57882796,39.49712305,LFC,drone,1
Trailer Park,2024-09-24T00:00:00Z,-121.57883398,39.49710779,LFC,drone,1
Trailer Park,2024-09-24T00:00:00Z,-121.57879325,39.49708931,LFC,drone,1
Trailer Park,2024-09-24T00:00:00Z,-121.57871584,39.49709691,LFC,drone,1
Trailer Park,2024-09-24T00:00:00Z,-121.57873219,39.49711628,LFC,drone,1
Trailer Park,2024-09-24T00:00:00Z,-121.57869782,39.49712205,LFC,drone,1
Trailer Park,2024-09-24T00:00:00Z,-121.57869636,39.49709992,LFC,drone,1
Trailer Park,2024-09-24T00:00:00Z,-121.57873608,39.49714965,LFC,drone,1
Trailer Park,2024-09-24T00:00:00Z,-121.57872386,39.49715156,LFC,drone,1
Trailer Park,2024-09-24T00:00:00Z,-121.57875709,39.49716435,LFC,drone,1
Trailer Park,2024-09-24T00:00:00Z,-121.57949168,39.49680125,LFC,drone,1
Trailer Park,2024-09-24T00:00:00Z,-121.57964011,39.49684269,LFC,drone,1
Trailer Park,2024-09-24T00:00:00Z,-121.57946455,39.49679032,LFC,drone,1
Trailer Park,2024-09-24T00:00:00Z,-121.57943789,39.49668377,LFC,drone,1
Trailer Park,2024-09-24T00:00:00Z,-121.57950294,39.496648,LFC,drone,1
Trailer Park,2024-09-24T00:00:00Z,-121.57942345,39.49662638,LFC,drone,1
Trailer Park,2024-09-24T00:00:00Z,-121.57950473,39.49659759,LFC,drone,1
Trailer Park,2024-09-24T00:00:00Z,-121.57954896,39.49657484,LFC,drone,1
Trailer Park,2024-09-24T00:00:00Z,-121.57953585,39.49656436,LFC,drone,1
Trailer Park,2024-09-24T00:00:00Z,-121.57949766,39.49653352,LFC,drone,1
Trailer Park,2024-09-24T00:00:00Z,-121.57953771,39.49665992,LFC,drone,1
Trailer Park,2024-09-24T00:00:00Z,-121.579451,39.49663793,LFC,drone,1
Trailer Park,2024-09-24T00:00:00Z,-121.57914406,39.49388001,LFC,drone,1
Trailer Park,2024-09-24T00:00:00Z,-121.57909542,39.49394853,LFC,drone,1
Trailer Park,2024-09-24T00:00:00Z,-121.57919447,39.49422652,LFC,drone,1
Trailer Park,2024-09-24T00:00:00Z,-121.57916755,39.49422177,LFC,drone,1
Trailer Park,2024-09-24T00:00:00Z,-121.57913002,39.49443863,LFC,drone,1
Trailer Park,2024-09-24T00:00:00Z,-121.57915014,39.49444124,LFC,drone,1
Trailer Park,2024-09-24T00:00:00Z,-121.57907379,39.49447127,LFC,drone,1
Trailer Park,2024-09-24T00:00:00Z,-121.57900151,39.49476382,LFC,drone,1
Trailer Park,2024-09-24T00:00:00Z,-121.5789764,39.4947414,LFC,drone,1
Trailer Park,2024-09-24T00:00:00Z,-121.57893182,39.49471091,LFC,drone,1
Trailer Park,2024-09-24T00:00:00Z,-121.5789541,39.49472685,LFC,drone,1
Trailer Park,2024-09-24T00:00:00Z,-121.5790579,39.49471061,LFC,drone,1
Trailer Park,2024-09-24T00:00:00Z,-121.57916954,39.49460185,LFC,drone,1
Trailer Park,2024-09-24T00:00:00Z,-121.57908988,39.49465893,LFC,drone,1
Trailer Park,2024-09-24T00:00:00Z,-121.57908262,39.49456102,LFC,drone,1
Trailer Park,2024-09-24T00:00:00Z,-121.57859256,39.49503951,LFC,drone,1
Trailer Park,2024-09-24T00:00:00Z,-121.57858943,39.49502502,LFC,drone,1
Trailer Park,2024-09-24T00:00:00Z,-121.5786048,39.49501814,LFC,drone,1
Trailer Park,2024-09-24T00:00:00Z,-121.57861714,39.49501003,LFC,drone,1
Trailer Park,2024-09-24T00:00:00Z,-121.57863386,39.49499284,LFC,drone,1
Trailer Park,2024-09-24T00:00:00Z,-121.57864181,39.49497583,LFC,drone,1
Trailer Park,2024-09-24T00:00:00Z,-121.57863859,39.49496577,LFC,drone,1
Trailer Park,2024-09-24T00:00:00Z,-121.57862723,39.49492582,LFC,drone,1
Trailer Park,2024-09-24T00:00:00Z,-121.57867161,39.49493314,LFC,drone,1
Trailer Park,2024-09-24T00:00:00Z,-121.57866728,39.4949213,LFC,drone,1
Trailer Park,2024-09-24T00:00:00Z,-121.57854966,39.49490364,LFC,drone,1
Trailer Park,2024-09-24T00:00:00Z,-121.57863344,39.49488255,LFC,drone,1
Trailer Park,2024-09-24T00:00:00Z,-121.57863543,39.4948407,LFC,drone,1
Trailer Park,2024-10-02T00:00:00Z,-121.57865122,39.49724666,LFC,drone,1
Trailer Park,2024-10-02T00:00:00Z,-121.57866945,39.4971985,LFC,drone,1
Trailer Park,2024-10-02T00:00:00Z,-121.57865132,39.49715405,LFC,drone,1
Trailer Park,2024-10-02T00:00:00Z,-121.5788612,39.49706907,LFC,drone,1
Trailer Park,2024-10-02T00:00:00Z,-121.57869829,39.49718411,LFC,drone,1
Trailer Park,2024-10-02T00:00:00Z,-121.57938614,39.49678614,LFC,drone,1
Trailer Park,2024-10-02T00:00:00Z,-121.57866538,39.49730045,LFC,drone,1
Trailer Park,2024-10-02T00:00:00Z,-121.57873113,39.49717465,LFC,drone,1
Trailer Park,2024-10-02T00:00:00Z,-121.57868506,39.49716898,LFC,drone,1
Trailer Park,2024-10-02T00:00:00Z,-121.57946194,39.49668642,LFC,drone,1
Trailer Park,2024-10-02T00:00:00Z,-121.57858069,39.49496755,LFC,drone,1
Trailer Park,2024-10-02T00:00:00Z,-121.57857863,39.49495186,LFC,drone,1
Trailer Park,2024-10-02T00:00:00Z,-121.57911905,39.49421115,LFC,drone,1
Trailer Park,2024-10-02T00:00:00Z,-121.57907334,39.49420037,LFC,drone,1
Trailer Park,2024-10-02T00:00:00Z,-121.5790343,39.49394964,LFC,drone,1
Trailer Park,2024-10-02T00:00:00Z,-121.57903677,39.49399367,LFC,drone,1
Trailer Park,2024-10-16T00:00:00Z,-121.57864994,39.49723159,LFC,drone,1
Trailer Park,2024-10-16T00:00:00Z,-121.57877787,39.49723807,LFC,drone,1
Trailer Park,2024-10-16T00:00:00Z,-121.57871225,39.49722836,LFC,drone,1
Trailer Park,2024-10-16T00:00:00Z,-121.57873945,39.49721671,LFC,drone,1
Trailer Park,2024-10-16T00:00:00Z,-121.57896046,39.49713034,LFC,drone,1
Trailer Park,2024-10-16T00:00:00Z,-121.57875872,39.49712781,LFC,drone,1
Trailer Park,2024-10-16T00:00:00Z,-121.57865171,39.49718705,LFC,drone,1
Trailer Park,2024-10-16T00:00:00Z,-121.57882871,39.497161,LFC,drone,1
Trailer Park,2024-10-16T00:00:00Z,-121.57887586,39.49713239,LFC,drone,1
Trailer Park,2024-10-16T00:00:00Z,-121.57879045,39.49717715,LFC,drone,1
Trailer Park,2024-10-16T00:00:00Z,-121.57875955,39.49708713,LFC,drone,1
Trailer Park,2024-10-16T00:00:00Z,-121.57923816,39.49694667,LFC,drone,1
Trailer Park,2024-10-16T00:00:00Z,-121.57919931,39.49692684,LFC,drone,1
Trailer Park,2024-10-16T00:00:00Z,-121.57923086,39.49691586,LFC,drone,1
Trailer Park,2024-10-16T00:00:00Z,-121.57942686,39.49692778,LFC,drone,1
Trailer Park,2024-10-16T00:00:00Z,-121.57947072,39.49693507,LFC,drone,1
Trailer Park,2024-10-16T00:00:00Z,-121.57946597,39.49687635,LFC,drone,1
Trailer Park,2024-10-16T00:00:00Z,-121.5795268,39.49686787,LFC,drone,1
Trailer Park,2024-10-16T00:00:00Z,-121.57956931,39.49686348,LFC,drone,1
Trailer Park,2024-10-16T00:00:00Z,-121.57931035,39.49684772,LFC,drone,1
Trailer Park,2024-10-16T00:00:00Z,-121.57932942,39.4969266,LFC,drone,1
Trailer Park,2024-10-16T00:00:00Z,-121.5792793,39.49692048,LFC,drone,1
Trailer Park,2024-10-16T00:00:00Z,-121.57941822,39.49683981,LFC,drone,1
Trailer Park,2024-10-16T00:00:00Z,-121.57939326,39.49696886,LFC,drone,1
Trailer Park,2024-10-16T00:00:00Z,-121.57964543,39.4969025,LFC,drone,1
Trailer Park,2024-10-16T00:00:00Z,-121.57959924,39.49687367,LFC,drone,1
Trailer Park,2024-10-16T00:00:00Z,-121.57951221,39.49682531,LFC,drone,1
Trailer Park,2024-10-16T00:00:00Z,-121.5794685,39.49675228,LFC,drone,1
Trailer Park,2024-10-16T00:00:00Z,-121.57938731,39.49670025,LFC,drone,1
Trailer Park,2024-10-16T00:00:00Z,-121.57936841,39.49669412,LFC,drone,1
Trailer Park,2024-10-16T00:00:00Z,-121.57950148,39.49670086,LFC,drone,1
Trailer Park,2024-10-16T00:00:00Z,-121.57952312,39.49672236,LFC,drone,1
Trailer Park,2024-10-16T00:00:00Z,-121.57935199,39.49672774,LFC,drone,1
Trailer Park,2024-10-16T00:00:00Z,-121.57943558,39.49659707,LFC,drone,1
Trailer Park,2024-10-16T00:00:00Z,-121.57940682,39.49658812,LFC,drone,1
Trailer Park,2024-10-16T00:00:00Z,-121.57961255,39.49651743,LFC,drone,1
Trailer Park,2024-10-16T00:00:00Z,-121.57957483,39.49648807,LFC,drone,1
Trailer Park,2024-10-16T00:00:00Z,-121.57969207,39.4965127,LFC,drone,1
Trailer Park,2024-10-16T00:00:00Z,-121.5797464,39.49647365,LFC,drone,1
Trailer Park,2024-10-16T00:00:00Z,-121.57972279,39.49652389,LFC,drone,1
Trailer Park,2024-10-16T00:00:00Z,-121.57971993,39.49655236,LFC,drone,1
Trailer Park,2024-10-16T00:00:00Z,-121.57973525,39.49554808,LFC,drone,1
Trailer Park,2024-10-16T00:00:00Z,-121.57955426,39.49561651,LFC,drone,1
Trailer Park,2024-10-16T00:00:00Z,-121.57959173,39.4954898,LFC,drone,1
Trailer Park,2024-10-16T00:00:00Z,-121.5795303,39.49544943,LFC,drone,1
Trailer Park,2024-10-16T00:00:00Z,-121.57862793,39.4950656,LFC,drone,1
Trailer Park,2024-10-16T00:00:00Z,-121.57855799,39.49492438,LFC,drone,1
Trailer Park,2024-10-16T00:00:00Z,-121.57854084,39.49491945,LFC,drone,1
Trailer Park,2024-10-16T00:00:00Z,-121.57859637,39.49487118,LFC,drone,1
Trailer Park,2024-10-16T00:00:00Z,-121.57852011,39.4949654,LFC,drone,1
Trailer Park,2024-10-16T00:00:00Z,-121.57852087,39.49494044,LFC,drone,1
Trailer Park,2024-10-16T00:00:00Z,-121.578518,39.49490718,LFC,drone,1
Trailer Park,2024-10-16T00:00:00Z,-121.57854693,39.495019,LFC,drone,1
Trailer Park,2024-10-16T00:00:00Z,-121.57888112,39.49485579,LFC,drone,1
Trailer Park,2024-10-16T00:00:00Z,-121.57887812,39.49484121,LFC,drone,1
Trailer Park,2024-10-16T00:00:00Z,-121.57885088,39.49473315,LFC,drone,1
Trailer Park,2024-10-16T00:00:00Z,-121.57890096,39.49480315,LFC,drone,1
Trailer Park,2024-10-16T00:00:00Z,-121.57886989000001,39.4947841,LFC,drone,1
Trailer Park,2024-10-16T00:00:00Z,-121.5789406,39.49462592,LFC,drone,1
Trailer Park,2024-10-16T00:00:00Z,-121.57897468,39.4946344,LFC,drone,1
Trailer Park,2024-10-16T00:00:00Z,-121.57899195,39.49469634,LFC,drone,1
Trailer Park,2024-10-16T00:00:00Z,-121.57913787,39.49454518,LFC,drone,1
Trailer Park,2024-10-16T00:00:00Z,-121.57914537,39.4945262,LFC,drone,1
Trailer Park,2024-10-16T00:00:00Z,-121.57902969,39.49457492,LFC,drone,1
Trailer Park,2024-10-16T00:00:00Z,-121.57901048,39.49450902,LFC,drone,1
Trailer Park,2024-10-16T00:00:00Z,-121.57904505,39.49453048,LFC,drone,1
Trailer Park,2024-10-16T00:00:00Z,-121.57902707,39.49447895,LFC,drone,1
Trailer Park,2024-10-16T00:00:00Z,-121.57918619,39.49445585,LFC,drone,1
Trailer Park,2024-10-16T00:00:00Z,-121.57907618,39.49450426,LFC,drone,1
Trailer Park,2024-10-16T00:00:00Z,-121.57911763,39.49437668,LFC,drone,1
Trailer Park,2024-10-16T00:00:00Z,-121.57911077,39.49434342,LFC,drone,1
Trailer Park,2024-10-16T00:00:00Z,-121.5792651,39.49431889,LFC,drone,1
Trailer Park,2024-10-16T00:00:00Z,-121.57911659,39.49427192,LFC,drone,1
Trailer Park,2024-10-16T00:00:00Z,-121.57917299,39.49438381,LFC,drone,1
Trailer Park,2024-10-16T00:00:00Z,-121.57925767,39.49425552,LFC,drone,1
Trailer Park,2024-10-16T00:00:00Z,-121.57921682,39.49427561,LFC,drone,1
Trailer Park,2024-10-16T00:00:00Z,-121.57905362,39.49409331,LFC,drone,1
Trailer Park,2024-10-16T00:00:00Z,-121.57919145,39.49411956,LFC,drone,1
Trailer Park,2024-10-16T00:00:00Z,-121.5791394,39.49406702,LFC,drone,1
Trailer Park,2024-10-16T00:00:00Z,-121.57908053,39.49405708,LFC,drone,1
Trailer Park,2024-10-16T00:00:00Z,-121.57917686,39.49392096,LFC,drone,1
Trailer Park,2024-10-16T00:00:00Z,-121.57901183,39.49386795,LFC,drone,1
Trailer Park,2024-10-16T00:00:00Z,-121.57900559,39.49372627,LFC,drone,1
Trailer Park,2024-10-16T00:00:00Z,-121.57896888,39.49367944,LFC,drone,1
Trailer Park,2024-10-16T00:00:00Z,-121.57900041,39.49359167,LFC,drone,1
Trailer Park,2024-10-16T00:00:00Z,-121.57924682,39.49367823,LFC,drone,1
Trailer Park,2024-10-16T00:00:00Z,-121.57893854,39.49359245,LFC,drone,1
Trailer Park,2024-10-16T00:00:00Z,-121.57925272,39.49354407,LFC,drone,1
Trailer Park,2024-10-16T00:00:00Z,-121.57962744,39.49385213,LFC,drone,1
Trailer Park,2024-10-16T00:00:00Z,-121.57973643,39.49379541,LFC,drone,1
Trailer Park,2024-10-16T00:00:00Z,-121.57954985,39.49369084,LFC,drone,1
Trailer Park,2024-10-16T00:00:00Z,-121.57962653,39.49358519,LFC,drone,1
Trailer Park,2024-10-16T00:00:00Z,-121.57966842,39.49349447,LFC,drone,1
Trailer Park,2024-10-16T00:00:00Z,-121.57958477,39.49349407,LFC,drone,1
Trailer Park,2024-10-16T00:00:00Z,-121.57966092,39.49345384,LFC,drone,1
Trailer Park,2024-10-16T00:00:00Z,-121.5796877,39.4934041,LFC,drone,1
Trailer Park,2024-10-16T00:00:00Z,-121.57955396,39.49342059,LFC,drone,1
Trailer Park,2024-10-16T00:00:00Z,-121.57952956,39.49336315,LFC,drone,1
Trailer Park,2024-10-16T00:00:00Z,-121.57960956,39.49334755,LFC,drone,1
Trailer Park,2024-10-16T00:00:00Z,-121.57946657,39.49341952,LFC,drone,1
Trailer Park,2024-10-16T00:00:00Z,-121.57955559,39.49351909,LFC,drone,1
Trailer Park,2024-10-16T00:00:00Z,-121.5795376,39.49339326,LFC,drone,1
Trailer Park,2024-10-16T00:00:00Z,-121.5796587,39.49342717,LFC,drone,1
Trailer Park,2024-10-16T00:00:00Z,-121.57953958,39.49393202,LFC,drone,1
Trailer Park,2024-10-30T00:00:00Z,-121.57882582,39.49726545,LFC,drone,1
Trailer Park,2024-10-30T00:00:00Z,-121.57892954,39.49720008,LFC,drone,1
Trailer Park,2024-10-30T00:00:00Z,-121.57891665,39.49717869,LFC,drone,1
Trailer Park,2024-10-30T00:00:00Z,-121.57890587,39.49716647,LFC,drone,1
Trailer Park,2024-10-30T00:00:00Z,-121.57887574,39.49718821,LFC,drone,1
Trailer Park,2024-10-30T00:00:00Z,-121.57882736,39.49720885,LFC,drone,1
Trailer Park,2024-10-30T00:00:00Z,-121.57892455,39.49712748,LFC,drone,1
Trailer Park,2024-10-30T00:00:00Z,-121.57890244,39.49712898,LFC,drone,1
Trailer Park,2024-10-30T00:00:00Z,-121.57890768,39.49709601,LFC,drone,1
Trailer Park,2024-10-30T00:00:00Z,-121.57896605,39.49705191,LFC,drone,1
Trailer Park,2024-10-30T00:00:00Z,-121.57894279,39.49707285,LFC,drone,1
Trailer Park,2024-10-30T00:00:00Z,-121.57868594,39.49725666,LFC,drone,1
Trailer Park,2024-10-30T00:00:00Z,-121.5787961,39.49721113,LFC,drone,1
Trailer Park,2024-10-30T00:00:00Z,-121.57882893,39.49718764,LFC,drone,1
Trailer Park,2024-10-30T00:00:00Z,-121.57886908,39.49716012,LFC,drone,1
Trailer Park,2024-10-30T00:00:00Z,-121.57893316,39.49704089,LFC,drone,1
Trailer Park,2024-10-30T00:00:00Z,-121.57887925,39.4970532,LFC,drone,1
Trailer Park,2024-10-30T00:00:00Z,-121.57892949,39.49709038,LFC,drone,1
Trailer Park,2024-10-30T00:00:00Z,-121.57880266,39.49724423,LFC,drone,1
Trailer Park,2024-10-30T00:00:00Z,-121.57876817,39.4972559,LFC,drone,1
Trailer Park,2024-10-30T00:00:00Z,-121.57913305,39.49698141,LFC,drone,1
Trailer Park,2024-10-30T00:00:00Z,-121.57928769,39.49695705,LFC,drone,1
Trailer Park,2024-10-30T00:00:00Z,-121.57933472,39.49696559,LFC,drone,1
Trailer Park,2024-10-30T00:00:00Z,-121.57928733,39.49699361,LFC,drone,1
Trailer Park,2024-10-30T00:00:00Z,-121.57945804,39.49702135,LFC,drone,1
Trailer Park,2024-10-30T00:00:00Z,-121.57950856,39.4970261,LFC,drone,1
Trailer Park,2024-10-30T00:00:00Z,-121.57961428,39.49703063,LFC,drone,1
Trailer Park,2024-10-30T00:00:00Z,-121.57939051,39.4969359,LFC,drone,1
Trailer Park,2024-10-30T00:00:00Z,-121.57938297,39.4969134,LFC,drone,1
Trailer Park,2024-10-30T00:00:00Z,-121.57963891,39.49698022,LFC,drone,1
Trailer Park,2024-10-30T00:00:00Z,-121.57956188,39.49694979,LFC,drone,1
Trailer Park,2024-10-30T00:00:00Z,-121.57959514,39.49692395,LFC,drone,1
Trailer Park,2024-10-30T00:00:00Z,-121.57949785,39.49693544,LFC,drone,1
Trailer Park,2024-10-30T00:00:00Z,-121.57921546,39.49689719,LFC,drone,1
Trailer Park,2024-10-30T00:00:00Z,-121.57929945,39.49688436,LFC,drone,1
Trailer Park,2024-10-30T00:00:00Z,-121.57935037,39.49686994,LFC,drone,1
Trailer Park,2024-10-30T00:00:00Z,-121.579352,39.49682721,LFC,drone,1
Trailer Park,2024-10-30T00:00:00Z,-121.57955943,39.49690199,LFC,drone,1
Trailer Park,2024-10-30T00:00:00Z,-121.5794714,39.49685137,LFC,drone,1
Trailer Park,2024-10-30T00:00:00Z,-121.57946195,39.49682914,LFC,drone,1
Trailer Park,2024-10-30T00:00:00Z,-121.57965994,39.49674525,LFC,drone,1
Trailer Park,2024-10-30T00:00:00Z,-121.5795528,39.49669142,LFC,drone,1
Trailer Park,2024-10-30T00:00:00Z,-121.57969161,39.49685438,LFC,drone,1
Trailer Park,2024-10-30T00:00:00Z,-121.57967487,39.49694632,LFC,drone,1
Trailer Park,2024-10-30T00:00:00Z,-121.5795844,39.49674571,LFC,drone,1
Trailer Park,2024-10-30T00:00:00Z,-121.57957014,39.49680359,LFC,drone,1
Trailer Park,2024-10-30T00:00:00Z,-121.57967798,39.49658928,LFC,drone,1
Trailer Park,2024-10-30T00:00:00Z,-121.57961724,39.49671017,LFC,drone,1
Trailer Park,2024-10-30T00:00:00Z,-121.57968948,39.49646225,LFC,drone,1
Trailer Park,2024-10-30T00:00:00Z,-121.57987204,39.49640459,LFC,drone,1
Trailer Park,2024-10-30T00:00:00Z,-121.57969795,39.49639693,LFC,drone,1
Trailer Park,2024-10-30T00:00:00Z,-121.57955515,39.49645877,LFC,drone,1
Trailer Park,2024-10-30T00:00:00Z,-121.57959145,39.49639932,LFC,drone,1
Trailer Park,2024-10-30T00:00:00Z,-121.57964785,39.49634564,LFC,drone,1
Trailer Park,2024-10-30T00:00:00Z,-121.57961148,39.49632123,LFC,drone,1
Trailer Park,2024-10-30T00:00:00Z,-121.57964202,39.49642758,LFC,drone,1
Trailer Park,2024-10-30T00:00:00Z,-121.57945549,39.49656352,LFC,drone,1
Trailer Park,2024-10-30T00:00:00Z,-121.57962603,39.49569387,LFC,drone,1
Trailer Park,2024-10-30T00:00:00Z,-121.57982069,39.49562576,LFC,drone,1
Trailer Park,2024-10-30T00:00:00Z,-121.57977753,39.49561325,LFC,drone,1
Trailer Park,2024-10-30T00:00:00Z,-121.5796595,39.49559799,LFC,drone,1
Trailer Park,2024-10-30T00:00:00Z,-121.57961969,39.49562561,LFC,drone,1
Trailer Park,2024-10-30T00:00:00Z,-121.57960192,39.49556365,LFC,drone,1
Trailer Park,2024-10-30T00:00:00Z,-121.5796778,39.4954586,LFC,drone,1
Trailer Park,2024-10-30T00:00:00Z,-121.57979487,39.4954628,LFC,drone,1
Trailer Park,2024-10-30T00:00:00Z,-121.57981203,39.49552521,LFC,drone,1
Trailer Park,2024-10-30T00:00:00Z,-121.57984465,39.49541272,LFC,drone,1
Trailer Park,2024-10-30T00:00:00Z,-121.57978835,39.49540328,LFC,drone,1
Trailer Park,2024-10-30T00:00:00Z,-121.57972157,39.49541168,LFC,drone,1
Trailer Park,2024-10-30T00:00:00Z,-121.57962828,39.49543726,LFC,drone,1
Trailer Park,2024-10-30T00:00:00Z,-121.57990697,39.49530198,LFC,drone,1
Trailer Park,2024-10-30T00:00:00Z,-121.57973175,39.49535006,LFC,drone,1
Trailer Park,2024-10-30T00:00:00Z,-121.57970027,39.49534784,LFC,drone,1
Trailer Park,2024-10-30T00:00:00Z,-121.57997385,39.49517149,LFC,drone,1
Trailer Park,2024-10-30T00:00:00Z,-121.57995371,39.49510904,LFC,drone,1
Trailer Park,2024-10-30T00:00:00Z,-121.57985504,39.49510691,LFC,drone,1
Trailer Park,2024-10-30T00:00:00Z,-121.57991243,39.49520898,LFC,drone,1
Trailer Park,2024-10-30T00:00:00Z,-121.57986372,39.4952646,LFC,drone,1
Trailer Park,2024-10-30T00:00:00Z,-121.57977357,39.49531141,LFC,drone,1
Trailer Park,2024-10-30T00:00:00Z,-121.57972877,39.49517494,LFC,drone,1
Trailer Park,2024-10-30T00:00:00Z,-121.5799881,39.49505555,LFC,drone,1
Trailer Park,2024-10-30T00:00:00Z,-121.57996108,39.49501007,LFC,drone,1
Trailer Park,2024-10-30T00:00:00Z,-121.57990321,39.49513607,LFC,drone,1
Trailer Park,2024-10-30T00:00:00Z,-121.58003753,39.49499396,LFC,drone,1
Trailer Park,2024-10-30T00:00:00Z,-121.58010284,39.49496987,LFC,drone,1
Trailer Park,2024-10-30T00:00:00Z,-121.57990427,39.49482093,LFC,drone,1
Trailer Park,2024-10-30T00:00:00Z,-121.57988854,39.49477558,LFC,drone,1
Trailer Park,2024-10-30T00:00:00Z,-121.57994247,39.49487254,LFC,drone,1
Trailer Park,2024-10-30T00:00:00Z,-121.57984814,39.49486125,LFC,drone,1
Trailer Park,2024-10-30T00:00:00Z,-121.57989526,39.49497149,LFC,drone,1
Trailer Park,2024-10-30T00:00:00Z,-121.57995833,39.49476538,LFC,drone,1
Trailer Park,2024-10-30T00:00:00Z,-121.5798654,39.49462694,LFC,drone,1
Trailer Park,2024-10-30T00:00:00Z,-121.57991124,39.49468279,LFC,drone,1
Trailer Park,2024-10-30T00:00:00Z,-121.5800605,39.49471226,LFC,drone,1
Trailer Park,2024-10-30T00:00:00Z,-121.57985327,39.49440471,LFC,drone,1
Trailer Park,2024-10-30T00:00:00Z,-121.5797396,39.49437983,LFC,drone,1
Trailer Park,2024-10-30T00:00:00Z,-121.57974523,39.49427853,LFC,drone,1
Trailer Park,2024-10-30T00:00:00Z,-121.57982115,39.49417118,LFC,drone,1
Trailer Park,2024-10-30T00:00:00Z,-121.57987207,39.49447452,LFC,drone,1
Trailer Park,2024-10-30T00:00:00Z,-121.57971012,39.49389983,LFC,drone,1
Trailer Park,2024-10-30T00:00:00Z,-121.57979049,39.49401231,LFC,drone,1
Trailer Park,2024-10-30T00:00:00Z,-121.57984876,39.49396234,LFC,drone,1
Trailer Park,2024-10-30T00:00:00Z,-121.57968717,39.49414172,LFC,drone,1
Trailer Park,2024-10-30T00:00:00Z,-121.57973656,39.49410841,LFC,drone,1
Trailer Park,2024-10-30T00:00:00Z,-121.57966462,39.49382693,LFC,drone,1
Trailer Park,2024-10-30T00:00:00Z,-121.57969355,39.49374988,LFC,drone,1
Trailer Park,2024-10-30T00:00:00Z,-121.57971222,39.4937091,LFC,drone,1
Trailer Park,2024-10-30T00:00:00Z,-121.5796385,39.4937082,LFC,drone,1
Trailer Park,2024-10-30T00:00:00Z,-121.57958606,39.49362555,LFC,drone,1
Trailer Park,2024-10-30T00:00:00Z,-121.57949412,39.49364332,LFC,drone,1
Trailer Park,2024-10-30T00:00:00Z,-121.57965664,39.49363471,LFC,drone,1
Trailer Park,2024-10-30T00:00:00Z,-121.57969567,39.49364578,LFC,drone,1
Trailer Park,2024-10-30T00:00:00Z,-121.57971024,39.4935727,LFC,drone,1
Trailer Park,2024-10-30T00:00:00Z,-121.5796341,39.49354412,LFC,drone,1
Trailer Park,2024-10-30T00:00:00Z,-121.57948145,39.49356483,LFC,drone,1
Trailer Park,2024-10-30T00:00:00Z,-121.57958845,39.4935666,LFC,drone,1
Trailer Park,2024-10-30T00:00:00Z,-121.5796272,39.49347447,LFC,drone,1
Trailer Park,2024-10-30T00:00:00Z,-121.57951253,39.49349841,LFC,drone,1
Trailer Park,2024-10-30T00:00:00Z,-121.57971439,39.49348521,LFC,drone,1
Trailer Park,2024-10-30T00:00:00Z,-121.57944812,39.49353678,LFC,drone,1
Trailer Park,2024-10-30T00:00:00Z,-121.57977334,39.49359835,LFC,drone,1
Trailer Park,2024-10-30T00:00:00Z,-121.57951487,39.49347125,LFC,drone,1
Trailer Park,2024-10-30T00:00:00Z,-121.57965635,39.49335687,LFC,drone,1
Trailer Park,2024-10-30T00:00:00Z,-121.57960969,39.49342864,LFC,drone,1
Trailer Park,2024-10-30T00:00:00Z,-121.57908442,39.49381708,LFC,drone,1
Trailer Park,2024-10-30T00:00:00Z,-121.57898267,39.49381998,LFC,drone,1
Trailer Park,2024-10-30T00:00:00Z,-121.57901457,39.49380148,LFC,drone,1
Trailer Park,2024-10-30T00:00:00Z,-121.57907076,39.49390399,LFC,drone,1
Trailer Park,2024-10-30T00:00:00Z,-121.5792998,39.49389942,LFC,drone,1
Trailer Park,2024-10-30T00:00:00Z,-121.57926649,39.49392896,LFC,drone,1
Trailer Park,2024-10-30T00:00:00Z,-121.57914219,39.49381272,LFC,drone,1
Trailer Park,2024-10-30T00:00:00Z,-121.57913388,39.49401673,LFC,drone,1
Trailer Park,2024-10-30T00:00:00Z,-121.57909858,39.49408541,LFC,drone,1
Trailer Park,2024-10-30T00:00:00Z,-121.57917573,39.4941808,LFC,drone,1
Trailer Park,2024-10-30T00:00:00Z,-121.57912938,39.49417932,LFC,drone,1
Trailer Park,2024-10-30T00:00:00Z,-121.5792545,39.4944596,LFC,drone,1
Trailer Park,2024-10-30T00:00:00Z,-121.57921822,39.49451813,LFC,drone,1
Trailer Park,2024-10-30T00:00:00Z,-121.57920577,39.49457465,LFC,drone,1
Trailer Park,2024-10-30T00:00:00Z,-121.5791132,39.49450671,LFC,drone,1
Trailer Park,2024-10-30T00:00:00Z,-121.57911865,39.49458925,LFC,drone,1
Trailer Park,2024-10-30T00:00:00Z,-121.57912784,39.49463452,LFC,drone,1
Trailer Park,2024-10-30T00:00:00Z,-121.57902993,39.49468262,LFC,drone,1
Trailer Park,2024-10-30T00:00:00Z,-121.5785579,39.49505466,LFC,drone,1
Trailer Park,2024-10-30T00:00:00Z,-121.57881141,39.49504624,LFC,drone,1
Trailer Park,2024-10-30T00:00:00Z,-121.57864433,39.49489906,LFC,drone,1
Trailer Park,2024-10-30T00:00:00Z,-121.57982193,39.49711338,LFC,drone,1
Trailer Park,2024-10-30T00:00:00Z,-121.57985163,39.49716918,LFC,drone,1
Trailer Park,2024-10-30T00:00:00Z,-121.57988905,39.4972003,LFC,drone,1
Trailer Park,2024-10-30T00:00:00Z,-121.57991373,39.49724071,LFC,drone,1
Trailer Park,2024-10-30T00:00:00Z,-121.57997124,39.49723876,LFC,drone,1
Trailer Park,2024-10-30T00:00:00Z,-121.5799709,39.49714351,LFC,drone,1
Trailer Park,2024-10-30T00:00:00Z,-121.57992887,39.49707665,LFC,drone,1
Trailer Park,2024-10-30T00:00:00Z,-121.57991695,39.49698892,LFC,drone,1
Trailer Park,2024-11-14T00:00:00Z,-121.57887204,39.49714541,LFC,drone,1
Trailer Park,2024-11-14T00:00:00Z,-121.57889838,39.49708528,LFC,drone,1
Trailer Park,2024-11-14T00:00:00Z,-121.57926177,39.49694052,LFC,drone,1
Trailer Park,2024-11-14T00:00:00Z,-121.57924872,39.49692513,LFC,drone,1
Trailer Park,2024-11-14T00:00:00Z,-121.57927648,39.49688516,LFC,drone,1
Trailer Park,2024-11-14T00:00:00Z,-121.57940204,39.49674271,LFC,drone,1
Trailer Park,2024-11-14T00:00:00Z,-121.57940719,39.49667222,LFC,drone,1
Trailer Park,2024-11-14T00:00:00Z,-121.57961931,39.49647683,LFC,drone,1
Trailer Park,2024-11-14T00:00:00Z,-121.57960403,39.49553859,LFC,drone,1
Trailer Park,2024-11-14T00:00:00Z,-121.57978092,39.49543061,LFC,drone,1
Trailer Park,2024-11-14T00:00:00Z,-121.57961228,39.49536159,LFC,drone,1
Trailer Park,2024-11-14T00:00:00Z,-121.57995684,39.4946394,LFC,drone,1
Trailer Park,2024-11-14T00:00:00Z,-121.57992317,39.49460444,LFC,drone,1
Trailer Park,2024-11-14T00:00:00Z,-121.57979729,39.49448915,LFC,drone,1
Trailer Park,2024-11-14T00:00:00Z,-121.57968052,39.49438262,LFC,drone,1
Trailer Park,2024-11-14T00:00:00Z,-121.57970511,39.49422454,LFC,drone,1
Trailer Park,2024-11-14T00:00:00Z,-121.57961069,39.49361361,LFC,drone,1
Trailer Park,2024-11-14T00:00:00Z,-121.57954301,39.49365166,LFC,drone,1
Trailer Park,2024-11-14T00:00:00Z,-121.57961553,39.49351288,LFC,drone,1
Trailer Park,2024-11-14T00:00:00Z,-121.57943506,39.49347756,LFC,drone,1
Trailer Park,2024-11-14T00:00:00Z,-121.57925712,39.49362982,LFC,drone,1
Trailer Park,2024-11-14T00:00:00Z,-121.57925162,39.49357861,LFC,drone,1
Trailer Park,2024-11-14T00:00:00Z,-121.57904927,39.49446262,LFC,drone,1
Trailer Park,2024-11-14T00:00:00Z,-121.57888562,39.49473108,LFC,drone,1
Trailer Park,2024-11-14T00:00:00Z,-121.57861953,39.49494872,LFC,drone,1
Trailer Park,2024-11-14T00:00:00Z,-121.57843162,39.49505553,LFC,drone,1
Trailer Park,2024-11-14T00:00:00Z,-121.57840158,39.49501683,LFC,drone,1
Trailer Park,2024-11-14T00:00:00Z,-121.57969978,39.49352759,LFC,drone,1
Trailer Park,2024-11-14T00:00:00Z,-121.57968532,39.4934619,LFC,drone,1
Trailer Park,2024-11-14T00:00:00Z,-121.57955881,39.49346899,LFC,drone,1
Trailer Park,2024-11-14T00:00:00Z,-121.57962436,39.49339852,LFC,drone,1
Trailer Park,2024-11-14T00:00:00Z,-121.57951937,39.49353474,LFC,drone,1
Trailer Park,2025-09-10T00:00:00Z,-121.57874479,39.49718627,LFC,drone,1
Trailer Park,2025-09-10T00:00:00Z,-121.57879938,39.49717241,LFC,drone,1
Trailer Park,2025-09-10T00:00:00Z,-121.57874709,39.49714614,LFC,drone,1
Trailer Park,2025-09-10T00:00:00Z,-121.57887525,39.49713202,LFC,drone,1
Trailer Park,2025-09-10T00:00:00Z,-121.57884526,39.49712554,LFC,drone,1
Trailer Park,2025-09-10T00:00:00Z,-121.57887324,39.49708495,LFC,drone,1
Trailer Park,2025-09-10T00:00:00Z,-121.57876579,39.49723652,LFC,drone,1
Trailer Park,2025-09-10T00:00:00Z,-121.57874485,39.49724042,LFC,drone,1
Trailer Park,2025-09-10T00:00:00Z,-121.57869092,39.49720634,LFC,drone,1
Trailer Park,2025-09-10T00:00:00Z,-121.57868036,39.49718898,LFC,drone,1
Trailer Park,2025-09-10T00:00:00Z,-121.57882962,39.49716627,LFC,drone,1
Trailer Park,2025-09-10T00:00:00Z,-121.57879112,39.4971319,LFC,drone,1
Trailer Park,2025-09-10T00:00:00Z,-121.57940223,39.49663701,LFC,drone,1
Trailer Park,2025-09-10T00:00:00Z,-121.57942841,39.49674017,LFC,drone,1
Trailer Park,2025-09-10T00:00:00Z,-121.57858268,39.49496505,LFC,drone,1
Trailer Park,2025-09-10T00:00:00Z,-121.5786277,39.49491959,LFC,drone,1
Trailer Park,2025-09-10T00:00:00Z,-121.57857932,39.49495279,LFC,drone,1
Trailer Park,2025-09-10T00:00:00Z,-121.57892911,39.49472945,LFC,drone,1
Trailer Park,2025-09-10T00:00:00Z,-121.57917821,39.49391437,LFC,drone,1
Trailer Park,2025-09-10T00:00:00Z,-121.57923835,39.49380211,LFC,drone,1
Trailer Park,2025-09-24T00:00:00Z,-121.57893165,39.49705631,LFC,drone,1
Trailer Park,2025-09-24T00:00:00Z,-121.57889178,39.49704447,LFC,drone,1
Trailer Park,2025-09-24T00:00:00Z,-121.5788964,39.49700687,LFC,drone,1
Trailer Park,2025-09-24T00:00:00Z,-121.57878133,39.49720269,LFC,drone,1
Trailer Park,2025-09-24T00:00:00Z,-121.57868238,39.49725109,LFC,drone,1
Trailer Park,2025-09-24T00:00:00Z,-121.57889118,39.49711199,LFC,drone,1
Trailer Park,2025-09-24T00:00:00Z,-121.5788482,39.49713896,LFC,drone,1
Trailer Park,2025-09-24T00:00:00Z,-121.57880848,39.4971576,LFC,drone,1
Trailer Park,2025-09-24T00:00:00Z,-121.57863564,39.49719732,LFC,drone,1
Trailer Park,2025-09-24T00:00:00Z,-121.57874331,39.49721358,LFC,drone,1
Trailer Park,2025-09-24T00:00:00Z,-121.57919445,39.49687903,LFC,drone,1
Trailer Park,2025-09-24T00:00:00Z,-121.57921955,39.49689667,LFC,drone,1
Trailer Park,2025-09-24T00:00:00Z,-121.57926602,39.49688768,LFC,drone,1
Trailer Park,2025-09-24T00:00:00Z,-121.57924563,39.49686591,LFC,drone,1
Trailer Park,2025-09-24T00:00:00Z,-121.5792259,39.49685013,LFC,drone,1
Trailer Park,2025-09-24T00:00:00Z,-121.5793085,39.4967334,LFC,drone,1
Trailer Park,2025-09-24T00:00:00Z,-121.57949,39.49676072,LFC,drone,1
Trailer Park,2025-09-24T00:00:00Z,-121.57957646,39.49679525,LFC,drone,1
Trailer Park,2025-09-24T00:00:00Z,-121.57953029,39.4967899,LFC,drone,1
Trailer Park,2025-09-24T00:00:00Z,-121.57945085,39.49678893,LFC,drone,1
Trailer Park,2025-09-24T00:00:00Z,-121.57940952,39.49677289,LFC,drone,1
Trailer Park,2025-09-24T00:00:00Z,-121.5793573,39.49676149,LFC,drone,1
Trailer Park,2025-09-24T00:00:00Z,-121.57939111,39.49673023,LFC,drone,1
Trailer Park,2025-09-24T00:00:00Z,-121.57934402,39.4966938,LFC,drone,1
Trailer Park,2025-09-24T00:00:00Z,-121.57931141,39.4966665,LFC,drone,1
Trailer Park,2025-09-24T00:00:00Z,-121.57947336,39.49666848,LFC,drone,1
Trailer Park,2025-09-24T00:00:00Z,-121.57955287,39.49670352,LFC,drone,1
Trailer Park,2025-09-24T00:00:00Z,-121.57948074,39.4966094,LFC,drone,1
Trailer Park,2025-09-24T00:00:00Z,-121.57937479,39.49654655,LFC,drone,1
Trailer Park,2025-09-24T00:00:00Z,-121.57932252,39.49661345,LFC,drone,1
Trailer Park,2025-09-24T00:00:00Z,-121.5793423,39.49662684,LFC,drone,1
Trailer Park,2025-09-24T00:00:00Z,-121.57938159,39.49662911,LFC,drone,1
Trailer Park,2025-09-24T00:00:00Z,-121.57930543,39.49677042,LFC,drone,1
Trailer Park,2025-09-24T00:00:00Z,-121.57942404,39.49670374,LFC,drone,1
Trailer Park,2025-09-24T00:00:00Z,-121.57939191,39.49669079,LFC,drone,1
Trailer Park,2025-09-24T00:00:00Z,-121.57952959,39.4966345,LFC,drone,1
Trailer Park,2025-09-24T00:00:00Z,-121.57943804,39.49657038,LFC,drone,1
Trailer Park,2025-09-24T00:00:00Z,-121.57969061,39.49673119,LFC,drone,1
Trailer Park,2025-09-24T00:00:00Z,-121.57956269,39.49666078,LFC,drone,1
Trailer Park,2025-09-24T00:00:00Z,-121.5794012,39.49651766,LFC,drone,1
Trailer Park,2025-09-24T00:00:00Z,-121.57948102,39.49652552,LFC,drone,1
Trailer Park,2025-09-24T00:00:00Z,-121.57961674,39.49635812,LFC,drone,1
Trailer Park,2025-09-24T00:00:00Z,-121.57967913,39.49639789,LFC,drone,1
Trailer Park,2025-09-24T00:00:00Z,-121.57956925,39.49631431,LFC,drone,1
Trailer Park,2025-09-24T00:00:00Z,-121.57953334,39.49635633,LFC,drone,1
Trailer Park,2025-09-24T00:00:00Z,-121.57954703,39.49641158,LFC,drone,1
Trailer Park,2025-09-24T00:00:00Z,-121.57962861,39.49642979,LFC,drone,1
Trailer Park,2025-09-24T00:00:00Z,-121.57968413,39.49649167,LFC,drone,1
Trailer Park,2025-09-24T00:00:00Z,-121.57960119,39.49655444,LFC,drone,1
Trailer Park,2025-09-24T00:00:00Z,-121.57957263,39.49651419,LFC,drone,1
Trailer Park,2025-09-24T00:00:00Z,-121.57951454,39.49646251,LFC,drone,1
Trailer Park,2025-09-24T00:00:00Z,-121.57958612,39.49642461,LFC,drone,1
Trailer Park,2025-09-24T00:00:00Z,-121.57983482,39.49463771,LFC,drone,1
Trailer Park,2025-09-24T00:00:00Z,-121.57843091,39.49486131,LFC,drone,1
Trailer Park,2025-09-24T00:00:00Z,-121.57853889,39.49483399,LFC,drone,1
Trailer Park,2025-09-24T00:00:00Z,-121.57854447,39.49487004,LFC,drone,1
Trailer Park,2025-09-24T00:00:00Z,-121.57857172,39.49485103,LFC,drone,1
Trailer Park,2025-09-24T00:00:00Z,-121.57852511,39.49476601,LFC,drone,1
Trailer Park,2025-09-24T00:00:00Z,-121.57843414,39.49481092,LFC,drone,1
Trailer Park,2025-09-24T00:00:00Z,-121.57864331,39.49481103,LFC,drone,1
Trailer Park,2025-09-24T00:00:00Z,-121.57866295,39.494824,LFC,drone,1
Trailer Park,2025-09-24T00:00:00Z,-121.57869829,39.49476421,LFC,drone,1
Trailer Park,2025-09-24T00:00:00Z,-121.57872395,39.49474518,LFC,drone,1
Trailer Park,2025-09-24T00:00:00Z,-121.57856702,39.49495873,LFC,drone,1
Trailer Park,2025-09-24T00:00:00Z,-121.57857298,39.49493241,LFC,drone,1
Trailer Park,2025-09-24T00:00:00Z,-121.57839759,39.49481782,LFC,drone,1
Trailer Park,2025-09-24T00:00:00Z,-121.57882195,39.49479166,LFC,drone,1
Trailer Park,2025-09-24T00:00:00Z,-121.57885373,39.49470838,LFC,drone,1
Trailer Park,2025-09-24T00:00:00Z,-121.57893494,39.49465977,LFC,drone,1
Trailer Park,2025-09-24T00:00:00Z,-121.57893091,39.49470634,LFC,drone,1
Trailer Park,2025-09-24T00:00:00Z,-121.57896727,39.4945496,LFC,drone,1
Trailer Park,2025-09-24T00:00:00Z,-121.57897252,39.49459508,LFC,drone,1
Trailer Park,2025-09-24T00:00:00Z,-121.57901271,39.49462904,LFC,drone,1
Trailer Park,2025-09-24T00:00:00Z,-121.57905612,39.49458057,LFC,drone,1
Trailer Park,2025-09-24T00:00:00Z,-121.57902098,39.49452575,LFC,drone,1
Trailer Park,2025-09-24T00:00:00Z,-121.57909352,39.4945625,LFC,drone,1
Trailer Park,2025-09-24T00:00:00Z,-121.57881395,39.4946541,LFC,drone,1
Trailer Park,2025-09-24T00:00:00Z,-121.57878947,39.4946819,LFC,drone,1
Trailer Park,2025-09-24T00:00:00Z,-121.57891684,39.49456392,LFC,drone,1
Trailer Park,2025-09-24T00:00:00Z,-121.5789778,39.49448697,LFC,drone,1
Trailer Park,2025-09-24T00:00:00Z,-121.57903863,39.49445485,LFC,drone,1
Trailer Park,2025-09-24T00:00:00Z,-121.57901128,39.49443419,LFC,drone,1
Trailer Park,2025-09-24T00:00:00Z,-121.57909091,39.4943497,LFC,drone,1
Trailer Park,2025-09-24T00:00:00Z,-121.57910503,39.49430027,LFC,drone,1
Trailer Park,2025-09-24T00:00:00Z,-121.57921465,39.49444743,LFC,drone,1
Trailer Park,2025-09-24T00:00:00Z,-121.57915697,39.49451486,LFC,drone,1
Trailer Park,2025-09-24T00:00:00Z,-121.57918061,39.4944524,LFC,drone,1
Trailer Park,2025-09-24T00:00:00Z,-121.57914817,39.49441674,LFC,drone,1
Trailer Park,2025-09-24T00:00:00Z,-121.57911211,39.49444499,LFC,drone,1
Trailer Park,2025-09-24T00:00:00Z,-121.57926915,39.49418349,LFC,drone,1
Trailer Park,2025-09-24T00:00:00Z,-121.57921787,39.49415672,LFC,drone,1
Trailer Park,2025-09-24T00:00:00Z,-121.57884618,39.49463205,LFC,drone,1
Trailer Park,2025-09-24T00:00:00Z,-121.57919202,39.49403874,LFC,drone,1
Trailer Park,2025-09-24T00:00:00Z,-121.57928262,39.49393625,LFC,drone,1
Trailer Park,2025-09-24T00:00:00Z,-121.5792314,39.49395459,LFC,drone,1
Trailer Park,2025-09-24T00:00:00Z,-121.5791863,39.49394966,LFC,drone,1
Trailer Park,2025-09-24T00:00:00Z,-121.57914605,39.49398419,LFC,drone,1
Trailer Park,2025-09-24T00:00:00Z,-121.57913501,39.493879,LFC,drone,1
Trailer Park,2025-09-24T00:00:00Z,-121.57906283,39.49381683,LFC,drone,1
Trailer Park,2025-09-24T00:00:00Z,-121.57927511,39.49384277,LFC,drone,1
Trailer Park,2025-09-24T00:00:00Z,-121.57912109,39.49385223,LFC,drone,1
Trailer Park,2025-09-24T00:00:00Z,-121.57920546,39.49380007,LFC,drone,1
Trailer Park,2025-09-24T00:00:00Z,-121.57924778,39.49384302,LFC,drone,1
Trailer Park,2025-10-08T00:00:00Z,-121.57884356,39.49725306,LFC,drone,1
Trailer Park,2025-10-08T00:00:00Z,-121.57899895,39.49708522,LFC,drone,1
Trailer Park,2025-10-08T00:00:00Z,-121.57895356,39.49715459,LFC,drone,1
Trailer Park,2025-10-08T00:00:00Z,-121.57886879,39.49723655,LFC,drone,1
Trailer Park,2025-10-08T00:00:00Z,-121.57868907,39.49728013,LFC,drone,1
Trailer Park,2025-10-08T00:00:00Z,-121.57894935,39.49710539,LFC,drone,1
Trailer Park,2025-10-08T00:00:00Z,-121.57991027,39.49719402,LFC,drone,1
Trailer Park,2025-10-08T00:00:00Z,-121.57995624,39.49723933,LFC,drone,1
Trailer Park,2025-10-08T00:00:00Z,-121.57900212,39.49469466,LFC,drone,1
Trailer Park,2025-10-08T00:00:00Z,-121.5792545,39.49400566,LFC,drone,1
Trailer Park,2025-10-08T00:00:00Z,-121.57914035,39.49404311,LFC,drone,1
Trailer Park,2025-10-08T00:00:00Z,-121.57932362,39.49394495,LFC,drone,1
Trailer Park,2025-10-08T00:00:00Z,-121.57932707,39.49388881,LFC,drone,1
Trailer Park,2025-10-08T00:00:00Z,-121.57919237,39.49383696,LFC,drone,1
Trailer Park,2025-10-08T00:00:00Z,-121.57929169,39.49377004,LFC,drone,1
Trailer Park,2025-10-08T00:00:00Z,-121.57953714,39.493383969999996,LFC,drone,1
Trailer Park,2025-10-08T00:00:00Z,-121.57962654,39.49338745,LFC,drone,1
Trailer Park,2025-10-08T00:00:00Z,-121.57965166,39.49344215,LFC,drone,1
Trailer Park,2025-10-28T00:00:00Z,-121.57890364,39.49721972,LFC,drone,1
Trailer Park,2025-10-28T00:00:00Z,-121.57890228,39.49724839,LFC,drone,1
Trailer Park,2025-10-28T00:00:00Z,-121.57892421,39.49719428,LFC,drone,1
Trailer Park,2025-10-28T00:00:00Z,-121.57894304,39.49717897,LFC,drone,1
Trailer Park,2025-10-28T00:00:00Z,-121.5788071,39.49730102,LFC,drone,1
Trailer Park,2025-10-28T00:00:00Z,-121.57893888,39.4970803,LFC,drone,1
Trailer Park,2025-10-28T00:00:00Z,-121.57876148,39.49726819,LFC,drone,1
Trailer Park,2025-10-28T00:00:00Z,-121.5798005,39.49723367,LFC,drone,1
Trailer Park,2025-10-28T00:00:00Z,-121.57979365,39.49726706,LFC,drone,1
Trailer Park,2025-10-28T00:00:00Z,-121.57979952,39.49731972,LFC,drone,1
Trailer Park,2025-10-28T00:00:00Z,-121.57986299,39.49723384,LFC,drone,1
Trailer Park,2025-10-28T00:00:00Z,-121.57987671,39.49727943,LFC,drone,1
Trailer Park,2025-10-28T00:00:00Z,-121.57959285,39.49705124,LFC,drone,1
Trailer Park,2025-10-28T00:00:00Z,-121.57946938,39.49693977,LFC,drone,1
Trailer Park,2025-10-28T00:00:00Z,-121.57957756,39.49693093,LFC,drone,1
Trailer Park,2025-10-28T00:00:00Z,-121.57963403,39.49692325,LFC,drone,1
Trailer Park,2025-10-28T00:00:00Z,-121.57963799,39.49688027,LFC,drone,1
Trailer Park,2025-10-28T00:00:00Z,-121.57939303,39.49693883,LFC,drone,1
Trailer Park,2025-10-28T00:00:00Z,-121.57960398,39.49674161,LFC,drone,1
Trailer Park,2025-10-28T00:00:00Z,-121.57961019,39.49685094,LFC,drone,1
Trailer Park,2025-10-28T00:00:00Z,-121.57970809,39.49677837,LFC,drone,1
Trailer Park,2025-10-28T00:00:00Z,-121.57973993,39.49669471,LFC,drone,1
Trailer Park,2025-10-28T00:00:00Z,-121.5795001,39.49663388,LFC,drone,1
Trailer Park,2025-10-28T00:00:00Z,-121.57954191,39.49659331,LFC,drone,1
Trailer Park,2025-10-28T00:00:00Z,-121.57949399,39.49669731,LFC,drone,1
Trailer Park,2025-10-28T00:00:00Z,-121.57970322,39.49654392,LFC,drone,1
Trailer Park,2025-10-28T00:00:00Z,-121.57958309,39.49628751,LFC,drone,1
Trailer Park,2025-10-28T00:00:00Z,-121.57962067,39.49639536,LFC,drone,1
Trailer Park,2025-10-28T00:00:00Z,-121.5797378,39.49537798,LFC,drone,1
Trailer Park,2025-10-28T00:00:00Z,-121.57976123,39.49541095,LFC,drone,1
Trailer Park,2025-10-28T00:00:00Z,-121.57960156,39.49555748,LFC,drone,1
Trailer Park,2025-10-28T00:00:00Z,-121.57961804,39.4954587,LFC,drone,1
Trailer Park,2025-10-28T00:00:00Z,-121.57968604,39.49549315,LFC,drone,1
Trailer Park,2025-10-28T00:00:00Z,-121.57972043,39.49534322,LFC,drone,1
Trailer Park,2025-10-28T00:00:00Z,-121.57975753,39.49529698,LFC,drone,1
Trailer Park,2025-10-28T00:00:00Z,-121.57981582,39.49539388,LFC,drone,1
Trailer Park,2025-10-28T00:00:00Z,-121.57977245,39.49551101,LFC,drone,1
Trailer Park,2025-10-28T00:00:00Z,-121.57993217,39.49512542,LFC,drone,1
Trailer Park,2025-10-28T00:00:00Z,-121.58000644,39.49488503,LFC,drone,1
Trailer Park,2025-10-28T00:00:00Z,-121.58001805,39.49495868,LFC,drone,1
Trailer Park,2025-10-28T00:00:00Z,-121.57995509,39.49502007,LFC,drone,1
Trailer Park,2025-10-28T00:00:00Z,-121.57997665,39.49494622,LFC,drone,1
Trailer Park,2025-10-28T00:00:00Z,-121.57971538,39.494594,LFC,drone,1
Trailer Park,2025-10-28T00:00:00Z,-121.5798102,39.49471051,LFC,drone,1
Trailer Park,2025-10-28T00:00:00Z,-121.57978462,39.49475442,LFC,drone,1
Trailer Park,2025-10-28T00:00:00Z,-121.57976812,39.49480741,LFC,drone,1
Trailer Park,2025-10-28T00:00:00Z,-121.57989941,39.4946859,LFC,drone,1
Trailer Park,2025-10-28T00:00:00Z,-121.57983956,39.49459432,LFC,drone,1
Trailer Park,2025-10-28T00:00:00Z,-121.57967845,39.49451346,LFC,drone,1
Trailer Park,2025-10-28T00:00:00Z,-121.57981366,39.49427546,LFC,drone,1
Trailer Park,2025-10-28T00:00:00Z,-121.57970741,39.49430345,LFC,drone,1
Trailer Park,2025-10-28T00:00:00Z,-121.57966207,39.49425687,LFC,drone,1
Trailer Park,2025-10-28T00:00:00Z,-121.57957582,39.49413629,LFC,drone,1
Trailer Park,2025-10-28T00:00:00Z,-121.57972083,39.49387151,LFC,drone,1
Trailer Park,2025-10-28T00:00:00Z,-121.57963782,39.493743190000004,LFC,drone,1
Trailer Park,2025-10-28T00:00:00Z,-121.57966337,39.49388993,LFC,drone,1
Trailer Park,2025-10-28T00:00:00Z,-121.57969219,39.49395184,LFC,drone,1
Trailer Park,2025-10-28T00:00:00Z,-121.57958354,39.49405626,LFC,drone,1
Trailer Park,2025-10-28T00:00:00Z,-121.57977433,39.49428984,LFC,drone,1
Trailer Park,2025-10-28T00:00:00Z,-121.57972078,39.49424798,LFC,drone,1
Trailer Park,2025-10-28T00:00:00Z,-121.57952129,39.49362592,LFC,drone,1
Trailer Park,2025-10-28T00:00:00Z,-121.57946539,39.49358278,LFC,drone,1
Trailer Park,2025-10-28T00:00:00Z,-121.57944185,39.4936238,LFC,drone,1
Trailer Park,2025-10-28T00:00:00Z,-121.57949908,39.49343172,LFC,drone,1
Trailer Park,2025-10-28T00:00:00Z,-121.57908285,39.49394977,LFC,drone,1
Trailer Park,2025-10-28T00:00:00Z,-121.57905548,39.49389206,LFC,drone,1
Trailer Park,2025-10-28T00:00:00Z,-121.57919258,39.49409156,LFC,drone,1
Trailer Park,2025-10-28T00:00:00Z,-121.57930611,39.49404693,LFC,drone,1
Trailer Park,2025-10-28T00:00:00Z,-121.57931333,39.49399562,LFC,drone,1
Trailer Park,2025-10-28T00:00:00Z,-121.57931471,39.49425253,LFC,drone,1
Trailer Park,2025-10-28T00:00:00Z,-121.57929268,39.49421725,LFC,drone,1
Trailer Park,2025-10-28T00:00:00Z,-121.57921409,39.49422902,LFC,drone,1
Trailer Park,2025-10-28T00:00:00Z,-121.57921373,39.49420013,LFC,drone,1
Trailer Park,2025-10-28T00:00:00Z,-121.57912861,39.4943303,LFC,drone,1
Trailer Park,2025-10-28T00:00:00Z,-121.57929671,39.49436075,LFC,drone,1
Trailer Park,2025-10-28T00:00:00Z,-121.57927799,39.49430275,LFC,drone,1
Trailer Park,2025-10-28T00:00:00Z,-121.57911098,39.49464753,LFC,drone,1
Trailer Park,2025-10-28T00:00:00Z,-121.57912815,39.49460129,LFC,drone,1
Trailer Park,2025-10-28T00:00:00Z,-121.57897238,39.49467756,LFC,drone,1
Trailer Park,2025-10-28T00:00:00Z,-121.5790648,39.49468668,LFC,drone,1
Trailer Park,2025-10-28T00:00:00Z,-121.57898753,39.49474601,LFC,drone,1
Trailer Park,2025-11-18T00:00:00Z,-121.57889884,39.49469077,LFC,drone,1
Trailer Park,2025-11-18T00:00:00Z,-121.57931661,39.49387254,LFC,drone,1
Trailer Park,2025-11-18T00:00:00Z,-121.57926822,39.49386239,LFC,drone,1
Trailer Park,2025-11-18T00:00:00Z,-121.57922152,39.49383303,LFC,drone,1
Trailer Park,2025-11-18T00:00:00Z,-121.57967419,39.49341436,LFC,drone,1
Trailer Park,2025-11-18T00:00:00Z,-121.5795835,39.49330997,LFC,drone,1
Upper Auditorium,2024-09-09T00:00:00Z,-121.55742594,39.515791,LFC,drone,1
Upper Auditorium,2024-09-09T00:00:00Z,-121.55758234,39.51571501,LFC,drone,1
Upper Auditorium,2024-09-09T00:00:00Z,-121.55764225,39.5158435,LFC,drone,1
Upper Auditorium,2024-09-09T00:00:00Z,-121.55767668,39.51579793,LFC,drone,1
Upper Auditorium,2024-09-09T00:00:00Z,-121.55768442,39.51582881,LFC,drone,1
Upper Auditorium,2024-09-09T00:00:00Z,-121.55733132,39.51591123,LFC,drone,1
Upper Auditorium,2024-09-09T00:00:00Z,-121.55736838,39.51590645,LFC,drone,1
Upper Auditorium,2024-09-09T00:00:00Z,-121.55757516,39.51583529,LFC,drone,1
Upper Auditorium,2024-09-09T00:00:00Z,-121.55673612,39.51584963,LFC,drone,1
Upper Auditorium,2024-09-18T00:00:00Z,-121.55730868,39.51584803,LFC,drone,1
Upper Auditorium,2024-09-18T00:00:00Z,-121.55732452,39.51580603,LFC,drone,1
Upper Auditorium,2024-09-18T00:00:00Z,-121.55732464,39.51579494,LFC,drone,1
Upper Auditorium,2024-09-18T00:00:00Z,-121.55730496,39.51577355,LFC,drone,1
Upper Auditorium,2024-09-18T00:00:00Z,-121.5573095,39.51574366,LFC,drone,1
Upper Auditorium,2024-09-18T00:00:00Z,-121.55733438,39.51571017,LFC,drone,1
Upper Auditorium,2024-09-18T00:00:00Z,-121.55741186,39.51577919,LFC,drone,1
Upper Auditorium,2024-09-18T00:00:00Z,-121.55743654,39.51576774,LFC,drone,1
Upper Auditorium,2024-09-18T00:00:00Z,-121.55743012,39.51586774,LFC,drone,1
Upper Auditorium,2024-09-18T00:00:00Z,-121.55751003,39.51589331,LFC,drone,1
Upper Auditorium,2024-09-18T00:00:00Z,-121.55758695,39.51588434,LFC,drone,1
Upper Auditorium,2024-09-18T00:00:00Z,-121.55754012,39.51578937,LFC,drone,1
Upper Auditorium,2024-09-18T00:00:00Z,-121.55746952,39.51574089,LFC,drone,1
Upper Auditorium,2024-09-18T00:00:00Z,-121.55748763,39.5157265,LFC,drone,1
Upper Auditorium,2024-09-18T00:00:00Z,-121.55751187,39.51571295,LFC,drone,1
Upper Auditorium,2024-09-18T00:00:00Z,-121.55758398,39.51568984,LFC,drone,1
Upper Auditorium,2024-09-18T00:00:00Z,-121.55762884,39.5157372,LFC,drone,1
Upper Auditorium,2024-09-18T00:00:00Z,-121.55762378,39.5158136,LFC,drone,1
Upper Auditorium,2024-09-18T00:00:00Z,-121.55744178,39.51588284,LFC,drone,1
Upper Auditorium,2024-09-18T00:00:00Z,-121.55755856,39.51576911,LFC,drone,1
Upper Auditorium,2024-09-18T00:00:00Z,-121.557737,39.51567477,LFC,drone,1
Upper Auditorium,2024-09-18T00:00:00Z,-121.55724652,39.5156836,LFC,drone,1
Upper Auditorium,2024-09-18T00:00:00Z,-121.55787228,39.51573794,LFC,drone,1
Upper Auditorium,2024-09-18T00:00:00Z,-121.55676583,39.51583891,LFC,drone,1
Upper Auditorium,2024-09-18T00:00:00Z,-121.55670949,39.51584942,LFC,drone,1
Upper Auditorium,2024-09-18T00:00:00Z,-121.55669404,39.51583801,LFC,drone,1
Upper Auditorium,2024-09-18T00:00:00Z,-121.55675412,39.51582147,LFC,drone,1
Upper Auditorium,2024-09-23T00:00:00Z,-121.55761405,39.51564448,LFC,drone,1
Upper Auditorium,2024-09-23T00:00:00Z,-121.55766495,39.51572612,LFC,drone,1
Upper Auditorium,2024-09-23T00:00:00Z,-121.55767996,39.51574324,LFC,drone,1
Upper Auditorium,2024-09-23T00:00:00Z,-121.55766018999999,39.51569906,LFC,drone,1
Upper Auditorium,2024-09-23T00:00:00Z,-121.55741957,39.51581874,LFC,drone,1
Upper Auditorium,2024-09-23T00:00:00Z,-121.5575196,39.51581082,LFC,drone,1
Upper Auditorium,2024-09-23T00:00:00Z,-121.55748635,39.51584703,LFC,drone,1
Upper Auditorium,2024-09-23T00:00:00Z,-121.55707033,39.51593249,LFC,drone,1
Upper Auditorium,2024-09-23T00:00:00Z,-121.55690353,39.51579723,LFC,drone,1
Upper Auditorium,2024-09-23T00:00:00Z,-121.55679586,39.51586043,LFC,drone,1
Upper Auditorium,2024-09-23T00:00:00Z,-121.55691101,39.51589298,LFC,drone,1
Upper Auditorium,2024-09-23T00:00:00Z,-121.55688355,39.51593475,LFC,drone,1
Upper Auditorium,2024-09-23T00:00:00Z,-121.55675718,39.51591404,LFC,drone,1
Upper Auditorium,2024-09-23T00:00:00Z,-121.55786545,39.5157753,LFC,drone,1
Upper Auditorium,2024-09-23T00:00:00Z,-121.55778936,39.51579678,LFC,drone,1
Upper Auditorium,2024-09-30T00:00:00Z,-121.5568208,39.51582117,LFC,drone,1
Upper Auditorium,2024-09-30T00:00:00Z,-121.55707142,39.5159189,LFC,drone,1
Upper Auditorium,2024-09-30T00:00:00Z,-121.55730263,39.51589424,LFC,drone,1
Upper Auditorium,2024-09-30T00:00:00Z,-121.55728872,39.51587209,LFC,drone,1
Upper Auditorium,2024-09-30T00:00:00Z,-121.55734085,39.51585663,LFC,drone,1
Upper Auditorium,2024-09-30T00:00:00Z,-121.55734299,39.51582648,LFC,drone,1
Upper Auditorium,2024-09-30T00:00:00Z,-121.55754553,39.51557883,LFC,drone,1
Upper Auditorium,2024-09-30T00:00:00Z,-121.55777193,39.51573221,LFC,drone,1
Upper Auditorium,2024-09-30T00:00:00Z,-121.5566324,39.51587859,LFC,drone,1
Upper Auditorium,2024-09-30T00:00:00Z,-121.55675277,39.51587364,LFC,drone,1
Upper Auditorium,2024-10-07T00:00:00Z,-121.55747341,39.51582957,LFC,drone,1
Upper Auditorium,2024-10-07T00:00:00Z,-121.55752674,39.51586567,LFC,drone,1
Upper Auditorium,2024-10-07T00:00:00Z,-121.55761866,39.51579182,LFC,drone,1
Upper Auditorium,2024-10-07T00:00:00Z,-121.55767225,39.51577931,LFC,drone,1
Upper Auditorium,2024-10-07T00:00:00Z,-121.55772631,39.5158535,LFC,drone,1
Upper Auditorium,2024-10-07T00:00:00Z,-121.55775555,39.51570125,LFC,drone,1
Upper Auditorium,2024-10-07T00:00:00Z,-121.55766345,39.51556448,LFC,drone,1
Upper Auditorium,2024-10-15T00:00:00Z,-121.55710828,39.51590338,LFC,drone,1
Upper Auditorium,2024-10-15T00:00:00Z,-121.55736021,39.51586575,LFC,drone,1
Upper Auditorium,2024-10-15T00:00:00Z,-121.55770843,39.515815,LFC,drone,1
Upper Auditorium,2024-10-15T00:00:00Z,-121.5577675,39.51559331,LFC,drone,1
Upper Auditorium,2024-10-15T00:00:00Z,-121.55774886,39.51555661,LFC,drone,1
Upper Auditorium,2024-10-15T00:00:00Z,-121.55785235,39.51559794,LFC,drone,1
Upper Auditorium,2024-10-15T00:00:00Z,-121.55788729,39.51569421,LFC,drone,1
Upper Auditorium,2024-10-21T00:00:00Z,-121.55669126,39.51593182,LFC,drone,1
Upper Auditorium,2024-10-21T00:00:00Z,-121.55672792,39.51594515,LFC,drone,1
Upper Auditorium,2024-10-21T00:00:00Z,-121.55718119,39.515905,LFC,drone,1
Upper Auditorium,2024-10-21T00:00:00Z,-121.55721735,39.51589759,LFC,drone,1
Upper Auditorium,2024-10-21T00:00:00Z,-121.55721654,39.51584751,LFC,drone,1
Upper Auditorium,2024-10-21T00:00:00Z,-121.55720541,39.51580518,LFC,drone,1
Upper Auditorium,2024-10-21T00:00:00Z,-121.5568961,39.51584926,LFC,drone,1
Upper Auditorium,2024-10-28T00:00:00Z,-121.55714889,39.51585955,LFC,drone,1
Upper Auditorium,2024-10-28T00:00:00Z,-121.55700831,39.51587067,LFC,drone,1
Upper Auditorium,2024-10-28T00:00:00Z,-121.55694271,39.51587272,LFC,drone,1
Upper Auditorium,2024-11-04T00:00:00Z,-121.55663819,39.51584862,LFC,drone,1
Upper Auditorium,2024-11-04T00:00:00Z,-121.55698757,39.51595816,LFC,drone,1
Upper Auditorium,2024-11-04T00:00:00Z,-121.55715647,39.51591911,LFC,drone,1
Upper Auditorium,2024-11-04T00:00:00Z,-121.55724039,39.51576236,LFC,drone,1
Upper Auditorium,2024-11-04T00:00:00Z,-121.5574931,39.51576706,LFC,drone,1
Upper Auditorium,2024-11-04T00:00:00Z,-121.55740667,39.51563577,LFC,drone,1
Upper Auditorium,2024-11-04T00:00:00Z,-121.55760582,39.51589836,LFC,drone,1
Upper Auditorium,2024-11-04T00:00:00Z,-121.55783053,39.51582268,LFC,drone,1
Upper Auditorium,2024-11-04T00:00:00Z,-121.5579902,39.51563401,LFC,drone,1
Upper Auditorium,2024-11-04T00:00:00Z,-121.55799894,39.51566945,LFC,drone,1
Upper Auditorium,2024-11-12T00:00:00Z,-121.55715874,39.51577863,LFC,drone,1
Upper Auditorium,2024-11-12T00:00:00Z,-121.557139,39.51565851,LFC,drone,1
Upper Auditorium,2024-11-12T00:00:00Z,-121.55742554,39.51565269,LFC,drone,1
Upper Auditorium,2024-11-12T00:00:00Z,-121.55726393,39.51566475,LFC,drone,1
Upper Auditorium,2025-09-03T00:00:00Z,NA,NA,LFC,drone,0
Upper Auditorium,2025-09-09T00:00:00Z,-121.55771967,39.51566324,LFC,drone,1
Upper Auditorium,2025-09-09T00:00:00Z,-121.55753538,39.51571653,LFC,drone,1
Upper Auditorium,2025-09-09T00:00:00Z,-121.55759617,39.51572969,LFC,drone,1
Upper Auditorium,2025-09-09T00:00:00Z,-121.55763191,39.5157727,LFC,drone,1
Upper Auditorium,2025-09-09T00:00:00Z,-121.55752778,39.51578856,LFC,drone,1
Upper Auditorium,2025-09-09T00:00:00Z,-121.55747401,39.51580503,LFC,drone,1
Upper Auditorium,2025-09-09T00:00:00Z,-121.55741215,39.51580663,LFC,drone,1
Upper Auditorium,2025-09-09T00:00:00Z,-121.55730732,39.51578227,LFC,drone,1
Upper Auditorium,2025-09-09T00:00:00Z,-121.5571576,39.51589865,LFC,drone,1
Upper Auditorium,2025-09-09T00:00:00Z,-121.55764439,39.51583375,LFC,drone,1
Upper Auditorium,2025-09-09T00:00:00Z,-121.55671723,39.51600729,LFC,drone,1
Upper Auditorium,2025-09-09T00:00:00Z,-121.55721624,39.51576772,LFC,drone,1
Upper Auditorium,2025-09-09T00:00:00Z,-121.55737267,39.51574052,LFC,drone,1
Upper Auditorium,2025-09-09T00:00:00Z,-121.55761522,39.51567319,LFC,drone,1
Upper Auditorium,2025-09-09T00:00:00Z,-121.55756912,39.51570758,LFC,drone,1
Upper Auditorium,2025-09-16T00:00:00Z,-121.55774,39.51556595,LFC,drone,1
Upper Auditorium,2025-09-16T00:00:00Z,-121.55767878,39.51561012,LFC,drone,1
Upper Auditorium,2025-09-16T00:00:00Z,-121.55780451,39.51562054,LFC,drone,1
Upper Auditorium,2025-09-16T00:00:00Z,-121.55761843,39.51561291,LFC,drone,1
Upper Auditorium,2025-09-16T00:00:00Z,-121.55755268,39.51554411,LFC,drone,1
Upper Auditorium,2025-09-16T00:00:00Z,-121.55748282,39.51560059,LFC,drone,1
Upper Auditorium,2025-09-16T00:00:00Z,-121.55738645,39.51561004,LFC,drone,1
Upper Auditorium,2025-09-16T00:00:00Z,-121.55746013,39.51566416,LFC,drone,1
Upper Auditorium,2025-09-16T00:00:00Z,-121.55712181,39.51571021,LFC,drone,1
Upper Auditorium,2025-09-16T00:00:00Z,-121.55717833,39.5158191,LFC,drone,1
Upper Auditorium,2025-09-16T00:00:00Z,-121.55711242,39.51583188,LFC,drone,1
Upper Auditorium,2025-09-16T00:00:00Z,-121.55700165,39.51579976,LFC,drone,1
Upper Auditorium,2025-09-16T00:00:00Z,-121.55691382,39.51572832,LFC,drone,1
Upper Auditorium,2025-09-16T00:00:00Z,-121.55679173,39.5158007,LFC,drone,1
Upper Auditorium,2025-09-16T00:00:00Z,-121.55672125,39.51573953,LFC,drone,1
Upper Auditorium,2025-09-16T00:00:00Z,-121.55688733,39.51579125,LFC,drone,1
Upper Auditorium,2025-09-16T00:00:00Z,-121.55767945,39.51575776,LFC,drone,1
Upper Auditorium,2025-09-16T00:00:00Z,-121.55770868,39.51573807,LFC,drone,1
Upper Auditorium,2025-09-16T00:00:00Z,-121.55779431,39.51573118,LFC,drone,1
Upper Auditorium,2025-09-16T00:00:00Z,-121.55776075,39.51559576,LFC,drone,1
Upper Auditorium,2025-09-16T00:00:00Z,-121.55764758,39.51556894,LFC,drone,1
Upper Auditorium,2025-09-16T00:00:00Z,-121.55731155,39.51573511,LFC,drone,1
Upper Auditorium,2025-09-16T00:00:00Z,-121.55739827,39.51576955,LFC,drone,1
Upper Auditorium,2025-09-16T00:00:00Z,-121.55749157,39.51567786,LFC,drone,1
Upper Auditorium,2025-09-16T00:00:00Z,-121.55755074,39.51574557,LFC,drone,1
Upper Auditorium,2025-09-24T00:00:00Z,-121.55740994,39.51589289,LFC,drone,1
Upper Auditorium,2025-09-24T00:00:00Z,-121.55736681,39.51589955,LFC,drone,1
Upper Auditorium,2025-09-24T00:00:00Z,-121.55734693,39.51584131,LFC,drone,1
Upper Auditorium,2025-09-24T00:00:00Z,-121.55728422,39.51585021,LFC,drone,1
Upper Auditorium,2025-09-24T00:00:00Z,-121.55683858,39.51567115,LFC,drone,1
Upper Auditorium,2025-09-24T00:00:00Z,-121.5567984,39.51571129,LFC,drone,1
Upper Auditorium,2025-09-24T00:00:00Z,-121.55694082,39.51585994,LFC,drone,1
Upper Auditorium,2025-09-24T00:00:00Z,-121.55724191,39.51580806,LFC,drone,1
Upper Auditorium,2025-09-24T00:00:00Z,-121.55747051,39.51586352,LFC,drone,1
Upper Auditorium,2025-09-24T00:00:00Z,-121.55746408,39.51576826,LFC,drone,1
Upper Auditorium,2025-09-24T00:00:00Z,-121.55759105,39.5158662,LFC,drone,1
Upper Auditorium,2025-09-24T00:00:00Z,-121.55769166,39.51583611,LFC,drone,1
Upper Auditorium,2025-09-24T00:00:00Z,-121.55768645,39.51579289,LFC,drone,1
Upper Auditorium,2025-09-24T00:00:00Z,-121.55772837,39.51570729,LFC,drone,1
Upper Auditorium,2025-09-24T00:00:00Z,-121.55786036,39.51567903,LFC,drone,1
Upper Auditorium,2025-10-02T00:00:00Z,-121.55708437,39.51563821,LFC,drone,1
Upper Auditorium,2025-10-02T00:00:00Z,-121.55705753,39.51568103,LFC,drone,1
Upper Auditorium,2025-10-02T00:00:00Z,-121.55703576,39.51573752,LFC,drone,1
Upper Auditorium,2025-10-02T00:00:00Z,-121.55696776,39.51574081,LFC,drone,1
Upper Auditorium,2025-10-02T00:00:00Z,-121.55667588,39.51564496,LFC,drone,1
Upper Auditorium,2025-10-02T00:00:00Z,-121.55670751,39.51566546,LFC,drone,1
Upper Auditorium,2025-10-02T00:00:00Z,-121.55688721,39.51561271,LFC,drone,1
Upper Auditorium,2025-10-02T00:00:00Z,-121.55785433,39.51573458,LFC,drone,1
Upper Auditorium,2025-10-02T00:00:00Z,-121.5578809,39.51558356,LFC,drone,1
Upper Auditorium,2025-10-02T00:00:00Z,-121.55776796,39.5157774,LFC,drone,1
Upper Auditorium,2025-10-02T00:00:00Z,-121.55795175,39.5156533,LFC,drone,1
Upper Auditorium,2025-10-08T00:00:00Z,-121.55701191,39.51594026,LFC,drone,1
Upper Auditorium,2025-10-08T00:00:00Z,-121.55724398,39.51590619,LFC,drone,1
Upper Auditorium,2025-10-08T00:00:00Z,-121.55705957,39.5158845,LFC,drone,1
Upper Auditorium,2025-10-08T00:00:00Z,-121.55691858,39.51595481,LFC,drone,1
Upper Auditorium,2025-10-08T00:00:00Z,-121.5573913,39.51570295,LFC,drone,1
Upper Auditorium,2025-10-08T00:00:00Z,-121.55756274,39.51583255,LFC,drone,1
Upper Auditorium,2025-10-08T00:00:00Z,-121.5571578,39.51585195,LFC,drone,1
Upper Auditorium,2025-10-08T00:00:00Z,-121.55713018,39.5159326,LFC,drone,1
Upper Auditorium,2025-10-08T00:00:00Z,-121.55764597,39.51572026,LFC,drone,1
Upper Auditorium,2025-10-08T00:00:00Z,-121.55681753,39.51573422,LFC,drone,1
Upper Auditorium,2025-10-08T00:00:00Z,-121.55667683,39.51585721,LFC,drone,1
Upper Auditorium,2025-10-08T00:00:00Z,-121.55666076,39.51593269,LFC,drone,1
Upper Auditorium,2025-10-08T00:00:00Z,-121.55656201,39.51583628,LFC,drone,1
Upper Auditorium,2025-10-08T00:00:00Z,-121.55661441,39.5157382,LFC,drone,1
Upper Auditorium,2025-10-08T00:00:00Z,-121.5567209,39.51592289,LFC,drone,1
Upper Auditorium,2025-10-08T00:00:00Z,-121.55740239,39.51583548,LFC,drone,1
Upper Auditorium,2025-10-08T00:00:00Z,-121.55781751,39.5158084,LFC,drone,1
Upper Auditorium,2025-10-08T00:00:00Z,-121.55778614,39.51579833,LFC,drone,1
Upper Auditorium,2025-10-08T00:00:00Z,-121.55769189,39.51586499,LFC,drone,1
Upper Auditorium,2025-10-16T00:00:00Z,-121.55754958,39.51589243,LFC,drone,1
Upper Auditorium,2025-10-16T00:00:00Z,-121.55739764,39.51591549,LFC,drone,1
Upper Auditorium,2025-10-16T00:00:00Z,-121.55729686,39.51588653,LFC,drone,1
Upper Auditorium,2025-10-16T00:00:00Z,-121.5569779,39.51591213,LFC,drone,1
Upper Auditorium,2025-10-16T00:00:00Z,-121.55704099,39.51586026,LFC,drone,1
Upper Auditorium,2025-10-16T00:00:00Z,-121.55740713,39.51574472,LFC,drone,1
Upper Auditorium,2025-10-16T00:00:00Z,-121.55749209,39.51563204,LFC,drone,1
Upper Auditorium,2025-10-24T00:00:00Z,-121.55741177,39.5155785,LFC,drone,1
Upper Auditorium,2025-10-24T00:00:00Z,-121.5573866,39.51564192,LFC,drone,1
Upper Auditorium,2025-10-24T00:00:00Z,-121.5572099,39.51570901,LFC,drone,1
Upper Auditorium,2025-10-24T00:00:00Z,-121.55801712,39.51560264,LFC,drone,1
Upper Auditorium,2025-10-24T00:00:00Z,-121.55789601,39.51563439,LFC,drone,1
Upper Auditorium,2025-10-24T00:00:00Z,-121.55790436,39.51569177,LFC,drone,1
Upper Auditorium,2025-10-24T00:00:00Z,-121.5573167,39.51567708,LFC,drone,1
Upper Auditorium,2025-10-24T00:00:00Z,-121.55724168,39.51567153,LFC,drone,1
Upper Auditorium,2025-10-24T00:00:00Z,-121.55660319,39.51580771,LFC,drone,1
Upper Auditorium,2025-10-24T00:00:00Z,-121.55670547,39.51570644,LFC,drone,1
Upper Auditorium,2025-10-24T00:00:00Z,-121.55656152,39.51578602,LFC,drone,1
Upper Auditorium,2025-10-24T00:00:00Z,-121.55656224,39.51575115,LFC,drone,1
Upper Auditorium,2025-10-24T00:00:00Z,-121.5565817,39.51588027,LFC,drone,1
Upper Auditorium,2025-10-24T00:00:00Z,-121.55687897,39.51586327,LFC,drone,1
Upper Auditorium,2025-10-24T00:00:00Z,-121.55678258,39.51589873,LFC,drone,1
Upper Auditorium,2025-10-24T00:00:00Z,-121.55725035,39.51583832,LFC,drone,1
Upper Auditorium,2025-10-24T00:00:00Z,-121.55706963,39.51576546,LFC,drone,1
Upper Auditorium,2025-10-29T00:00:00Z,-121.55741812,39.51554452,LFC,drone,1
Upper Auditorium,2025-10-29T00:00:00Z,-121.55779608,39.51565887,LFC,drone,1
Upper Auditorium,2025-10-29T00:00:00Z,-121.55766937,39.51551186,LFC,drone,1
Upper Auditorium,2025-11-07T00:00:00Z,NA,NA,LFC,drone,0
Upper Auditorium,2025-11-12T00:00:00Z,NA,NA,LFC,drone,0
Upper Cottonwood,2024-09-09T00:00:00Z,-121.55420936,39.51683763,LFC,drone,1
Upper Cottonwood,2024-09-09T00:00:00Z,-121.5541876,39.51681287,LFC,drone,1
Upper Cottonwood,2024-09-09T00:00:00Z,-121.55420741,39.51682759,LFC,drone,1
Upper Cottonwood,2024-09-09T00:00:00Z,-121.55422022,39.51686838,LFC,drone,1
Upper Cottonwood,2024-09-09T00:00:00Z,-121.55425614,39.51688365,LFC,drone,1
Upper Cottonwood,2024-09-09T00:00:00Z,-121.55420195,39.51688148,LFC,drone,1
Upper Cottonwood,2024-09-09T00:00:00Z,-121.55417505,39.51689044,LFC,drone,1
Upper Cottonwood,2024-09-09T00:00:00Z,-121.55412528,39.51689321,LFC,drone,1
Upper Cottonwood,2024-09-09T00:00:00Z,-121.55408164,39.51689612,LFC,drone,1
Upper Cottonwood,2024-09-09T00:00:00Z,-121.55428303,39.51687771,LFC,drone,1
Upper Cottonwood,2024-09-09T00:00:00Z,-121.5542267,39.51688544,LFC,drone,1
Upper Cottonwood,2024-09-09T00:00:00Z,-121.5543567,39.51686231,LFC,drone,1
Upper Cottonwood,2024-09-09T00:00:00Z,-121.55399895,39.51688586,LFC,drone,1
Upper Cottonwood,2024-09-09T00:00:00Z,-121.55403546,39.51692342,LFC,drone,1
Upper Cottonwood,2024-09-09T00:00:00Z,-121.55394432,39.51694608,LFC,drone,1
Upper Cottonwood,2024-09-09T00:00:00Z,-121.55390734,39.51693745,LFC,drone,1
Upper Cottonwood,2024-09-18T00:00:00Z,-121.55385482,39.51672485,LFC,drone,1
Upper Cottonwood,2024-09-18T00:00:00Z,-121.55421329,39.5167667,LFC,drone,1
Upper Cottonwood,2024-09-18T00:00:00Z,-121.55421176,39.51675421,LFC,drone,1
Upper Cottonwood,2024-09-18T00:00:00Z,-121.55422443,39.51674426,LFC,drone,1
Upper Cottonwood,2024-09-18T00:00:00Z,-121.55404875,39.5167699,LFC,drone,1
Upper Cottonwood,2024-09-18T00:00:00Z,-121.55404561,39.51675312,LFC,drone,1
Upper Cottonwood,2024-09-18T00:00:00Z,-121.55404558,39.51673464,LFC,drone,1
Upper Cottonwood,2024-09-18T00:00:00Z,-121.55415701,39.51665041,LFC,drone,1
Upper Cottonwood,2024-09-18T00:00:00Z,-121.55407957,39.51677779,LFC,drone,1
Upper Cottonwood,2024-09-18T00:00:00Z,-121.55408251,39.51679141,LFC,drone,1
Upper Cottonwood,2024-09-18T00:00:00Z,-121.55411335,39.51680593,LFC,drone,1
Upper Cottonwood,2024-09-18T00:00:00Z,-121.55411532,39.51685829,LFC,drone,1
Upper Cottonwood,2024-09-18T00:00:00Z,-121.55410733,39.51684393,LFC,drone,1
Upper Cottonwood,2024-09-18T00:00:00Z,-121.5541094,39.5168295,LFC,drone,1
Upper Cottonwood,2024-09-18T00:00:00Z,-121.55437769,39.51686382,LFC,drone,1
Upper Cottonwood,2024-09-18T00:00:00Z,-121.55426055,39.51685239,LFC,drone,1
Upper Cottonwood,2024-09-18T00:00:00Z,-121.55430888,39.51686851,LFC,drone,1
Upper Cottonwood,2024-09-18T00:00:00Z,-121.55423659,39.51688563,LFC,drone,1
Upper Cottonwood,2024-09-18T00:00:00Z,-121.55420288,39.5167857,LFC,drone,1
Upper Cottonwood,2024-09-18T00:00:00Z,-121.55414795,39.51689783,LFC,drone,1
Upper Cottonwood,2024-09-18T00:00:00Z,-121.55419027,39.51689337,LFC,drone,1
Upper Cottonwood,2024-09-18T00:00:00Z,-121.55410117,39.51689254,LFC,drone,1
Upper Cottonwood,2024-09-18T00:00:00Z,-121.55405448,39.51690083,LFC,drone,1
Upper Cottonwood,2024-09-18T00:00:00Z,-121.55390544,39.51691911,LFC,drone,1
Upper Cottonwood,2024-09-18T00:00:00Z,-121.55425059,39.51676189,LFC,drone,1
Upper Cottonwood,2024-09-18T00:00:00Z,-121.55422303,39.51671111,LFC,drone,1
Upper Cottonwood,2024-09-18T00:00:00Z,-121.55413849,39.51674436,LFC,drone,1
Upper Cottonwood,2024-09-18T00:00:00Z,-121.55414721,39.51682991,LFC,drone,1
Upper Cottonwood,2024-09-18T00:00:00Z,-121.55413722,39.51677888,LFC,drone,1
Upper Cottonwood,2024-09-18T00:00:00Z,-121.55417177,39.51680201,LFC,drone,1
Upper Cottonwood,2024-09-18T00:00:00Z,-121.5542096,39.51680896,LFC,drone,1
Upper Cottonwood,2024-09-18T00:00:00Z,-121.5542305,39.51685024,LFC,drone,1
Upper Cottonwood,2024-09-18T00:00:00Z,-121.55422785,39.51686741,LFC,drone,1
Upper Cottonwood,2024-09-18T00:00:00Z,-121.55414783,39.51688292,LFC,drone,1
Upper Cottonwood,2024-09-18T00:00:00Z,-121.55391829,39.51689303,LFC,drone,1
Upper Cottonwood,2024-09-23T00:00:00Z,-121.55415198,39.51672745,LFC,drone,1
Upper Cottonwood,2024-09-23T00:00:00Z,-121.55414949,39.51671222,LFC,drone,1
Upper Cottonwood,2024-09-23T00:00:00Z,-121.55414451,39.51668176,LFC,drone,1
Upper Cottonwood,2024-09-23T00:00:00Z,-121.55414973,39.51666662,LFC,drone,1
Upper Cottonwood,2024-09-23T00:00:00Z,-121.55415528,39.51663575,LFC,drone,1
Upper Cottonwood,2024-09-23T00:00:00Z,-121.55408633,39.51661426,LFC,drone,1
Upper Cottonwood,2024-09-23T00:00:00Z,-121.55407544,39.51656472,LFC,drone,1
Upper Cottonwood,2024-09-23T00:00:00Z,-121.55416741,39.51682808,LFC,drone,1
Upper Cottonwood,2024-09-23T00:00:00Z,-121.55427371,39.51680606,LFC,drone,1
Upper Cottonwood,2024-09-23T00:00:00Z,-121.55430669,39.5168043,LFC,drone,1
Upper Cottonwood,2024-09-23T00:00:00Z,-121.55434093,39.51680961,LFC,drone,1
Upper Cottonwood,2024-09-23T00:00:00Z,-121.5542846,39.5168556,LFC,drone,1
Upper Cottonwood,2024-09-23T00:00:00Z,-121.5543114,39.51684779,LFC,drone,1
Upper Cottonwood,2024-09-23T00:00:00Z,-121.554094,39.5167175,LFC,drone,1
Upper Cottonwood,2024-09-23T00:00:00Z,-121.55411652,39.51688115,LFC,drone,1
Upper Cottonwood,2024-09-23T00:00:00Z,-121.55404504,39.51688826,LFC,drone,1
Upper Cottonwood,2024-09-30T00:00:00Z,-121.55399032,39.51671513,LFC,drone,1
Upper Cottonwood,2024-09-30T00:00:00Z,-121.55400262,39.51672755,LFC,drone,1
Upper Cottonwood,2024-09-30T00:00:00Z,-121.5540221,39.51678304,LFC,drone,1
Upper Cottonwood,2024-09-30T00:00:00Z,-121.55404385,39.51681597,LFC,drone,1
Upper Cottonwood,2024-09-30T00:00:00Z,-121.55401412,39.51684374,LFC,drone,1
Upper Cottonwood,2024-09-30T00:00:00Z,-121.55406949,39.51681247,LFC,drone,1
Upper Cottonwood,2024-09-30T00:00:00Z,-121.55406275,39.51683462,LFC,drone,1
Upper Cottonwood,2024-09-30T00:00:00Z,-121.55406851,39.51686006,LFC,drone,1
Upper Cottonwood,2024-09-30T00:00:00Z,-121.55409094,39.51668696,LFC,drone,1
Upper Cottonwood,2024-09-30T00:00:00Z,-121.55409061,39.51670293,LFC,drone,1
Upper Cottonwood,2024-09-30T00:00:00Z,-121.55415328,39.51686076,LFC,drone,1
Upper Cottonwood,2024-09-30T00:00:00Z,-121.55413737,39.51687064,LFC,drone,1
Upper Cottonwood,2024-09-30T00:00:00Z,-121.55417891,39.51677109,LFC,drone,1
Upper Cottonwood,2024-09-30T00:00:00Z,-121.55420169,39.51673281,LFC,drone,1
Upper Cottonwood,2024-09-30T00:00:00Z,-121.55426043,39.51669045,LFC,drone,1
Upper Cottonwood,2024-09-30T00:00:00Z,-121.55413074,39.51662804,LFC,drone,1
Upper Cottonwood,2024-09-30T00:00:00Z,-121.55403696,39.51660741,LFC,drone,1
Upper Cottonwood,2024-09-30T00:00:00Z,-121.55427811,39.51676816,LFC,drone,1
Upper Cottonwood,2024-09-30T00:00:00Z,-121.55428569,39.51683566,LFC,drone,1
Upper Cottonwood,2024-09-30T00:00:00Z,-121.55401633,39.51680208,LFC,drone,1
Upper Cottonwood,2024-09-30T00:00:00Z,-121.55423256,39.51680164,LFC,drone,1
Upper Cottonwood,2024-09-30T00:00:00Z,-121.55398243,39.51685725,LFC,drone,1
Upper Cottonwood,2024-09-30T00:00:00Z,-121.5538627,39.51646591,LFC,drone,1
Upper Cottonwood,2024-09-30T00:00:00Z,-121.5539405,39.51647835,LFC,drone,1
Upper Cottonwood,2024-09-30T00:00:00Z,-121.55397385,39.5165142,LFC,drone,1
Upper Cottonwood,2024-09-30T00:00:00Z,-121.55404694,39.51662387,LFC,drone,1
Upper Cottonwood,2024-09-30T00:00:00Z,-121.55408251,39.51648741,LFC,drone,1
Upper Cottonwood,2024-09-30T00:00:00Z,-121.55402041,39.51656169,LFC,drone,1
Upper Cottonwood,2024-09-30T00:00:00Z,-121.55398954,39.51653629,LFC,drone,1
Upper Cottonwood,2024-09-30T00:00:00Z,-121.5539114,39.51645367,LFC,drone,1
Upper Cottonwood,2024-09-30T00:00:00Z,-121.55395387,39.51648234,LFC,drone,1
Upper Cottonwood,2024-10-07T00:00:00Z,-121.55400912,39.51668713,LFC,drone,1
Upper Cottonwood,2024-10-07T00:00:00Z,-121.55412356,39.5167119,LFC,drone,1
Upper Cottonwood,2024-10-07T00:00:00Z,-121.55399772,39.51676354,LFC,drone,1
Upper Cottonwood,2024-10-07T00:00:00Z,-121.55403823,39.51666904,LFC,drone,1
Upper Cottonwood,2024-10-07T00:00:00Z,-121.55424569,39.51673785,LFC,drone,1
Upper Cottonwood,2024-10-07T00:00:00Z,-121.55410293,39.51662532,LFC,drone,1
Upper Cottonwood,2024-10-15T00:00:00Z,-121.5542752,39.51670021,LFC,drone,1
Upper Cottonwood,2024-10-15T00:00:00Z,-121.55427533,39.5167279,LFC,drone,1
Upper Cottonwood,2024-10-15T00:00:00Z,-121.55437171,39.51684637,LFC,drone,1
Upper Cottonwood,2024-10-15T00:00:00Z,-121.55435032,39.51682981,LFC,drone,1
Upper Cottonwood,2024-10-15T00:00:00Z,-121.55426503,39.51678532,LFC,drone,1
Upper Cottonwood,2024-10-15T00:00:00Z,-121.55434687,39.5167934,LFC,drone,1
Upper Cottonwood,2024-10-15T00:00:00Z,-121.55406648,39.51669273,LFC,drone,1
Upper Cottonwood,2024-10-15T00:00:00Z,-121.55410206,39.51676864,LFC,drone,1
Upper Cottonwood,2024-10-15T00:00:00Z,-121.5540205,39.51674699,LFC,drone,1
Upper Cottonwood,2024-10-15T00:00:00Z,-121.55401756,39.51682079,LFC,drone,1
Upper Cottonwood,2024-10-15T00:00:00Z,-121.55419485,39.51668781,LFC,drone,1
Upper Cottonwood,2024-10-21T00:00:00Z,-121.55406376,39.51672102,LFC,drone,1
Upper Cottonwood,2024-10-21T00:00:00Z,-121.55407051,39.51676349,LFC,drone,1
Upper Cottonwood,2024-10-21T00:00:00Z,-121.55397365,39.51669696,LFC,drone,1
Upper Cottonwood,2024-10-21T00:00:00Z,-121.5542332,39.5168357,LFC,drone,1
Upper Cottonwood,2024-10-21T00:00:00Z,-121.55405206,39.51665798,LFC,drone,1
Upper Cottonwood,2024-10-21T00:00:00Z,-121.55423559,39.51667729,LFC,drone,1
Upper Cottonwood,2024-10-21T00:00:00Z,-121.55425095,39.51662884,LFC,drone,1
Upper Cottonwood,2024-10-28T00:00:00Z,-121.55394808,39.5166751,LFC,drone,1
Upper Cottonwood,2024-10-28T00:00:00Z,-121.55390442,39.51670374,LFC,drone,1
Upper Cottonwood,2024-10-28T00:00:00Z,-121.553959,39.51677565,LFC,drone,1
Upper Cottonwood,2024-10-28T00:00:00Z,-121.55402279,39.51670661,LFC,drone,1
Upper Cottonwood,2024-10-28T00:00:00Z,-121.55416474,39.5166976,LFC,drone,1
Upper Cottonwood,2024-10-28T00:00:00Z,-121.55411198,39.51664552,LFC,drone,1
Upper Cottonwood,2024-10-28T00:00:00Z,-121.5543062,39.5167765,LFC,drone,1
Upper Cottonwood,2024-10-28T00:00:00Z,-121.55392821,39.51672454,LFC,drone,1
Upper Cottonwood,2025-09-04T00:00:00Z,NA,NA,LFC,drone,0
Upper Cottonwood,2025-09-09T00:00:00Z,-121.55445672,39.51678128,LFC,drone,1
Upper Cottonwood,2025-09-09T00:00:00Z,-121.55440206,39.51678856,LFC,drone,1
Upper Cottonwood,2025-09-09T00:00:00Z,-121.55442191,39.51682272,LFC,drone,1
Upper Cottonwood,2025-09-09T00:00:00Z,-121.5543967,39.51681029,LFC,drone,1
Upper Cottonwood,2025-09-09T00:00:00Z,-121.5543363,39.51681439,LFC,drone,1
Upper Cottonwood,2025-09-09T00:00:00Z,-121.55425869,39.51680788,LFC,drone,1
Upper Cottonwood,2025-09-09T00:00:00Z,-121.5542952,39.51679242,LFC,drone,1
Upper Cottonwood,2025-09-09T00:00:00Z,-121.55424446,39.51671843,LFC,drone,1
Upper Cottonwood,2025-09-09T00:00:00Z,-121.55436816,39.5167428,LFC,drone,1
Upper Cottonwood,2025-09-09T00:00:00Z,-121.55433592,39.51676801,LFC,drone,1
Upper Cottonwood,2025-09-09T00:00:00Z,-121.55431219,39.51674868,LFC,drone,1
Upper Cottonwood,2025-09-16T00:00:00Z,-121.55402151,39.51690451,LFC,drone,1
Upper Cottonwood,2025-09-16T00:00:00Z,-121.55423016,39.51667534,LFC,drone,1
Upper Cottonwood,2025-09-16T00:00:00Z,-121.55424722,39.51673611,LFC,drone,1
Upper Cottonwood,2025-09-16T00:00:00Z,-121.55427253,39.51674369,LFC,drone,1
Upper Cottonwood,2025-09-16T00:00:00Z,-121.55434164,39.51672898,LFC,drone,1
Upper Cottonwood,2025-09-16T00:00:00Z,-121.55434495,39.51680654,LFC,drone,1
Upper Cottonwood,2025-09-16T00:00:00Z,-121.55437407,39.51680274,LFC,drone,1
Upper Cottonwood,2025-09-16T00:00:00Z,-121.55435211,39.51684884,LFC,drone,1
Upper Cottonwood,2025-09-16T00:00:00Z,-121.55424698,39.51687695,LFC,drone,1
Upper Cottonwood,2025-09-16T00:00:00Z,-121.55426038,39.51683386,LFC,drone,1
Upper Cottonwood,2025-09-24T00:00:00Z,-121.55408114,39.51668843,LFC,drone,1
Upper Cottonwood,2025-09-24T00:00:00Z,-121.5541675,39.51673168,LFC,drone,1
Upper Cottonwood,2025-09-24T00:00:00Z,-121.55420579,39.51673702,LFC,drone,1
Upper Cottonwood,2025-09-24T00:00:00Z,-121.55423435,39.51686122,LFC,drone,1
Upper Cottonwood,2025-09-24T00:00:00Z,-121.55417972,39.51686712,LFC,drone,1
Upper Cottonwood,2025-09-24T00:00:00Z,-121.55416324,39.51684303,LFC,drone,1
Upper Cottonwood,2025-09-24T00:00:00Z,-121.55406286,39.51687881,LFC,drone,1
Upper Cottonwood,2025-09-24T00:00:00Z,-121.55426758,39.51676716,LFC,drone,1
Upper Cottonwood,2025-09-24T00:00:00Z,-121.55429268,39.51669826,LFC,drone,1
Upper Cottonwood,2025-09-24T00:00:00Z,-121.55427343,39.5167219,LFC,drone,1
Upper Cottonwood,2025-09-24T00:00:00Z,-121.55439389,39.51683794,LFC,drone,1
Upper Cottonwood,2025-09-24T00:00:00Z,-121.55438012,39.51685577,LFC,drone,1
Upper Cottonwood,2025-09-24T00:00:00Z,-121.55439169,39.51675002,LFC,drone,1
Upper Cottonwood,2025-09-24T00:00:00Z,-121.55446318,39.51684836,LFC,drone,1
Upper Cottonwood,2025-09-24T00:00:00Z,-121.55427998,39.51686231,LFC,drone,1
Upper Cottonwood,2025-09-24T00:00:00Z,-121.55446042,39.51681318,LFC,drone,1
Upper Cottonwood,2025-10-02T00:00:00Z,-121.55399197,39.51671273,LFC,drone,1
Upper Cottonwood,2025-10-02T00:00:00Z,-121.55405089,39.51673293,LFC,drone,1
Upper Cottonwood,2025-10-02T00:00:00Z,-121.55417159,39.51670307,LFC,drone,1
Upper Cottonwood,2025-10-02T00:00:00Z,-121.55419368,39.51678229,LFC,drone,1
Upper Cottonwood,2025-10-02T00:00:00Z,-121.55412711,39.51686149,LFC,drone,1
Upper Cottonwood,2025-10-02T00:00:00Z,-121.55420538,39.51683629,LFC,drone,1
Upper Cottonwood,2025-10-02T00:00:00Z,-121.55423546,39.51689411,LFC,drone,1
Upper Cottonwood,2025-10-02T00:00:00Z,-121.55440842,39.51676199,LFC,drone,1
Upper Cottonwood,2025-10-02T00:00:00Z,-121.55443651,39.51687239,LFC,drone,1
Upper Cottonwood,2025-10-02T00:00:00Z,-121.55445073,39.51683311,LFC,drone,1
Upper Cottonwood,2025-10-02T00:00:00Z,-121.55428308,39.51681684,LFC,drone,1
Upper Cottonwood,2025-10-08T00:00:00Z,-121.55450624,39.51679158,LFC,drone,1
Upper Cottonwood,2025-10-08T00:00:00Z,-121.55451755,39.51681876,LFC,drone,1
Upper Cottonwood,2025-10-08T00:00:00Z,-121.55419014,39.51688552,LFC,drone,1
Upper Cottonwood,2025-10-08T00:00:00Z,-121.5540348,39.51670083,LFC,drone,1
Upper Cottonwood,2025-10-16T00:00:00Z,-121.55412211,39.51675156,LFC,drone,1
Upper Cottonwood,2025-10-16T00:00:00Z,-121.55397229,39.51676997,LFC,drone,1
Upper Cottonwood,2025-10-24T00:00:00Z,-121.55412697,39.51667474,LFC,drone,1
Upper Cottonwood,2025-10-24T00:00:00Z,-121.55408796,39.51671481,LFC,drone,1
Upper Cottonwood,2025-10-24T00:00:00Z,-121.55393976,39.51676027,LFC,drone,1
Upper Cottonwood,2025-10-24T00:00:00Z,-121.55419938,39.51665452,LFC,drone,1
Upper Cottonwood,2025-10-24T00:00:00Z,-121.55419402,39.51680821,LFC,drone,1
Upper Cottonwood,2025-10-24T00:00:00Z,-121.55394283,39.5166991,LFC,drone,1
Upper Cottonwood,2025-10-29T00:00:00Z,-121.55397595,39.51664582,LFC,drone,1
Upper Cottonwood,2025-10-29T00:00:00Z,-121.55387139,39.51669099,LFC,drone,1
Upper Cottonwood,2025-11-07T00:00:00Z,NA,NA,LFC,drone,0
Upper Cottonwood,2025-11-12T00:00:00Z,NA,NA,LFC,drone,0
Upper Cottonwood to Table Mountain-hatchery,2025-09-04T00:00:00Z,NA,NA,LFC,drone,0
Upper Cottonwood to Table Mountain-hatchery,2025-10-24T00:00:00Z,NA,NA,LFC,drone,0
Upper Cottonwood to Table Mountain-hatchery,2025-10-29T00:00:00Z,NA,NA,LFC,drone,0
Upper Cottonwood to Table Mountain-hatchery,2025-11-07T00:00:00Z,NA,NA,LFC,drone,0
Upper Cottonwood to Table Mountain-hatchery,2025-11-12T00:00:00Z,NA,NA,LFC,drone,0
Upper Gateway,2024-11-14T00:00:00Z,-121.6227462,39.45666539,LFC,drone,1
Upper Gateway,2025-09-11T00:00:00Z,NA,NA,LFC,drone,0
Upper Gateway,2025-09-25T00:00:00Z,NA,NA,LFC,drone,0
Upper Gateway,2025-10-09T00:00:00Z,NA,NA,LFC,drone,0
Upper Gateway,2025-10-28T00:00:00Z,NA,NA,LFC,drone,0
Upper Gateway,2025-11-18T00:00:00Z,NA,NA,LFC,drone,0
Upper Hatchery,2024-09-09T00:00:00Z,-121.5542264,39.51645206,LFC,drone,1
Upper Hatchery,2024-09-09T00:00:00Z,-121.55392987,39.51644751,LFC,drone,1
Upper Hatchery,2024-09-09T00:00:00Z,-121.55397222,39.51644353,LFC,drone,1
Upper Hatchery,2024-09-09T00:00:00Z,-121.55412299,39.51649039,LFC,drone,1
Upper Hatchery,2024-09-09T00:00:00Z,-121.55423079,39.5164671,LFC,drone,1
Upper Hatchery,2024-09-09T00:00:00Z,-121.55398947,39.51645443,LFC,drone,1
Upper Hatchery,2024-09-09T00:00:00Z,-121.55405786,39.51655957,LFC,drone,1
Upper Hatchery,2024-09-18T00:00:00Z,-121.55447209,39.51614264,LFC,drone,1
Upper Hatchery,2024-09-18T00:00:00Z,-121.55436491,39.51609945,LFC,drone,1
Upper Hatchery,2024-09-18T00:00:00Z,-121.55409646,39.51625688,LFC,drone,1
Upper Hatchery,2024-09-18T00:00:00Z,-121.55420799,39.51646946,LFC,drone,1
Upper Hatchery,2024-09-18T00:00:00Z,-121.55419472,39.51645887,LFC,drone,1
Upper Hatchery,2024-09-18T00:00:00Z,-121.55408957,39.51644581,LFC,drone,1
Upper Hatchery,2024-09-18T00:00:00Z,-121.55410641,39.51648319,LFC,drone,1
Upper Hatchery,2024-09-18T00:00:00Z,-121.55404504,39.5164838,LFC,drone,1
Upper Hatchery,2024-09-18T00:00:00Z,-121.55396484,39.51643396,LFC,drone,1
Upper Hatchery,2024-09-18T00:00:00Z,-121.55394862,39.5164299,LFC,drone,1
Upper Hatchery,2024-09-18T00:00:00Z,-121.55397912,39.51647474,LFC,drone,1
Upper Hatchery,2024-09-18T00:00:00Z,-121.55390939,39.516441,LFC,drone,1
Upper Hatchery,2024-09-18T00:00:00Z,-121.55392487,39.51642291,LFC,drone,1
Upper Hatchery,2024-09-18T00:00:00Z,-121.55400099,39.51651288,LFC,drone,1
Upper Hatchery,2024-09-18T00:00:00Z,-121.55401268,39.51652415,LFC,drone,1
Upper Hatchery,2024-09-18T00:00:00Z,-121.55402055,39.51653042,LFC,drone,1
Upper Hatchery,2024-09-18T00:00:00Z,-121.55403384,39.51653924,LFC,drone,1
Upper Hatchery,2024-09-18T00:00:00Z,-121.55404467,39.51654812,LFC,drone,1
Upper Hatchery,2024-09-23T00:00:00Z,-121.55418577,39.51651723,LFC,drone,1
Upper Hatchery,2024-09-23T00:00:00Z,-121.55425204,39.51646539,LFC,drone,1
Upper Hatchery,2024-09-23T00:00:00Z,-121.55407764,39.51645888,LFC,drone,1
Upper Hatchery,2024-09-23T00:00:00Z,-121.55419322,39.51639463,LFC,drone,1
Upper Hatchery,2024-09-23T00:00:00Z,-121.5539996,39.5164704,LFC,drone,1
Upper Hatchery,2024-09-23T00:00:00Z,-121.55414573,39.51657576,LFC,drone,1
Upper Hatchery,2024-09-23T00:00:00Z,-121.55414738,39.51660427,LFC,drone,1
Upper Hatchery,2024-09-23T00:00:00Z,-121.55389517,39.51645763,LFC,drone,1
Upper Hatchery,2024-10-07T00:00:00Z,-121.55397684,39.51641854,LFC,drone,1
Upper Hatchery,2024-10-07T00:00:00Z,-121.55389517,39.51640232,LFC,drone,1
Upper Hatchery,2024-10-07T00:00:00Z,-121.55416122,39.51645069,LFC,drone,1
Upper Hatchery,2024-10-15T00:00:00Z,-121.55420884,39.51655443,LFC,drone,1
Upper Hatchery,2024-10-15T00:00:00Z,-121.55421342,39.51650237,LFC,drone,1
Upper Hatchery,2024-10-15T00:00:00Z,-121.55420436,39.51643223,LFC,drone,1
Upper Hatchery,2024-10-15T00:00:00Z,-121.55409363,39.51646505,LFC,drone,1
Upper Hatchery,2024-10-15T00:00:00Z,-121.55406968,39.51643707,LFC,drone,1
Upper Hatchery,2024-10-15T00:00:00Z,-121.55402457,39.51644899,LFC,drone,1
Upper Hatchery,2024-10-15T00:00:00Z,-121.55431609,39.51628323,LFC,drone,1
Upper Hatchery,2024-10-15T00:00:00Z,-121.55437481,39.51632468,LFC,drone,1
Upper Hatchery,2024-10-15T00:00:00Z,-121.55434392,39.51625969,LFC,drone,1
Upper Hatchery,2024-10-15T00:00:00Z,-121.55429261,39.51623245,LFC,drone,1
Upper Hatchery,2024-10-15T00:00:00Z,-121.5541128,39.51655487,LFC,drone,1
Upper Hatchery,2024-10-15T00:00:00Z,-121.55410958,39.51657492,LFC,drone,1
Upper Hatchery,2024-10-15T00:00:00Z,-121.55408743,39.51659527,LFC,drone,1
Upper Hatchery,2024-10-15T00:00:00Z,-121.55404401,39.5165931,LFC,drone,1
Upper Hatchery,2024-10-15T00:00:00Z,-121.55403657,39.51658052,LFC,drone,1
Upper Hatchery,2024-10-15T00:00:00Z,-121.55389883,39.51649629,LFC,drone,1
Upper Hatchery,2024-10-15T00:00:00Z,-121.55424548,39.5164436,LFC,drone,1
Upper Hatchery,2024-10-15T00:00:00Z,-121.55399557,39.516428,LFC,drone,1
Upper Hatchery,2024-10-15T00:00:00Z,-121.55420125,39.51641319,LFC,drone,1
Upper Hatchery,2024-10-15T00:00:00Z,-121.5544446,39.51623814,LFC,drone,1
Upper Hatchery,2024-10-15T00:00:00Z,-121.55432907,39.51602932,LFC,drone,1
Upper Hatchery,2024-10-15T00:00:00Z,-121.55400806,39.51619743,LFC,drone,1
Upper Hatchery,2024-10-15T00:00:00Z,-121.55415787,39.51613903,LFC,drone,1
Upper Hatchery,2024-10-15T00:00:00Z,-121.55382206,39.51620977,LFC,drone,1
Upper Hatchery,2024-10-15T00:00:00Z,-121.55400848,39.5165532,LFC,drone,1
Upper Hatchery,2024-10-15T00:00:00Z,-121.55389372,39.51648437,LFC,drone,1
Upper Hatchery,2024-10-15T00:00:00Z,-121.55416187,39.51651133,LFC,drone,1
Upper Hatchery,2024-10-15T00:00:00Z,-121.55419188,39.51653498,LFC,drone,1
Upper Hatchery,2024-10-21T00:00:00Z,-121.55416662,39.51656351,LFC,drone,1
Upper Hatchery,2024-10-21T00:00:00Z,-121.55414058,39.51654303,LFC,drone,1
Upper Hatchery,2024-10-21T00:00:00Z,-121.55411137,39.51652391,LFC,drone,1
Upper Hatchery,2024-10-21T00:00:00Z,-121.5540462,39.51650781,LFC,drone,1
Upper Hatchery,2024-10-21T00:00:00Z,-121.55392597,39.5165084,LFC,drone,1
Upper Hatchery,2024-10-21T00:00:00Z,-121.55399981,39.51649542,LFC,drone,1
Upper Hatchery,2024-10-21T00:00:00Z,-121.55403773,39.51641875,LFC,drone,1
Upper Hatchery,2024-10-21T00:00:00Z,-121.5541567,39.5163497,LFC,drone,1
Upper Hatchery,2024-10-21T00:00:00Z,-121.55433328,39.51631437,LFC,drone,1
Upper Hatchery,2024-10-21T00:00:00Z,-121.55433482,39.51634844,LFC,drone,1
Upper Hatchery,2024-10-21T00:00:00Z,-121.55428398,39.51633391,LFC,drone,1
Upper Hatchery,2024-10-21T00:00:00Z,-121.55424479,39.51627644,LFC,drone,1
Upper Hatchery,2024-10-21T00:00:00Z,-121.55418042,39.51626591,LFC,drone,1
Upper Hatchery,2024-10-21T00:00:00Z,-121.5543492,39.51606579,LFC,drone,1
Upper Hatchery,2024-10-21T00:00:00Z,-121.55440417,39.51633541,LFC,drone,1
Upper Hatchery,2024-10-21T00:00:00Z,-121.55439883,39.51628982,LFC,drone,1
Upper Hatchery,2024-10-28T00:00:00Z,-121.55431108,39.51651944,LFC,drone,1
Upper Hatchery,2024-10-28T00:00:00Z,-121.5541905,39.51658014,LFC,drone,1
Upper Hatchery,2024-10-28T00:00:00Z,-121.55390084,39.51653032,LFC,drone,1
Upper Hatchery,2024-10-28T00:00:00Z,-121.55385399,39.51649638,LFC,drone,1
Upper Hatchery,2024-10-28T00:00:00Z,-121.55398749,39.51656997,LFC,drone,1
Upper Hatchery,2024-10-28T00:00:00Z,-121.55421877,39.51634144,LFC,drone,1
Upper Hatchery,2024-10-28T00:00:00Z,-121.55409251,39.51639477,LFC,drone,1
Upper Hatchery,2024-10-28T00:00:00Z,-121.5542566,39.51631307,LFC,drone,1
Upper Hatchery,2024-10-28T00:00:00Z,-121.55435895,39.51630948,LFC,drone,1
Upper Hatchery,2024-10-28T00:00:00Z,-121.55426193,39.51629403,LFC,drone,1
Upper Hatchery,2024-10-28T00:00:00Z,-121.55431244,39.51625921,LFC,drone,1
Upper Hatchery,2024-10-28T00:00:00Z,-121.55405386,39.51629005,LFC,drone,1
Upper Hatchery,2024-10-28T00:00:00Z,-121.55409527,39.51632635,LFC,drone,1
Upper Hatchery,2024-10-28T00:00:00Z,-121.55406866,39.5162468,LFC,drone,1
Upper Hatchery,2024-10-28T00:00:00Z,-121.55400893,39.51622834,LFC,drone,1
Upper Hatchery,2024-10-28T00:00:00Z,-121.55374114,39.51627087,LFC,drone,1
Upper Hatchery,2025-09-04T00:00:00Z,NA,NA,LFC,drone,0
Upper Hatchery,2025-09-09T00:00:00Z,-121.55425625,39.51628994,LFC,drone,1
Upper Hatchery,2025-09-09T00:00:00Z,-121.55420124,39.51632477,LFC,drone,1
Upper Hatchery,2025-09-09T00:00:00Z,-121.5541317,39.51630038,LFC,drone,1
Upper Hatchery,2025-09-09T00:00:00Z,-121.55431407,39.51620575,LFC,drone,1
Upper Hatchery,2025-09-16T00:00:00Z,-121.55419554,39.51644893,LFC,drone,1
Upper Hatchery,2025-09-16T00:00:00Z,-121.55426438,39.51644737,LFC,drone,1
Upper Hatchery,2025-09-16T00:00:00Z,-121.55411478,39.51641254,LFC,drone,1
Upper Hatchery,2025-09-16T00:00:00Z,-121.55430469,39.51631055,LFC,drone,1
Upper Hatchery,2025-09-16T00:00:00Z,-121.5543229,39.51627401,LFC,drone,1
Upper Hatchery,2025-09-16T00:00:00Z,-121.55435195,39.51608512,LFC,drone,1
Upper Hatchery,2025-09-16T00:00:00Z,-121.55384725,39.51615076,LFC,drone,1
Upper Hatchery,2025-09-16T00:00:00Z,-121.5540496,39.51612191,LFC,drone,1
Upper Hatchery,2025-09-16T00:00:00Z,-121.55400831,39.51609328,LFC,drone,1
Upper Hatchery,2025-09-24T00:00:00Z,-121.55414009,39.51657237,LFC,drone,1
Upper Hatchery,2025-09-24T00:00:00Z,-121.55412128,39.51653699,LFC,drone,1
Upper Hatchery,2025-09-24T00:00:00Z,-121.55406731,39.51651361,LFC,drone,1
Upper Hatchery,2025-09-24T00:00:00Z,-121.55401987,39.51647841,LFC,drone,1
Upper Hatchery,2025-09-24T00:00:00Z,-121.55396924,39.51646264,LFC,drone,1
Upper Hatchery,2025-09-24T00:00:00Z,-121.55393307,39.51645624,LFC,drone,1
Upper Hatchery,2025-09-24T00:00:00Z,-121.55391808,39.51640469,LFC,drone,1
Upper Hatchery,2025-09-24T00:00:00Z,-121.55414773,39.516467,LFC,drone,1
Upper Hatchery,2025-09-24T00:00:00Z,-121.55410928,39.51644592,LFC,drone,1
Upper Hatchery,2025-09-24T00:00:00Z,-121.55408766,39.51644056,LFC,drone,1
Upper Hatchery,2025-09-24T00:00:00Z,-121.55413786,39.51641904,LFC,drone,1
Upper Hatchery,2025-09-24T00:00:00Z,-121.55403443,39.51638235,LFC,drone,1
Upper Hatchery,2025-09-24T00:00:00Z,-121.5540746,39.51643619,LFC,drone,1
Upper Hatchery,2025-09-24T00:00:00Z,-121.55411357,39.51639083,LFC,drone,1
Upper Hatchery,2025-09-24T00:00:00Z,-121.55416362,39.51639012,LFC,drone,1
Upper Hatchery,2025-09-24T00:00:00Z,-121.554208,39.51641504,LFC,drone,1
Upper Hatchery,2025-09-24T00:00:00Z,-121.5542225,39.51643294,LFC,drone,1
Upper Hatchery,2025-09-24T00:00:00Z,-121.55429717,39.51636993,LFC,drone,1
Upper Hatchery,2025-09-24T00:00:00Z,-121.55430292,39.51639596,LFC,drone,1
Upper Hatchery,2025-09-24T00:00:00Z,-121.55430147,39.51643217,LFC,drone,1
Upper Hatchery,2025-09-24T00:00:00Z,-121.55434177,39.51634021,LFC,drone,1
Upper Hatchery,2025-09-24T00:00:00Z,-121.55426813,39.51633114,LFC,drone,1
Upper Hatchery,2025-09-24T00:00:00Z,-121.55440266,39.51630721,LFC,drone,1
Upper Hatchery,2025-09-24T00:00:00Z,-121.55418663,39.51636127,LFC,drone,1
Upper Hatchery,2025-09-24T00:00:00Z,-121.55437555,39.51627884,LFC,drone,1
Upper Hatchery,2025-09-24T00:00:00Z,-121.5543076,39.51606517,LFC,drone,1
Upper Hatchery,2025-09-24T00:00:00Z,-121.55394053,39.51609901,LFC,drone,1
Upper Hatchery,2025-09-24T00:00:00Z,-121.55374099,39.51619161,LFC,drone,1
Upper Hatchery,2025-09-24T00:00:00Z,-121.55375572,39.51615448,LFC,drone,1
Upper Hatchery,2025-10-02T00:00:00Z,-121.55410306,39.51662081,LFC,drone,1
Upper Hatchery,2025-10-02T00:00:00Z,-121.55418842,39.51659834,LFC,drone,1
Upper Hatchery,2025-10-02T00:00:00Z,-121.55407333,39.5166111,LFC,drone,1
Upper Hatchery,2025-10-02T00:00:00Z,-121.55408271,39.51656796,LFC,drone,1
Upper Hatchery,2025-10-02T00:00:00Z,-121.55402133,39.51653328,LFC,drone,1
Upper Hatchery,2025-10-02T00:00:00Z,-121.55397883,39.51649261,LFC,drone,1
Upper Hatchery,2025-10-02T00:00:00Z,-121.55388979,39.51647766,LFC,drone,1
Upper Hatchery,2025-10-02T00:00:00Z,-121.55418193,39.5164806,LFC,drone,1
Upper Hatchery,2025-10-02T00:00:00Z,-121.55412193,39.51648643,LFC,drone,1
Upper Hatchery,2025-10-02T00:00:00Z,-121.55401403,39.51643283,LFC,drone,1
Upper Hatchery,2025-10-02T00:00:00Z,-121.55398163,39.51642239,LFC,drone,1
Upper Hatchery,2025-10-02T00:00:00Z,-121.55392788,39.51642899,LFC,drone,1
Upper Hatchery,2025-10-02T00:00:00Z,-121.55421416,39.51639137,LFC,drone,1
Upper Hatchery,2025-10-02T00:00:00Z,-121.55423909,39.51641695,LFC,drone,1
Upper Hatchery,2025-10-02T00:00:00Z,-121.55417235,39.51642546,LFC,drone,1
Upper Hatchery,2025-10-02T00:00:00Z,-121.55413892,39.51637833,LFC,drone,1
Upper Hatchery,2025-10-02T00:00:00Z,-121.55407565,39.51639138,LFC,drone,1
Upper Hatchery,2025-10-02T00:00:00Z,-121.55408508,39.51636762,LFC,drone,1
Upper Hatchery,2025-10-02T00:00:00Z,-121.55384699,39.51638681,LFC,drone,1
Upper Hatchery,2025-10-02T00:00:00Z,-121.55416943,39.51632922,LFC,drone,1
Upper Hatchery,2025-10-02T00:00:00Z,-121.55430768,39.51634132,LFC,drone,1
Upper Hatchery,2025-10-02T00:00:00Z,-121.55387994,39.51628478,LFC,drone,1
Upper Hatchery,2025-10-02T00:00:00Z,-121.55428793,39.51628086,LFC,drone,1
Upper Hatchery,2025-10-02T00:00:00Z,-121.55434544,39.5162442,LFC,drone,1
Upper Hatchery,2025-10-02T00:00:00Z,-121.55425042,39.51623714,LFC,drone,1
Upper Hatchery,2025-10-02T00:00:00Z,-121.55416873,39.5162337,LFC,drone,1
Upper Hatchery,2025-10-02T00:00:00Z,-121.55412771,39.51622938,LFC,drone,1
Upper Hatchery,2025-10-02T00:00:00Z,-121.5540573,39.5162638,LFC,drone,1
Upper Hatchery,2025-10-02T00:00:00Z,-121.55400426,39.5162147,LFC,drone,1
Upper Hatchery,2025-10-02T00:00:00Z,-121.55378716,39.5162556,LFC,drone,1
Upper Hatchery,2025-10-02T00:00:00Z,-121.55380881,39.51620258,LFC,drone,1
Upper Hatchery,2025-10-02T00:00:00Z,-121.55386511,39.51618113,LFC,drone,1
Upper Hatchery,2025-10-02T00:00:00Z,-121.5537715,39.51619242,LFC,drone,1
Upper Hatchery,2025-10-02T00:00:00Z,-121.55390093,39.51613417,LFC,drone,1
Upper Hatchery,2025-10-02T00:00:00Z,-121.55400427,39.51614929,LFC,drone,1
Upper Hatchery,2025-10-08T00:00:00Z,-121.55401292,39.51651077,LFC,drone,1
Upper Hatchery,2025-10-08T00:00:00Z,-121.55423413,39.51648108,LFC,drone,1
Upper Hatchery,2025-10-08T00:00:00Z,-121.55404422,39.51641491,LFC,drone,1
Upper Hatchery,2025-10-08T00:00:00Z,-121.55434842,39.51605318,LFC,drone,1
Upper Hatchery,2025-10-08T00:00:00Z,-121.55410106,39.51606416,LFC,drone,1
Upper Hatchery,2025-10-16T00:00:00Z,-121.55401505,39.51660153,LFC,drone,1
Upper Hatchery,2025-10-16T00:00:00Z,-121.55405528,39.51666033,LFC,drone,1
Upper Hatchery,2025-10-16T00:00:00Z,-121.55391974,39.51651586,LFC,drone,1
Upper Hatchery,2025-10-16T00:00:00Z,-121.55396917,39.51655196,LFC,drone,1
Upper Hatchery,2025-10-16T00:00:00Z,-121.55408193,39.51653224,LFC,drone,1
Upper Hatchery,2025-10-16T00:00:00Z,-121.55418375000001,39.51651408,LFC,drone,1
Upper Hatchery,2025-10-16T00:00:00Z,-121.55416712,39.51657977,LFC,drone,1
Upper Hatchery,2025-10-16T00:00:00Z,-121.55371554,39.51631647,LFC,drone,1
Upper Hatchery,2025-10-16T00:00:00Z,-121.55405671,39.5164863,LFC,drone,1
Upper Hatchery,2025-10-16T00:00:00Z,-121.55429394,39.51625016,LFC,drone,1
Upper Hatchery,2025-10-16T00:00:00Z,-121.55376349,39.51637114,LFC,drone,1
Upper Hatchery,2025-10-16T00:00:00Z,-121.55425925,39.51611154,LFC,drone,1
Upper Hatchery,2025-10-16T00:00:00Z,-121.55428674,39.51613243,LFC,drone,1
Upper Hatchery,2025-10-16T00:00:00Z,-121.55421129,39.51610121,LFC,drone,1
Upper Hatchery,2025-10-24T00:00:00Z,NA,NA,LFC,drone,0
Upper Hatchery,2025-10-29T00:00:00Z,NA,NA,LFC,drone,0
Upper Hatchery,2025-11-07T00:00:00Z,NA,NA,LFC,drone,0
Upper Hatchery,2025-11-12T00:00:00Z,NA,NA,LFC,drone,0
Upper Robinson,2024-09-24T00:00:00Z,-121.59307615,39.46758652,LFC,drone,1
Upper Robinson,2024-09-24T00:00:00Z,-121.59313535,39.46759273,LFC,drone,1
Upper Robinson,2024-10-16T00:00:00Z,-121.59299607,39.4674893,LFC,drone,1
Upper Robinson,2024-10-16T00:00:00Z,-121.59298587,39.46751086,LFC,drone,1
Upper Robinson,2024-10-16T00:00:00Z,-121.59316696,39.46745246,LFC,drone,1
Upper Robinson,2024-10-16T00:00:00Z,-121.59315647,39.46748779,LFC,drone,1
Upper Robinson,2024-10-16T00:00:00Z,-121.59313177,39.46750127,LFC,drone,1
Upper Robinson,2024-10-16T00:00:00Z,-121.59300052,39.4675775,LFC,drone,1
Upper Robinson,2024-10-16T00:00:00Z,-121.59304401,39.46760144,LFC,drone,1
Upper Robinson,2024-10-16T00:00:00Z,-121.59310568,39.46760528,LFC,drone,1
Upper Robinson,2024-10-16T00:00:00Z,-121.59314924,39.46753798,LFC,drone,1
Upper Robinson,2024-10-16T00:00:00Z,-121.59312947,39.46754944,LFC,drone,1
Upper Robinson,2024-10-16T00:00:00Z,-121.59313342,39.46757359,LFC,drone,1
Upper Robinson,2024-10-16T00:00:00Z,-121.59319573,39.46756781,LFC,drone,1
Upper Robinson,2024-10-16T00:00:00Z,-121.59330249,39.46745065,LFC,drone,1
Upper Robinson,2024-10-16T00:00:00Z,-121.59338766,39.46728021,LFC,drone,1
Upper Robinson,2024-10-16T00:00:00Z,-121.59354612,39.4672866,LFC,drone,1
Upper Robinson,2024-10-16T00:00:00Z,-121.59354291,39.46735784,LFC,drone,1
Upper Robinson,2024-10-16T00:00:00Z,-121.59311493,39.46745492,LFC,drone,1
Upper Robinson,2024-10-16T00:00:00Z,-121.59305558,39.46749387,LFC,drone,1
Upper Robinson,2024-10-16T00:00:00Z,-121.59333892,39.4673869,LFC,drone,1
Upper Robinson,2024-10-16T00:00:00Z,-121.59327867,39.46741393,LFC,drone,1
Upper Robinson,2024-10-16T00:00:00Z,-121.59370365,39.46754424,LFC,drone,1
Upper Robinson,2024-10-30T00:00:00Z,-121.59290225,39.46753809,LFC,drone,1
Upper Robinson,2024-10-30T00:00:00Z,-121.59296284,39.46752918,LFC,drone,1
Upper Robinson,2024-10-30T00:00:00Z,-121.59290141,39.46757974,LFC,drone,1
Upper Robinson,2024-10-30T00:00:00Z,-121.5931192,39.46741951,LFC,drone,1
Upper Robinson,2024-10-30T00:00:00Z,-121.59316348,39.46742659,LFC,drone,1
Upper Robinson,2024-10-30T00:00:00Z,-121.59315395,39.46741477,LFC,drone,1
Upper Robinson,2024-10-30T00:00:00Z,-121.59317033,39.46739534,LFC,drone,1
Upper Robinson,2024-10-30T00:00:00Z,-121.59313804,39.46738841,LFC,drone,1
Upper Robinson,2024-10-30T00:00:00Z,-121.59305896,39.46734441,LFC,drone,1
Upper Robinson,2024-10-30T00:00:00Z,-121.59301843,39.46734977,LFC,drone,1
Upper Robinson,2024-10-30T00:00:00Z,-121.59300075,39.46736746,LFC,drone,1
Upper Robinson,2024-10-30T00:00:00Z,-121.59304279,39.4673752,LFC,drone,1
Upper Robinson,2024-10-30T00:00:00Z,-121.59319009,39.46734049,LFC,drone,1
Upper Robinson,2024-10-30T00:00:00Z,-121.59326313,39.46733138,LFC,drone,1
Upper Robinson,2024-10-30T00:00:00Z,-121.59320883,39.46740269,LFC,drone,1
Upper Robinson,2024-10-30T00:00:00Z,-121.59334141,39.46734852,LFC,drone,1
Upper Robinson,2024-10-30T00:00:00Z,-121.59335426,39.46732836,LFC,drone,1
Upper Robinson,2024-10-30T00:00:00Z,-121.59311767,39.46732024,LFC,drone,1
Upper Robinson,2024-10-30T00:00:00Z,-121.59322428,39.46730001,LFC,drone,1
Upper Robinson,2024-10-30T00:00:00Z,-121.59318745,39.467267819999996,LFC,drone,1
Upper Robinson,2024-10-30T00:00:00Z,-121.59341228,39.46727054,LFC,drone,1
Upper Robinson,2024-10-30T00:00:00Z,-121.59365846,39.46728213,LFC,drone,1
Upper Robinson,2024-10-30T00:00:00Z,-121.59358941,39.46733348,LFC,drone,1
Upper Robinson,2024-10-30T00:00:00Z,-121.59363238,39.46733669,LFC,drone,1
Upper Robinson,2024-10-30T00:00:00Z,-121.5934975,39.46738187,LFC,drone,1
Upper Robinson,2024-10-30T00:00:00Z,-121.59346258,39.46735831,LFC,drone,1
Upper Robinson,2024-10-30T00:00:00Z,-121.59342152,39.46743259,LFC,drone,1
Upper Robinson,2024-10-30T00:00:00Z,-121.59329688,39.4674865,LFC,drone,1
Upper Robinson,2024-10-30T00:00:00Z,-121.59325062,39.46747411,LFC,drone,1
Upper Robinson,2024-10-30T00:00:00Z,-121.59335891,39.46743937,LFC,drone,1
Upper Robinson,2024-10-30T00:00:00Z,-121.59334353,39.46741013,LFC,drone,1
Upper Robinson,2024-10-30T00:00:00Z,-121.59352634,39.46732841,LFC,drone,1
Upper Robinson,2024-10-30T00:00:00Z,-121.59321778,39.46743551,LFC,drone,1
Upper Robinson,2024-10-30T00:00:00Z,-121.59316718,39.4675156,LFC,drone,1
Upper Robinson,2024-10-30T00:00:00Z,-121.59309005,39.46752004,LFC,drone,1
Upper Robinson,2024-10-30T00:00:00Z,-121.59308539,39.46754474,LFC,drone,1
Upper Robinson,2024-10-30T00:00:00Z,-121.59310938,39.46749069,LFC,drone,1
Upper Robinson,2024-10-30T00:00:00Z,-121.59300083,39.467538329999996,LFC,drone,1
Upper Robinson,2024-10-30T00:00:00Z,-121.59346754,39.46738742,LFC,drone,1
Upper Robinson,2024-10-30T00:00:00Z,-121.59305944,39.46762674,LFC,drone,1
Upper Robinson,2024-10-30T00:00:00Z,-121.59309092,39.46761474,LFC,drone,1
Upper Robinson,2024-10-30T00:00:00Z,-121.59327367,39.46770841,LFC,drone,1
Upper Robinson,2024-10-30T00:00:00Z,-121.59328069,39.46753204,LFC,drone,1
Upper Robinson,2024-10-30T00:00:00Z,-121.59327979,39.46757668,LFC,drone,1
Upper Robinson,2024-10-30T00:00:00Z,-121.59335209,39.46760553,LFC,drone,1
Upper Robinson,2024-10-30T00:00:00Z,-121.59335954,39.46751147,LFC,drone,1
Upper Robinson,2024-10-30T00:00:00Z,-121.59355253,39.46754447,LFC,drone,1
Upper Robinson,2024-10-30T00:00:00Z,-121.59373169,39.46754072,LFC,drone,1
Upper Robinson,2024-10-30T00:00:00Z,-121.59382581,39.46745147,LFC,drone,1
Upper Robinson,2024-10-30T00:00:00Z,-121.59308413,39.46732991,LFC,drone,1
Upper Robinson,2024-10-30T00:00:00Z,-121.59332197,39.46774046,LFC,drone,1
Upper Robinson,2024-10-30T00:00:00Z,-121.59384608,39.46750233,LFC,drone,1
Upper Robinson,2024-10-30T00:00:00Z,-121.59380222,39.46745222,LFC,drone,1
Upper Robinson,2024-10-30T00:00:00Z,-121.59372907,39.46762109,LFC,drone,1
Upper Robinson,2025-09-10T00:00:00Z,NA,NA,LFC,drone,0
Upper Robinson,2025-09-25T00:00:00Z,-121.59324212,39.46742424,LFC,drone,1
Upper Robinson,2025-09-25T00:00:00Z,-121.59317599,39.46744132,LFC,drone,1
Upper Robinson,2025-09-25T00:00:00Z,-121.59316546,39.46747659,LFC,drone,1
Upper Robinson,2025-09-25T00:00:00Z,-121.59301262,39.46748387,LFC,drone,1
Upper Robinson,2025-09-25T00:00:00Z,-121.5930573,39.46753274,LFC,drone,1
Upper Robinson,2025-09-25T00:00:00Z,-121.59307042,39.46756372,LFC,drone,1
Upper Robinson,2025-09-25T00:00:00Z,-121.5931333,39.46758655,LFC,drone,1
Upper Robinson,2025-09-25T00:00:00Z,-121.59314593,39.46752011,LFC,drone,1
Upper Robinson,2025-09-25T00:00:00Z,-121.59323027,39.46737919,LFC,drone,1
Upper Robinson,2025-09-25T00:00:00Z,-121.59300706,39.46750775,LFC,drone,1
Upper Robinson,2025-09-25T00:00:00Z,-121.5930409,39.46754371,LFC,drone,1
Upper Robinson,2025-09-25T00:00:00Z,-121.59304306,39.46749893,LFC,drone,1
Upper Robinson,2025-09-25T00:00:00Z,-121.59307578,39.46759017,LFC,drone,1
Upper Robinson,2025-09-25T00:00:00Z,-121.59387931,39.4675119,LFC,drone,1
Upper Robinson,2025-09-25T00:00:00Z,-121.59379059,39.46759184,LFC,drone,1
Upper Robinson,2025-09-25T00:00:00Z,-121.59321134,39.46747466,LFC,drone,1
Upper Robinson,2025-10-09T00:00:00Z,-121.59313977,39.46735331,LFC,drone,1
Upper Robinson,2025-10-09T00:00:00Z,-121.59341133,39.46731557,LFC,drone,1
Upper Robinson,2025-10-09T00:00:00Z,-121.59354989,39.46733033,LFC,drone,1
Upper Robinson,2025-10-09T00:00:00Z,-121.59353728,39.46738488,LFC,drone,1
Upper Robinson,2025-10-09T00:00:00Z,-121.59344696,39.46741292,LFC,drone,1
Upper Robinson,2025-10-09T00:00:00Z,-121.59337681,39.46739186,LFC,drone,1
Upper Robinson,2025-10-09T00:00:00Z,-121.59334404,39.46741941,LFC,drone,1
Upper Robinson,2025-10-09T00:00:00Z,-121.59339642,39.4674468,LFC,drone,1
Upper Robinson,2025-10-09T00:00:00Z,-121.59316672,39.46755254,LFC,drone,1
Upper Robinson,2025-10-09T00:00:00Z,-121.59299711,39.4675802,LFC,drone,1
Upper Robinson,2025-10-09T00:00:00Z,-121.59359239,39.4675845,LFC,drone,1
Upper Robinson,2025-10-09T00:00:00Z,-121.5937439,39.46752126,LFC,drone,1
Upper Robinson,2025-10-09T00:00:00Z,-121.59382034,39.46747228,LFC,drone,1
Upper Robinson,2025-10-09T00:00:00Z,-121.59325017,39.46751239,LFC,drone,1
Upper Robinson,2025-10-09T00:00:00Z,-121.59338,39.46763403,LFC,drone,1
Upper Robinson,2025-10-28T00:00:00Z,-121.59305403,39.46742065,LFC,drone,1
Upper Robinson,2025-10-28T00:00:00Z,-121.59310275,39.46742141,LFC,drone,1
Upper Robinson,2025-10-28T00:00:00Z,-121.59314081,39.46748162,LFC,drone,1
Upper Robinson,2025-10-28T00:00:00Z,-121.5931878,39.46734253,LFC,drone,1
Upper Robinson,2025-10-28T00:00:00Z,-121.59320182,39.46728152,LFC,drone,1
Upper Robinson,2025-10-28T00:00:00Z,-121.59325974,39.4673335,LFC,drone,1
Upper Robinson,2025-10-28T00:00:00Z,-121.59336864,39.4673097,LFC,drone,1
Upper Robinson,2025-10-28T00:00:00Z,-121.59345033,39.46734913,LFC,drone,1
Upper Robinson,2025-10-28T00:00:00Z,-121.5932772,39.46746234,LFC,drone,1
Upper Robinson,2025-10-28T00:00:00Z,-121.59288518,39.46756838,LFC,drone,1
Upper Robinson,2025-10-28T00:00:00Z,-121.5929241,39.46750772,LFC,drone,1
Upper Robinson,2025-10-28T00:00:00Z,-121.59290522,39.46758737,LFC,drone,1
Upper Robinson,2025-10-28T00:00:00Z,-121.59334218,39.46749962,LFC,drone,1
Upper Robinson,2025-10-28T00:00:00Z,-121.59372719,39.46760389,LFC,drone,1
Upper Robinson,2025-10-28T00:00:00Z,-121.59362366,39.46735465,LFC,drone,1
Upper Robinson,2025-10-28T00:00:00Z,-121.59338265,39.46734644,LFC,drone,1
Upper Robinson,2025-10-28T00:00:00Z,-121.59317568,39.46740821,LFC,drone,1
Upper Robinson,2025-10-28T00:00:00Z,-121.59307956,39.46736054,LFC,drone,1
Upper Robinson,2025-11-18T00:00:00Z,NA,NA,LFC,drone,0
Weir,2024-10-03T00:00:00Z,-121.60790295,39.46155363,LFC,drone,1
Weir,2024-10-03T00:00:00Z,-121.60793714,39.46155182,LFC,drone,1
Weir,2024-10-03T00:00:00Z,-121.60806076,39.46142835,LFC,drone,1
Weir,2024-10-03T00:00:00Z,-121.60804441,39.4614055,LFC,drone,1
Weir,2024-10-03T00:00:00Z,-121.60802348,39.46139189,LFC,drone,1
Weir,2024-10-03T00:00:00Z,-121.60766139,39.46161659,LFC,drone,1
Weir,2024-10-03T00:00:00Z,-121.60761149,39.46159842,LFC,drone,1
Weir,2024-10-03T00:00:00Z,-121.60721039,39.46167543,LFC,drone,1
Weir,2024-10-17T00:00:00Z,-121.60711671,39.46168242,LFC,drone,1
Weir,2024-10-17T00:00:00Z,-121.60720444,39.46162225,LFC,drone,1
Weir,2024-10-17T00:00:00Z,-121.60723475,39.46159918,LFC,drone,1
Weir,2024-10-17T00:00:00Z,-121.60728313,39.46165541,LFC,drone,1
Weir,2024-10-17T00:00:00Z,-121.6071963,39.46165144,LFC,drone,1
Weir,2024-10-17T00:00:00Z,-121.60734644,39.46158792,LFC,drone,1
Weir,2024-10-17T00:00:00Z,-121.60744457,39.46159408,LFC,drone,1
Weir,2024-10-17T00:00:00Z,-121.60743241,39.46157812,LFC,drone,1
Weir,2024-10-17T00:00:00Z,-121.60751742,39.46161692,LFC,drone,1
Weir,2024-10-17T00:00:00Z,-121.60763785,39.46154631,LFC,drone,1
Weir,2024-10-17T00:00:00Z,-121.60769124,39.46155954,LFC,drone,1
Weir,2024-10-17T00:00:00Z,-121.60769422,39.4614102,LFC,drone,1
Weir,2024-10-17T00:00:00Z,-121.60763249,39.461379290000004,LFC,drone,1
Weir,2024-10-17T00:00:00Z,-121.60757673,39.46137101,LFC,drone,1
Weir,2024-10-17T00:00:00Z,-121.60786931,39.46147878,LFC,drone,1
Weir,2024-10-17T00:00:00Z,-121.60788968,39.461443,LFC,drone,1
Weir,2024-10-17T00:00:00Z,-121.60788753,39.46149394,LFC,drone,1
Weir,2024-10-17T00:00:00Z,-121.60795194,39.46152312,LFC,drone,1
Weir,2024-10-17T00:00:00Z,-121.60797204,39.46146244,LFC,drone,1
Weir,2024-10-17T00:00:00Z,-121.60801199,39.46144886,LFC,drone,1
Weir,2024-10-17T00:00:00Z,-121.60814581,39.4614077,LFC,drone,1
Weir,2024-10-17T00:00:00Z,-121.60820467,39.46139317,LFC,drone,1
Weir,2024-10-17T00:00:00Z,-121.60809907,39.46144023,LFC,drone,1
Weir,2024-10-17T00:00:00Z,-121.60833724,39.46132065,LFC,drone,1
Weir,2024-10-17T00:00:00Z,-121.60824778,39.4613726,LFC,drone,1
Weir,2024-10-17T00:00:00Z,-121.6083934,39.46130844,LFC,drone,1
Weir,2024-10-17T00:00:00Z,-121.60834354,39.46117515,LFC,drone,1
Weir,2024-10-17T00:00:00Z,-121.60878448,39.461157,LFC,drone,1
Weir,2024-10-17T00:00:00Z,-121.60900612,39.46097571,LFC,drone,1
Weir,2024-10-17T00:00:00Z,-121.60753803,39.46157442,LFC,drone,1
Weir,2024-10-17T00:00:00Z,-121.60643383,39.4615092,LFC,drone,1
Weir,2024-10-17T00:00:00Z,-121.60636007,39.46173926,LFC,drone,1
Weir,2024-10-17T00:00:00Z,-121.60839358,39.46128129,LFC,drone,1
Weir,2024-10-17T00:00:00Z,-121.60828088,39.46133374,LFC,drone,1
Weir,2024-10-17T00:00:00Z,-121.608082,39.46140785,LFC,drone,1
Weir,2024-10-17T00:00:00Z,-121.60767121,39.46137968,LFC,drone,1
Weir,2024-10-31T00:00:00Z,-121.60913373,39.46113306,LFC,drone,1
Weir,2024-10-31T00:00:00Z,-121.60912108,39.46119881,LFC,drone,1
Weir,2024-10-31T00:00:00Z,-121.6091089,39.46108941,LFC,drone,1
Weir,2024-10-31T00:00:00Z,-121.60898886,39.46108358,LFC,drone,1
Weir,2024-10-31T00:00:00Z,-121.60905036,39.4610313,LFC,drone,1
Weir,2024-10-31T00:00:00Z,-121.60917757,39.46098069,LFC,drone,1
Weir,2024-10-31T00:00:00Z,-121.60916976,39.4609554,LFC,drone,1
Weir,2024-10-31T00:00:00Z,-121.60903165,39.46092681,LFC,drone,1
Weir,2024-10-31T00:00:00Z,-121.60898099,39.46094729,LFC,drone,1
Weir,2024-10-31T00:00:00Z,-121.60905353,39.46098565,LFC,drone,1
Weir,2024-10-31T00:00:00Z,-121.60915341,39.46103664,LFC,drone,1
Weir,2024-10-31T00:00:00Z,-121.60904512,39.46114225,LFC,drone,1
Weir,2024-10-31T00:00:00Z,-121.6090179,39.46116214,LFC,drone,1
Weir,2024-10-31T00:00:00Z,-121.60833148,39.46121133,LFC,drone,1
Weir,2024-10-31T00:00:00Z,-121.60823304,39.4612781,LFC,drone,1
Weir,2024-10-31T00:00:00Z,-121.60835473,39.46135308,LFC,drone,1
Weir,2024-10-31T00:00:00Z,-121.60840731,39.46133116,LFC,drone,1
Weir,2024-10-31T00:00:00Z,-121.608081,39.4613419,LFC,drone,1
Weir,2024-10-31T00:00:00Z,-121.607903,39.46134299,LFC,drone,1
Weir,2024-10-31T00:00:00Z,-121.60792745,39.46150057,LFC,drone,1
Weir,2024-10-31T00:00:00Z,-121.60785482,39.46152372,LFC,drone,1
Weir,2024-10-31T00:00:00Z,-121.60779891,39.46150371,LFC,drone,1
Weir,2024-10-31T00:00:00Z,-121.60780385,39.46152164,LFC,drone,1
Weir,2024-10-31T00:00:00Z,-121.6077371,39.46155248,LFC,drone,1
Weir,2024-10-31T00:00:00Z,-121.60757992,39.46151427,LFC,drone,1
Weir,2024-10-31T00:00:00Z,-121.60769041,39.46162016,LFC,drone,1
Weir,2024-10-31T00:00:00Z,-121.60758939,39.46157004,LFC,drone,1
Weir,2024-10-31T00:00:00Z,-121.60733748,39.46162419,LFC,drone,1
Weir,2024-10-31T00:00:00Z,-121.60721039,39.46154304,LFC,drone,1
Weir,2024-10-31T00:00:00Z,-121.60706456,39.4616612,LFC,drone,1
Weir,2024-10-31T00:00:00Z,-121.60717112,39.46158788,LFC,drone,1
Weir,2024-10-31T00:00:00Z,-121.6067213,39.46173214,LFC,drone,1
Weir,2024-10-31T00:00:00Z,-121.60648331,39.46173478,LFC,drone,1
Weir,2024-10-31T00:00:00Z,-121.60655345,39.46174065,LFC,drone,1
Weir,2024-10-31T00:00:00Z,-121.60630189,39.46177242,LFC,drone,1
Weir,2024-10-31T00:00:00Z,-121.60605539,39.46160974,LFC,drone,1
Weir,2024-10-31T00:00:00Z,-121.60608994,39.46168338,LFC,drone,1
Weir,2024-10-31T00:00:00Z,-121.60598351,39.46177959,LFC,drone,1
Weir,2024-10-31T00:00:00Z,-121.6058379,39.46170919,LFC,drone,1
Weir,2024-10-31T00:00:00Z,-121.60590362,39.46178916,LFC,drone,1
Weir,2024-10-31T00:00:00Z,-121.60897706,39.46123833,LFC,drone,1
Weir,2024-10-31T00:00:00Z,-121.60797763,39.46152343,LFC,drone,1
Weir,2024-10-31T00:00:00Z,-121.60776862,39.46154465,LFC,drone,1
Weir,2024-11-13T00:00:00Z,-121.60900558,39.46119977,LFC,drone,1
Weir,2024-11-13T00:00:00Z,-121.60900062,39.46100383,LFC,drone,1
Weir,2024-11-13T00:00:00Z,-121.60912497,39.46098564,LFC,drone,1
Weir,2024-11-13T00:00:00Z,-121.6088972,39.461009,LFC,drone,1
Weir,2024-11-13T00:00:00Z,-121.60891194,39.46098035,LFC,drone,1
Weir,2024-11-13T00:00:00Z,-121.60855728,39.46103057,LFC,drone,1
Weir,2024-11-13T00:00:00Z,-121.60874861,39.46126626,LFC,drone,1
Weir,2024-11-13T00:00:00Z,-121.60871029,39.4612928,LFC,drone,1
Weir,2024-11-13T00:00:00Z,-121.60904738,39.46111652,LFC,drone,1
Weir,2024-11-13T00:00:00Z,-121.60906666,39.46124535,LFC,drone,1
Weir,2024-11-13T00:00:00Z,-121.60909053,39.46105479,LFC,drone,1
Weir,2024-11-13T00:00:00Z,-121.60918116,39.46109936,LFC,drone,1
Weir,2024-11-13T00:00:00Z,-121.60912675,39.46095546,LFC,drone,1
Weir,2024-11-13T00:00:00Z,-121.60925207,39.46097755,LFC,drone,1
Weir,2024-11-13T00:00:00Z,-121.60879378999999,39.46119129,LFC,drone,1
Weir,2024-11-13T00:00:00Z,-121.60861053000001,39.46120283,LFC,drone,1
Weir,2024-11-13T00:00:00Z,-121.60879622,39.46112862,LFC,drone,1
Weir,2024-11-13T00:00:00Z,-121.60742788,39.46141338,LFC,drone,1
Weir,2024-11-13T00:00:00Z,-121.60663942,39.46175221,LFC,drone,1
Weir,2024-11-13T00:00:00Z,-121.60619223,39.46152763,LFC,drone,1
Weir,2024-11-13T00:00:00Z,-121.60879058,39.46110365,LFC,drone,1
Weir,2025-09-11T00:00:00Z,-121.60723876,39.46166225,LFC,drone,1
Weir,2025-09-11T00:00:00Z,-121.60773436,39.4615411,LFC,drone,1
Weir,2025-09-26T00:00:00Z,-121.60659752,39.46169506,LFC,drone,1
Weir,2025-09-26T00:00:00Z,-121.6066572,39.46168968,LFC,drone,1
Weir,2025-09-26T00:00:00Z,-121.60715158,39.46160528,LFC,drone,1
Weir,2025-09-26T00:00:00Z,-121.60746003,39.461546,LFC,drone,1
Weir,2025-09-26T00:00:00Z,-121.60752426,39.46154861,LFC,drone,1
Weir,2025-09-26T00:00:00Z,-121.60752527,39.46157,LFC,drone,1
Weir,2025-09-26T00:00:00Z,-121.60761833,39.46153429,LFC,drone,1
Weir,2025-09-26T00:00:00Z,-121.60773249,39.46149039,LFC,drone,1
Weir,2025-09-26T00:00:00Z,-121.60789129,39.4615227,LFC,drone,1
Weir,2025-09-26T00:00:00Z,-121.60788218,39.46150494,LFC,drone,1
Weir,2025-09-26T00:00:00Z,-121.60787558,39.46148739,LFC,drone,1
Weir,2025-09-26T00:00:00Z,-121.60795986,39.46145642,LFC,drone,1
Weir,2025-09-26T00:00:00Z,-121.60806605,39.46136277,LFC,drone,1
Weir,2025-09-26T00:00:00Z,-121.60823004,39.46135419,LFC,drone,1
Weir,2025-10-09T00:00:00Z,-121.60599022,39.46171073,LFC,drone,1
Weir,2025-10-09T00:00:00Z,-121.60719613,39.46168624,LFC,drone,1
Weir,2025-10-09T00:00:00Z,-121.60721742,39.46164611,LFC,drone,1
Weir,2025-10-09T00:00:00Z,-121.607582,39.46159098,LFC,drone,1
Weir,2025-10-09T00:00:00Z,-121.60766507,39.46153998,LFC,drone,1
Weir,2025-10-09T00:00:00Z,-121.60791767,39.46149915,LFC,drone,1
Weir,2025-10-09T00:00:00Z,-121.60792598,39.46151435,LFC,drone,1
Weir,2025-10-09T00:00:00Z,-121.60836823,39.46133734,LFC,drone,1
Weir,2025-10-09T00:00:00Z,-121.60840084,39.46130463,LFC,drone,1
Weir,2025-10-09T00:00:00Z,-121.60900764,39.46101421,LFC,drone,1
Weir,2025-10-09T00:00:00Z,-121.60901778,39.46096399,LFC,drone,1
Weir,2025-10-09T00:00:00Z,-121.60915856,39.46100725,LFC,drone,1
Weir,2025-10-28T00:00:00Z,-121.60605129,39.46176752,LFC,drone,1
Weir,2025-10-28T00:00:00Z,-121.60613176,39.4617528,LFC,drone,1
Weir,2025-10-28T00:00:00Z,-121.60633184,39.46167765,LFC,drone,1
Weir,2025-10-28T00:00:00Z,-121.6065686,39.4617418,LFC,drone,1
Weir,2025-10-28T00:00:00Z,-121.60662522,39.4617502,LFC,drone,1
Weir,2025-10-28T00:00:00Z,-121.60653516,39.4617037,LFC,drone,1
Weir,2025-10-28T00:00:00Z,-121.60656435,39.46172371,LFC,drone,1
Weir,2025-10-28T00:00:00Z,-121.60673291,39.46171832,LFC,drone,1
Weir,2025-10-28T00:00:00Z,-121.60711268,39.46166134,LFC,drone,1
Weir,2025-10-28T00:00:00Z,-121.60722435,39.46159002,LFC,drone,1
Weir,2025-10-28T00:00:00Z,-121.60722248,39.46157632,LFC,drone,1
Weir,2025-10-28T00:00:00Z,-121.60733042,39.4615807,LFC,drone,1
Weir,2025-10-28T00:00:00Z,-121.60732129,39.46163876,LFC,drone,1
Weir,2025-10-28T00:00:00Z,-121.60730025,39.46162436,LFC,drone,1
Weir,2025-10-28T00:00:00Z,-121.60740639,39.46156622,LFC,drone,1
Weir,2025-10-28T00:00:00Z,-121.60737796,39.46160189,LFC,drone,1
Weir,2025-10-28T00:00:00Z,-121.60746833,39.46158772,LFC,drone,1
Weir,2025-10-28T00:00:00Z,-121.60740582,39.46147862,LFC,drone,1
Weir,2025-10-28T00:00:00Z,-121.60746642,39.46153356,LFC,drone,1
Weir,2025-10-28T00:00:00Z,-121.60760412,39.46147786,LFC,drone,1
Weir,2025-10-28T00:00:00Z,-121.60781318,39.46151562,LFC,drone,1
Weir,2025-10-28T00:00:00Z,-121.60778775,39.46155104,LFC,drone,1
Weir,2025-10-28T00:00:00Z,-121.6079045,39.46155824,LFC,drone,1
Weir,2025-10-28T00:00:00Z,-121.6079483,39.46143122,LFC,drone,1
Weir,2025-10-28T00:00:00Z,-121.60830818,39.46136268,LFC,drone,1
Weir,2025-10-28T00:00:00Z,-121.60815354,39.46143285,LFC,drone,1
Weir,2025-10-28T00:00:00Z,-121.60894714,39.46099857,LFC,drone,1
Weir,2025-10-28T00:00:00Z,-121.60896588,39.46096016,LFC,drone,1
Weir,2025-10-28T00:00:00Z,-121.60902753,39.46093157,LFC,drone,1
Weir,2025-10-28T00:00:00Z,-121.60905062,39.46101345,LFC,drone,1
Weir,2025-10-28T00:00:00Z,-121.60914498,39.460936770000004,LFC,drone,1
Weir,2025-10-28T00:00:00Z,-121.6091388,39.46111774,LFC,drone,1
Weir,2025-10-28T00:00:00Z,-121.60910017,39.46102879,LFC,drone,1
Weir,2025-10-28T00:00:00Z,-121.60913074,39.46096381,LFC,drone,1
Weir,2025-10-28T00:00:00Z,-121.60923273,39.46098681,LFC,drone,1
Weir,2025-10-28T00:00:00Z,-121.60905855,39.46094343,LFC,drone,1
Weir,2025-10-28T00:00:00Z,-121.60908761,39.46092472,LFC,drone,1
Weir,2025-10-28T00:00:00Z,-121.60906146,39.46097387,LFC,drone,1
Weir,2025-10-28T00:00:00Z,-121.60706844,39.46166005,LFC,drone,1
Weir,2025-10-28T00:00:00Z,-121.60700259,39.46165519,LFC,drone,1
Weir,2025-10-28T00:00:00Z,-121.60632925,39.46175139,LFC,drone,1
Weir,2025-11-18T00:00:00Z,-121.60888269,39.4609955,LFC,drone,1
Weir,2025-11-18T00:00:00Z,-121.60909984,39.46106457,LFC,drone,1
Weir,2025-11-18T00:00:00Z,-121.6089627,39.46093343,LFC,drone,1
