location,date,year,latitude,longitude,survey_method,redd_number,survey_week,number_of_fish_on_redd,percent_boulder_30cm,percent_large_16_30cm,percent_medium_6_15cm,percent_small_1_5cm,percent_fine_1cm,redd_width_m,redd_length_m,velocity_m_sec,water_depth_m
Moe's Side Channel,2024-09-19,2024,39.51578622,-121.55950973,ground,1,"LL, SJ - 9/19/2024 - Clear - Week 1-1",1,NA,NA,70,30,NA,0.98,2,0.57,0.18
Moe's Side Channel,2024-09-19,2024,39.51607467,-121.55742303,ground,31,"LL, SJ - 9/19/2024 - Clear - Week 1-1",3,NA,10,50,40,NA,2,2.2,0.406,0.46
Moe's Side Channel,2024-09-19,2024,39.51606953,-121.55810648,ground,30,"LL, SJ - 9/19/2024 - Clear - Week 1-1",3,NA,NA,30,60,10,2,2,0.503,0.36
Moe's Side Channel,2024-09-19,2024,39.51606612,-121.55831433,ground,29,"LL, SJ - 9/19/2024 - Clear - Week 1-1",2,NA,NA,70,30,NA,1.4,2.4,0.668,0.2
Moe's Side Channel,2024-09-19,2024,39.51604328,-121.5586007,ground,28,"LL, SJ - 9/19/2024 - Clear - Week 1-1",4,5,NA,55,40,NA,2.3,2,0.228,0.34
Moe's Side Channel,2024-09-19,2024,39.51604059,-121.55864722,ground,27,"LL, SJ - 9/19/2024 - Clear - Week 1-1",NA,NA,10,50,40,NA,2,1.4,0.396,0.34
Moe's Side Channel,2024-09-19,2024,39.51603318,-121.55876211,ground,26,"LL, SJ - 9/19/2024 - Clear - Week 1-1",1,NA,5,55,40,NA,1.4,2,0.312,0.34
Moe's Side Channel,2024-09-19,2024,39.51600557,-121.5588778,ground,25,"LL, SJ - 9/19/2024 - Clear - Week 1-1",2,NA,NA,40,50,10,1.3,2.4,0.354,0.14
Moe's Side Channel,2024-09-19,2024,39.51602527,-121.55890892,ground,24,"LL, SJ - 9/19/2024 - Clear - Week 1-1",2,NA,NA,40,40,20,1,1.2,0.406,0.4
Moe's Side Channel,2024-09-19,2024,39.51600874,-121.55909263,ground,23,"LL, SJ - 9/19/2024 - Clear - Week 1-1",2,NA,NA,30,70,NA,1.2,1.4,0.281,0.34
Moe's Side Channel,2024-09-19,2024,39.51597526,-121.55908114,ground,22,"LL, SJ - 9/19/2024 - Clear - Week 1-1",1,NA,10,40,40,10,1.2,1.2,0.248,0.3
Moe's Side Channel,2024-09-19,2024,39.51598172,-121.5591183,ground,21,"LL, SJ - 9/19/2024 - Clear - Week 1-1",2,NA,5,40,50,5,1,1.2,0.41,0.3
Moe's Side Channel,2024-09-19,2024,39.51597692,-121.55924261,ground,20,"LL, SJ - 9/19/2024 - Clear - Week 1-1",7,NA,NA,60,40,NA,3.1,3,0.698,0.26
Moe's Side Channel,2024-09-19,2024,39.51594111,-121.55928706,ground,19,"LL, SJ - 9/19/2024 - Clear - Week 1-1",1,NA,NA,40,60,NA,0.82,2,0.407,0.26
Moe's Side Channel,2024-09-19,2024,39.51596397,-121.55929938,ground,18,"LL, SJ - 9/19/2024 - Clear - Week 1-1",1,NA,NA,70,30,NA,0.8,1.3,0.353,0.2
Moe's Side Channel,2024-09-19,2024,39.51606617,-121.55715777,ground,32,"LL, SJ - 9/19/2024 - Clear - Week 1-1",2,5,10,55,30,NA,0.9,1.2,0.158,0.3
Moe's Side Channel,2024-09-19,2024,39.51595562,-121.5592875,ground,17,"LL, SJ - 9/19/2024 - Clear - Week 1-1",2,NA,NA,50,50,NA,0.8,1.2,0.327,0.34
Moe's Side Channel,2024-09-19,2024,39.51597806,-121.55932879,ground,16,"LL, SJ - 9/19/2024 - Clear - Week 1-1",1,NA,NA,70,30,NA,0.9,1.4,0.406,0.28
Moe's Side Channel,2024-09-19,2024,39.51592693,-121.55937504,ground,14,"LL, SJ - 9/19/2024 - Clear - Week 1-1",1,NA,NA,50,40,10,1.1,1.2,0.347,0.28
Moe's Side Channel,2024-09-19,2024,39.51589389,-121.55941265,ground,13,"LL, SJ - 9/19/2024 - Clear - Week 1-1",2,NA,NA,60,40,NA,1,1.2,0.416,0.22
Moe's Side Channel,2024-09-19,2024,39.51591907,-121.55933947,ground,12,"LL, SJ - 9/19/2024 - Clear - Week 1-1",1,NA,NA,10,90,NA,0.5,1,0.333,0.3
Moe's Side Channel,2024-09-19,2024,39.51588308,-121.55942898,ground,11,"LL, SJ - 9/19/2024 - Clear - Week 1-1",2,NA,NA,50,50,NA,0.8,2.1,0.457,0.38
Moe's Side Channel,2024-09-19,2024,39.51587537,-121.55940307,ground,10,"LL, SJ - 9/19/2024 - Clear - Week 1-1",1,NA,NA,40,60,NA,0.9,1.2,0.475,0.24
Moe's Side Channel,2024-09-19,2024,39.51581018,-121.55943546,ground,9,"LL, SJ - 9/19/2024 - Clear - Week 1-1",1,NA,NA,50,45,5,1,1.2,0.816,0.16
Moe's Side Channel,2024-09-19,2024,39.51585015,-121.55942637,ground,8,"LL, SJ - 9/19/2024 - Clear - Week 1-1",1,NA,NA,50,50,NA,0.6,1,0.697,0.14
Moe's Side Channel,2024-09-19,2024,39.5158545,-121.55945205,ground,7,"LL, SJ - 9/19/2024 - Clear - Week 1-1",2,NA,NA,40,60,NA,0.8,1.8,0.757,0.16
Moe's Side Channel,2024-09-19,2024,39.51584411,-121.55948381,ground,6,"LL, SJ - 9/19/2024 - Clear - Week 1-1",1,NA,NA,50,50,NA,0.9,1.2,0.445,0.2
Moe's Side Channel,2024-09-19,2024,39.51582704,-121.55948377,ground,5,"LL, SJ - 9/19/2024 - Clear - Week 1-1",1,NA,5,55,40,NA,1.5,1.5,0.389,0.32
Moe's Side Channel,2024-09-19,2024,39.51581584,-121.55946783,ground,4,"LL, SJ - 9/19/2024 - Clear - Week 1-1",1,NA,10,40,50,NA,1,1.5,0.456,0.3
Moe's Side Channel,2024-09-19,2024,39.51581259,-121.5595311,ground,3,"LL, SJ - 9/19/2024 - Clear - Week 1-1",2,NA,NA,50,50,NA,2.6,3.2,0.761,0.18
Moe's Side Channel,2024-09-19,2024,39.51580096,-121.55951991,ground,2,"LL, SJ - 9/19/2024 - Clear - Week 1-1",1,NA,NA,60,40,NA,1.4,2,0.716,0.18
Moe's Side Channel,2024-09-19,2024,39.51596485,-121.55933766,ground,15,"LL, SJ - 9/19/2024 - Clear - Week 1-1",1,NA,NA,50,50,NA,0.9,1.3,0.472,0.38
Moe's Side Channel,2024-09-19,2024,39.51612161,-121.55710047,ground,33,"LL, SJ - 9/19/2024 - Clear - Week 1-1",2,NA,NA,20,80,NA,0.96,1.2,0.218,0.32
Moe's Side Channel,2024-09-23,2024,39.51595207,-121.55938547,ground,1,"LL, SJ - 9/23/2024 - Clear - Week 2-1",1,10,10,50,30,NA,2,3.4,0.325,0.32
Moe's Side Channel,2024-09-23,2024,39.51610774,-121.55823338,ground,34,"LL, SJ - 9/23/2024 - Clear - Week 2-1",1,NA,NA,50,50,NA,1,2,0.143,0.5
Moe's Side Channel,2024-09-23,2024,39.51607,-121.55820185,ground,35,"LL, SJ - 9/23/2024 - Clear - Week 2-1",4,10,25,35,30,NA,1.1,2,0.406,0.34
Moe's Side Channel,2024-09-23,2024,39.5160787,-121.55816875,ground,36,"LL, SJ - 9/23/2024 - Clear - Week 2-1",2,NA,NA,70,30,NA,0.9,1.4,0.598,0.22
Moe's Side Channel,2024-09-23,2024,39.51611085,-121.55815383,ground,37,"LL, SJ - 9/23/2024 - Clear - Week 2-1",5,NA,15,55,30,NA,1.2,2,0.565,0.22
Moe's Side Channel,2024-09-23,2024,39.51610073,-121.55811119,ground,38,"LL, SJ - 9/23/2024 - Clear - Week 2-1",3,15,25,40,20,NA,1.2,2,0.244,0.34
Moe's Side Channel,2024-09-23,2024,39.51608771,-121.55810358,ground,39,"LL, SJ - 9/23/2024 - Clear - Week 2-1",2,NA,NA,40,60,NA,1.4,3.2,0.399,0.3
Moe's Side Channel,2024-09-23,2024,39.51608002,-121.5580627,ground,40,"LL, SJ - 9/23/2024 - Clear - Week 2-1",7,NA,10,60,30,NA,2.2,2.2,0.325,0.3
Moe's Side Channel,2024-09-23,2024,39.51607766,-121.55801376,ground,41,"LL, SJ - 9/23/2024 - Clear - Week 2-1",7,NA,NA,70,30,NA,0.9,1.6,0.762,0.2
Moe's Side Channel,2024-09-23,2024,39.51608022,-121.55796431,ground,42,"LL, SJ - 9/23/2024 - Clear - Week 2-1",4,NA,NA,70,30,NA,1.9,2.4,0.333,0.38
Moe's Side Channel,2024-09-23,2024,39.51609649,-121.55795905,ground,43,"LL, SJ - 9/23/2024 - Clear - Week 2-1",2,NA,NA,50,50,NA,1.1,3,0.237,0.36
Moe's Side Channel,2024-09-23,2024,39.51610925,-121.55796604,ground,44,"LL, SJ - 9/23/2024 - Clear - Week 2-1",2,NA,NA,30,70,NA,1.4,2.6,0.18,0.34
Moe's Side Channel,2024-09-23,2024,39.51607976,-121.55788763,ground,45,"LL, SJ - 9/23/2024 - Clear - Week 2-1",3,NA,NA,40,60,NA,1,1.8,0.362,0.38
Moe's Side Channel,2024-09-23,2024,39.5160955,-121.55786026,ground,46,"LL, SJ - 9/23/2024 - Clear - Week 2-1",4,NA,NA,50,50,NA,2.2,2.2,0.515,0.36
Moe's Side Channel,2024-09-23,2024,39.5160943,-121.55824744,ground,33,"LL, SJ - 9/23/2024 - Clear - Week 2-1",1,NA,NA,60,40,NA,1.6,2.6,0.769,0.22
Moe's Side Channel,2024-09-23,2024,39.51607624,-121.55782348,ground,47,"LL, SJ - 9/23/2024 - Clear - Week 2-1",2,NA,NA,30,70,NA,1.6,2.3,0.904,0.22
Moe's Side Channel,2024-09-23,2024,39.51608787,-121.55776352,ground,49,"LL, SJ - 9/23/2024 - Clear - Week 2-1",2,NA,NA,40,60,NA,1.2,1.3,0.711,0.24
Moe's Side Channel,2024-09-23,2024,39.51610189,-121.55776025,ground,50,"LL, SJ - 9/23/2024 - Clear - Week 2-1",1,5,15,60,20,NA,0.9,3.3,0.648,0.2
Moe's Side Channel,2024-09-23,2024,39.51611611,-121.55771063,ground,51,"LL, SJ - 9/23/2024 - Clear - Week 2-1",1,NA,20,30,40,10,1.3,2.4,0.05,0.4
Moe's Side Channel,2024-09-23,2024,39.51609408,-121.55771746,ground,52,"LL, SJ - 9/23/2024 - Clear - Week 2-1",3,NA,15,45,40,NA,0.8,2,0.35,0.42
Moe's Side Channel,2024-09-23,2024,39.51607815,-121.55772268,ground,53,"LL, SJ - 9/23/2024 - Clear - Week 2-1",1,NA,20,40,40,NA,1.3,2,0.56,0.22
Moe's Side Channel,2024-09-23,2024,39.51607683,-121.55766771,ground,54,"LL, SJ - 9/23/2024 - Clear - Week 2-1",2,15,20,50,15,NA,2,2.4,0.43,0.4
Moe's Side Channel,2024-09-23,2024,39.51611207,-121.55766889,ground,55,"LL, SJ - 9/23/2024 - Clear - Week 2-1",2,NA,10,60,30,NA,1,1.3,0.376,0.24
Moe's Side Channel,2024-09-23,2024,39.51611415,-121.55763611,ground,56,"LL, SJ - 9/23/2024 - Clear - Week 2-1",2,NA,5,55,40,NA,1.5,2,0.261,0.4
Moe's Side Channel,2024-09-23,2024,39.51609716,-121.5576177,ground,57,"LL, SJ - 9/23/2024 - Clear - Week 2-1",NA,NA,NA,30,70,NA,1.2,2,0.388,0.38
Moe's Side Channel,2024-09-23,2024,39.5160758,-121.55752406,ground,58,"LL, SJ - 9/23/2024 - Clear - Week 2-1",3,NA,20,35,45,NA,2.7,3,0.509,0.52
Moe's Side Channel,2024-09-23,2024,39.5160971,-121.55751392,ground,59,"LL, SJ - 9/23/2024 - Clear - Week 2-1",6,NA,10,60,30,NA,2.2,3.3,0.182,0.38
Moe's Side Channel,2024-09-23,2024,39.51607206,-121.55746786,ground,60,"LL, SJ - 9/23/2024 - Clear - Week 2-1",3,NA,60,40,0,NA,0.9,1.5,0.444,0.36
Moe's Side Channel,2024-09-23,2024,39.5161069,-121.55739242,ground,61,"LL, SJ - 9/23/2024 - Clear - Week 2-1",1,NA,NA,60,35,5,1.2,3,0.197,0.44
Moe's Side Channel,2024-09-23,2024,39.51607031,-121.55776475,ground,48,"LL, SJ - 9/23/2024 - Clear - Week 2-1",3,5,20,50,25,NA,2,2.1,0.609,0.26
Moe's Side Channel,2024-09-23,2024,39.51611784,-121.55739783,ground,62,"LL, SJ - 9/23/2024 - Clear - Week 2-1",2,NA,15,45,40,NA,1.4,3.4,0.151,0.44
Moe's Side Channel,2024-09-23,2024,39.51611262,-121.55832682,ground,32,"LL, SJ - 9/23/2024 - Clear - Week 2-1",3,NA,NA,70,20,10,1.2,2.4,0.165,0.42
Moe's Side Channel,2024-09-23,2024,39.51608947,-121.55830564,ground,30,"LL, SJ - 9/23/2024 - Clear - Week 2-1",4,NA,NA,20,80,NA,1,2.2,0.529,0.2
Moe's Side Channel,2024-09-23,2024,39.51599425,-121.55932316,ground,2,"LL, SJ - 9/23/2024 - Clear - Week 2-1",1,NA,NA,60,40,NA,1.4,2,0.454,0.22
Moe's Side Channel,2024-09-23,2024,39.51598893,-121.55923933,ground,3,"LL, SJ - 9/23/2024 - Clear - Week 2-1",2,NA,5,45,50,NA,1,2,0.432,0.28
Moe's Side Channel,2024-09-23,2024,39.51600218,-121.55924185,ground,4,"LL, SJ - 9/23/2024 - Clear - Week 2-1",2,NA,NA,60,40,NA,1,1.5,0.186,0.42
Moe's Side Channel,2024-09-23,2024,39.51599092,-121.55919796,ground,5,"LL, SJ - 9/23/2024 - Clear - Week 2-1",3,NA,NA,50,50,NA,0.9,2,0.404,0.26
Moe's Side Channel,2024-09-23,2024,39.51597008,-121.55919509,ground,6,"LL, SJ - 9/23/2024 - Clear - Week 2-1",1,NA,NA,60,40,NA,0.9,2.2,0.343,0.5
Moe's Side Channel,2024-09-23,2024,39.51598626,-121.55915782,ground,7,"LL, SJ - 9/23/2024 - Clear - Week 2-1",2,NA,NA,70,30,NA,1.2,3,0.692,0.44
Moe's Side Channel,2024-09-23,2024,39.51601353,-121.55904913,ground,8,"LL, SJ - 9/23/2024 - Clear - Week 2-1",1,NA,NA,30,70,NA,2,2,0.718,0.2
Moe's Side Channel,2024-09-23,2024,39.51603707,-121.55890184,ground,9,"LL, SJ - 9/23/2024 - Clear - Week 2-1",4,NA,15,45,40,NA,1,2.6,0.473,0.42
Moe's Side Channel,2024-09-23,2024,39.51604794,-121.55880456,ground,10,"LL, SJ - 9/23/2024 - Clear - Week 2-1",2,NA,NA,30,70,NA,1.4,2.5,0.499,0.16
Moe's Side Channel,2024-09-23,2024,39.51606648,-121.55878074,ground,11,"LL, SJ - 9/23/2024 - Clear - Week 2-1",1,NA,NA,50,50,NA,1,2,0.299,0.22
Moe's Side Channel,2024-09-23,2024,39.51607872,-121.55877804000001,ground,12,"LL, SJ - 9/23/2024 - Clear - Week 2-1",2,NA,NA,50,50,NA,1.4,2.6,0.506,0.2
Moe's Side Channel,2024-09-23,2024,39.516056,-121.55875389,ground,13,"LL, SJ - 9/23/2024 - Clear - Week 2-1",2,NA,NA,30,70,NA,1,1.6,0.346,0.2
Moe's Side Channel,2024-09-23,2024,39.51603661,-121.55873007,ground,14,"LL, SJ - 9/23/2024 - Clear - Week 2-1",1,NA,10,40,50,NA,1.2,1.5,0.275,0.34
Moe's Side Channel,2024-09-23,2024,39.51609813,-121.55831306,ground,31,"LL, SJ - 9/23/2024 - Clear - Week 2-1",3,NA,NA,60,40,NA,1.1,2,0.312,0.26
Moe's Side Channel,2024-09-23,2024,39.51605278,-121.55872162,ground,15,"LL, SJ - 9/23/2024 - Clear - Week 2-1",2,NA,NA,50,50,NA,1.2,1.3,0.227,0.46
Moe's Side Channel,2024-09-23,2024,39.51608074,-121.55868248,ground,17,"LL, SJ - 9/23/2024 - Clear - Week 2-1",7,NA,5,65,30,NA,1,2.3,0.483,0.4
Moe's Side Channel,2024-09-23,2024,39.5160774,-121.55865304,ground,18,"LL, SJ - 9/23/2024 - Clear - Week 2-1",1,NA,NA,30,70,NA,1.3,2,0.592,0.16
Moe's Side Channel,2024-09-23,2024,39.51609301,-121.55864504,ground,19,"LL, SJ - 9/23/2024 - Clear - Week 2-1",3,NA,5,55,40,NA,1.2,3,0.572,0.3
Moe's Side Channel,2024-09-23,2024,39.5160598,-121.55863466,ground,20,"LL, SJ - 9/23/2024 - Clear - Week 2-1",2,NA,10,60,30,NA,2,3.2,0.24,0.44
Moe's Side Channel,2024-09-23,2024,39.5160757,-121.55858388,ground,21,"LL, SJ - 9/23/2024 - Clear - Week 2-1",4,NA,NA,60,40,NA,1,1.5,0.344,0.42
Moe's Side Channel,2024-09-23,2024,39.51609277,-121.55859147,ground,22,"LL, SJ - 9/23/2024 - Clear - Week 2-1",5,5,10,35,40,10,2,1.2,0.224,0.4
Moe's Side Channel,2024-09-23,2024,39.51607959,-121.55855399,ground,23,"LL, SJ - 9/23/2024 - Clear - Week 2-1",6,NA,NA,70,30,NA,1.2,1.4,0.262,0.5
Moe's Side Channel,2024-09-23,2024,39.51603772,-121.55851904,ground,24,"LL, SJ - 9/23/2024 - Clear - Week 2-1",NA,20,25,50,5,NA,0.6,0.7,0.025,0.26
Moe's Side Channel,2024-09-23,2024,39.51604753,-121.55850426,ground,25,"LL, SJ - 9/23/2024 - Clear - Week 2-1",1,NA,NA,60,40,NA,1,2,0.089,0.48
Moe's Side Channel,2024-09-23,2024,39.51606286,-121.55849275,ground,26,"LL, SJ - 9/23/2024 - Clear - Week 2-1",3,NA,10,50,40,NA,1.3,2.2,0.389,0.48
Moe's Side Channel,2024-09-23,2024,39.51608076,-121.55849632,ground,27,"LL, SJ - 9/23/2024 - Clear - Week 2-1",2,NA,NA,70,30,NA,1.1,1.5,0.171,0.48
Moe's Side Channel,2024-09-23,2024,39.51605956,-121.55841176,ground,28,"LL, SJ - 9/23/2024 - Clear - Week 2-1",1,NA,NA,50,50,NA,1.1,1.5,0.289,0.38
Moe's Side Channel,2024-09-23,2024,39.51607174,-121.55837987,ground,29,"LL, SJ - 9/23/2024 - Clear - Week 2-1",5,NA,NA,50,50,NA,1.2,1.4,0.295,0.5
Moe's Side Channel,2024-09-23,2024,39.51606623,-121.55868045,ground,16,"LL, SJ - 9/23/2024 - Clear - Week 2-1",4,NA,NA,30,70,NA,1,2,0.127,0.32
Moe's Side Channel,2024-09-23,2024,39.51607407,-121.55737865,ground,63,"LL, SJ - 9/23/2024 - Clear - Week 2-1",1,5,15,60,20,NA,2,2.4,0.271,0.28
Bedrock Riffle,2024-10-01,2024,39.51270656,-121.56944654,ground,1,"LL, BB - 10/1/2024 - Clear - Week 3-1",NA,5,15,70,10,NA,1.5,1.8,0.707,0.62
Bedrock Riffle,2024-10-01,2024,39.51276654,-121.56936349,ground,10,"LL, BB - 10/1/2024 - Clear - Week 3-1",NA,NA,NA,40,50,10,1.8,2.4,0.567,0.5
Bedrock Riffle,2024-10-01,2024,39.51248296,-121.56987879,ground,9,"LL, BB - 10/1/2024 - Clear - Week 3-1",1,NA,10,60,30,NA,2.2,2.6,0.421,0.86
Bedrock Riffle,2024-10-01,2024,39.51243342,-121.56986136,ground,8,"LL, BB - 10/1/2024 - Clear - Week 3-1",NA,NA,5,65,30,NA,2,3.1,0.453,0.84
Bedrock Riffle,2024-10-01,2024,39.51240384,-121.56983522,ground,7,"LL, BB - 10/1/2024 - Clear - Week 3-1",NA,NA,5,85,10,NA,2.2,3,0.295,0.6
Bedrock Riffle,2024-10-01,2024,39.51262021,-121.56965875,ground,6,"LL, BB - 10/1/2024 - Clear - Week 3-1",2,5,15,40,45,NA,2.2,2.6,0.656,0.7
Bedrock Riffle,2024-10-01,2024,39.51258553,-121.56968482,ground,5,"LL, BB - 10/1/2024 - Clear - Week 3-1",1,NA,10,50,40,NA,2,2.5,0.856,0.6
Bedrock Riffle,2024-10-01,2024,39.51253466,-121.56960697,ground,4,"LL, BB - 10/1/2024 - Clear - Week 3-1",NA,NA,5,15,80,NA,2.1,3.1,0.491,0.4
Bedrock Riffle,2024-10-01,2024,39.51258261,-121.56953077,ground,3,"LL, BB - 10/1/2024 - Clear - Week 3-1",1,5,10,70,15,5,2,2.3,0.357,0.52
Bedrock Riffle,2024-10-01,2024,39.51265535,-121.56941032,ground,2,"LL, BB - 10/1/2024 - Clear - Week 3-1",1,5,10,35,35,20,1.04,1.3,0.504,0.48
Below Lower Auditorium,2024-10-01,2024,39.51526636,-121.56093199,ground,14,"LL, BB - 10/1/2024 - Clear - Week 3-1",1,NA,10,70,20,NA,2.4,2.8,0.427,0.92
Below Lower Auditorium,2024-10-01,2024,39.51531486,-121.56088446,ground,13,"LL, BB - 10/1/2024 - Clear - Week 3-1",NA,NA,NA,70,30,NA,1.8,2,0.365,1
Below Lower Auditorium,2024-10-01,2024,39.51535832,-121.5609692,ground,12,"LL, BB - 10/1/2024 - Clear - Week 3-1",1,NA,NA,50,50,NA,2.6,3.2,0.345,1
Below Lower Auditorium,2024-10-01,2024,39.51537823,-121.56097049,ground,11,"LL, BB - 10/1/2024 - Clear - Week 3-1",NA,NA,NA,60,40,NA,1.6,2.2,0.325,0.82
Lower Auditorium,2024-10-01,2024,39.51565459,-121.56022704,ground,30,"LL, BB - 10/1/2024 - Clear - Week 3-1",2,NA,10,40,50,NA,1,1.5,0.307,0.4
Lower Auditorium,2024-10-01,2024,39.51571671,-121.56027437,ground,29,"LL, BB - 10/1/2024 - Clear - Week 3-1",2,NA,NA,65,35,NA,1.8,3,0.343,0.2
Lower Auditorium,2024-10-01,2024,39.51569477,-121.56028434,ground,28,"LL, BB - 10/1/2024 - Clear - Week 3-1",3,NA,NA,65,35,NA,1,2,0.312,0.26
Lower Auditorium,2024-10-01,2024,39.51568548,-121.56029414,ground,27,"LL, BB - 10/1/2024 - Clear - Week 3-1",3,NA,NA,80,20,NA,1.3,2,0.4,0.3
Lower Auditorium,2024-10-01,2024,39.51566806,-121.56037947,ground,26,"LL, BB - 10/1/2024 - Clear - Week 3-1",NA,NA,NA,70,25,5,1.6,2.3,0.181,0.3
Lower Auditorium,2024-10-01,2024,39.5156759,-121.56035478,ground,25,"LL, BB - 10/1/2024 - Clear - Week 3-1",1,NA,NA,80,15,5,1.2,2,0.113,0.3
Lower Auditorium,2024-10-01,2024,39.5156243,-121.5603805,ground,24,"LL, BB - 10/1/2024 - Clear - Week 3-1",1,NA,NA,50,50,NA,1.1,3,0.128,0.38
Lower Auditorium,2024-10-01,2024,39.51560813,-121.56038682,ground,23,"LL, BB - 10/1/2024 - Clear - Week 3-1",1,NA,5,70,25,NA,2,3.5,0.306,0.4
Lower Auditorium,2024-10-01,2024,39.5155602,-121.56039845,ground,22,"LL, BB - 10/1/2024 - Clear - Week 3-1",1,NA,NA,80,20,NA,2,4,0.57,0.4
Lower Auditorium,2024-10-01,2024,39.51554482,-121.56041477,ground,21,"LL, BB - 10/1/2024 - Clear - Week 3-1",1,NA,NA,60,40,NA,1.7,2.4,0.958,0.4
Lower Auditorium,2024-10-01,2024,39.51550626,-121.56044972,ground,20,"LL, BB - 10/1/2024 - Clear - Week 3-1",1,NA,NA,50,40,10,1.2,2,0.29,0.4
Lower Auditorium,2024-10-01,2024,39.51548352,-121.56044388,ground,19,"LL, BB - 10/1/2024 - Clear - Week 3-1",1,NA,NA,70,30,NA,1.8,3,0.154,0.5
Lower Auditorium,2024-10-01,2024,39.51557737,-121.56051834,ground,18,"LL, BB - 10/1/2024 - Clear - Week 3-1",1,NA,NA,60,35,5,1.8,2,0.356,0.38
Lower Auditorium,2024-10-01,2024,39.51565474,-121.56046778,ground,17,"LL, BB - 10/1/2024 - Clear - Week 3-1",1,NA,NA,50,40,10,1.2,2.1,0.252,0.26
Lower Auditorium,2024-10-01,2024,39.51558967,-121.56079545,ground,16,"LL, BB - 10/1/2024 - Clear - Week 3-1",1,NA,NA,25,70,5,1.2,2.3,0.137,0.44
Lower Auditorium,2024-10-01,2024,39.51556405,-121.56081472,ground,15,"LL, BB - 10/1/2024 - Clear - Week 3-1",NA,NA,NA,70,30,0,1.9,3.4,0.11,0.52
Middle Auditorium,2024-10-01,2024,39.51567647,-121.55905524,ground,31,"LL, BB - 10/1/2024 - Clear - Week 3-1",1,NA,NA,70,30,NA,1.4,2,0.321,0.5
Middle Auditorium,2024-10-01,2024,39.51569082,-121.55901124,ground,32,"LL, BB - 10/1/2024 - Clear - Week 3-1",NA,NA,10,70,20,NA,2.4,3,0.272,0.76
Middle Auditorium,2024-10-01,2024,39.51567655,-121.5589088,ground,33,"LL, BB - 10/1/2024 - Clear - Week 3-1",NA,NA,15,45,40,NA,2.8,3,0.238,0.78
Middle Auditorium,2024-10-01,2024,39.51570294,-121.5588569,ground,34,"LL, BB - 10/1/2024 - Clear - Week 3-1",0,NA,5,55,40,NA,2,2.4,0.327,0.6
Middle Auditorium,2024-10-01,2024,39.51560039,-121.55941732,ground,40,"LL, BB - 10/1/2024 - Clear - Week 3-1",1,5,15,50,30,NA,2.1,3.2,0.304,0.7
Middle Auditorium,2024-10-01,2024,39.51565393,-121.55929875,ground,39,"LL, BB - 10/1/2024 - Clear - Week 3-1",1,NA,NA,75,25,NA,1,1.5,0.572,0.6
Middle Auditorium,2024-10-01,2024,39.51568684,-121.55923967,ground,38,"LL, BB - 10/1/2024 - Clear - Week 3-1",1,NA,5,40,55,NA,1.4,2.4,0.202,0.5
Middle Auditorium,2024-10-01,2024,39.51568283,-121.55912493,ground,37,"LL, BB - 10/1/2024 - Clear - Week 3-1",1,NA,NA,70,30,NA,1.5,1.5,0.035,0.6
Middle Auditorium,2024-10-01,2024,39.51565589,-121.55915363,ground,36,"LL, BB - 10/1/2024 - Clear - Week 3-1",1,NA,NA,80,20,NA,1.4,2,0.375,0.7
Middle Auditorium,2024-10-01,2024,39.5156108,-121.55915488,ground,35,"LL, BB - 10/1/2024 - Clear - Week 3-1",2,NA,10,70,20,NA,2.3,3,0.411,0.72
Moe's Side Channel,2024-10-01,2024,39.51607746,-121.55773641,ground,97,"LL, BB - 10/1/2024 - Clear - Week 3-1",NA,NA,NA,NA,NA,NA,NA,NA,NA,NA
Moe's Side Channel,2024-10-01,2024,39.51607808,-121.55779716,ground,96,"LL, BB - 10/1/2024 - Clear - Week 3-1",2,NA,NA,NA,NA,NA,NA,NA,NA,NA
Moe's Side Channel,2024-10-01,2024,39.51609028,-121.55781792,ground,95,"LL, BB - 10/1/2024 - Clear - Week 3-1",3,NA,NA,NA,NA,NA,NA,NA,NA,NA
Moe's Side Channel,2024-10-01,2024,39.51610345,-121.55782653,ground,94,"LL, BB - 10/1/2024 - Clear - Week 3-1",1,NA,NA,NA,NA,NA,NA,NA,NA,NA
Moe's Side Channel,2024-10-01,2024,39.51611666,-121.55787395,ground,93,"LL, BB - 10/1/2024 - Clear - Week 3-1",1,NA,NA,NA,NA,NA,NA,NA,NA,NA
Moe's Side Channel,2024-10-01,2024,39.51610797,-121.55786335,ground,92,"LL, BB - 10/1/2024 - Clear - Week 3-1",1,NA,NA,NA,NA,NA,NA,NA,NA,NA
Moe's Side Channel,2024-10-01,2024,39.51606407,-121.55790916,ground,91,"LL, BB - 10/1/2024 - Clear - Week 3-1",2,10,15,50,15,10,1.7,2.1,0.362,0.4
Moe's Side Channel,2024-10-01,2024,39.51611813,-121.5579986,ground,90,"LL, BB - 10/1/2024 - Clear - Week 3-1",1,NA,NA,NA,NA,NA,NA,NA,NA,NA
Moe's Side Channel,2024-10-01,2024,39.51610674,-121.55801035,ground,89,"LL, BB - 10/1/2024 - Clear - Week 3-1",1,NA,NA,NA,NA,NA,NA,NA,NA,NA
Moe's Side Channel,2024-10-01,2024,39.51611326,-121.55804212,ground,88,"LL, BB - 10/1/2024 - Clear - Week 3-1",1,NA,NA,NA,NA,NA,NA,NA,NA,NA
Moe's Side Channel,2024-10-01,2024,39.5160905,-121.55802912,ground,87,"LL, BB - 10/1/2024 - Clear - Week 3-1",1,NA,NA,NA,NA,NA,NA,NA,NA,NA
Moe's Side Channel,2024-10-01,2024,39.51608386,-121.5581211,ground,86,"LL, BB - 10/1/2024 - Clear - Week 3-1",2,NA,NA,NA,NA,NA,NA,NA,NA,NA
Moe's Side Channel,2024-10-01,2024,39.51611188,-121.55817049,ground,85,"LL, BB - 10/1/2024 - Clear - Week 3-1",1,NA,NA,NA,NA,NA,NA,NA,NA,NA
Moe's Side Channel,2024-10-01,2024,39.51607587,-121.55824741,ground,84,"LL, BB - 10/1/2024 - Clear - Week 3-1",NA,NA,NA,NA,NA,NA,NA,NA,NA,NA
Moe's Side Channel,2024-10-01,2024,39.51611575,-121.55825825,ground,83,"LL, BB - 10/1/2024 - Clear - Week 3-1",1,NA,NA,NA,NA,NA,NA,NA,NA,NA
Moe's Side Channel,2024-10-01,2024,39.51610457,-121.5582622,ground,82,"LL, BB - 10/1/2024 - Clear - Week 3-1",1,NA,NA,NA,NA,NA,NA,NA,NA,NA
Moe's Side Channel,2024-10-01,2024,39.51609098,-121.55828475,ground,81,"LL, BB - 10/1/2024 - Clear - Week 3-1",2,NA,NA,80,20,NA,1.5,2.5,0.269,0.4
Moe's Side Channel,2024-10-01,2024,39.51606853,-121.55829074,ground,80,"LL, BB - 10/1/2024 - Clear - Week 3-1",1,NA,NA,NA,NA,NA,NA,NA,NA,NA
Moe's Side Channel,2024-10-01,2024,39.5160715,-121.55835769,ground,79,"LL, BB - 10/1/2024 - Clear - Week 3-1",NA,NA,NA,NA,NA,NA,NA,NA,NA,NA
Moe's Side Channel,2024-10-01,2024,39.51606228,-121.55843075,ground,78,"LL, BB - 10/1/2024 - Clear - Week 3-1",1,NA,NA,NA,NA,NA,NA,NA,NA,NA
Moe's Side Channel,2024-10-01,2024,39.51605582,-121.55851457,ground,77,"LL, BB - 10/1/2024 - Clear - Week 3-1",2,NA,NA,NA,NA,NA,NA,NA,NA,NA
Moe's Side Channel,2024-10-01,2024,39.5160733,-121.5585531,ground,76,"LL, BB - 10/1/2024 - Clear - Week 3-1",NA,NA,NA,NA,NA,NA,NA,NA,NA,NA
Moe's Side Channel,2024-10-01,2024,39.51605241,-121.5585736,ground,75,"LL, BB - 10/1/2024 - Clear - Week 3-1",NA,NA,NA,NA,NA,NA,NA,NA,NA,NA
Moe's Side Channel,2024-10-01,2024,39.51605958,-121.55860659,ground,74,"LL, BB - 10/1/2024 - Clear - Week 3-1",NA,NA,NA,NA,NA,NA,NA,NA,NA,NA
Moe's Side Channel,2024-10-01,2024,39.51608604,-121.55863225,ground,73,"LL, BB - 10/1/2024 - Clear - Week 3-1",NA,NA,NA,NA,NA,NA,NA,NA,NA,NA
Moe's Side Channel,2024-10-01,2024,39.51607381,-121.55863055,ground,72,"LL, BB - 10/1/2024 - Clear - Week 3-1",2,NA,NA,40,60,NA,1.4,2.5,0.254,0.6
Moe's Side Channel,2024-10-01,2024,39.51603049,-121.55864778,ground,71,"LL, BB - 10/1/2024 - Clear - Week 3-1",NA,NA,NA,NA,NA,NA,NA,NA,NA,NA
Moe's Side Channel,2024-10-01,2024,39.51606758,-121.55872282,ground,70,"LL, BB - 10/1/2024 - Clear - Week 3-1",NA,NA,NA,NA,NA,NA,NA,NA,NA,NA
Moe's Side Channel,2024-10-01,2024,39.51608428,-121.55875277,ground,69,"LL, BB - 10/1/2024 - Clear - Week 3-1",2,NA,NA,NA,NA,NA,NA,NA,NA,NA
Moe's Side Channel,2024-10-01,2024,39.51611183,-121.55768746,ground,98,"LL, BB - 10/1/2024 - Clear - Week 3-1",2,NA,NA,NA,NA,NA,NA,NA,NA,NA
Moe's Side Channel,2024-10-01,2024,39.51610913,-121.55762839,ground,99,"LL, BB - 10/1/2024 - Clear - Week 3-1",NA,NA,NA,NA,NA,NA,NA,NA,NA,NA
Moe's Side Channel,2024-10-01,2024,39.51612322,-121.55764172,ground,100,"LL, BB - 10/1/2024 - Clear - Week 3-1",3,NA,NA,NA,NA,NA,NA,NA,NA,NA
Moe's Side Channel,2024-10-01,2024,39.51610902,-121.5575952,ground,101,"LL, BB - 10/1/2024 - Clear - Week 3-1",1,NA,NA,80,20,NA,2,2.2,0.342,0.6
Moe's Side Channel,2024-10-01,2024,39.51606392,-121.55876533,ground,68,"LL, BB - 10/1/2024 - Clear - Week 3-1",NA,NA,NA,NA,NA,NA,NA,NA,NA,NA
Moe's Side Channel,2024-10-01,2024,39.51608975,-121.55714434,ground,112,"LL, BB - 10/1/2024 - Clear - Week 3-1",1,NA,NA,NA,NA,NA,NA,NA,NA,NA
Moe's Side Channel,2024-10-01,2024,39.51606013,-121.55717581,ground,111,"LL, BB - 10/1/2024 - Clear - Week 3-1",8,10,20,60,10,NA,1.3,1.2,0.175,0.28
Moe's Side Channel,2024-10-01,2024,39.5161256,-121.55732541,ground,110,"LL, BB - 10/1/2024 - Clear - Week 3-1",1,NA,NA,NA,NA,NA,NA,NA,NA,NA
Moe's Side Channel,2024-10-01,2024,39.51609468,-121.55740614,ground,109,"LL, BB - 10/1/2024 - Clear - Week 3-1",2,NA,NA,NA,NA,NA,NA,NA,NA,NA
Moe's Side Channel,2024-10-01,2024,39.5160837,-121.55745639,ground,108,"LL, BB - 10/1/2024 - Clear - Week 3-1",1,NA,NA,NA,NA,NA,NA,NA,NA,NA
Moe's Side Channel,2024-10-01,2024,39.51607398,-121.5575329,ground,107,"LL, BB - 10/1/2024 - Clear - Week 3-1",4,NA,NA,NA,NA,NA,NA,NA,NA,NA
Moe's Side Channel,2024-10-01,2024,39.5160902,-121.55753054,ground,106,"LL, BB - 10/1/2024 - Clear - Week 3-1",3,NA,NA,NA,NA,NA,NA,NA,NA,NA
Moe's Side Channel,2024-10-01,2024,39.5161028,-121.55753136,ground,105,"LL, BB - 10/1/2024 - Clear - Week 3-1",2,NA,NA,NA,NA,NA,NA,NA,NA,NA
Moe's Side Channel,2024-10-01,2024,39.51609658,-121.55749694,ground,104,"LL, BB - 10/1/2024 - Clear - Week 3-1",2,NA,NA,NA,NA,NA,NA,NA,NA,NA
Moe's Side Channel,2024-10-01,2024,39.51611992,-121.5575047,ground,103,"LL, BB - 10/1/2024 - Clear - Week 3-1",1,NA,NA,NA,NA,NA,NA,NA,NA,NA
Moe's Side Channel,2024-10-01,2024,39.51610857,-121.55752949,ground,102,"LL, BB - 10/1/2024 - Clear - Week 3-1",2,NA,NA,NA,NA,NA,NA,NA,NA,NA
Moe's Side Channel,2024-10-01,2024,39.51606261,-121.55879334,ground,67,"LL, BB - 10/1/2024 - Clear - Week 3-1",NA,NA,NA,NA,NA,NA,NA,NA,NA,NA
Moe's Side Channel,2024-10-01,2024,39.51604803,-121.55882719,ground,65,"LL, BB - 10/1/2024 - Clear - Week 3-1",NA,NA,NA,NA,NA,NA,NA,NA,NA,NA
Moe's Side Channel,2024-10-01,2024,39.5160213,-121.55884553,ground,64,"LL, BB - 10/1/2024 - Clear - Week 3-1",NA,NA,NA,NA,NA,NA,NA,NA,NA,NA
Moe's Side Channel,2024-10-01,2024,39.51604806,-121.55889976,ground,63,"LL, BB - 10/1/2024 - Clear - Week 3-1",1,NA,NA,NA,NA,NA,NA,NA,NA,NA
Moe's Side Channel,2024-10-01,2024,39.51603629,-121.55892171,ground,62,"LL, BB - 10/1/2024 - Clear - Week 3-1",2,NA,NA,NA,NA,NA,NA,NA,NA,NA
Moe's Side Channel,2024-10-01,2024,39.51602086,-121.55892757,ground,61,"LL, BB - 10/1/2024 - Clear - Week 3-1",1,NA,NA,25,75,NA,1,1.5,0.208,0.22
Moe's Side Channel,2024-10-01,2024,39.5160219,-121.55910456,ground,60,"LL, BB - 10/1/2024 - Clear - Week 3-1",2,NA,NA,NA,NA,NA,NA,NA,NA,NA
Moe's Side Channel,2024-10-01,2024,39.51600933,-121.55911515,ground,59,"LL, BB - 10/1/2024 - Clear - Week 3-1",NA,NA,NA,NA,NA,NA,NA,NA,NA,NA
Moe's Side Channel,2024-10-01,2024,39.51598119,-121.55913451,ground,58,"LL, BB - 10/1/2024 - Clear - Week 3-1",1,NA,NA,NA,NA,NA,NA,NA,NA,NA
Moe's Side Channel,2024-10-01,2024,39.51600696,-121.55916084,ground,57,"LL, BB - 10/1/2024 - Clear - Week 3-1",NA,NA,NA,NA,NA,NA,NA,NA,NA,NA
Moe's Side Channel,2024-10-01,2024,39.51599909,-121.55916998,ground,56,"LL, BB - 10/1/2024 - Clear - Week 3-1",1,NA,NA,80,20,NA,1.2,1.8,0.212,0.4
Moe's Side Channel,2024-10-01,2024,39.51597373,-121.55921892,ground,55,"LL, BB - 10/1/2024 - Clear - Week 3-1",NA,NA,NA,NA,NA,NA,NA,NA,NA,NA
Moe's Side Channel,2024-10-01,2024,39.51596731,-121.55923066,ground,54,"LL, BB - 10/1/2024 - Clear - Week 3-1",NA,NA,NA,NA,NA,NA,NA,NA,NA,NA
Moe's Side Channel,2024-10-01,2024,39.51601208,-121.55925669,ground,53,"LL, BB - 10/1/2024 - Clear - Week 3-1",NA,NA,NA,NA,NA,NA,NA,NA,NA,NA
Moe's Side Channel,2024-10-01,2024,39.51599876,-121.55928292,ground,52,"LL, BB - 10/1/2024 - Clear - Week 3-1",NA,NA,NA,NA,NA,NA,NA,NA,NA,NA
Moe's Side Channel,2024-10-01,2024,39.51597472,-121.55931483,ground,51,"LL, BB - 10/1/2024 - Clear - Week 3-1",1,NA,NA,50,50,NA,1.7,2,0.328,0.32
Moe's Side Channel,2024-10-01,2024,39.51603223,-121.55879233,ground,66,"LL, BB - 10/1/2024 - Clear - Week 3-1",1,NA,NA,65,35,NA,1,2.1,0.197,0.2
Moe's Side Channel,2024-10-01,2024,39.51595836,-121.55930784,ground,50,"LL, BB - 10/1/2024 - Clear - Week 3-1",NA,NA,NA,NA,NA,NA,NA,NA,NA,NA
Moe's Side Channel,2024-10-01,2024,39.51594066,-121.55937574,ground,48,"LL, BB - 10/1/2024 - Clear - Week 3-1",1,NA,NA,NA,NA,NA,NA,NA,NA,NA
Moe's Side Channel,2024-10-01,2024,39.51589408,-121.55937508,ground,47,"LL, BB - 10/1/2024 - Clear - Week 3-1",NA,NA,NA,NA,NA,NA,NA,NA,NA,NA
Moe's Side Channel,2024-10-01,2024,39.51589008,-121.55939599,ground,46,"LL, BB - 10/1/2024 - Clear - Week 3-1",1,NA,NA,40,60,NA,1.6,2,0.455,0.4
Moe's Side Channel,2024-10-01,2024,39.51586749,-121.55941846,ground,45,"LL, BB - 10/1/2024 - Clear - Week 3-1",NA,NA,NA,NA,NA,NA,NA,NA,NA,NA
Moe's Side Channel,2024-10-01,2024,39.51582806,-121.55944214,ground,44,"LL, BB - 10/1/2024 - Clear - Week 3-1",NA,NA,NA,NA,NA,NA,NA,NA,NA,NA
Moe's Side Channel,2024-10-01,2024,39.51580254,-121.55949198,ground,43,"LL, BB - 10/1/2024 - Clear - Week 3-1",NA,NA,NA,NA,NA,NA,NA,NA,NA,NA
Moe's Side Channel,2024-10-01,2024,39.51580095,-121.5595342,ground,42,"LL, BB - 10/1/2024 - Clear - Week 3-1",NA,NA,NA,NA,NA,NA,NA,NA,NA,NA
Moe's Side Channel,2024-10-01,2024,39.5157795,-121.55960117,ground,41,"LL, BB - 10/1/2024 - Clear - Week 3-1",NA,NA,NA,60,40,NA,1.2,2,0.277,0.26
Moe's Side Channel,2024-10-01,2024,39.51593563,-121.55934729,ground,49,"LL, BB - 10/1/2024 - Clear - Week 3-1",NA,NA,NA,NA,NA,NA,NA,NA,NA,NA
Top of Auditorium,2024-10-01,2024,39.51622303,-121.55697814,ground,123,"LL, BB - 10/1/2024 - Clear - Week 3-1",2,10,20,50,20,NA,2,2.6,0.234,0.5
Top of Auditorium,2024-10-01,2024,39.51621086,-121.55694092,ground,122,"LL, BB - 10/1/2024 - Clear - Week 3-1",3,5,10,50,35,NA,2.1,3,0.501,0.5
Top of Auditorium,2024-10-01,2024,39.51617038,-121.55688716,ground,121,"LL, BB - 10/1/2024 - Clear - Week 3-1",1,NA,NA,50,50,NA,1.5,4,0.516,0.32
Top of Auditorium,2024-10-01,2024,39.51612553,-121.55689551,ground,120,"LL, BB - 10/1/2024 - Clear - Week 3-1",2,NA,NA,50,50,NA,1.8,2,0.268,0.4
Top of Auditorium,2024-10-01,2024,39.51613695,-121.55691093,ground,119,"LL, BB - 10/1/2024 - Clear - Week 3-1",1,NA,NA,40,60,NA,0.8,1.6,0.262,0.32
Top of Auditorium,2024-10-01,2024,39.5161357,-121.55692286,ground,118,"LL, BB - 10/1/2024 - Clear - Week 3-1",1,NA,NA,50,50,NA,1,1,0.277,0.4
Top of Auditorium,2024-10-01,2024,39.51613692,-121.55697833,ground,117,"LL, BB - 10/1/2024 - Clear - Week 3-1",1,NA,NA,70,30,NA,1.5,2,0.419,0.46
Top of Auditorium,2024-10-01,2024,39.51613681,-121.55700911,ground,115,"LL, BB - 10/1/2024 - Clear - Week 3-1",1,NA,NA,50,50,NA,1.2,2.2,0.297,0.38
Top of Auditorium,2024-10-01,2024,39.51615888,-121.55704705,ground,114,"LL, BB - 10/1/2024 - Clear - Week 3-1",NA,NA,10,65,25,NA,1.4,2.3,0.306,0.56
Top of Auditorium,2024-10-01,2024,39.51616494,-121.55707794,ground,113,"LL, BB - 10/1/2024 - Clear - Week 3-1",NA,NA,15,70,15,NA,2,3,0.021,0.5
Top of Auditorium,2024-10-01,2024,39.51615428,-121.55700265,ground,116,"LL, BB - 10/1/2024 - Clear - Week 3-1",NA,NA,NA,60,40,NA,1.5,2,0.166,0.5
Upper Auditorium,2024-10-01,2024,39.5158229,-121.55732456,ground,131,"LL, BB - 10/1/2024 - Clear - Week 3-1",2,NA,NA,70,30,NA,1.8,4.4,0.414,0.6
Upper Auditorium,2024-10-01,2024,39.51588065,-121.55728122,ground,130,"LL, BB - 10/1/2024 - Clear - Week 3-1",1,NA,NA,80,20,NA,1.6,2.8,0.214,0.32
Upper Auditorium,2024-10-01,2024,39.51591947,-121.55723312,ground,129,"LL, BB - 10/1/2024 - Clear - Week 3-1",NA,NA,NA,70,30,NA,1.4,1.4,0.142,0.48
Upper Auditorium,2024-10-01,2024,39.51594115,-121.55719637,ground,128,"LL, BB - 10/1/2024 - Clear - Week 3-1",NA,NA,NA,50,50,NA,1.7,2,0.144,0.5
Upper Auditorium,2024-10-01,2024,39.51595495,-121.55717512,ground,127,"LL, BB - 10/1/2024 - Clear - Week 3-1",NA,NA,NA,20,80,NA,1.4,1.9,0.011,0.56
Upper Auditorium,2024-10-01,2024,39.51591594,-121.55705571,ground,126,"LL, BB - 10/1/2024 - Clear - Week 3-1",NA,NA,NA,80,20,NA,2,4,0.22,0.6
Upper Auditorium,2024-10-01,2024,39.51594518,-121.55706366,ground,125,"LL, BB - 10/1/2024 - Clear - Week 3-1",NA,NA,NA,60,40,NA,1.8,3,0.015,0.56
Upper Auditorium,2024-10-01,2024,39.51597268,-121.55691215,ground,124,"LL, BB - 10/1/2024 - Clear - Week 3-1",1,NA,NA,20,80,NA,1.4,1.8,0.647,0.24
Upper Auditorium,2024-10-01,2024,39.51591948,-121.55744777,ground,132,"LL, BB - 10/1/2024 - Clear - Week 3-1",1,NA,NA,80,20,NA,1.5,2.5,0.298,0.6
Upper Auditorium,2024-10-01,2024,39.5159144,-121.55756452,ground,133,"LL, BB - 10/1/2024 - Clear - Week 3-1",2,NA,5,40,30,25,1.5,2.5,0.362,0.42
Cottonwood,2024-10-08,2024,39.51687454,-121.55409119,ground,81,"LL, AS - 10/8/2024 - Clear - Week 4-1",10,NA,15,35,40,10,1.4,2.2,0.278,0.68
Cottonwood,2024-10-08,2024,39.51690042,-121.55487008,ground,76,"LL, AS - 10/8/2024 - Clear - Week 4-1",1,NA,10,60,30,NA,1.7,2.6,0.853,0.26
Cottonwood,2024-10-08,2024,39.51691648,-121.55480173,ground,74,"LL, AS - 10/8/2024 - Clear - Week 4-1",1,NA,NA,10,40,50,1.5,2.2,0.682,0.3
Cottonwood,2024-10-08,2024,39.51691415,-121.5547621,ground,73,"LL, AS - 10/8/2024 - Clear - Week 4-1",NA,NA,NA,25,35,40,1.7,2,0.361,0.34
Cottonwood,2024-10-08,2024,39.51689634,-121.5547531,ground,72,"LL, AS - 10/8/2024 - Clear - Week 4-1",2,NA,NA,80,20,NA,2.3,2.5,0.489,0.5
Cottonwood,2024-10-08,2024,39.516905,-121.55471783,ground,71,"LL, AS - 10/8/2024 - Clear - Week 4-1",2,NA,NA,70,30,NA,2.1,2,0.776,0.3
Cottonwood,2024-10-08,2024,39.51688009,-121.5547411,ground,70,"LL, AS - 10/8/2024 - Clear - Week 4-1",5,NA,NA,75,25,NA,1.2,2.1,0.657,0.58
Cottonwood,2024-10-08,2024,39.51686929,-121.55470529,ground,69,"LL, AS - 10/8/2024 - Clear - Week 4-1",4,NA,15,65,20,NA,1.4,2.1,1.225,0.68
Cottonwood,2024-10-08,2024,39.51688775,-121.55466621,ground,68,"LL, AS - 10/8/2024 - Clear - Week 4-1",3,NA,15,65,20,NA,1.7,2.7,0.624,0.6
Cottonwood,2024-10-08,2024,39.51686027,-121.55456806,ground,67,"LL, AS - 10/8/2024 - Clear - Week 4-1",2,NA,15,55,30,0,1.3,1.5,0.852,0.68
Cottonwood,2024-10-08,2024,39.51690254,-121.55481966,ground,75,"LL, AS - 10/8/2024 - Clear - Week 4-1",3,NA,NA,65,25,10,1.6,2.1,0.369,0.48
Hatchery Pipe,2024-10-08,2024,39.51688188,-121.55392476,ground,84,"LL, AS - 10/8/2024 - Clear - Week 4-1",8,NA,10,60,30,NA,1.5,1.7,0.503,0.64
Hatchery Pipe,2024-10-08,2024,39.5169313,-121.554037,ground,83,"LL, AS - 10/8/2024 - Clear - Week 4-1",5,20,20,40,20,NA,1,1.5,0.235,0.3
Hatchery Pipe,2024-10-08,2024,39.51691065,-121.55404608,ground,82,"LL, AS - 10/8/2024 - Clear - Week 4-1",10,10,20,50,20,NA,1.4,2.3,0.262,0.4
Hatchery Pipe,2024-10-08,2024,39.51690194,-121.55409907,ground,80,"LL, AS - 10/8/2024 - Clear - Week 4-1",15,15,20,45,20,NA,1.6,2.3,0.286,0.66
Hatchery Pipe,2024-10-08,2024,39.51691399,-121.55418469,ground,79,"LL, AS - 10/8/2024 - Clear - Week 4-1",2,NA,20,40,30,10,1.5,2.2,0.492,0.4
Hatchery Pipe,2024-10-08,2024,39.51690638,-121.55414926,ground,78,"LL, AS - 10/8/2024 - Clear - Week 4-1",5,NA,10,40,40,10,2,2.2,0.425,0.52
Hatchery Pipe,2024-10-08,2024,39.51687508,-121.55414158,ground,77,"LL, AS - 10/8/2024 - Clear - Week 4-1",4,NA,10,50,40,NA,1.6,2.8,0.193,0.74
Hatchery Pipe,2024-10-08,2024,39.51684609,-121.55405485,ground,85,"LL, AS - 10/8/2024 - Clear - Week 4-1",4,NA,NA,70,20,10,1.5,2.7,0.323,0.72
Hatchery Pipe,2024-10-08,2024,39.51676944,-121.55401319,ground,86,"LL, AS - 10/8/2024 - Clear - Week 4-1",2,NA,NA,70,30,NA,1.4,2.2,0.295,0.9
Hatchery Riffle,2024-10-08,2024,39.51610421,-121.55436888,ground,45,"LL, AS - 10/8/2024 - Clear - Week 4-1",1,30,20,40,10,NA,1.7,2.3,0.303,0.28
Hatchery Riffle,2024-10-08,2024,39.51602463,-121.55433332,ground,44,"LL, AS - 10/8/2024 - Clear - Week 4-1",3,20,20,40,20,NA,2.4,2,0.407,0.4
Hatchery Riffle,2024-10-08,2024,39.51598151,-121.55434447,ground,43,"LL, AS - 10/8/2024 - Clear - Week 4-1",1,5,25,50,20,NA,1.1,1.4,0.8,0.5
Hatchery Riffle,2024-10-08,2024,39.51596943,-121.55437642,ground,42,"LL, AS - 10/8/2024 - Clear - Week 4-1",1,NA,40,55,5,NA,1.8,2.7,0.426,0.64
Hatchery Riffle,2024-10-08,2024,39.51593659,-121.55446563,ground,41,"LL, AS - 10/8/2024 - Clear - Week 4-1",1,NA,5,85,10,NA,1.5,2.6,0.947,0.34
Hatchery Riffle,2024-10-08,2024,39.51596236,-121.55444162,ground,40,"LL, AS - 10/8/2024 - Clear - Week 4-1",1,NA,20,70,10,NA,1.2,1.6,0.847,0.56
Hatchery Riffle,2024-10-08,2024,39.51597695,-121.55447845,ground,39,"LL, AS - 10/8/2024 - Clear - Week 4-1",2,NA,30,60,10,NA,2.2,2.7,1.097,0.62
Hatchery Riffle,2024-10-08,2024,39.51603666,-121.55452035,ground,38,"LL, AS - 10/8/2024 - Clear - Week 4-1",3,15,35,35,15,NA,2,2.8,0.767,0.34
Hatchery Riffle,2024-10-08,2024,39.5159442,-121.55470616,ground,37,"LL, AS - 10/8/2024 - Clear - Week 4-1",2,NA,5,60,30,5,1.6,2.6,0.472,0.66
Hatchery Riffle,2024-10-08,2024,39.51598141,-121.55462836,ground,36,"LL, AS - 10/8/2024 - Clear - Week 4-1",2,NA,30,50,20,NA,1.7,3.2,0.511,0.52
Moe's Side Channel,2024-10-08,2024,39.5158181,-121.55947177,ground,1,"LL, AS - 10/8/2024 - Clear - Week 4-1",2,NA,NA,90,10,NA,2.7,3.3,0.49,0.32
Moe's Side Channel,2024-10-08,2024,39.51603088,-121.55867722,ground,19,"LL, AS - 10/8/2024 - Clear - Week 4-1",2,NA,NA,NA,NA,NA,NA,NA,NA,NA
Moe's Side Channel,2024-10-08,2024,39.51607513,-121.55870933,ground,18,"LL, AS - 10/8/2024 - Clear - Week 4-1",2,NA,NA,NA,NA,NA,NA,NA,NA,NA
Moe's Side Channel,2024-10-08,2024,39.51604177,-121.55874523,ground,17,"LL, AS - 10/8/2024 - Clear - Week 4-1",1,NA,NA,NA,NA,NA,NA,NA,NA,NA
Moe's Side Channel,2024-10-08,2024,39.51605631,-121.55882073,ground,16,"LL, AS - 10/8/2024 - Clear - Week 4-1",1,NA,NA,NA,NA,NA,NA,NA,NA,NA
Moe's Side Channel,2024-10-08,2024,39.51606158,-121.55887178,ground,15,"LL, AS - 10/8/2024 - Clear - Week 4-1",5,NA,NA,NA,NA,NA,NA,NA,NA,NA
Moe's Side Channel,2024-10-08,2024,39.51602122,-121.55891846,ground,14,"LL, AS - 10/8/2024 - Clear - Week 4-1",1,NA,NA,NA,NA,NA,NA,NA,NA,NA
Moe's Side Channel,2024-10-08,2024,39.51604069,-121.55894969,ground,13,"LL, AS - 10/8/2024 - Clear - Week 4-1",1,NA,NA,NA,NA,NA,NA,NA,NA,NA
Moe's Side Channel,2024-10-08,2024,39.5159885,-121.55911374,ground,12,"LL, AS - 10/8/2024 - Clear - Week 4-1",2,NA,NA,NA,NA,NA,NA,NA,NA,NA
Moe's Side Channel,2024-10-08,2024,39.51608285,-121.5586127,ground,20,"LL, AS - 10/8/2024 - Clear - Week 4-1",1,NA,NA,NA,NA,NA,NA,NA,NA,NA
Moe's Side Channel,2024-10-08,2024,39.51598222,-121.55918739,ground,11,"LL, AS - 10/8/2024 - Clear - Week 4-1",1,NA,10,70,20,NA,1.4,3.8,0.668,0.22
Moe's Side Channel,2024-10-08,2024,39.51601041,-121.55927049,ground,9,"LL, AS - 10/8/2024 - Clear - Week 4-1",2,NA,NA,NA,NA,NA,NA,NA,NA,NA
Moe's Side Channel,2024-10-08,2024,39.51599815,-121.5592632,ground,8,"LL, AS - 10/8/2024 - Clear - Week 4-1",2,NA,NA,NA,NA,NA,NA,NA,NA,NA
Moe's Side Channel,2024-10-08,2024,39.51596389,-121.55931331,ground,7,"LL, AS - 10/8/2024 - Clear - Week 4-1",NA,NA,NA,NA,NA,NA,NA,NA,NA,NA
Moe's Side Channel,2024-10-08,2024,39.51593513,-121.55935061,ground,6,"LL, AS - 10/8/2024 - Clear - Week 4-1",5,NA,NA,NA,NA,NA,NA,NA,NA,NA
Moe's Side Channel,2024-10-08,2024,39.51590647,-121.55940706,ground,5,"LL, AS - 10/8/2024 - Clear - Week 4-1",1,NA,NA,NA,NA,NA,NA,NA,NA,NA
Moe's Side Channel,2024-10-08,2024,39.51585596,-121.55941952,ground,4,"LL, AS - 10/8/2024 - Clear - Week 4-1",NA,NA,NA,NA,NA,NA,NA,NA,NA,NA
Moe's Side Channel,2024-10-08,2024,39.51587062,-121.55945474,ground,3,"LL, AS - 10/8/2024 - Clear - Week 4-1",NA,NA,NA,NA,NA,NA,NA,NA,NA,NA
Moe's Side Channel,2024-10-08,2024,39.5158362,-121.55945964,ground,2,"LL, AS - 10/8/2024 - Clear - Week 4-1",NA,NA,NA,NA,NA,NA,NA,NA,NA,NA
Moe's Side Channel,2024-10-08,2024,39.51597621,-121.55923421,ground,10,"LL, AS - 10/8/2024 - Clear - Week 4-1",1,NA,NA,NA,NA,NA,NA,NA,NA,NA
Moe's Side Channel,2024-10-08,2024,39.5160786,-121.55835702,ground,21,"LL, AS - 10/8/2024 - Clear - Week 4-1",2,NA,NA,NA,NA,NA,NA,NA,NA,NA
Moe's Side Channel,2024-10-08,2024,39.51607589,-121.5581402,ground,23,"LL, AS - 10/8/2024 - Clear - Week 4-1",1,NA,NA,NA,NA,NA,NA,NA,NA,NA
Moe's Side Channel,2024-10-08,2024,39.5160845,-121.55713864,ground,35,"LL, AS - 10/8/2024 - Clear - Week 4-1",3,NA,NA,NA,NA,NA,NA,NA,NA,NA
Moe's Side Channel,2024-10-08,2024,39.51606776,-121.55738301,ground,34,"LL, AS - 10/8/2024 - Clear - Week 4-1",3,NA,NA,NA,NA,NA,NA,NA,NA,NA
Moe's Side Channel,2024-10-08,2024,39.51606503,-121.55827592,ground,22,"LL, AS - 10/8/2024 - Clear - Week 4-1",1,5,15,50,30,NA,1.7,2.5,0.399,0.3
Moe's Side Channel,2024-10-08,2024,39.51608896,-121.55746635,ground,33,"LL, AS - 10/8/2024 - Clear - Week 4-1",2,NA,NA,NA,NA,NA,NA,NA,NA,NA
Moe's Side Channel,2024-10-08,2024,39.51609416,-121.5575402,ground,31,"LL, AS - 10/8/2024 - Clear - Week 4-1",2,NA,NA,NA,NA,NA,NA,NA,NA,NA
Moe's Side Channel,2024-10-08,2024,39.51608218,-121.55762242,ground,30,"LL, AS - 10/8/2024 - Clear - Week 4-1",3,NA,NA,NA,NA,NA,NA,NA,NA,NA
Moe's Side Channel,2024-10-08,2024,39.51607465,-121.55767906,ground,29,"LL, AS - 10/8/2024 - Clear - Week 4-1",2,NA,NA,NA,NA,NA,NA,NA,NA,NA
Moe's Side Channel,2024-10-08,2024,39.51609192,-121.55778423,ground,28,"LL, AS - 10/8/2024 - Clear - Week 4-1",2,NA,NA,NA,NA,NA,NA,NA,NA,NA
Moe's Side Channel,2024-10-08,2024,39.51608275,-121.55779622,ground,27,"LL, AS - 10/8/2024 - Clear - Week 4-1",1,NA,NA,NA,NA,NA,NA,NA,NA,NA
Moe's Side Channel,2024-10-08,2024,39.51608705,-121.55796978,ground,25,"LL, AS - 10/8/2024 - Clear - Week 4-1",4,NA,NA,NA,NA,NA,NA,NA,NA,NA
Moe's Side Channel,2024-10-08,2024,39.51606234,-121.55812275,ground,24,"LL, AS - 10/8/2024 - Clear - Week 4-1",2,NA,NA,NA,NA,NA,NA,NA,NA,NA
Moe's Side Channel,2024-10-08,2024,39.5161229,-121.55753138,ground,32,"LL, AS - 10/8/2024 - Clear - Week 4-1",3,NA,NA,75,25,NA,1.6,1.3,0.173,0.34
Top of Auditorium,2024-10-08,2024,39.5160985,-121.55788762,ground,26,"LL, AS - 10/8/2024 - Clear - Week 4-1",2,NA,NA,NA,NA,NA,NA,NA,NA,NA
Upper Cottonwood,2024-10-08,2024,39.51684128,-121.55425907,ground,62,"LL, AS - 10/8/2024 - Clear - Week 4-1",3,NA,NA,60,40,NA,1.9,2.4,0.65,0.64
Upper Cottonwood,2024-10-08,2024,39.51679653,-121.55426669,ground,61,"LL, AS - 10/8/2024 - Clear - Week 4-1",1,NA,NA,40,60,NA,2.1,2.4,0.777,0.54
Upper Cottonwood,2024-10-08,2024,39.516796479999996,-121.55422345,ground,60,"LL, AS - 10/8/2024 - Clear - Week 4-1",2,NA,NA,50,50,NA,1.5,1.9,0.544,0.68
Upper Cottonwood,2024-10-08,2024,39.51676806,-121.5541339,ground,59,"LL, AS - 10/8/2024 - Clear - Week 4-1",4,NA,NA,50,50,0,1.5,2.3,0.771,0.4
Upper Cottonwood,2024-10-08,2024,39.51672778,-121.55413093,ground,58,"LL, AS - 10/8/2024 - Clear - Week 4-1",3,NA,NA,75,25,NA,1.4,2,0.446,0.58
Upper Cottonwood,2024-10-08,2024,39.51669452,-121.55410339,ground,57,"LL, AS - 10/8/2024 - Clear - Week 4-1",NA,NA,NA,45,55,NA,1.7,2.9,0.377,0.68
Upper Cottonwood,2024-10-08,2024,39.51667274,-121.55413318,ground,56,"LL, AS - 10/8/2024 - Clear - Week 4-1",3,NA,NA,50,50,NA,1.7,2.5,0.438,0.52
Upper Cottonwood,2024-10-08,2024,39.51685845,-121.55427785,ground,63,"LL, AS - 10/8/2024 - Clear - Week 4-1",4,NA,NA,60,40,NA,1.2,1.3,0.632,0.54
Upper Cottonwood,2024-10-08,2024,39.51687362,-121.55426764,ground,64,"LL, AS - 10/8/2024 - Clear - Week 4-1",4,NA,NA,50,50,NA,1.2,1.4,0.483,0.62
Upper Cottonwood,2024-10-08,2024,39.51686377,-121.55442233,ground,65,"LL, AS - 10/8/2024 - Clear - Week 4-1",2,NA,NA,70,30,NA,1.4,2.1,0.13,0.48
Upper Cottonwood,2024-10-08,2024,39.51686082,-121.55446091,ground,66,"LL, AS - 10/8/2024 - Clear - Week 4-1",2,NA,NA,60,30,10,1.2,1.7,0.689,0.56
Upper Hatchery Riffle,2024-10-08,2024,39.51657801,-121.55404114,ground,55,"LL, AS - 10/8/2024 - Clear - Week 4-1",2,NA,5,40,55,NA,2,2.5,0.34,1.04
Upper Hatchery Riffle,2024-10-08,2024,39.51652473,-121.55399501,ground,54,"LL, AS - 10/8/2024 - Clear - Week 4-1",1,NA,NA,30,70,NA,1.5,2.9,0.344,0.94
Upper Hatchery Riffle,2024-10-08,2024,39.51646335,-121.554097,ground,53,"LL, AS - 10/8/2024 - Clear - Week 4-1",1,NA,5,70,25,NA,1.1,1.1,0.399,0.64
Upper Hatchery Riffle,2024-10-08,2024,39.51649012,-121.5542079,ground,52,"LL, AS - 10/8/2024 - Clear - Week 4-1",1,NA,15,75,10,NA,1.7,2.2,0.305,0.8
Upper Hatchery Riffle,2024-10-08,2024,39.51645347,-121.5542019,ground,51,"LL, AS - 10/8/2024 - Clear - Week 4-1",1,NA,10,60,30,NA,2.4,2.7,0.519,0.76
Upper Hatchery Riffle,2024-10-08,2024,39.51622126,-121.5544385,ground,50,"LL, AS - 10/8/2024 - Clear - Week 4-1",2,25,25,40,10,NA,1.4,2.2,0.858,0.36
Upper Hatchery Riffle,2024-10-08,2024,39.5162705,-121.55437813,ground,49,"LL, AS - 10/8/2024 - Clear - Week 4-1",2,10,60,25,5,NA,1.4,2.6,0.82,0.52
Upper Hatchery Riffle,2024-10-08,2024,39.51626297,-121.55432755,ground,48,"LL, AS - 10/8/2024 - Clear - Week 4-1",2,10,25,55,10,NA,1.3,2.4,0.425,0.6
Upper Hatchery Riffle,2024-10-08,2024,39.51623562,-121.55429784,ground,47,"LL, AS - 10/8/2024 - Clear - Week 4-1",3,5,50,40,5,NA,1.3,1.4,0.669,0.5
Upper Hatchery Riffle,2024-10-08,2024,39.51622712,-121.55424449,ground,46,"LL, AS - 10/8/2024 - Clear - Week 4-1",1,10,25,55,10,NA,1.5,1.9,0.227,0.42
Moe's Side Channel,2024-10-18,2024,39.51577904,-121.55949728,ground,1,"LL, AS - 10/18/2024 - Week 5-1",4,NA,NA,55,45,NA,0.9,1.9,0.438,0.1
Moe's Side Channel,2024-10-18,2024,39.51608811,-121.55783108,ground,94,"LL, AS - 10/18/2024 - Week 5-1",2,NA,NA,NA,NA,NA,NA,NA,NA,NA
Moe's Side Channel,2024-10-18,2024,39.51608051,-121.55785281,ground,93,"LL, AS - 10/18/2024 - Week 5-1",5,NA,NA,NA,NA,NA,NA,NA,NA,NA
Moe's Side Channel,2024-10-18,2024,39.51610072,-121.55785715,ground,92,"LL, AS - 10/18/2024 - Week 5-1",2,NA,NA,NA,NA,NA,NA,NA,NA,NA
Moe's Side Channel,2024-10-18,2024,39.5161058,-121.55790487,ground,91,"LL, AS - 10/18/2024 - Week 5-1",2,NA,NA,NA,NA,NA,NA,NA,NA,NA
Moe's Side Channel,2024-10-18,2024,39.51608035,-121.55790039,ground,90,"LL, AS - 10/18/2024 - Week 5-1",2,NA,NA,NA,NA,NA,NA,NA,NA,NA
Moe's Side Channel,2024-10-18,2024,39.51606161,-121.55791917,ground,89,"LL, AS - 10/18/2024 - Week 5-1",NA,NA,NA,NA,NA,NA,NA,NA,NA,NA
Moe's Side Channel,2024-10-18,2024,39.51606313,-121.55795174,ground,88,"LL, AS - 10/18/2024 - Week 5-1",NA,NA,NA,NA,NA,NA,NA,NA,NA,NA
Moe's Side Channel,2024-10-18,2024,39.51608563,-121.55794969,ground,87,"LL, AS - 10/18/2024 - Week 5-1",2,NA,NA,NA,NA,NA,NA,NA,NA,NA
Moe's Side Channel,2024-10-18,2024,39.51609267,-121.55797329,ground,86,"LL, AS - 10/18/2024 - Week 5-1",1,NA,NA,NA,NA,NA,NA,NA,NA,NA
Moe's Side Channel,2024-10-18,2024,39.51606446,-121.55798196,ground,85,"LL, AS - 10/18/2024 - Week 5-1",5,5,10,70,15,NA,1.3,2,0.378,0.3
Moe's Side Channel,2024-10-18,2024,39.51610658,-121.55797567,ground,84,"LL, AS - 10/18/2024 - Week 5-1",1,NA,NA,NA,NA,NA,NA,NA,NA,NA
Moe's Side Channel,2024-10-18,2024,39.51610911,-121.558017,ground,83,"LL, AS - 10/18/2024 - Week 5-1",1,NA,NA,NA,NA,NA,NA,NA,NA,NA
Moe's Side Channel,2024-10-18,2024,39.51609598,-121.55803779,ground,82,"LL, AS - 10/18/2024 - Week 5-1",1,NA,NA,NA,NA,NA,NA,NA,NA,NA
Moe's Side Channel,2024-10-18,2024,39.51606975,-121.55781452,ground,95,"LL, AS - 10/18/2024 - Week 5-1",4,5,5,70,20,NA,1.3,1.7,0.212,0.34
Moe's Side Channel,2024-10-18,2024,39.51610757,-121.55806331,ground,81,"LL, AS - 10/18/2024 - Week 5-1",1,NA,NA,NA,NA,NA,NA,NA,NA,NA
Moe's Side Channel,2024-10-18,2024,39.51606889,-121.55807683,ground,79,"LL, AS - 10/18/2024 - Week 5-1",2,NA,NA,NA,NA,NA,NA,NA,NA,NA
Moe's Side Channel,2024-10-18,2024,39.51606405,-121.55813622,ground,78,"LL, AS - 10/18/2024 - Week 5-1",1,NA,NA,NA,NA,NA,NA,NA,NA,NA
Moe's Side Channel,2024-10-18,2024,39.51607413,-121.55811736,ground,77,"LL, AS - 10/18/2024 - Week 5-1",2,NA,NA,NA,NA,NA,NA,NA,NA,NA
Moe's Side Channel,2024-10-18,2024,39.51610534,-121.55815455,ground,76,"LL, AS - 10/18/2024 - Week 5-1",1,5,15,60,20,NA,1.6,1.9,0.405,0.22
Moe's Side Channel,2024-10-18,2024,39.51606567,-121.55820487,ground,75,"LL, AS - 10/18/2024 - Week 5-1",2,NA,NA,NA,NA,NA,NA,NA,NA,NA
Moe's Side Channel,2024-10-18,2024,39.51608385,-121.55820976,ground,74,"LL, AS - 10/18/2024 - Week 5-1",2,NA,NA,NA,NA,NA,NA,NA,NA,NA
Moe's Side Channel,2024-10-18,2024,39.51605413,-121.55827703,ground,73,"LL, AS - 10/18/2024 - Week 5-1",2,NA,NA,NA,NA,NA,NA,NA,NA,NA
Moe's Side Channel,2024-10-18,2024,39.51605845,-121.55825468,ground,72,"LL, AS - 10/18/2024 - Week 5-1",2,NA,NA,NA,NA,NA,NA,NA,NA,NA
Moe's Side Channel,2024-10-18,2024,39.51607328,-121.5582739,ground,71,"LL, AS - 10/18/2024 - Week 5-1",3,NA,NA,NA,NA,NA,NA,NA,NA,NA
Moe's Side Channel,2024-10-18,2024,39.51610345,-121.55823044,ground,70,"LL, AS - 10/18/2024 - Week 5-1",1,NA,NA,NA,NA,NA,NA,NA,NA,NA
Moe's Side Channel,2024-10-18,2024,39.51609141,-121.55825022,ground,69,"LL, AS - 10/18/2024 - Week 5-1",2,NA,NA,NA,NA,NA,NA,NA,NA,NA
Moe's Side Channel,2024-10-18,2024,39.51611108,-121.55827552,ground,68,"LL, AS - 10/18/2024 - Week 5-1",1,NA,NA,NA,NA,NA,NA,NA,NA,NA
Moe's Side Channel,2024-10-18,2024,39.51610365,-121.55831774,ground,67,"LL, AS - 10/18/2024 - Week 5-1",2,NA,NA,NA,NA,NA,NA,NA,NA,NA
Moe's Side Channel,2024-10-18,2024,39.51606095,-121.5580553,ground,80,"LL, AS - 10/18/2024 - Week 5-1",2,NA,NA,NA,NA,NA,NA,NA,NA,NA
Moe's Side Channel,2024-10-18,2024,39.51609041,-121.55833952,ground,66,"LL, AS - 10/18/2024 - Week 5-1",2,NA,NA,NA,NA,NA,NA,NA,NA,NA
Moe's Side Channel,2024-10-18,2024,39.51610033,-121.5578155,ground,96,"LL, AS - 10/18/2024 - Week 5-1",2,NA,NA,NA,NA,NA,NA,NA,NA,NA
Moe's Side Channel,2024-10-18,2024,39.51608475,-121.55778993,ground,98,"LL, AS - 10/18/2024 - Week 5-1",2,NA,NA,NA,NA,NA,NA,NA,NA,NA
Moe's Side Channel,2024-10-18,2024,39.51607509,-121.55716677,ground,126,"LL, AS - 10/18/2024 - Week 5-1",6,NA,NA,25,75,NA,1.6,2,0.201,0.46
Moe's Side Channel,2024-10-18,2024,39.51612795,-121.55725475,ground,125,"LL, AS - 10/18/2024 - Week 5-1",1,NA,NA,NA,NA,NA,NA,NA,NA,NA
Moe's Side Channel,2024-10-18,2024,39.51605644,-121.55726905,ground,124,"LL, AS - 10/18/2024 - Week 5-1",2,NA,NA,NA,NA,NA,NA,NA,NA,NA
Moe's Side Channel,2024-10-18,2024,39.51607178,-121.55727691,ground,123,"LL, AS - 10/18/2024 - Week 5-1",1,NA,NA,NA,NA,NA,NA,NA,NA,NA
Moe's Side Channel,2024-10-18,2024,39.51606631,-121.55730205,ground,122,"LL, AS - 10/18/2024 - Week 5-1",1,NA,NA,NA,NA,NA,NA,NA,NA,NA
Moe's Side Channel,2024-10-18,2024,39.51613335,-121.55730493,ground,121,"LL, AS - 10/18/2024 - Week 5-1",2,NA,NA,NA,NA,NA,NA,NA,NA,NA
Moe's Side Channel,2024-10-18,2024,39.51608413,-121.5573707,ground,120,"LL, AS - 10/18/2024 - Week 5-1",NA,NA,NA,NA,NA,NA,NA,NA,NA,NA
Moe's Side Channel,2024-10-18,2024,39.51610927,-121.55734971,ground,119,"LL, AS - 10/18/2024 - Week 5-1",2,NA,NA,NA,NA,NA,NA,NA,NA,NA
Moe's Side Channel,2024-10-18,2024,39.51612558,-121.55737113,ground,118,"LL, AS - 10/18/2024 - Week 5-1",1,NA,NA,NA,NA,NA,NA,NA,NA,NA
Moe's Side Channel,2024-10-18,2024,39.51612601,-121.55741165,ground,117,"LL, AS - 10/18/2024 - Week 5-1",2,NA,NA,NA,NA,NA,NA,NA,NA,NA
Moe's Side Channel,2024-10-18,2024,39.51610585,-121.55740692,ground,116,"LL, AS - 10/18/2024 - Week 5-1",2,NA,NA,NA,NA,NA,NA,NA,NA,NA
Moe's Side Channel,2024-10-18,2024,39.51608142,-121.55741765,ground,115,"LL, AS - 10/18/2024 - Week 5-1",4,NA,10,75,15,NA,2.3,2.5,0.27,0.38
Moe's Side Channel,2024-10-18,2024,39.51612078,-121.55751546,ground,114,"LL, AS - 10/18/2024 - Week 5-1",3,NA,NA,NA,NA,NA,NA,NA,NA,NA
Moe's Side Channel,2024-10-18,2024,39.51607314,-121.5577961,ground,97,"LL, AS - 10/18/2024 - Week 5-1",3,NA,NA,NA,NA,NA,NA,NA,NA,NA
Moe's Side Channel,2024-10-18,2024,39.51610822,-121.5575024,ground,113,"LL, AS - 10/18/2024 - Week 5-1",2,NA,NA,NA,NA,NA,NA,NA,NA,NA
Moe's Side Channel,2024-10-18,2024,39.51607356,-121.55754236,ground,111,"LL, AS - 10/18/2024 - Week 5-1",1,NA,NA,NA,NA,NA,NA,NA,NA,NA
Moe's Side Channel,2024-10-18,2024,39.51612698,-121.55756115,ground,110,"LL, AS - 10/18/2024 - Week 5-1",3,NA,NA,NA,NA,NA,NA,NA,NA,NA
Moe's Side Channel,2024-10-18,2024,39.51610548,-121.55759436,ground,109,"LL, AS - 10/18/2024 - Week 5-1",6,NA,NA,NA,NA,NA,NA,NA,NA,NA
Moe's Side Channel,2024-10-18,2024,39.51607493,-121.55757993,ground,108,"LL, AS - 10/18/2024 - Week 5-1",1,NA,NA,NA,NA,NA,NA,NA,NA,NA
Moe's Side Channel,2024-10-18,2024,39.51609247,-121.55761506,ground,107,"LL, AS - 10/18/2024 - Week 5-1",4,NA,NA,NA,NA,NA,NA,NA,NA,NA
Moe's Side Channel,2024-10-18,2024,39.51608141,-121.55763205,ground,106,"LL, AS - 10/18/2024 - Week 5-1",1,NA,NA,NA,NA,NA,NA,NA,NA,NA
Moe's Side Channel,2024-10-18,2024,39.51611143,-121.55765803,ground,105,"LL, AS - 10/18/2024 - Week 5-1",3,NA,10,60,30,NA,1.4,1.6,0.465,0.42
Moe's Side Channel,2024-10-18,2024,39.51607933,-121.55768448,ground,104,"LL, AS - 10/18/2024 - Week 5-1",3,NA,NA,NA,NA,NA,NA,NA,NA,NA
Moe's Side Channel,2024-10-18,2024,39.51612029,-121.55769341,ground,103,"LL, AS - 10/18/2024 - Week 5-1",2,NA,NA,NA,NA,NA,NA,NA,NA,NA
Moe's Side Channel,2024-10-18,2024,39.51610992,-121.55770086,ground,102,"LL, AS - 10/18/2024 - Week 5-1",2,NA,NA,NA,NA,NA,NA,NA,NA,NA
Moe's Side Channel,2024-10-18,2024,39.51609877,-121.55773937,ground,101,"LL, AS - 10/18/2024 - Week 5-1",4,NA,NA,NA,NA,NA,NA,NA,NA,NA
Moe's Side Channel,2024-10-18,2024,39.51606842,-121.55775428,ground,100,"LL, AS - 10/18/2024 - Week 5-1",4,NA,NA,NA,NA,NA,NA,NA,NA,NA
Moe's Side Channel,2024-10-18,2024,39.51610488,-121.55778041,ground,99,"LL, AS - 10/18/2024 - Week 5-1",2,NA,NA,NA,NA,NA,NA,NA,NA,NA
Moe's Side Channel,2024-10-18,2024,39.51608174,-121.55753109,ground,112,"LL, AS - 10/18/2024 - Week 5-1",2,NA,NA,NA,NA,NA,NA,NA,NA,NA
Moe's Side Channel,2024-10-18,2024,39.51606374,-121.55836369,ground,65,"LL, AS - 10/18/2024 - Week 5-1",2,NA,NA,NA,NA,NA,NA,NA,NA,NA
Moe's Side Channel,2024-10-18,2024,39.51606293,-121.55844047,ground,64,"LL, AS - 10/18/2024 - Week 5-1",4,NA,NA,70,25,5,1.5,1.9,0.112,0.5
Moe's Side Channel,2024-10-18,2024,39.51604408,-121.55848916,ground,63,"LL, AS - 10/18/2024 - Week 5-1",1,NA,NA,NA,NA,NA,NA,NA,NA,NA
Moe's Side Channel,2024-10-18,2024,39.51602271,-121.55906061,ground,29,"LL, AS - 10/18/2024 - Week 5-1",1,NA,NA,NA,NA,NA,NA,NA,NA,NA
Moe's Side Channel,2024-10-18,2024,39.51600247,-121.55910513,ground,28,"LL, AS - 10/18/2024 - Week 5-1",2,NA,NA,NA,NA,NA,NA,NA,NA,NA
Moe's Side Channel,2024-10-18,2024,39.51598999,-121.55909923,ground,27,"LL, AS - 10/18/2024 - Week 5-1",4,NA,NA,NA,NA,NA,NA,NA,NA,NA
Moe's Side Channel,2024-10-18,2024,39.51599296,-121.55915494,ground,26,"LL, AS - 10/18/2024 - Week 5-1",NA,NA,NA,NA,NA,NA,NA,NA,NA,NA
Moe's Side Channel,2024-10-18,2024,39.51599345,-121.55917349,ground,25,"LL, AS - 10/18/2024 - Week 5-1",2,NA,NA,NA,NA,NA,NA,NA,NA,NA
Moe's Side Channel,2024-10-18,2024,39.51597295,-121.55919934,ground,24,"LL, AS - 10/18/2024 - Week 5-1",NA,NA,NA,NA,NA,NA,NA,NA,NA,NA
Moe's Side Channel,2024-10-18,2024,39.51599034,-121.55920338,ground,23,"LL, AS - 10/18/2024 - Week 5-1",1,NA,NA,NA,NA,NA,NA,NA,NA,NA
Moe's Side Channel,2024-10-18,2024,39.51600081,-121.55923321,ground,22,"LL, AS - 10/18/2024 - Week 5-1",2,NA,NA,80,20,NA,1.7,3,0.16,0.36
Moe's Side Channel,2024-10-18,2024,39.51597126,-121.5592434,ground,21,"LL, AS - 10/18/2024 - Week 5-1",3,NA,NA,NA,NA,NA,NA,NA,NA,NA
Moe's Side Channel,2024-10-18,2024,39.51598153,-121.55926985,ground,20,"LL, AS - 10/18/2024 - Week 5-1",2,NA,NA,NA,NA,NA,NA,NA,NA,NA
Moe's Side Channel,2024-10-18,2024,39.51600022,-121.55929029,ground,19,"LL, AS - 10/18/2024 - Week 5-1",2,NA,NA,NA,NA,NA,NA,NA,NA,NA
Moe's Side Channel,2024-10-18,2024,39.51598195,-121.55932194,ground,18,"LL, AS - 10/18/2024 - Week 5-1",1,NA,NA,NA,NA,NA,NA,NA,NA,NA
Moe's Side Channel,2024-10-18,2024,39.5159695,-121.55931696,ground,17,"LL, AS - 10/18/2024 - Week 5-1",2,NA,NA,NA,NA,NA,NA,NA,NA,NA
Moe's Side Channel,2024-10-18,2024,39.51597152,-121.55907276,ground,30,"LL, AS - 10/18/2024 - Week 5-1",2,NA,NA,NA,NA,NA,NA,NA,NA,NA
Moe's Side Channel,2024-10-18,2024,39.51593104,-121.55928765,ground,16,"LL, AS - 10/18/2024 - Week 5-1",2,NA,NA,NA,NA,NA,NA,NA,NA,NA
Moe's Side Channel,2024-10-18,2024,39.51596085,-121.55934622,ground,14,"LL, AS - 10/18/2024 - Week 5-1",3,NA,NA,NA,NA,NA,NA,NA,NA,NA
Moe's Side Channel,2024-10-18,2024,39.51597493,-121.55935791,ground,13,"LL, AS - 10/18/2024 - Week 5-1",1,NA,NA,NA,NA,NA,NA,NA,NA,NA
Moe's Side Channel,2024-10-18,2024,39.51595752,-121.55939681,ground,12,"LL, AS - 10/18/2024 - Week 5-1",2,NA,NA,NA,NA,NA,NA,NA,NA,NA
Moe's Side Channel,2024-10-18,2024,39.51593167,-121.55941288,ground,11,"LL, AS - 10/18/2024 - Week 5-1",5,NA,NA,45,50,5,1.1,1.2,0.206,0.34
Moe's Side Channel,2024-10-18,2024,39.51590312,-121.55935994,ground,10,"LL, AS - 10/18/2024 - Week 5-1",4,NA,NA,30,45,25,1.3,2.4,0.217,0.36
Moe's Side Channel,2024-10-18,2024,39.51587257,-121.55938044,ground,9,"LL, AS - 10/18/2024 - Week 5-1",2,NA,NA,5,25,70,1.1,2,0.266,0.2
Moe's Side Channel,2024-10-18,2024,39.5158845,-121.55941431,ground,8,"LL, AS - 10/18/2024 - Week 5-1",4,NA,10,60,30,NA,1.7,2,0.519,0.28
Moe's Side Channel,2024-10-18,2024,39.51588295,-121.55939554,ground,7,"LL, AS - 10/18/2024 - Week 5-1",4,NA,NA,30,50,20,1.5,2.2,0.234,0.36
Moe's Side Channel,2024-10-18,2024,39.51582662,-121.55943228,ground,6,"LL, AS - 10/18/2024 - Week 5-1",4,NA,NA,40,40,20,1.4,2.2,0.541,0.36
Moe's Side Channel,2024-10-18,2024,39.5158404,-121.55947616,ground,5,"LL, AS - 10/18/2024 - Week 5-1",3,NA,5,65,30,NA,2,3,0.216,0.24
Moe's Side Channel,2024-10-18,2024,39.51581787,-121.55951224,ground,4,"LL, AS - 10/18/2024 - Week 5-1",3,NA,NA,50,40,10,1.3,1.7,0.344,0.28
Moe's Side Channel,2024-10-18,2024,39.51577722,-121.55958446,ground,3,"LL, AS - 10/18/2024 - Week 5-1",2,NA,NA,70,30,NA,2.7,3.1,0.61,0.1
Moe's Side Channel,2024-10-18,2024,39.51578791,-121.55952492,ground,2,"LL, AS - 10/18/2024 - Week 5-1",3,NA,NA,40,60,NA,1.5,2.4,0.547,0.26
Moe's Side Channel,2024-10-18,2024,39.51593721,-121.55931641,ground,15,"LL, AS - 10/18/2024 - Week 5-1",4,NA,NA,NA,NA,NA,NA,NA,NA,NA
Moe's Side Channel,2024-10-18,2024,39.51602536,-121.55899471,ground,31,"LL, AS - 10/18/2024 - Week 5-1",NA,NA,NA,90,10,NA,1.2,1.6,0.684,0.1
Moe's Side Channel,2024-10-18,2024,39.51605249,-121.55897605,ground,32,"LL, AS - 10/18/2024 - Week 5-1",1,NA,NA,NA,NA,NA,NA,NA,NA,NA
Moe's Side Channel,2024-10-18,2024,39.51601061,-121.5589242,ground,33,"LL, AS - 10/18/2024 - Week 5-1",NA,NA,NA,NA,NA,NA,NA,NA,NA,NA
Moe's Side Channel,2024-10-18,2024,39.51608521,-121.55847466,ground,62,"LL, AS - 10/18/2024 - Week 5-1",4,NA,NA,NA,NA,NA,NA,NA,NA,NA
Moe's Side Channel,2024-10-18,2024,39.51608403,-121.55854037,ground,61,"LL, AS - 10/18/2024 - Week 5-1",1,NA,NA,NA,NA,NA,NA,NA,NA,NA
Moe's Side Channel,2024-10-18,2024,39.51603546,-121.55855932,ground,60,"LL, AS - 10/18/2024 - Week 5-1",NA,NA,NA,NA,NA,NA,NA,NA,NA,NA
Moe's Side Channel,2024-10-18,2024,39.51603412,-121.55861451,ground,59,"LL, AS - 10/18/2024 - Week 5-1",2,NA,NA,NA,NA,NA,NA,NA,NA,NA
Moe's Side Channel,2024-10-18,2024,39.51608854,-121.55860406,ground,58,"LL, AS - 10/18/2024 - Week 5-1",1,NA,NA,NA,NA,NA,NA,NA,NA,NA
Moe's Side Channel,2024-10-18,2024,39.51606117,-121.55859936,ground,57,"LL, AS - 10/18/2024 - Week 5-1",4,NA,NA,NA,NA,NA,NA,NA,NA,NA
Moe's Side Channel,2024-10-18,2024,39.51608227,-121.55864508,ground,56,"LL, AS - 10/18/2024 - Week 5-1",1,NA,NA,NA,NA,NA,NA,NA,NA,NA
Moe's Side Channel,2024-10-18,2024,39.51607953,-121.55863008,ground,55,"LL, AS - 10/18/2024 - Week 5-1",NA,NA,NA,NA,NA,NA,NA,NA,NA,NA
Moe's Side Channel,2024-10-18,2024,39.51604707,-121.55865369,ground,54,"LL, AS - 10/18/2024 - Week 5-1",1,NA,NA,NA,NA,NA,NA,NA,NA,NA
Moe's Side Channel,2024-10-18,2024,39.51602363,-121.55865982,ground,53,"LL, AS - 10/18/2024 - Week 5-1",1,5,20,35,20,20,1.3,1.7,0.203,0.34
Moe's Side Channel,2024-10-18,2024,39.51605692,-121.55869097,ground,52,"LL, AS - 10/18/2024 - Week 5-1",2,NA,NA,NA,NA,NA,NA,NA,NA,NA
Moe's Side Channel,2024-10-18,2024,39.51603323,-121.55871994,ground,51,"LL, AS - 10/18/2024 - Week 5-1",1,NA,NA,NA,NA,NA,NA,NA,NA,NA
Moe's Side Channel,2024-10-18,2024,39.51604309,-121.55873944,ground,50,"LL, AS - 10/18/2024 - Week 5-1",2,NA,NA,NA,NA,NA,NA,NA,NA,NA
Moe's Side Channel,2024-10-18,2024,39.51602415,-121.55879633,ground,49,"LL, AS - 10/18/2024 - Week 5-1",1,NA,NA,NA,NA,NA,NA,NA,NA,NA
Moe's Side Channel,2024-10-18,2024,39.5160358,-121.55877054,ground,48,"LL, AS - 10/18/2024 - Week 5-1",1,NA,NA,NA,NA,NA,NA,NA,NA,NA
Moe's Side Channel,2024-10-18,2024,39.51606958,-121.55875077,ground,47,"LL, AS - 10/18/2024 - Week 5-1",2,NA,NA,NA,NA,NA,NA,NA,NA,NA
Moe's Side Channel,2024-10-18,2024,39.51606182,-121.55877538,ground,46,"LL, AS - 10/18/2024 - Week 5-1",1,NA,NA,NA,NA,NA,NA,NA,NA,NA
Moe's Side Channel,2024-10-18,2024,39.51606117,-121.55880653,ground,45,"LL, AS - 10/18/2024 - Week 5-1",NA,NA,NA,NA,NA,NA,NA,NA,NA,NA
Moe's Side Channel,2024-10-18,2024,39.51604272,-121.558801,ground,44,"LL, AS - 10/18/2024 - Week 5-1",2,NA,NA,NA,NA,NA,NA,NA,NA,NA
Moe's Side Channel,2024-10-18,2024,39.51602117,-121.55881553,ground,43,"LL, AS - 10/18/2024 - Week 5-1",1,NA,NA,NA,NA,NA,NA,NA,NA,NA
Moe's Side Channel,2024-10-18,2024,39.51601,-121.55884538,ground,42,"LL, AS - 10/18/2024 - Week 5-1",2,NA,NA,60,30,10,1.2,1.6,0.435,0.18
Moe's Side Channel,2024-10-18,2024,39.51603085,-121.55884612,ground,41,"LL, AS - 10/18/2024 - Week 5-1",NA,NA,NA,NA,NA,NA,NA,NA,NA,NA
Moe's Side Channel,2024-10-18,2024,39.51604015,-121.55884148,ground,40,"LL, AS - 10/18/2024 - Week 5-1",1,NA,NA,NA,NA,NA,NA,NA,NA,NA
Moe's Side Channel,2024-10-18,2024,39.51605854,-121.55885776,ground,39,"LL, AS - 10/18/2024 - Week 5-1",NA,NA,NA,NA,NA,NA,NA,NA,NA,NA
Moe's Side Channel,2024-10-18,2024,39.51604967,-121.5588736,ground,38,"LL, AS - 10/18/2024 - Week 5-1",NA,NA,NA,NA,NA,NA,NA,NA,NA,NA
Moe's Side Channel,2024-10-18,2024,39.51604264,-121.55891574,ground,37,"LL, AS - 10/18/2024 - Week 5-1",NA,NA,NA,NA,NA,NA,NA,NA,NA,NA
Moe's Side Channel,2024-10-18,2024,39.51602335,-121.5589087,ground,36,"LL, AS - 10/18/2024 - Week 5-1",NA,NA,NA,NA,NA,NA,NA,NA,NA,NA
Moe's Side Channel,2024-10-18,2024,39.51599661,-121.5588809,ground,35,"LL, AS - 10/18/2024 - Week 5-1",1,NA,NA,NA,NA,NA,NA,NA,NA,NA
Moe's Side Channel,2024-10-18,2024,39.51598348,-121.5589221,ground,34,"LL, AS - 10/18/2024 - Week 5-1",NA,NA,NA,NA,NA,NA,NA,NA,NA,NA
Moe's Side Channel,2024-10-18,2024,39.51612547,-121.55709025,ground,127,"LL, AS - 10/18/2024 - Week 5-1",2,NA,NA,NA,NA,NA,NA,NA,NA,NA
Moe's Side Channel,2024-10-18,2024,39.51613717,-121.55710071,ground,128,"LL, AS - 10/18/2024 - Week 5-1",4,NA,NA,NA,NA,NA,NA,NA,NA,NA
Moe's Side Channel,2024-10-24,2024,39.51576588,-121.55950582,ground,1,"LL, AS - 10/24/2024 - Clear - Week 6-1",2,NA,5,70,25,NA,1.2,2.4,0.804,0.2
Moe's Side Channel,2024-10-24,2024,39.51605804,-121.55806982,ground,111,"LL, AS - 10/24/2024 - Clear - Week 6-1",NA,NA,NA,NA,NA,NA,NA,NA,NA,NA
Moe's Side Channel,2024-10-24,2024,39.51607022,-121.5580517,ground,112,"LL, AS - 10/24/2024 - Clear - Week 6-1",2,NA,NA,NA,NA,NA,NA,NA,NA,NA
Moe's Side Channel,2024-10-24,2024,39.51608135,-121.55803805,ground,113,"LL, AS - 10/24/2024 - Clear - Week 6-1",1,NA,NA,NA,NA,NA,NA,NA,NA,NA
Moe's Side Channel,2024-10-24,2024,39.51609998,-121.55804259,ground,114,"LL, AS - 10/24/2024 - Clear - Week 6-1",1,NA,NA,NA,NA,NA,NA,NA,NA,NA
Moe's Side Channel,2024-10-24,2024,39.51610328,-121.5580624,ground,115,"LL, AS - 10/24/2024 - Clear - Week 6-1",2,NA,NA,NA,NA,NA,NA,NA,NA,NA
Moe's Side Channel,2024-10-24,2024,39.51610854,-121.55800758,ground,116,"LL, AS - 10/24/2024 - Clear - Week 6-1",1,NA,NA,NA,NA,NA,NA,NA,NA,NA
Moe's Side Channel,2024-10-24,2024,39.51609804,-121.55799366,ground,117,"LL, AS - 10/24/2024 - Clear - Week 6-1",NA,NA,NA,NA,NA,NA,NA,NA,NA,NA
Moe's Side Channel,2024-10-24,2024,39.51611057,-121.55796982,ground,118,"LL, AS - 10/24/2024 - Clear - Week 6-1",NA,NA,NA,NA,NA,NA,NA,NA,NA,NA
Moe's Side Channel,2024-10-24,2024,39.51605947,-121.55796329,ground,119,"LL, AS - 10/24/2024 - Clear - Week 6-1",2,NA,NA,NA,NA,NA,NA,NA,NA,NA
Moe's Side Channel,2024-10-24,2024,39.5160654,-121.5579324,ground,120,"LL, AS - 10/24/2024 - Clear - Week 6-1",2,NA,NA,NA,NA,NA,NA,NA,NA,NA
Moe's Side Channel,2024-10-24,2024,39.51610051,-121.55792247,ground,121,"LL, AS - 10/24/2024 - Clear - Week 6-1",1,NA,NA,NA,NA,NA,NA,NA,NA,NA
Moe's Side Channel,2024-10-24,2024,39.51608988,-121.55788285,ground,122,"LL, AS - 10/24/2024 - Clear - Week 6-1",2,NA,NA,85,15,0,1.6,1.8,0.836,0.18
Moe's Side Channel,2024-10-24,2024,39.51610848,-121.55787298,ground,123,"LL, AS - 10/24/2024 - Clear - Week 6-1",1,NA,NA,NA,NA,NA,NA,NA,NA,NA
Moe's Side Channel,2024-10-24,2024,39.51610107,-121.55784918,ground,124,"LL, AS - 10/24/2024 - Clear - Week 6-1",NA,NA,NA,NA,NA,NA,NA,NA,NA,NA
Moe's Side Channel,2024-10-24,2024,39.51608822,-121.55782577,ground,125,"LL, AS - 10/24/2024 - Clear - Week 6-1",1,NA,NA,NA,NA,NA,NA,NA,NA,NA
Moe's Side Channel,2024-10-24,2024,39.51606633,-121.55779598,ground,126,"LL, AS - 10/24/2024 - Clear - Week 6-1",3,NA,NA,NA,NA,NA,NA,NA,NA,NA
Moe's Side Channel,2024-10-24,2024,39.51609439,-121.55779358,ground,127,"LL, AS - 10/24/2024 - Clear - Week 6-1",NA,NA,NA,NA,NA,NA,NA,NA,NA,NA
Moe's Side Channel,2024-10-24,2024,39.51606693,-121.55811701,ground,110,"LL, AS - 10/24/2024 - Clear - Week 6-1",1,NA,NA,NA,NA,NA,NA,NA,NA,NA
Moe's Side Channel,2024-10-24,2024,39.51605837,-121.5581285,ground,109,"LL, AS - 10/24/2024 - Clear - Week 6-1",1,NA,NA,NA,NA,NA,NA,NA,NA,NA
Moe's Side Channel,2024-10-24,2024,39.51606585,-121.55815269,ground,108,"LL, AS - 10/24/2024 - Clear - Week 6-1",1,NA,NA,NA,NA,NA,NA,NA,NA,NA
Moe's Side Channel,2024-10-24,2024,39.51607733,-121.55814381,ground,107,"LL, AS - 10/24/2024 - Clear - Week 6-1",1,NA,NA,NA,NA,NA,NA,NA,NA,NA
Moe's Side Channel,2024-10-24,2024,39.51604341,-121.5585423,ground,89,"LL, AS - 10/24/2024 - Clear - Week 6-1",1,NA,NA,NA,NA,NA,NA,NA,NA,NA
Moe's Side Channel,2024-10-24,2024,39.51608177,-121.55849147,ground,90,"LL, AS - 10/24/2024 - Clear - Week 6-1",4,NA,NA,NA,NA,NA,NA,NA,NA,NA
Moe's Side Channel,2024-10-24,2024,39.51607911,-121.55845789,ground,91,"LL, AS - 10/24/2024 - Clear - Week 6-1",4,NA,NA,NA,NA,NA,NA,NA,NA,NA
Moe's Side Channel,2024-10-24,2024,39.51605574,-121.55838607,ground,92,"LL, AS - 10/24/2024 - Clear - Week 6-1",2,NA,NA,NA,NA,NA,NA,NA,NA,NA
Moe's Side Channel,2024-10-24,2024,39.51608273,-121.55838946,ground,93,"LL, AS - 10/24/2024 - Clear - Week 6-1",1,NA,NA,NA,NA,NA,NA,NA,NA,NA
Moe's Side Channel,2024-10-24,2024,39.51608872,-121.55834263,ground,94,"LL, AS - 10/24/2024 - Clear - Week 6-1",2,NA,NA,NA,NA,NA,NA,NA,NA,NA
Moe's Side Channel,2024-10-24,2024,39.51609654,-121.55835687,ground,95,"LL, AS - 10/24/2024 - Clear - Week 6-1",1,NA,NA,NA,NA,NA,NA,NA,NA,NA
Moe's Side Channel,2024-10-24,2024,39.51611409,-121.55834008,ground,96,"LL, AS - 10/24/2024 - Clear - Week 6-1",1,NA,NA,NA,NA,NA,NA,NA,NA,NA
Moe's Side Channel,2024-10-24,2024,39.51610568,-121.55777755,ground,128,"LL, AS - 10/24/2024 - Clear - Week 6-1",NA,NA,NA,NA,NA,NA,NA,NA,NA,NA
Moe's Side Channel,2024-10-24,2024,39.51612198,-121.55830327,ground,97,"LL, AS - 10/24/2024 - Clear - Week 6-1",1,NA,NA,NA,NA,NA,NA,NA,NA,NA
Moe's Side Channel,2024-10-24,2024,39.51610383,-121.55826029,ground,99,"LL, AS - 10/24/2024 - Clear - Week 6-1",1,NA,NA,NA,NA,NA,NA,NA,NA,NA
Moe's Side Channel,2024-10-24,2024,39.51610348,-121.55822687,ground,100,"LL, AS - 10/24/2024 - Clear - Week 6-1",3,NA,NA,NA,NA,NA,NA,NA,NA,NA
Moe's Side Channel,2024-10-24,2024,39.51606045,-121.55826125,ground,101,"LL, AS - 10/24/2024 - Clear - Week 6-1",2,NA,15,55,30,NA,1.5,1.8,0.165,0.44
Moe's Side Channel,2024-10-24,2024,39.51607121,-121.55826815,ground,102,"LL, AS - 10/24/2024 - Clear - Week 6-1",2,NA,NA,NA,NA,NA,NA,NA,NA,NA
Moe's Side Channel,2024-10-24,2024,39.51607793,-121.55829576,ground,103,"LL, AS - 10/24/2024 - Clear - Week 6-1",NA,NA,NA,NA,NA,NA,NA,NA,NA,NA
Moe's Side Channel,2024-10-24,2024,39.51606115,-121.55820835,ground,104,"LL, AS - 10/24/2024 - Clear - Week 6-1",3,NA,NA,NA,NA,NA,NA,NA,NA,NA
Moe's Side Channel,2024-10-24,2024,39.51611104,-121.55816269,ground,105,"LL, AS - 10/24/2024 - Clear - Week 6-1",1,NA,NA,NA,NA,NA,NA,NA,NA,NA
Moe's Side Channel,2024-10-24,2024,39.51609397,-121.55814031,ground,106,"LL, AS - 10/24/2024 - Clear - Week 6-1",1,NA,NA,NA,NA,NA,NA,NA,NA,NA
Moe's Side Channel,2024-10-24,2024,39.51609681,-121.55827665,ground,98,"LL, AS - 10/24/2024 - Clear - Week 6-1",1,NA,NA,NA,NA,NA,NA,NA,NA,NA
Moe's Side Channel,2024-10-24,2024,39.51608501,-121.5577677,ground,129,"LL, AS - 10/24/2024 - Clear - Week 6-1",3,NA,NA,NA,NA,NA,NA,NA,NA,NA
Moe's Side Channel,2024-10-24,2024,39.51607873,-121.5577467,ground,130,"LL, AS - 10/24/2024 - Clear - Week 6-1",2,NA,NA,NA,NA,NA,NA,NA,NA,NA
Moe's Side Channel,2024-10-24,2024,39.51608511,-121.55773851,ground,131,"LL, AS - 10/24/2024 - Clear - Week 6-1",NA,NA,NA,NA,NA,NA,NA,NA,NA,NA
Moe's Side Channel,2024-10-24,2024,39.51606681,-121.55743073,ground,154,"LL, AS - 10/24/2024 - Clear - Week 6-1",NA,NA,NA,NA,NA,NA,NA,NA,NA,NA
Moe's Side Channel,2024-10-24,2024,39.51607606,-121.55743162,ground,155,"LL, AS - 10/24/2024 - Clear - Week 6-1",2,NA,NA,NA,NA,NA,NA,NA,NA,NA
Moe's Side Channel,2024-10-24,2024,39.51609008,-121.55742055,ground,156,"LL, AS - 10/24/2024 - Clear - Week 6-1",1,NA,NA,NA,NA,NA,NA,NA,NA,NA
Moe's Side Channel,2024-10-24,2024,39.51608529,-121.55740954,ground,157,"LL, AS - 10/24/2024 - Clear - Week 6-1",NA,NA,NA,NA,NA,NA,NA,NA,NA,NA
Moe's Side Channel,2024-10-24,2024,39.51609884,-121.55742646,ground,158,"LL, AS - 10/24/2024 - Clear - Week 6-1",NA,NA,NA,NA,NA,NA,NA,NA,NA,NA
Moe's Side Channel,2024-10-24,2024,39.51610095,-121.55739964,ground,159,"LL, AS - 10/24/2024 - Clear - Week 6-1",NA,NA,NA,NA,NA,NA,NA,NA,NA,NA
Moe's Side Channel,2024-10-24,2024,39.51612006,-121.55742565,ground,160,"LL, AS - 10/24/2024 - Clear - Week 6-1",1,NA,NA,NA,NA,NA,NA,NA,NA,NA
Moe's Side Channel,2024-10-24,2024,39.51611506,-121.55741357,ground,161,"LL, AS - 10/24/2024 - Clear - Week 6-1",NA,NA,NA,NA,NA,NA,NA,NA,NA,NA
Moe's Side Channel,2024-10-24,2024,39.51606402,-121.5575052,ground,153,"LL, AS - 10/24/2024 - Clear - Week 6-1",NA,NA,NA,NA,NA,NA,NA,NA,NA,NA
Moe's Side Channel,2024-10-24,2024,39.51606835,-121.55739754,ground,162,"LL, AS - 10/24/2024 - Clear - Week 6-1",2,NA,NA,NA,NA,NA,NA,NA,NA,NA
Moe's Side Channel,2024-10-24,2024,39.51613206,-121.55733939,ground,164,"LL, AS - 10/24/2024 - Clear - Week 6-1",1,NA,NA,NA,NA,NA,NA,NA,NA,NA
Moe's Side Channel,2024-10-24,2024,39.51606755,-121.55724159,ground,165,"LL, AS - 10/24/2024 - Clear - Week 6-1",1,NA,NA,NA,NA,NA,NA,NA,NA,NA
Moe's Side Channel,2024-10-24,2024,39.51605173,-121.55725176,ground,166,"LL, AS - 10/24/2024 - Clear - Week 6-1",NA,NA,NA,NA,NA,NA,NA,NA,NA,NA
Moe's Side Channel,2024-10-24,2024,39.5160889,-121.55718868,ground,167,"LL, AS - 10/24/2024 - Clear - Week 6-1",5,NA,NA,80,20,NA,2.5,2.5,0.189,0.52
Moe's Side Channel,2024-10-24,2024,39.51606354,-121.55715739,ground,168,"LL, AS - 10/24/2024 - Clear - Week 6-1",2,NA,NA,NA,NA,NA,NA,NA,NA,NA
Moe's Side Channel,2024-10-24,2024,39.51610805,-121.55713831,ground,169,"LL, AS - 10/24/2024 - Clear - Week 6-1",3,NA,NA,NA,NA,NA,NA,NA,NA,NA
Moe's Side Channel,2024-10-24,2024,39.51606072,-121.55708218,ground,170,"LL, AS - 10/24/2024 - Clear - Week 6-1",NA,NA,NA,NA,NA,NA,NA,NA,NA,NA
Moe's Side Channel,2024-10-24,2024,39.51606914,-121.55706141,ground,171,"LL, AS - 10/24/2024 - Clear - Week 6-1",NA,NA,NA,NA,NA,NA,NA,NA,NA,NA
Moe's Side Channel,2024-10-24,2024,39.51609851,-121.55733516,ground,163,"LL, AS - 10/24/2024 - Clear - Week 6-1",1,NA,NA,NA,NA,NA,NA,NA,NA,NA
Moe's Side Channel,2024-10-24,2024,39.51608819,-121.55859293,ground,88,"LL, AS - 10/24/2024 - Clear - Week 6-1",2,NA,NA,NA,NA,NA,NA,NA,NA,NA
Moe's Side Channel,2024-10-24,2024,39.51607005,-121.55748521,ground,152,"LL, AS - 10/24/2024 - Clear - Week 6-1",NA,NA,NA,NA,NA,NA,NA,NA,NA,NA
Moe's Side Channel,2024-10-24,2024,39.51611081,-121.55748398,ground,150,"LL, AS - 10/24/2024 - Clear - Week 6-1",1,NA,NA,NA,NA,NA,NA,NA,NA,NA
Moe's Side Channel,2024-10-24,2024,39.51610787,-121.55773495,ground,132,"LL, AS - 10/24/2024 - Clear - Week 6-1",2,NA,NA,NA,NA,NA,NA,NA,NA,NA
Moe's Side Channel,2024-10-24,2024,39.51611587,-121.55771534,ground,133,"LL, AS - 10/24/2024 - Clear - Week 6-1",2,NA,NA,NA,NA,NA,NA,NA,NA,NA
Moe's Side Channel,2024-10-24,2024,39.51610276,-121.55769436,ground,134,"LL, AS - 10/24/2024 - Clear - Week 6-1",1,NA,NA,NA,NA,NA,NA,NA,NA,NA
Moe's Side Channel,2024-10-24,2024,39.51609,-121.55769859,ground,135,"LL, AS - 10/24/2024 - Clear - Week 6-1",NA,NA,NA,NA,NA,NA,NA,NA,NA,NA
Moe's Side Channel,2024-10-24,2024,39.51607057,-121.55770071,ground,136,"LL, AS - 10/24/2024 - Clear - Week 6-1",1,NA,NA,NA,NA,NA,NA,NA,NA,NA
Moe's Side Channel,2024-10-24,2024,39.51608771,-121.55767936,ground,137,"LL, AS - 10/24/2024 - Clear - Week 6-1",NA,NA,NA,NA,NA,NA,NA,NA,NA,NA
Moe's Side Channel,2024-10-24,2024,39.51607154,-121.55767106,ground,138,"LL, AS - 10/24/2024 - Clear - Week 6-1",1,NA,NA,NA,NA,NA,NA,NA,NA,NA
Moe's Side Channel,2024-10-24,2024,39.51607331,-121.55762269,ground,139,"LL, AS - 10/24/2024 - Clear - Week 6-1",2,NA,NA,NA,NA,NA,NA,NA,NA,NA
Moe's Side Channel,2024-10-24,2024,39.516103,-121.5574792,ground,151,"LL, AS - 10/24/2024 - Clear - Week 6-1",NA,NA,NA,NA,NA,NA,NA,NA,NA,NA
Moe's Side Channel,2024-10-24,2024,39.51607798,-121.55764519,ground,140,"LL, AS - 10/24/2024 - Clear - Week 6-1",NA,NA,NA,NA,NA,NA,NA,NA,NA,NA
Moe's Side Channel,2024-10-24,2024,39.51610884,-121.55764473,ground,142,"LL, AS - 10/24/2024 - Clear - Week 6-1",1,NA,NA,NA,NA,NA,NA,NA,NA,NA
Moe's Side Channel,2024-10-24,2024,39.51612317,-121.55762032,ground,143,"LL, AS - 10/24/2024 - Clear - Week 6-1",2,NA,NA,NA,NA,NA,NA,NA,NA,NA
Moe's Side Channel,2024-10-24,2024,39.51610887,-121.5575718,ground,144,"LL, AS - 10/24/2024 - Clear - Week 6-1",1,10,5,50,35,NA,1.2,1.7,0.269,0.12
Moe's Side Channel,2024-10-24,2024,39.51612874,-121.55757707,ground,145,"LL, AS - 10/24/2024 - Clear - Week 6-1",NA,NA,NA,NA,NA,NA,NA,NA,NA,NA
Moe's Side Channel,2024-10-24,2024,39.51611519,-121.55754971,ground,146,"LL, AS - 10/24/2024 - Clear - Week 6-1",2,NA,NA,NA,NA,NA,NA,NA,NA,NA
Moe's Side Channel,2024-10-24,2024,39.51607019,-121.55756717,ground,147,"LL, AS - 10/24/2024 - Clear - Week 6-1",1,NA,NA,NA,NA,NA,NA,NA,NA,NA
Moe's Side Channel,2024-10-24,2024,39.51607908,-121.55756109,ground,148,"LL, AS - 10/24/2024 - Clear - Week 6-1",NA,NA,NA,NA,NA,NA,NA,NA,NA,NA
Moe's Side Channel,2024-10-24,2024,39.51609991,-121.5575205,ground,149,"LL, AS - 10/24/2024 - Clear - Week 6-1",NA,NA,NA,NA,NA,NA,NA,NA,NA,NA
Moe's Side Channel,2024-10-24,2024,39.5160909,-121.55764444,ground,141,"LL, AS - 10/24/2024 - Clear - Week 6-1",2,NA,NA,NA,NA,NA,NA,NA,NA,NA
Moe's Side Channel,2024-10-24,2024,39.51614407,-121.55709975,ground,172,"LL, AS - 10/24/2024 - Clear - Week 6-1",4,NA,NA,NA,NA,NA,NA,NA,NA,NA
Moe's Side Channel,2024-10-24,2024,39.51607114,-121.55858785,ground,87,"LL, AS - 10/24/2024 - Clear - Week 6-1",1,NA,NA,NA,NA,NA,NA,NA,NA,NA
Moe's Side Channel,2024-10-24,2024,39.51608303,-121.55864805,ground,85,"LL, AS - 10/24/2024 - Clear - Week 6-1",NA,NA,NA,NA,NA,NA,NA,NA,NA,NA
Moe's Side Channel,2024-10-24,2024,39.51590409,-121.5594221,ground,24,"LL, AS - 10/24/2024 - Clear - Week 6-1",NA,NA,NA,NA,NA,NA,NA,NA,NA,NA
Moe's Side Channel,2024-10-24,2024,39.51592343,-121.5594091,ground,25,"LL, AS - 10/24/2024 - Clear - Week 6-1",1,NA,NA,NA,NA,NA,NA,NA,NA,NA
Moe's Side Channel,2024-10-24,2024,39.51593894,-121.55940727,ground,26,"LL, AS - 10/24/2024 - Clear - Week 6-1",4,NA,NA,NA,NA,NA,NA,NA,NA,NA
Moe's Side Channel,2024-10-24,2024,39.51593355,-121.55938337,ground,27,"LL, AS - 10/24/2024 - Clear - Week 6-1",1,NA,NA,NA,NA,NA,NA,NA,NA,NA
Moe's Side Channel,2024-10-24,2024,39.51591338,-121.55939063,ground,28,"LL, AS - 10/24/2024 - Clear - Week 6-1",NA,NA,NA,NA,NA,NA,NA,NA,NA,NA
Moe's Side Channel,2024-10-24,2024,39.5158898,-121.5593665,ground,29,"LL, AS - 10/24/2024 - Clear - Week 6-1",1,NA,NA,NA,NA,NA,NA,NA,NA,NA
Moe's Side Channel,2024-10-24,2024,39.5159021,-121.55934787,ground,30,"LL, AS - 10/24/2024 - Clear - Week 6-1",2,NA,NA,NA,NA,NA,NA,NA,NA,NA
Moe's Side Channel,2024-10-24,2024,39.51596662,-121.55935925,ground,31,"LL, AS - 10/24/2024 - Clear - Week 6-1",2,NA,NA,NA,NA,NA,NA,NA,NA,NA
Moe's Side Channel,2024-10-24,2024,39.51594925,-121.55932983,ground,32,"LL, AS - 10/24/2024 - Clear - Week 6-1",1,NA,NA,NA,NA,NA,NA,NA,NA,NA
Moe's Side Channel,2024-10-24,2024,39.51593205,-121.55931881,ground,33,"LL, AS - 10/24/2024 - Clear - Week 6-1",1,NA,NA,NA,NA,NA,NA,NA,NA,NA
Moe's Side Channel,2024-10-24,2024,39.51593905,-121.55929421,ground,34,"LL, AS - 10/24/2024 - Clear - Week 6-1",1,NA,NA,NA,NA,NA,NA,NA,NA,NA
Moe's Side Channel,2024-10-24,2024,39.515952,-121.55928415,ground,35,"LL, AS - 10/24/2024 - Clear - Week 6-1",1,NA,NA,NA,NA,NA,NA,NA,NA,NA
Moe's Side Channel,2024-10-24,2024,39.51595522,-121.55929622,ground,36,"LL, AS - 10/24/2024 - Clear - Week 6-1",NA,NA,NA,NA,NA,NA,NA,NA,NA,NA
Moe's Side Channel,2024-10-24,2024,39.51598451,-121.55930591,ground,37,"LL, AS - 10/24/2024 - Clear - Week 6-1",NA,NA,NA,NA,NA,NA,NA,NA,NA,NA
Moe's Side Channel,2024-10-24,2024,39.51597378,-121.55925867,ground,38,"LL, AS - 10/24/2024 - Clear - Week 6-1",1,NA,NA,NA,NA,NA,NA,NA,NA,NA
Moe's Side Channel,2024-10-24,2024,39.51595358,-121.55925426,ground,39,"LL, AS - 10/24/2024 - Clear - Week 6-1",NA,NA,NA,NA,NA,NA,NA,NA,NA,NA
Moe's Side Channel,2024-10-24,2024,39.51598369,-121.55922497,ground,40,"LL, AS - 10/24/2024 - Clear - Week 6-1",2,NA,NA,NA,NA,NA,NA,NA,NA,NA
Moe's Side Channel,2024-10-24,2024,39.51588071,-121.55943821,ground,23,"LL, AS - 10/24/2024 - Clear - Week 6-1",NA,NA,NA,NA,NA,NA,NA,NA,NA,NA
Moe's Side Channel,2024-10-24,2024,39.51587836,-121.55942778,ground,22,"LL, AS - 10/24/2024 - Clear - Week 6-1",1,NA,NA,NA,NA,NA,NA,NA,NA,NA
Moe's Side Channel,2024-10-24,2024,39.515879579999996,-121.55940461,ground,21,"LL, AS - 10/24/2024 - Clear - Week 6-1",3,NA,5,75,20,NA,1,1.8,0.548,0.36
Moe's Side Channel,2024-10-24,2024,39.51586535,-121.55940122,ground,20,"LL, AS - 10/24/2024 - Clear - Week 6-1",2,NA,NA,NA,NA,NA,NA,NA,NA,NA
Moe's Side Channel,2024-10-24,2024,39.51577839,-121.55951302,ground,2,"LL, AS - 10/24/2024 - Clear - Week 6-1",1,NA,NA,NA,NA,NA,NA,NA,NA,NA
Moe's Side Channel,2024-10-24,2024,39.51579037,-121.55952241,ground,3,"LL, AS - 10/24/2024 - Clear - Week 6-1",NA,NA,NA,NA,NA,NA,NA,NA,NA,NA
Moe's Side Channel,2024-10-24,2024,39.51580651,-121.55953029,ground,4,"LL, AS - 10/24/2024 - Clear - Week 6-1",NA,NA,NA,NA,NA,NA,NA,NA,NA,NA
Moe's Side Channel,2024-10-24,2024,39.51582475,-121.55953241,ground,5,"LL, AS - 10/24/2024 - Clear - Week 6-1",1,NA,NA,NA,NA,NA,NA,NA,NA,NA
Moe's Side Channel,2024-10-24,2024,39.5157875,-121.55954821,ground,6,"LL, AS - 10/24/2024 - Clear - Week 6-1",1,NA,NA,NA,NA,NA,NA,NA,NA,NA
Moe's Side Channel,2024-10-24,2024,39.51579025,-121.55958282,ground,7,"LL, AS - 10/24/2024 - Clear - Week 6-1",NA,NA,NA,NA,NA,NA,NA,NA,NA,NA
Moe's Side Channel,2024-10-24,2024,39.515776,-121.55959544,ground,8,"LL, AS - 10/24/2024 - Clear - Week 6-1",1,NA,NA,NA,NA,NA,NA,NA,NA,NA
Moe's Side Channel,2024-10-24,2024,39.51576423,-121.55959,ground,9,"LL, AS - 10/24/2024 - Clear - Week 6-1",2,NA,NA,NA,NA,NA,NA,NA,NA,NA
Moe's Side Channel,2024-10-24,2024,39.5159972,-121.5592381,ground,41,"LL, AS - 10/24/2024 - Clear - Week 6-1",2,NA,NA,80,20,NA,1.5,1.8,0.259,0.26
Moe's Side Channel,2024-10-24,2024,39.51579537,-121.55948164,ground,10,"LL, AS - 10/24/2024 - Clear - Week 6-1",2,NA,NA,NA,NA,NA,NA,NA,NA,NA
Moe's Side Channel,2024-10-24,2024,39.51582388,-121.55944241,ground,12,"LL, AS - 10/24/2024 - Clear - Week 6-1",2,NA,NA,NA,NA,NA,NA,NA,NA,NA
Moe's Side Channel,2024-10-24,2024,39.51582952,-121.55945753,ground,13,"LL, AS - 10/24/2024 - Clear - Week 6-1",4,NA,NA,NA,NA,NA,NA,NA,NA,NA
Moe's Side Channel,2024-10-24,2024,39.51584441,-121.55947239,ground,14,"LL, AS - 10/24/2024 - Clear - Week 6-1",1,NA,NA,NA,NA,NA,NA,NA,NA,NA
Moe's Side Channel,2024-10-24,2024,39.51584045,-121.55949153,ground,15,"LL, AS - 10/24/2024 - Clear - Week 6-1",2,NA,NA,NA,NA,NA,NA,NA,NA,NA
Moe's Side Channel,2024-10-24,2024,39.51582771,-121.5594974,ground,16,"LL, AS - 10/24/2024 - Clear - Week 6-1",2,NA,NA,NA,NA,NA,NA,NA,NA,NA
Moe's Side Channel,2024-10-24,2024,39.5158591,-121.55945101,ground,17,"LL, AS - 10/24/2024 - Clear - Week 6-1",1,NA,NA,NA,NA,NA,NA,NA,NA,NA
Moe's Side Channel,2024-10-24,2024,39.51585884,-121.55943734,ground,18,"LL, AS - 10/24/2024 - Clear - Week 6-1",2,NA,NA,NA,NA,NA,NA,NA,NA,NA
Moe's Side Channel,2024-10-24,2024,39.51585451,-121.55941973,ground,19,"LL, AS - 10/24/2024 - Clear - Week 6-1",1,NA,NA,NA,NA,NA,NA,NA,NA,NA
Moe's Side Channel,2024-10-24,2024,39.51581458,-121.5594589,ground,11,"LL, AS - 10/24/2024 - Clear - Week 6-1",2,NA,NA,NA,NA,NA,NA,NA,NA,NA
Moe's Side Channel,2024-10-24,2024,39.51599888,-121.55920768,ground,42,"LL, AS - 10/24/2024 - Clear - Week 6-1",1,NA,NA,NA,NA,NA,NA,NA,NA,NA
Moe's Side Channel,2024-10-24,2024,39.51598899,-121.55918899,ground,43,"LL, AS - 10/24/2024 - Clear - Week 6-1",2,NA,NA,NA,NA,NA,NA,NA,NA,NA
Moe's Side Channel,2024-10-24,2024,39.51597665,-121.55920294,ground,44,"LL, AS - 10/24/2024 - Clear - Week 6-1",NA,NA,NA,NA,NA,NA,NA,NA,NA,NA
Moe's Side Channel,2024-10-24,2024,39.51602002,-121.55882893,ground,67,"LL, AS - 10/24/2024 - Clear - Week 6-1",2,NA,NA,NA,NA,NA,NA,NA,NA,NA
Moe's Side Channel,2024-10-24,2024,39.5160395,-121.55881526,ground,68,"LL, AS - 10/24/2024 - Clear - Week 6-1",1,NA,NA,NA,NA,NA,NA,NA,NA,NA
Moe's Side Channel,2024-10-24,2024,39.51605318,-121.55881629,ground,69,"LL, AS - 10/24/2024 - Clear - Week 6-1",2,NA,NA,NA,NA,NA,NA,NA,NA,NA
Moe's Side Channel,2024-10-24,2024,39.51605907,-121.55883646,ground,70,"LL, AS - 10/24/2024 - Clear - Week 6-1",2,NA,NA,NA,NA,NA,NA,NA,NA,NA
Moe's Side Channel,2024-10-24,2024,39.5160867,-121.55877974,ground,71,"LL, AS - 10/24/2024 - Clear - Week 6-1",2,NA,NA,NA,NA,NA,NA,NA,NA,NA
Moe's Side Channel,2024-10-24,2024,39.51605041,-121.55876016,ground,72,"LL, AS - 10/24/2024 - Clear - Week 6-1",NA,NA,NA,NA,NA,NA,NA,NA,NA,NA
Moe's Side Channel,2024-10-24,2024,39.51604135,-121.55870198,ground,73,"LL, AS - 10/24/2024 - Clear - Week 6-1",NA,NA,NA,NA,NA,NA,NA,NA,NA,NA
Moe's Side Channel,2024-10-24,2024,39.51604594,-121.55868408,ground,74,"LL, AS - 10/24/2024 - Clear - Week 6-1",1,NA,NA,NA,NA,NA,NA,NA,NA,NA
Moe's Side Channel,2024-10-24,2024,39.51603316,-121.55883692,ground,66,"LL, AS - 10/24/2024 - Clear - Week 6-1",2,NA,NA,NA,NA,NA,NA,NA,NA,NA
Moe's Side Channel,2024-10-24,2024,39.51602947,-121.55866356,ground,75,"LL, AS - 10/24/2024 - Clear - Week 6-1",1,NA,NA,NA,NA,NA,NA,NA,NA,NA
Moe's Side Channel,2024-10-24,2024,39.51608372,-121.55870091,ground,77,"LL, AS - 10/24/2024 - Clear - Week 6-1",1,NA,NA,NA,NA,NA,NA,NA,NA,NA
Moe's Side Channel,2024-10-24,2024,39.51607894,-121.55872688,ground,78,"LL, AS - 10/24/2024 - Clear - Week 6-1",NA,NA,NA,NA,NA,NA,NA,NA,NA,NA
Moe's Side Channel,2024-10-24,2024,39.51608617,-121.55873572,ground,79,"LL, AS - 10/24/2024 - Clear - Week 6-1",1,NA,NA,NA,NA,NA,NA,NA,NA,NA
Moe's Side Channel,2024-10-24,2024,39.51609082,-121.55872849,ground,80,"LL, AS - 10/24/2024 - Clear - Week 6-1",3,NA,NA,NA,NA,NA,NA,NA,NA,NA
Moe's Side Channel,2024-10-24,2024,39.51604343,-121.55863723,ground,81,"LL, AS - 10/24/2024 - Clear - Week 6-1",2,15,25,40,20,NA,1.3,1.9,0.25,0.46
Moe's Side Channel,2024-10-24,2024,39.51605976,-121.5586212,ground,82,"LL, AS - 10/24/2024 - Clear - Week 6-1",2,NA,NA,NA,NA,NA,NA,NA,NA,NA
Moe's Side Channel,2024-10-24,2024,39.51607481,-121.55862065,ground,83,"LL, AS - 10/24/2024 - Clear - Week 6-1",2,NA,NA,NA,NA,NA,NA,NA,NA,NA
Moe's Side Channel,2024-10-24,2024,39.51608654,-121.55862437,ground,84,"LL, AS - 10/24/2024 - Clear - Week 6-1",2,NA,NA,NA,NA,NA,NA,NA,NA,NA
Moe's Side Channel,2024-10-24,2024,39.5160696,-121.55869369,ground,76,"LL, AS - 10/24/2024 - Clear - Week 6-1",NA,NA,NA,NA,NA,NA,NA,NA,NA,NA
Moe's Side Channel,2024-10-24,2024,39.5160811,-121.55867185,ground,86,"LL, AS - 10/24/2024 - Clear - Week 6-1",NA,NA,NA,NA,NA,NA,NA,NA,NA,NA
Moe's Side Channel,2024-10-24,2024,39.51605037,-121.55886444,ground,65,"LL, AS - 10/24/2024 - Clear - Week 6-1",2,NA,NA,NA,NA,NA,NA,NA,NA,NA
Moe's Side Channel,2024-10-24,2024,39.51599161,-121.55892235,ground,63,"LL, AS - 10/24/2024 - Clear - Week 6-1",2,NA,NA,NA,NA,NA,NA,NA,NA,NA
Moe's Side Channel,2024-10-24,2024,39.51597005,-121.55918165,ground,45,"LL, AS - 10/24/2024 - Clear - Week 6-1",1,NA,NA,NA,NA,NA,NA,NA,NA,NA
Moe's Side Channel,2024-10-24,2024,39.51599129,-121.55915992,ground,46,"LL, AS - 10/24/2024 - Clear - Week 6-1",4,NA,NA,NA,NA,NA,NA,NA,NA,NA
Moe's Side Channel,2024-10-24,2024,39.51597956,-121.55914641,ground,47,"LL, AS - 10/24/2024 - Clear - Week 6-1",2,NA,NA,NA,NA,NA,NA,NA,NA,NA
Moe's Side Channel,2024-10-24,2024,39.51598903,-121.55913329,ground,48,"LL, AS - 10/24/2024 - Clear - Week 6-1",2,NA,NA,NA,NA,NA,NA,NA,NA,NA
Moe's Side Channel,2024-10-24,2024,39.51598179,-121.55911186,ground,49,"LL, AS - 10/24/2024 - Clear - Week 6-1",6,NA,NA,NA,NA,NA,NA,NA,NA,NA
Moe's Side Channel,2024-10-24,2024,39.51598813,-121.55908557,ground,50,"LL, AS - 10/24/2024 - Clear - Week 6-1",4,NA,NA,NA,NA,NA,NA,NA,NA,NA
Moe's Side Channel,2024-10-24,2024,39.51596542,-121.55908267,ground,51,"LL, AS - 10/24/2024 - Clear - Week 6-1",1,NA,NA,NA,NA,NA,NA,NA,NA,NA
Moe's Side Channel,2024-10-24,2024,39.51596749,-121.55904636,ground,52,"LL, AS - 10/24/2024 - Clear - Week 6-1",3,NA,NA,NA,NA,NA,NA,NA,NA,NA
Moe's Side Channel,2024-10-24,2024,39.51603578,-121.55887797,ground,64,"LL, AS - 10/24/2024 - Clear - Week 6-1",1,NA,NA,NA,NA,NA,NA,NA,NA,NA
Moe's Side Channel,2024-10-24,2024,39.51601341,-121.55907305,ground,53,"LL, AS - 10/24/2024 - Clear - Week 6-1",1,NA,NA,NA,NA,NA,NA,NA,NA,NA
Moe's Side Channel,2024-10-24,2024,39.51601553,-121.5589978,ground,55,"LL, AS - 10/24/2024 - Clear - Week 6-1",2,NA,NA,NA,NA,NA,NA,NA,NA,NA
Moe's Side Channel,2024-10-24,2024,39.51600331,-121.55899164,ground,56,"LL, AS - 10/24/2024 - Clear - Week 6-1",1,NA,NA,NA,NA,NA,NA,NA,NA,NA
Moe's Side Channel,2024-10-24,2024,39.51604393,-121.55899556,ground,57,"LL, AS - 10/24/2024 - Clear - Week 6-1",1,NA,NA,NA,NA,NA,NA,NA,NA,NA
Moe's Side Channel,2024-10-24,2024,39.51605769,-121.55899172,ground,58,"LL, AS - 10/24/2024 - Clear - Week 6-1",1,NA,NA,NA,NA,NA,NA,NA,NA,NA
Moe's Side Channel,2024-10-24,2024,39.51606232,-121.55899858,ground,59,"LL, AS - 10/24/2024 - Clear - Week 6-1",1,NA,NA,NA,NA,NA,NA,NA,NA,NA
Moe's Side Channel,2024-10-24,2024,39.5160527,-121.55894891,ground,60,"LL, AS - 10/24/2024 - Clear - Week 6-1",1,NA,NA,NA,NA,NA,NA,NA,NA,NA
Moe's Side Channel,2024-10-24,2024,39.51604514,-121.55892036,ground,61,"LL, AS - 10/24/2024 - Clear - Week 6-1",2,5,5,50,40,NA,2,2.1,0.189,0.4
Moe's Side Channel,2024-10-24,2024,39.51602774,-121.5589227,ground,62,"LL, AS - 10/24/2024 - Clear - Week 6-1",1,NA,NA,NA,NA,NA,NA,NA,NA,NA
Moe's Side Channel,2024-10-24,2024,39.51602859,-121.55904619,ground,54,"LL, AS - 10/24/2024 - Clear - Week 6-1",NA,NA,NA,NA,NA,NA,NA,NA,NA,NA
Moe's Side Channel,2024-10-24,2024,39.51612095,-121.55708251,ground,173,"LL, AS - 10/24/2024 - Clear - Week 6-1",1,NA,NA,NA,NA,NA,NA,NA,NA,NA
Eye Riffle,2024-11-07,2024,39.45742469,-121.6140058,ground,24,"LL, PR - 11/7/2024 - Clear - Week 8-1",NA,NA,40,40,20,NA,1.7,2.5,1.003,0.38
Eye Riffle,2024-11-07,2024,39.4576054,-121.61375058,ground,21,"LL, PR - 11/7/2024 - Clear - Week 8-1",1,15,30,35,20,NA,2.6,2,0.428,0.36
Eye Riffle,2024-11-07,2024,39.45760023,-121.61386373,ground,22,"LL, PR - 11/7/2024 - Clear - Week 8-1",1,NA,10,60,30,NA,1.1,1.8,0.615,0.58
Eye Riffle,2024-11-07,2024,39.45753059,-121.61394025,ground,23,"LL, PR - 11/7/2024 - Clear - Week 8-1",1,10,25,35,30,NA,2.9,3.1,0.872,0.5
Eye Side Channel,2024-11-07,2024,39.45809283,-121.61296899,ground,11,"LL, PR - 11/7/2024 - Clear - Week 8-1",1,10,40,40,10,NA,5,3.9,0.425,0.52
Eye Side Channel,2024-11-07,2024,39.45813918,-121.61284051,ground,12,"LL, PR - 11/7/2024 - Clear - Week 8-1",1,NA,5,65,30,NA,1.1,1.5,0.611,0.62
Eye Side Channel,2024-11-07,2024,39.45805025,-121.61280224,ground,14,"LL, PR - 11/7/2024 - Clear - Week 8-1",NA,5,20,55,20,NA,3.2,4.4,1.102,0.5
Eye Side Channel,2024-11-07,2024,39.45765574,-121.61290387,ground,15,"LL, PR - 11/7/2024 - Clear - Week 8-1",NA,NA,NA,55,20,25,1.1,1.6,0.195,0.22
Eye Side Channel,2024-11-07,2024,39.4573162,-121.6129088,ground,16,"LL, PR - 11/7/2024 - Clear - Week 8-1",NA,NA,NA,70,30,NA,3.1,4,1.467,0.5
Eye Side Channel,2024-11-07,2024,39.45722065,-121.61307017,ground,17,"LL, PR - 11/7/2024 - Clear - Week 8-1",NA,NA,5,70,25,NA,2.2,4.9,0.664,0.4
Eye Side Channel,2024-11-07,2024,39.45705298,-121.6131839,ground,19,"LL, PR - 11/7/2024 - Clear - Week 8-1",NA,NA,NA,60,40,NA,1.9,2.5,0.939,0.3
Eye Side Channel,2024-11-07,2024,39.45715111,-121.61318959,ground,20,"LL, PR - 11/7/2024 - Clear - Week 8-1",NA,NA,5,70,25,NA,2.3,2,0.506,0.32
Eye Side Channel,2024-11-07,2024,39.45819797,-121.61278861,ground,13,"LL, PR - 11/7/2024 - Clear - Week 8-1",1,NA,25,25,25,25,2.9,5.9,0.325,0.6
Gateway Riffle,2024-11-07,2024,39.45603754,-121.62708787,ground,28,"LL, PR - 11/7/2024 - Clear - Week 8-1",2,NA,10,65,25,NA,2.1,4,0.28,0.48
Gateway Riffle,2024-11-07,2024,39.45594468,-121.62788249,ground,29,"LL, PR - 11/7/2024 - Clear - Week 8-1",1,NA,NA,40,40,20,1.1,3.2,0.355,0.38
Gateway Riffle,2024-11-07,2024,39.45595777,-121.62789479,ground,30,"LL, PR - 11/7/2024 - Clear - Week 8-1",2,NA,NA,90,10,NA,1,1.9,0.344,0.36
Gateway Riffle,2024-11-07,2024,39.4561114,-121.62785941,ground,31,"LL, PR - 11/7/2024 - Clear - Week 8-1",1,NA,5,70,25,NA,1.96,2.5,0.426,0.32
Gateway Riffle,2024-11-07,2024,39.45612641,-121.62799838,ground,32,"LL, PR - 11/7/2024 - Clear - Week 8-1",1,NA,NA,60,15,25,2.4,3.8,0.701,0.26
Gateway Riffle,2024-11-07,2024,39.45611015,-121.62801574,ground,33,"LL, PR - 11/7/2024 - Clear - Week 8-1",1,NA,5,45,25,25,2.6,3.9,0.486,0.36
Gateway Riffle,2024-11-07,2024,39.45617295,-121.62816767,ground,34,"LL, PR - 11/7/2024 - Clear - Week 8-1",2,NA,20,40,35,5,3.6,4.2,0.877,0.2
Gateway Riffle,2024-11-07,2024,39.45602362,-121.62709474,ground,27,"LL, PR - 11/7/2024 - Clear - Week 8-1",1,NA,25,45,25,5,2,3,0.242,0.38
Gateway Riffle,2024-11-07,2024,39.45615044,-121.62740764,ground,26,"LL, PR - 11/7/2024 - Clear - Week 8-1",NA,NA,NA,80,20,NA,1,1.5,0.454,0.4
Gateway Riffle,2024-11-07,2024,39.45659248,-121.62560879,ground,25,"LL, PR - 11/7/2024 - Clear - Week 8-1",NA,NA,NA,70,30,NA,3,3.6,0.588,0.9
Gateway Riffle,2024-11-07,2024,39.45708632,-121.61314324,ground,18,"LL, PR - 11/7/2024 - Clear - Week 8-1",1,NA,NA,80,20,NA,2,2.1,1.156,0.5
Trailer Park,2024-11-07,2024,39.49698681,-121.57911617,ground,35,"LL, PR - 11/7/2024 - Clear - Week 8-1",NA,NA,5,65,30,NA,2.5,2.4,0.106,0.34
Trailer Park,2024-11-07,2024,39.4970501,-121.57894435,ground,36,"LL, PR - 11/7/2024 - Clear - Week 8-1",NA,NA,NA,80,20,NA,2.4,3.9,0.092,0.36
Trailer Park,2024-11-07,2024,39.49707463,-121.57892127,ground,37,"LL, PR - 11/7/2024 - Clear - Week 8-1",1,NA,10,40,35,15,3.5,3.8,0.152,0.44
Trailer Park,2024-11-07,2024,39.49705738,-121.57886281,ground,38,"LL, PR - 11/7/2024 - Clear - Week 8-1",NA,NA,NA,60,40,NA,2.1,3.1,0.28,0.058
Trailer Park,2024-11-07,2024,39.49701058,-121.57876846,ground,39,"LL, PR - 11/7/2024 - Clear - Week 8-1",1,NA,NA,25,60,15,2.5,3.8,0.746,0.16
Trailer Park,2024-11-07,2024,39.49700008,-121.57879535,ground,40,"LL, PR - 11/7/2024 - Clear - Week 8-1",NA,NA,NA,60,40,NA,1.8,1.7,0.764,0.16
Trailer Park,2024-11-07,2024,39.49704517,-121.57874622,ground,41,"LL, PR - 11/7/2024 - Clear - Week 8-1",1,NA,NA,50,50,NA,2.2,2.8,1.152,0.32
Trailer Park,2024-11-07,2024,39.4971078,-121.57878336,ground,42,"LL, PR - 11/7/2024 - Clear - Week 8-1",2,NA,NA,60,40,NA,1.9,2.3,0.52,0.64
Trailer Park,2024-11-07,2024,39.4970988,-121.57881517,ground,43,"LL, PR - 11/7/2024 - Clear - Week 8-1",1,NA,NA,50,35,15,3.1,2.8,0.391,0.72
Trailer Park,2024-11-07,2024,39.49713015,-121.57889407,ground,44,"LL, PR - 11/7/2024 - Clear - Week 8-1",1,NA,5,45,35,15,2.8,3.7,0.208,0.66
Trailer Park,2024-11-07,2024,39.49722262,-121.57884245,ground,45,"LL, PR - 11/7/2024 - Clear - Week 8-1",1,NA,NA,60,30,10,3,3.4,0.207,0.84
Trailer Park,2024-11-07,2024,39.4971775,-121.57881736,ground,46,"LL, PR - 11/7/2024 - Clear - Week 8-1",2,NA,NA,55,30,15,1.6,2.2,0.348,0.78
Trailer Park,2024-11-07,2024,39.49722349,-121.57879722,ground,47,"LL, PR - 11/7/2024 - Clear - Week 8-1",NA,NA,NA,75,15,10,3,3.6,0.47,1.2
Trailer Park,2024-11-07,2024,39.49720799,-121.57872416,ground,48,"LL, PR - 11/7/2024 - Clear - Week 8-1",1,NA,NA,45,35,20,2.7,4.1,0.178,0.98
Trailer Park,2024-11-07,2024,39.49724739,-121.57864864,ground,49,"LL, PR - 11/7/2024 - Clear - Week 8-1",NA,NA,NA,60,35,5,2.4,3.6,0.232,0.7
Trailer Park,2024-11-07,2024,39.49720291,-121.57865313,ground,50,"LL, PR - 11/7/2024 - Clear - Week 8-1",3,NA,20,40,35,5,2.8,2.8,0.407,0.42
Weir Riffle,2024-11-07,2024,39.46094662,-121.60915603,ground,1,"LL, PR - 11/7/2024 - Clear - Week 8-1",1,20,30,30,20,NA,3.7,4.3,0.634,0.36
Weir Riffle,2024-11-07,2024,39.46097156,-121.60915573,ground,2,"LL, PR - 11/7/2024 - Clear - Week 8-1",1,15,25,40,20,NA,2.8,4.5,0.874,0.36
Weir Riffle,2024-11-07,2024,39.46097922,-121.60910184,ground,3,"LL, PR - 11/7/2024 - Clear - Week 8-1",2,5,15,60,15,5,3,3.5,0.873,0.46
Weir Riffle,2024-11-07,2024,39.46095555,-121.6090239,ground,4,"LL, PR - 11/7/2024 - Clear - Week 8-1",2,5,20,60,15,NA,1.5,2,0.742,0.46
Weir Riffle,2024-11-07,2024,39.46097116,-121.60902008,ground,5,"LL, PR - 11/7/2024 - Clear - Week 8-1",2,25,25,45,5,NA,2.1,2.9,0.866,0.46
Weir Riffle,2024-11-07,2024,39.46094528,-121.60897923,ground,6,"LL, PR - 11/7/2024 - Clear - Week 8-1",2,5,15,45,35,NA,2.8,1.9,0.532,0.44
Weir Riffle,2024-11-07,2024,39.46091348,-121.6089639,ground,7,"LL, PR - 11/7/2024 - Clear - Week 8-1",1,5,10,70,15,NA,2,2.4,0.429,0.32
Weir Riffle,2024-11-07,2024,39.46090982,-121.60900169,ground,8,"LL, PR - 11/7/2024 - Clear - Week 8-1",1,5,15,45,35,NA,2.62,2.86,0.279,0.28
Weir Riffle,2024-11-07,2024,39.46102596,-121.60856955,ground,9,"LL, PR - 11/7/2024 - Clear - Week 8-1",2,NA,20,70,10,NA,2.8,2.1,0.607,0.48
Weir Riffle,2024-11-07,2024,39.46092426,-121.60901288,ground,10,"LL, PR - 11/7/2024 - Clear - Week 8-1",1,10,25,45,20,NA,2.1,2.9,0.693,0.28
Bedrock Riffle,2025-09-18,2025,39.51296998,-121.56978358,ground,10,"ll, br - 9/18/2025 - Cloudy - 1-1",1,NA,10,40,50,NA,0.96,1.14,0.371,0.4
Bedrock Riffle,2025-09-18,2025,39.5127528,-121.56999054,ground,9,"ll, br - 9/18/2025 - Cloudy - 1-1",3,NA,20,40,40,NA,0.88,2.02,0.503,0.66
Bedrock Riffle,2025-09-18,2025,39.51293782,-121.56984873,ground,8,"ll, br - 9/18/2025 - Cloudy - 1-1",2,NA,NA,50,50,NA,1.02,1.7,0.407,0.34
Bedrock Riffle,2025-09-18,2025,39.51293676,-121.56988444,ground,7,"ll, br - 9/18/2025 - Cloudy - 1-1",2,NA,NA,40,60,NA,1,1.96,0.367,0.36
Bedrock Riffle,2025-09-18,2025,39.51282709,-121.5700979,ground,6,"ll, br - 9/18/2025 - Cloudy - 1-1",1,NA,5,55,40,NA,0.98,1.18,0.357,0.46
Bedrock Riffle,2025-09-18,2025,39.51282181,-121.57014561,ground,5,"ll, br - 9/18/2025 - Cloudy - 1-1",2,NA,10,55,35,NA,1.02,1.32,0.286,0.32
Bedrock Riffle,2025-09-18,2025,39.51283738,-121.57015329,ground,4,"ll, br - 9/18/2025 - Cloudy - 1-1",1,10,10,40,40,NA,0.94,1.62,0.331,0.3
Bedrock Riffle,2025-09-18,2025,39.51282036,-121.57040954,ground,3,"ll, br - 9/18/2025 - Cloudy - 1-1",2,NA,NA,60,40,NA,1.1,2,0.362,0.3
Bedrock Riffle,2025-09-18,2025,39.5127929,-121.57050551,ground,2,"ll, br - 9/18/2025 - Cloudy - 1-1",1,NA,15,70,15,NA,0.96,1.2,0.347,0.38
Bedrock Riffle,2025-09-18,2025,39.512782,-121.57049245,ground,1,"ll, br - 9/18/2025 - Cloudy - 1-1",NA,NA,NA,60,40,NA,0.72,1.1,0.245,0.32
Below Lower Auditorium,2025-09-18,2025,39.51531585,-121.56122578,ground,12,"ll, br - 9/18/2025 - Cloudy - 1-1",1,NA,NA,70,30,NA,0.98,2.14,0.489,0.9
Below Lower Auditorium,2025-09-18,2025,39.51543604,-121.561246,ground,11,"ll, br - 9/18/2025 - Cloudy - 1-1",NA,NA,NA,70,30,NA,0.88,1.04,0.289,0.36
Hatchery Riffle,2025-09-18,2025,39.51595624,-121.55459595,ground,72,"ll, br - 9/18/2025 - Cloudy - 1-1",1,NA,NA,90,10,NA,0.98,1.72,0.875,0.46
Hatchery Riffle,2025-09-18,2025,39.51592686,-121.5547006,ground,71,"ll, br - 9/18/2025 - Cloudy - 1-1",1,NA,15,65,20,NA,1.14,1.88,0.767,0.5
Hatchery Riffle,2025-09-18,2025,39.51593224,-121.55456792,ground,73,"ll, br - 9/18/2025 - Cloudy - 1-1",1,NA,NA,70,30,NA,1.06,1.58,1.005,0.46
Hatchery Riffle,2025-09-18,2025,39.51596939,-121.55455857,ground,74,"ll, br - 9/18/2025 - Cloudy - 1-1",NA,NA,10,60,30,NA,1.12,1.52,1.097,0.4
Hatchery Riffle,2025-09-18,2025,39.51603151,-121.5543599,ground,76,"ll, br - 9/18/2025 - Cloudy - 1-1",2,NA,40,40,20,NA,1.26,2.14,0.304,0.44
Hatchery Riffle,2025-09-18,2025,39.51607937,-121.5543721,ground,75,"ll, br - 9/18/2025 - Cloudy - 1-1",1,10,25,45,20,NA,1.3,1.82,0.563,0.22
Hatchery Riffle,2025-09-18,2025,39.51596196,-121.55430731,ground,80,"ll, br - 9/18/2025 - Cloudy - 1-1",2,NA,10,60,30,NA,1.5,2.88,0.675,0.46
Hatchery Riffle,2025-09-18,2025,39.51592988,-121.55439594,ground,79,"ll, br - 9/18/2025 - Cloudy - 1-1",5,NA,25,50,25,NA,1.62,2.94,0.621,0.68
Hatchery Riffle,2025-09-18,2025,39.51600687,-121.55439304,ground,78,"ll, br - 9/18/2025 - Cloudy - 1-1",2,NA,15,60,25,NA,1,1.36,0.778,0.38
Hatchery Riffle,2025-09-18,2025,39.51601199,-121.5543439,ground,77,"ll, br - 9/18/2025 - Cloudy - 1-1",NA,NA,20,50,30,NA,1.18,1.88,0.636,0.38
Lower Auditorium,2025-09-18,2025,39.5155657,-121.56065699,ground,25,"ll, br - 9/18/2025 - Cloudy - 1-1",2,NA,NA,50,50,NA,1.22,1.76,0.474,0.22
Lower Auditorium,2025-09-18,2025,39.51545639,-121.56058984,ground,21,"ll, br - 9/18/2025 - Cloudy - 1-1",4,NA,NA,30,70,NA,0.96,1.24,0.513,0.4
Lower Auditorium,2025-09-18,2025,39.51523233,-121.56067739,ground,19,"ll, br - 9/18/2025 - Cloudy - 1-1",NA,10,25,35,30,NA,1.28,2.48,0.936,0.66
Lower Auditorium,2025-09-18,2025,39.51522848,-121.56074759,ground,18,"ll, br - 9/18/2025 - Cloudy - 1-1",1,NA,30,40,30,NA,1.26,2.1,1.144,0.58
Lower Auditorium,2025-09-18,2025,39.51541518,-121.56084884,ground,17,"ll, br - 9/18/2025 - Cloudy - 1-1",1,NA,20,60,20,NA,1.18,3.02,0.417,0.78
Lower Auditorium,2025-09-18,2025,39.51543649,-121.56085941,ground,16,"ll, br - 9/18/2025 - Cloudy - 1-1",1,5,10,60,25,NA,1.58,2.2,0.668,0.72
Lower Auditorium,2025-09-18,2025,39.51560867,-121.56076762,ground,15,"ll, br - 9/18/2025 - Cloudy - 1-1",1,NA,NA,25,75,NA,1.22,1.7,0.541,0.3
Lower Auditorium,2025-09-18,2025,39.51562041,-121.56079031,ground,14,"ll, br - 9/18/2025 - Cloudy - 1-1",1,NA,NA,25,75,NA,0.92,1.18,0.458,0.22
Lower Auditorium,2025-09-18,2025,39.5155802,-121.56081382,ground,13,"ll, br - 9/18/2025 - Cloudy - 1-1",1,NA,NA,70,30,NA,0.82,1.3,0.155,0.4
Lower Auditorium,2025-09-18,2025,39.5155278,-121.56053033,ground,22,"ll, br - 9/18/2025 - Cloudy - 1-1",4,NA,NA,80,20,NA,0.88,1.04,0.695,0.34
Lower Auditorium,2025-09-18,2025,39.51554338,-121.56052659,ground,23,"ll, br - 9/18/2025 - Cloudy - 1-1",5,NA,NA,85,15,NA,0.8,1.6,0.24,0.28
Lower Auditorium,2025-09-18,2025,39.5155062,-121.56060149,ground,24,"ll, br - 9/18/2025 - Cloudy - 1-1",3,NA,NA,70,30,NA,1,2.08,0.466,0.5
Lower Auditorium,2025-09-18,2025,39.51592809,-121.56055009,ground,30,"ll, br - 9/18/2025 - Cloudy - 1-1",1,NA,NA,30,45,25,0.96,1.58,0.389,0.12
Lower Auditorium,2025-09-18,2025,39.51586481,-121.56072272,ground,29,"ll, br - 9/18/2025 - Cloudy - 1-1",1,NA,5,70,20,5,1.2,1.46,0.313,0.16
Lower Auditorium,2025-09-18,2025,39.51572868,-121.56076182,ground,28,"ll, br - 9/18/2025 - Cloudy - 1-1",1,NA,NA,20,80,NA,0.96,1.92,0.21,0.44
Lower Auditorium,2025-09-18,2025,39.51571729,-121.56076761,ground,27,"ll, br - 9/18/2025 - Cloudy - 1-1",2,NA,NA,70,30,NA,1.02,1.62,0.186,0.42
Lower Auditorium,2025-09-18,2025,39.51561967,-121.56072375,ground,26,"ll, br - 9/18/2025 - Cloudy - 1-1",1,NA,NA,40,60,NA,1.3,1.52,0.149,0.3
Lower Table Mountain,2025-09-18,2025,39.5152468,-121.56059943,ground,20,"ll, br - 9/18/2025 - Cloudy - 1-1",1,NA,20,60,20,NA,1.52,2.12,0.711,0.7
Middle Auditorium,2025-09-18,2025,39.51569405,-121.55927107,ground,40,"ll, br - 9/18/2025 - Cloudy - 1-1",NA,10,10,30,50,NA,1.12,1.98,0.313,0.32
Middle Auditorium,2025-09-18,2025,39.51568254,-121.55928475,ground,39,"ll, br - 9/18/2025 - Cloudy - 1-1",1,NA,NA,70,30,NA,1.08,1.6,0.203,0.42
Middle Auditorium,2025-09-18,2025,39.51563475,-121.55929261,ground,38,"ll, br - 9/18/2025 - Cloudy - 1-1",NA,NA,NA,50,50,NA,1.04,1.76,0.375,0.68
Middle Auditorium,2025-09-18,2025,39.51560154,-121.55929686,ground,37,"ll, br - 9/18/2025 - Cloudy - 1-1",1,NA,10,70,20,NA,1.16,2.18,0.595,0.62
Middle Auditorium,2025-09-18,2025,39.51556204,-121.55938459,ground,35,"ll, br - 9/18/2025 - Cloudy - 1-1",1,NA,20,40,40,NA,1.18,1.92,0.756,0.58
Middle Auditorium,2025-09-18,2025,39.5156582,-121.55934755,ground,34,"ll, br - 9/18/2025 - Cloudy - 1-1",1,NA,NA,70,25,5,0.76,1.28,0.3,0.46
Middle Auditorium,2025-09-18,2025,39.51568054,-121.55938425,ground,33,"ll, br - 9/18/2025 - Cloudy - 1-1",1,NA,10,40,40,10,1.4,2.16,0.197,0.36
Middle Auditorium,2025-09-18,2025,39.5156575,-121.55942172,ground,32,"ll, br - 9/18/2025 - Cloudy - 1-1",1,10,10,65,15,NA,1.18,1.62,0.332,0.4
Middle Auditorium,2025-09-18,2025,39.51565749,-121.55945858,ground,31,"ll, br - 9/18/2025 - Cloudy - 1-1",NA,5,15,60,20,NA,1.06,2,0.24,0.42
Middle Auditorium,2025-09-18,2025,39.51558249,-121.55929615,ground,36,"ll, br - 9/18/2025 - Cloudy - 1-1",NA,NA,5,75,20,NA,1.28,2.38,0.642,0.64
Moe's Side Channel,2025-09-18,2025,39.51606762,-121.55709659,ground,50,"ll, br - 9/18/2025 - Cloudy - 1-1",3,NA,20,50,30,NA,1.06,1.62,0.209,0.32
Moe's Side Channel,2025-09-18,2025,39.51611916,-121.55750605,ground,48,"ll, br - 9/18/2025 - Cloudy - 1-1",5,NA,NA,25,75,NA,1.02,1.14,0.335,0.14
Moe's Side Channel,2025-09-18,2025,39.51611047,-121.55763359,ground,47,"ll, br - 9/18/2025 - Cloudy - 1-1",1,NA,NA,70,30,NA,0.96,1.46,0.28,0.16
Moe's Side Channel,2025-09-18,2025,39.51611606,-121.5576853,ground,46,"ll, br - 9/18/2025 - Cloudy - 1-1",1,NA,NA,50,50,NA,1,1.34,0.562,0.1
Moe's Side Channel,2025-09-18,2025,39.51608027,-121.5585698,ground,45,"ll, br - 9/18/2025 - Cloudy - 1-1",2,NA,NA,30,70,NA,1.8,1.92,0.178,0.32
Moe's Side Channel,2025-09-18,2025,39.51607703,-121.55860403,ground,44,"ll, br - 9/18/2025 - Cloudy - 1-1",2,NA,NA,70,30,NA,0.84,1.72,0.317,0.24
Moe's Side Channel,2025-09-18,2025,39.51599241,-121.55898744,ground,43,"ll, br - 9/18/2025 - Cloudy - 1-1",2,NA,NA,80,20,NA,0.88,1.1,0.22,0.3
Moe's Side Channel,2025-09-18,2025,39.51588822,-121.55936511,ground,42,"ll, br - 9/18/2025 - Cloudy - 1-1",1,NA,NA,70,30,NA,0.6,1.14,0.539,0.28
Moe's Side Channel,2025-09-18,2025,39.51572513,-121.55960201,ground,41,"ll, br - 9/18/2025 - Cloudy - 1-1",1,NA,NA,55,45,NA,1.1,1.58,0.094,0.22
Moe's Side Channel,2025-09-18,2025,39.51610913,-121.55746425,ground,49,"ll, br - 9/18/2025 - Cloudy - 1-1",5,NA,NA,50,50,NA,1.12,1.5,0.1,0.22
Top of Auditorium,2025-09-18,2025,39.51614575,-121.55697744,ground,52,"ll, br - 9/18/2025 - Cloudy - 1-1",1,NA,NA,70,30,NA,1.02,1.84,0.231,0.3
Top of Auditorium,2025-09-18,2025,39.51631827,-121.55686165,ground,60,"ll, br - 9/18/2025 - Cloudy - 1-1",3,NA,NA,35,65,NA,1.2,2.18,0.504,0.1
Top of Auditorium,2025-09-18,2025,39.51627734,-121.55686642,ground,59,"ll, br - 9/18/2025 - Cloudy - 1-1",2,NA,NA,25,75,NA,1.14,1.98,0.628,0.26
Top of Auditorium,2025-09-18,2025,39.51627765,-121.55692123,ground,58,"ll, br - 9/18/2025 - Cloudy - 1-1",3,NA,10,40,50,NA,1,1.52,0.444,0.28
Top of Auditorium,2025-09-18,2025,39.51623303,-121.55691011,ground,57,"ll, br - 9/18/2025 - Cloudy - 1-1",1,NA,NA,50,50,NA,1.12,1.4,0.532,0.16
Top of Auditorium,2025-09-18,2025,39.51621508,-121.55693599,ground,56,"ll, br - 9/18/2025 - Cloudy - 1-1",2,NA,NA,70,30,NA,1.06,1.92,0.23,0.2
Top of Auditorium,2025-09-18,2025,39.51620799,-121.55699189,ground,55,"ll, br - 9/18/2025 - Cloudy - 1-1",3,NA,NA,30,70,NA,1.1,1.72,0.759,0.36
Top of Auditorium,2025-09-18,2025,39.5161836,-121.55701876,ground,54,"ll, br - 9/18/2025 - Cloudy - 1-1",3,NA,NA,55,45,NA,1.16,2.32,0.477,0.38
Top of Auditorium,2025-09-18,2025,39.5161648,-121.55698421,ground,53,"ll, br - 9/18/2025 - Cloudy - 1-1",2,NA,NA,25,75,NA,0.96,1.98,0.294,0.26
Top of Auditorium,2025-09-18,2025,39.51614661,-121.55702662,ground,51,"ll, br - 9/18/2025 - Cloudy - 1-1",2,NA,NA,55,45,NA,1.48,2.02,0.505,0.34
Trailer Park,2025-09-18,2025,39.49716514,-121.57879279,ground,98,"ll, br - 9/18/2025 - Cloudy - 1-1",2,NA,10,75,10,5,1.6,2.92,0.25,0.76
Trailer Park,2025-09-18,2025,39.49718626,-121.57881056,ground,97,"ll, br - 9/18/2025 - Cloudy - 1-1",2,NA,NA,60,35,5,1.22,1.76,0.417,0.78
Trailer Park,2025-09-18,2025,39.4971862,-121.57883479,ground,96,"ll, br - 9/18/2025 - Cloudy - 1-1",3,NA,10,40,30,20,1.08,2.18,0.432,0.72
Trailer Park,2025-09-18,2025,39.49716462,-121.57883216,ground,95,"ll, br - 9/18/2025 - Cloudy - 1-1",1,NA,NA,40,50,10,1.26,2.26,0.438,0.64
Trailer Park,2025-09-18,2025,39.49714584,-121.57885518,ground,94,"ll, br - 9/18/2025 - Cloudy - 1-1",2,NA,NA,60,30,10,1.22,1.6,0.425,0.52
Trailer Park,2025-09-18,2025,39.49712399,-121.57889231,ground,93,"ll, br - 9/18/2025 - Cloudy - 1-1",1,NA,NA,80,15,5,1.04,1.98,0.386,0.52
Trailer Park,2025-09-18,2025,39.49706871,-121.57885056,ground,92,"ll, br - 9/18/2025 - Cloudy - 1-1",1,NA,15,60,25,NA,1.68,2.18,0.282,0.4
Trailer Park,2025-09-18,2025,39.49709215,-121.57890892,ground,91,"ll, br - 9/18/2025 - Cloudy - 1-1",1,NA,15,30,40,15,1.4,3.2,0.401,0.42
Trailer Park,2025-09-18,2025,39.49713813,-121.57881434,ground,99,"ll, br - 9/18/2025 - Cloudy - 1-1",3,NA,NA,50,30,20,1.16,1.58,0.747,0.64
Trailer Park,2025-09-18,2025,39.49693245,-121.57926228,ground,100,"ll, br - 9/18/2025 - Cloudy - 1-1",4,NA,10,40,40,10,0.7,1.3,0.27,0.3
Upper Auditorium,2025-09-18,2025,39.51591751,-121.55676318,ground,65,"ll, br - 9/18/2025 - Cloudy - 1-1",1,NA,15,65,20,NA,1.1,2.18,0.834,0.42
Upper Auditorium,2025-09-18,2025,39.51585536,-121.55675573,ground,66,"ll, br - 9/18/2025 - Cloudy - 1-1",4,NA,20,50,30,NA,1.2,2.34,0.913,0.42
Upper Auditorium,2025-09-18,2025,39.51583182,-121.55670681,ground,67,"ll, br - 9/18/2025 - Cloudy - 1-1",2,NA,5,55,40,NA,1.2,2.26,0.428,0.52
Upper Auditorium,2025-09-18,2025,39.51580928,-121.5568422,ground,69,"ll, br - 9/18/2025 - Cloudy - 1-1",3,NA,NA,90,10,NA,1.1,1.86,1.294,0.34
Upper Auditorium,2025-09-18,2025,39.51587504,-121.55691021,ground,70,"ll, br - 9/18/2025 - Cloudy - 1-1",2,NA,30,40,30,NA,1.52,2.5,0.959,0.32
Upper Auditorium,2025-09-18,2025,39.51593411,-121.55673337,ground,64,"ll, br - 9/18/2025 - Cloudy - 1-1",2,10,20,50,20,NA,1.56,2.04,0.651,0.32
Upper Auditorium,2025-09-18,2025,39.51574134,-121.55664586,ground,68,"ll, br - 9/18/2025 - Cloudy - 1-1",2,NA,NA,80,15,5,1.06,2.1,0.763,0.6
Upper Auditorium,2025-09-18,2025,39.51604257,-121.55653842,ground,63,"ll, br - 9/18/2025 - Cloudy - 1-1",2,5,25,40,30,NA,1.48,1.96,0.54,0.26
Upper Auditorium,2025-09-18,2025,39.51601644,-121.55659157,ground,61,"ll, br - 9/18/2025 - Cloudy - 1-1",2,NA,NA,80,20,NA,1.56,2.38,0.783,0.1
Upper Auditorium,2025-09-18,2025,39.51605139,-121.55658136,ground,62,"ll, br - 9/18/2025 - Cloudy - 1-1",2,NA,10,60,30,NA,1.1,1.96,0.339,0.14
Upper Hatchery Riffle,2025-09-18,2025,39.5163348,-121.55421651,ground,86,"ll, br - 9/18/2025 - Cloudy - 1-1",4,NA,15,45,40,NA,1.06,2.1,0.79,0.32
Upper Hatchery Riffle,2025-09-18,2025,39.51635244,-121.55415302,ground,90,"ll, br - 9/18/2025 - Cloudy - 1-1",2,NA,30,60,10,NA,0.96,1.68,1.067,0.4
Upper Hatchery Riffle,2025-09-18,2025,39.51633457,-121.55415302,ground,89,"ll, br - 9/18/2025 - Cloudy - 1-1",3,15,35,45,5,NA,0.88,1.74,1.123,0.42
Upper Hatchery Riffle,2025-09-18,2025,39.51636547,-121.55422966,ground,87,"ll, br - 9/18/2025 - Cloudy - 1-1",2,NA,30,50,20,NA,1.44,3,0.619,0.42
Upper Hatchery Riffle,2025-09-18,2025,39.51633052,-121.55426403,ground,85,"ll, br - 9/18/2025 - Cloudy - 1-1",3,NA,15,75,10,NA,1,1.58,0.813,0.46
Upper Hatchery Riffle,2025-09-18,2025,39.51632969,-121.554326,ground,84,"ll, br - 9/18/2025 - Cloudy - 1-1",1,NA,30,60,10,NA,1.14,2,0.813,0.42
Upper Hatchery Riffle,2025-09-18,2025,39.51630606,-121.55430501,ground,83,"ll, br - 9/18/2025 - Cloudy - 1-1",NA,NA,25,75,0,NA,0.92,1.92,0.746,0.44
Upper Hatchery Riffle,2025-09-18,2025,39.51628664,-121.55428798,ground,82,"ll, br - 9/18/2025 - Cloudy - 1-1",1,15,35,40,10,NA,0.98,1.78,1.033,0.4
Upper Hatchery Riffle,2025-09-18,2025,39.5162765,-121.55434137,ground,81,"ll, br - 9/18/2025 - Cloudy - 1-1",4,10,15,45,30,NA,1.18,2.2,0.766,0.44
Upper Hatchery Riffle,2025-09-18,2025,39.51633189,-121.55417127,ground,88,"ll, br - 9/18/2025 - Cloudy - 1-1",6,15,15,40,30,NA,0.84,1.48,0.637,0.38
Cottonwood,2025-09-19,2025,39.5168556,-121.55436518,ground,119,"Ll,bb - 9/19/2025 - Cloudy - 1-2",NA,NA,NA,60,40,NA,0.9,1.45,0.724,0.4
Hatchery Pipe,2025-09-19,2025,39.51695788,-121.55384691,ground,101,"Ll,bb - 9/19/2025 - Cloudy - 1-2",2,5,10,40,35,10,1,1.5,0.451,0.26
Hatchery Pipe,2025-09-19,2025,39.51694135,-121.55387314,ground,102,"Ll,bb - 9/19/2025 - Cloudy - 1-2",2,NA,20,60,20,NA,1,1.6,0.359,0.1
Hatchery Pipe,2025-09-19,2025,39.5169301,-121.55390579,ground,103,"Ll,bb - 9/19/2025 - Cloudy - 1-2",1,NA,35,40,25,NA,0.8,1.7,0.615,0.16
Hatchery Pipe,2025-09-19,2025,39.51691506,-121.55392637,ground,104,"Ll,bb - 9/19/2025 - Cloudy - 1-2",1,15,35,40,10,NA,0.9,1.2,0.754,0.2
Hatchery Pipe,2025-09-19,2025,39.51693298,-121.55394117,ground,105,"Ll,bb - 9/19/2025 - Cloudy - 1-2",NA,10,20,40,30,NA,0.8,1.4,0.241,0.12
Hatchery Pipe,2025-09-19,2025,39.5169162,-121.55397722,ground,106,"Ll,bb - 9/19/2025 - Cloudy - 1-2",2,NA,15,35,40,10,0.7,1.4,0.107,0.4
Hatchery Pipe,2025-09-19,2025,39.51689979,-121.55402623,ground,107,"Ll,bb - 9/19/2025 - Cloudy - 1-2",3,20,40,20,20,NA,2,2.2,0.194,0.3
Hatchery Pipe,2025-09-19,2025,39.51686221,-121.55415245,ground,109,"Ll,bb - 9/19/2025 - Cloudy - 1-2",1,NA,NA,50,40,10,1,1.8,0.13,0.5
Hatchery Pipe,2025-09-19,2025,39.51684426,-121.55415705,ground,110,"Ll,bb - 9/19/2025 - Cloudy - 1-2",2,NA,NA,25,65,10,1.1,2.1,0.331,0.72
Hatchery Pipe,2025-09-19,2025,39.51686931,-121.55405554,ground,108,"Ll,bb - 9/19/2025 - Cloudy - 1-2",4,NA,20,40,20,20,1.1,1.5,0.52,0.5
Lower Table Mountain,2025-09-19,2025,39.51725548,-121.55228162,ground,128,"Ll,bb - 9/19/2025 - Cloudy - 1-2",1,NA,10,60,30,NA,1,1.3,0.719,0.4
Lower Table Mountain,2025-09-19,2025,39.51724959,-121.55225605,ground,129,"Ll,bb - 9/19/2025 - Cloudy - 1-2",2,NA,25,50,25,NA,0.8,1.2,0.516,0.48
Lower Table Mountain,2025-09-19,2025,39.51719903,-121.55228113,ground,130,"Ll,bb - 9/19/2025 - Cloudy - 1-2",NA,NA,NA,80,20,NA,2,1.5,0.344,0.54
Lower Table Mountain,2025-09-19,2025,39.51730544,-121.55226391,ground,127,"Ll,bb - 9/19/2025 - Cloudy - 1-2",2,NA,20,40,40,NA,1.2,1.7,0.765,0.8
Lower Table Mountain,2025-09-19,2025,39.51736849,-121.55218887,ground,126,"Ll,bb - 9/19/2025 - Cloudy - 1-2",2,25,25,40,10,NA,1.6,2.5,0.855,0.8
Lower Table Mountain,2025-09-19,2025,39.51735072,-121.55206576,ground,124,"Ll,bb - 9/19/2025 - Cloudy - 1-2",NA,NA,20,60,20,NA,1.5,1.7,0.344,0.3
Lower Table Mountain,2025-09-19,2025,39.51737827,-121.552075,ground,125,"Ll,bb - 9/19/2025 - Cloudy - 1-2",1,10,15,45,30,NA,1.4,2,0.498,0.74
Lower Table Mountain,2025-09-19,2025,39.51730333,-121.55211451,ground,123,"Ll,bb - 9/19/2025 - Cloudy - 1-2",1,5,10,40,35,10,0.6,1.8,0.239,0.32
Lower Table Mountain,2025-09-19,2025,39.51728676,-121.55215679,ground,121,"Ll,bb - 9/19/2025 - Cloudy - 1-2",1,NA,30,30,40,NA,1,1.3,0.5,0.32
Lower Table Mountain,2025-09-19,2025,39.51729784,-121.55216867,ground,122,"Ll,bb - 9/19/2025 - Cloudy - 1-2",1,10,20,40,30,NA,0.8,1.4,0.494,0.48
Table Mountain,2025-09-19,2025,39.51771059,-121.5513578,ground,131,"Ll,bb - 9/19/2025 - Cloudy - 1-2",2,NA,15,35,50,NA,1.2,2,0.759,0.8
Table Mountain,2025-09-19,2025,39.51772076,-121.55139469,ground,132,"Ll,bb - 9/19/2025 - Cloudy - 1-2",3,NA,15,35,50,NA,1.5,3,0.5,0.82
Table Mountain,2025-09-19,2025,39.51789841,-121.55138744,ground,133,"Ll,bb - 9/19/2025 - Cloudy - 1-2",NA,5,15,40,40,NA,1.2,1.4,0.393,0.24
Table Mountain,2025-09-19,2025,39.51786925,-121.55137714,ground,134,"Ll,bb - 9/19/2025 - Cloudy - 1-2",NA,NA,20,60,20,NA,1.5,2,0.798,0.42
Table Mountain,2025-09-19,2025,39.51788199,-121.55127234,ground,135,"Ll,bb - 9/19/2025 - Cloudy - 1-2",2,NA,NA,30,60,10,1.2,2.2,0.407,0.52
Table Mountain,2025-09-19,2025,39.51786578,-121.55127497,ground,136,"Ll,bb - 9/19/2025 - Cloudy - 1-2",1,NA,NA,60,40,NA,1.2,2.5,0.467,0.6
Table Mountain,2025-09-19,2025,39.51786418,-121.55116255,ground,137,"Ll,bb - 9/19/2025 - Cloudy - 1-2",1,NA,NA,70,30,NA,2.2,3.5,0.841,0.3
Table Mountain,2025-09-19,2025,39.51788162,-121.55110245,ground,138,"Ll,bb - 9/19/2025 - Cloudy - 1-2",2,NA,NA,30,30,40,1.4,2.2,0.127,0.5
Table Mountain,2025-09-19,2025,39.51789712,-121.55105237,ground,140,"Ll,bb - 9/19/2025 - Cloudy - 1-2",1,NA,NA,20,60,20,1,2,0.336,0.42
Trailer Park,2025-09-19,2025,39.51789102,-121.55104543,ground,139,"Ll,bb - 9/19/2025 - Cloudy - 1-2",2,NA,NA,40,30,30,1.2,3,0.434,0.3
Upper Cottonwood,2025-09-19,2025,39.51684713,-121.55420203,ground,111,"Ll,bb - 9/19/2025 - Cloudy - 1-2",1,NA,NA,70,25,5,1.2,2.2,0.197,0.6
Upper Cottonwood,2025-09-19,2025,39.51685925,-121.55424996,ground,112,"Ll,bb - 9/19/2025 - Cloudy - 1-2",1,NA,NA,40,50,10,1.1,2,0.273,0.38
Upper Cottonwood,2025-09-19,2025,39.51688905,-121.55424689,ground,114,"Ll,bb - 9/19/2025 - Cloudy - 1-2",1,NA,NA,60,35,5,1,1.2,0.102,0.3
Upper Cottonwood,2025-09-19,2025,39.51683471,-121.55430811,ground,115,"Ll,bb - 9/19/2025 - Cloudy - 1-2",NA,NA,20,60,20,NA,1,1.5,0.517,0.7
Upper Cottonwood,2025-09-19,2025,39.51685636,-121.55429445,ground,116,"Ll,bb - 9/19/2025 - Cloudy - 1-2",2,NA,NA,70,20,10,1.2,1.5,0.445,0.6
Upper Cottonwood,2025-09-19,2025,39.51685922,-121.55433123,ground,117,"Ll,bb - 9/19/2025 - Cloudy - 1-2",1,NA,30,40,20,10,1.3,2.3,0.583,0.52
Upper Cottonwood,2025-09-19,2025,39.51686334,-121.55434483,ground,118,"Ll,bb - 9/19/2025 - Cloudy - 1-2",NA,NA,NA,40,50,10,1.1,1.3,0.518,0.6
Upper Cottonwood,2025-09-19,2025,39.51685052,-121.55440051,ground,120,"Ll,bb - 9/19/2025 - Cloudy - 1-2",4,NA,NA,35,50,15,1.2,1.2,0.826,0.3
Upper Cottonwood,2025-09-19,2025,39.5168691,-121.55425935,ground,113,"Ll,bb - 9/19/2025 - Cloudy - 1-2",1,NA,NA,40,50,10,1.2,2.4,0.26,0.2
Upper Mathews Side Channel,2025-09-19,2025,39.49472261,-121.57882982,ground,141,"Ll,bb - 9/19/2025 - Cloudy - 1-2",1,NA,15,65,20,NA,1.5,2.5,0.189,0.58
Upper Mathews Side Channel,2025-09-19,2025,39.49472029,-121.57888932,ground,142,"Ll,bb - 9/19/2025 - Cloudy - 1-2",4,NA,NA,45,55,NA,1,1.4,0.648,0.62
Upper Mathews Side Channel,2025-09-19,2025,39.49467537,-121.57889972,ground,143,"Ll,bb - 9/19/2025 - Cloudy - 1-2",1,NA,NA,60,40,NA,1.2,2,0.476,0.3
Upper Mathews Side Channel,2025-09-19,2025,39.49457399,-121.57903333,ground,144,"Ll,bb - 9/19/2025 - Cloudy - 1-2",2,NA,20,60,20,NA,0.8,1.5,0.761,0.8
Upper Mathews Side Channel,2025-09-19,2025,39.49448558,-121.57909626,ground,145,"Ll,bb - 9/19/2025 - Cloudy - 1-2",2,NA,20,40,40,NA,1,1.6,0.761,0.62
Upper Mathews Side Channel,2025-09-19,2025,39.49438852,-121.57914343,ground,146,"Ll,bb - 9/19/2025 - Cloudy - 1-2",2,NA,NA,70,30,NA,0.8,1.2,0.502,0.68
Upper Mathews Side Channel,2025-09-19,2025,39.49396255,-121.57924286,ground,147,"Ll,bb - 9/19/2025 - Cloudy - 1-2",2,NA,NA,40,50,10,1.4,2.5,0.512,0.7
Upper Mathews Side Channel,2025-09-19,2025,39.49392241,-121.57918218,ground,148,"Ll,bb - 9/19/2025 - Cloudy - 1-2",1,NA,NA,55,45,NA,0.6,1,0.516,0.56
Upper Mathews Side Channel,2025-09-19,2025,39.49385238,-121.57915104,ground,150,"Ll,bb - 9/19/2025 - Cloudy - 1-2",2,NA,20,50,30,NA,1.2,2.5,0.627,0.46
Vance West,2025-09-19,2025,39.49389741,-121.57918359,ground,149,"Ll,bb - 9/19/2025 - Cloudy - 1-2",1,NA,NA,40,50,10,1.6,1.8,0.567,0.52
Great  western,2025-09-22,2025,39.47477806,-121.58212249,ground,41,"Ll,bb - 9/22/2025 - Clear - 2-1",1,NA,25,55,20,NA,1,2,0.364,0.8
Great  western,2025-09-22,2025,39.47481459,-121.58208599,ground,42,"Ll,bb - 9/22/2025 - Clear - 2-1",2,NA,20,50,20,10,1.1,2.2,0.534,0.74
Great  western,2025-09-22,2025,39.47484302,-121.58207249,ground,43,"Ll,bb - 9/22/2025 - Clear - 2-1",3,NA,15,45,30,10,0.9,2,0.455,0.82
Lower Robinson,2025-09-22,2025,39.46646736,-121.59873891,ground,28,"Ll,bb - 9/22/2025 - Clear - 2-1",1,NA,20,70,10,NA,1.4,4.6,0.665,0.36
Lower Robinson,2025-09-22,2025,39.46651591,-121.59869386,ground,29,"Ll,bb - 9/22/2025 - Clear - 2-1",2,NA,25,65,10,NA,0.8,1.5,0.625,0.52
Lower Robinson,2025-09-22,2025,39.46654971,-121.59862351,ground,30,"Ll,bb - 9/22/2025 - Clear - 2-1",2,NA,35,45,20,NA,1.5,2.5,0.531,0.48
Lower Robinson,2025-09-22,2025,39.46637799,-121.59893804,ground,27,"Ll,bb - 9/22/2025 - Clear - 2-1",1,NA,30,40,30,NA,1.5,3,0.664,0.48
Lower Robinson,2025-09-22,2025,39.46622575,-121.59915467,ground,26,"Ll,bb - 9/22/2025 - Clear - 2-1",2,NA,15,45,40,NA,1.4,3,0.656,0.44
Lower Robinson,2025-09-22,2025,39.46610629,-121.59930611,ground,24,"Ll,bb - 9/22/2025 - Clear - 2-1",4,NA,NA,50,30,20,0.7,1.5,0.414,0.36
Lower Robinson,2025-09-22,2025,39.46618094,-121.59931402,ground,25,"Ll,bb - 9/22/2025 - Clear - 2-1",2,NA,25,45,20,10,1.6,3.5,0.627,0.48
Lower Robinson,2025-09-22,2025,39.46610976,-121.59960787,ground,21,"Ll,bb - 9/22/2025 - Clear - 2-1",1,NA,NA,50,50,NA,1,1.5,0.485,0.26
Lower Robinson,2025-09-22,2025,39.46610251,-121.59958615,ground,22,"Ll,bb - 9/22/2025 - Clear - 2-1",1,NA,10,60,30,NA,1,1.4,0.52,0.38
Lower Robinson,2025-09-22,2025,39.46611937,-121.59945638,ground,23,"Ll,bb - 9/22/2025 - Clear - 2-1",1,NA,20,60,20,NA,2,1.8,0.595,0.24
Steep Riffle,2025-09-22,2025,39.46372204,-121.60392066,ground,10,"Ll,bb - 9/22/2025 - Clear - 2-1",1,NA,NA,70,30,NA,3,3.8,0.182,0.4
Steep Riffle,2025-09-22,2025,39.46373808,-121.60394662,ground,11,"Ll,bb - 9/22/2025 - Clear - 2-1",1,NA,NA,60,30,10,2,3.5,0.196,0.48
Steep Riffle,2025-09-22,2025,39.46360814,-121.60400274,ground,12,"Ll,bb - 9/22/2025 - Clear - 2-1",4,NA,NA,30,40,30,1.2,1.5,0.156,0.32
Steep Riffle,2025-09-22,2025,39.46329763,-121.60406273,ground,14,"Ll,bb - 9/22/2025 - Clear - 2-1",2,NA,NA,70,30,NA,1,1.5,0.218,0.32
Steep Riffle,2025-09-22,2025,39.46327083,-121.60418115,ground,15,"Ll,bb - 9/22/2025 - Clear - 2-1",1,15,25,40,20,NA,1,1.6,0.68,0.46
Steep Riffle,2025-09-22,2025,39.46327352,-121.6041353,ground,16,"Ll,bb - 9/22/2025 - Clear - 2-1",1,NA,35,35,30,NA,1,2.5,0.528,0.52
Steep Riffle,2025-09-22,2025,39.46326524,-121.60423518,ground,17,"Ll,bb - 9/22/2025 - Clear - 2-1",7,NA,35,35,30,NA,1.2,1.4,0.559,0.46
Steep Riffle,2025-09-22,2025,39.46334355,-121.60428054,ground,18,"Ll,bb - 9/22/2025 - Clear - 2-1",2,10,40,30,20,NA,1.5,2,0.429,0.42
Steep Riffle,2025-09-22,2025,39.46311065,-121.60450758,ground,19,"Ll,bb - 9/22/2025 - Clear - 2-1",1,NA,25,50,20,5,0.7,1.4,0.405,0.28
Steep Riffle,2025-09-22,2025,39.46311945,-121.6044321,ground,20,"Ll,bb - 9/22/2025 - Clear - 2-1",1,10,20,40,30,NA,1,2,1.027,0.3
Steep Riffle,2025-09-22,2025,39.46339546,-121.60412259,ground,13,"Ll,bb - 9/22/2025 - Clear - 2-1",1,NA,NA,35,55,10,0.6,1.4,0.367,0.2
Steep Side,2025-09-22,2025,39.4627488,-121.60331577,ground,1,"Ll,bb - 9/22/2025 - Clear - 2-1",1,NA,NA,25,45,30,0.8,1.5,0.346,0.26
Steep Side,2025-09-22,2025,39.46249829,-121.60352382,ground,2,"Ll,bb - 9/22/2025 - Clear - 2-1",NA,NA,30,30,40,NA,1.2,2,0.594,0.54
Steep Side,2025-09-22,2025,39.46252408,-121.60352616,ground,3,"Ll,bb - 9/22/2025 - Clear - 2-1",NA,NA,NA,60,40,NA,1,1.4,0.29,0.5
Steep Side,2025-09-22,2025,39.46253352,-121.6035494,ground,4,"Ll,bb - 9/22/2025 - Clear - 2-1",1,NA,NA,20,80,NA,1.2,2.2,0.236,0.5
Steep Side,2025-09-22,2025,39.46251146,-121.6035687,ground,5,"Ll,bb - 9/22/2025 - Clear - 2-1",1,NA,NA,35,65,NA,1,1.4,0.727,0.34
Steep Side,2025-09-22,2025,39.46252678,-121.6035912,ground,6,"Ll,bb - 9/22/2025 - Clear - 2-1",1,NA,NA,10,55,35,1.2,2,0.48,0.32
Steep Side,2025-09-22,2025,39.46249633,-121.60358584,ground,7,"Ll,bb - 9/22/2025 - Clear - 2-1",2,NA,NA,40,60,NA,1.5,2.2,0.781,0.5
Steep Side,2025-09-22,2025,39.46250916,-121.60366443,ground,8,"Ll,bb - 9/22/2025 - Clear - 2-1",2,NA,NA,40,45,15,1.4,2.5,0.154,0.58
Steep Side,2025-09-22,2025,39.46245521,-121.60373888,ground,9,"Ll,bb - 9/22/2025 - Clear - 2-1",3,NA,10,60,30,NA,1,2.1,0.915,0.3
Upper Mathews,2025-09-22,2025,39.49321671,-121.57906888,ground,44,"Ll,bb - 9/22/2025 - Clear - 2-1",1,NA,NA,60,40,NA,0.8,2.5,0.68,0.26
Upper Mathews,2025-09-22,2025,39.4935537,-121.57892445,ground,45,"Ll,bb - 9/22/2025 - Clear - 2-1",1,NA,NA,25,75,NA,1,1.8,0.709,0.46
Upper Mathews,2025-09-22,2025,39.49344175,-121.57942519,ground,46,"Ll,bb - 9/22/2025 - Clear - 2-1",NA,NA,NA,65,35,NA,1.2,1.8,0.417,0.36
Upper Mathews,2025-09-22,2025,39.49343715,-121.57949512,ground,47,"Ll,bb - 9/22/2025 - Clear - 2-1",NA,NA,15,65,20,NA,0.8,2,0.526,0.52
Upper Mathews,2025-09-22,2025,39.49339751,-121.57945863,ground,48,"Ll,bb - 9/22/2025 - Clear - 2-1",1,NA,25,45,30,NA,1.7,3,0.694,0.4
Upper Mathews,2025-09-22,2025,39.49338122,-121.57952019,ground,49,"Ll,bb - 9/22/2025 - Clear - 2-1",3,NA,35,45,20,NA,1.4,2.5,0.745,0.6
Upper Mathews,2025-09-22,2025,39.49349294,-121.57928833,ground,50,"Ll,bb - 9/22/2025 - Clear - 2-1",NA,NA,NA,35,65,NA,1.2,3.2,0.266,0.35
Upper Mathews,2025-09-22,2025,39.49335742,-121.57929844,ground,51,"Ll,bb - 9/22/2025 - Clear - 2-1",1,NA,NA,45,55,NA,0.7,3,0.908,0.4
Upper Robinson,2025-09-22,2025,39.46749247,-121.59370924,ground,31,"Ll,bb - 9/22/2025 - Clear - 2-1",2,NA,10,70,20,NA,1.4,2,0.381,0.28
Upper Robinson,2025-09-22,2025,39.46750853,-121.5937089,ground,32,"Ll,bb - 9/22/2025 - Clear - 2-1",1,NA,NA,60,40,NA,1.2,2.5,0.362,0.36
Upper Robinson,2025-09-22,2025,39.46752487,-121.59371111,ground,33,"Ll,bb - 9/22/2025 - Clear - 2-1",1,NA,NA,70,30,NA,1,1.5,0.104,0.36
Upper Robinson,2025-09-22,2025,39.46738062,-121.59349921,ground,34,"Ll,bb - 9/22/2025 - Clear - 2-1",1,10,35,45,10,NA,1.2,2.2,0.305,0.44
Upper Robinson,2025-09-22,2025,39.46738851,-121.59348698,ground,35,"Ll,bb - 9/22/2025 - Clear - 2-1",1,NA,35,45,20,NA,0.8,2,0.341,0.42
Upper Robinson,2025-09-22,2025,39.46739546,-121.59347578,ground,36,"Ll,bb - 9/22/2025 - Clear - 2-1",3,10,30,40,20,NA,0.7,2,0.355,0.4
Upper Robinson,2025-09-22,2025,39.46739054,-121.59337972,ground,37,"Ll,bb - 9/22/2025 - Clear - 2-1",4,NA,20,40,40,NA,0.8,1.8,0.584,0.5
Upper Robinson,2025-09-22,2025,39.46742088,-121.59335615,ground,38,"Ll,bb - 9/22/2025 - Clear - 2-1",2,10,10,40,40,NA,1.4,2.2,0.698,0.5
Upper Robinson,2025-09-22,2025,39.46746013,-121.59332603,ground,40,"Ll,bb - 9/22/2025 - Clear - 2-1",1,NA,30,40,30,NA,1.2,2,0.821,0.6
Upper Robinson,2025-09-22,2025,39.46744482,-121.59333167,ground,39,"Ll,bb - 9/22/2025 - Clear - 2-1",2,NA,15,75,10,NA,1.5,2.2,0.761,0.56
Bedrock Riffle,2025-09-29,2025,39.51361218,-121.56771485,ground,24,"Ll,kb - 9/29/2025 - Cloudy - 3-1",2,NA,15,45,40,NA,2.4,2.48,0.559,0.82
Bedrock Riffle,2025-09-29,2025,39.51365239,-121.56774613,ground,25,"Ll,kb - 9/29/2025 - Cloudy - 3-1",1,NA,NA,35,65,NA,1.8,2.24,0.469,0.58
Bedrock Riffle,2025-09-29,2025,39.51378998,-121.56744971,ground,12,"Ll,kb - 9/29/2025 - Cloudy - 3-1",1,NA,NA,40,60,NA,1.3,1.92,0.165,0.3
Bedrock Riffle,2025-09-29,2025,39.51375379,-121.56754385,ground,14,"Ll,kb - 9/29/2025 - Cloudy - 3-1",2,NA,NA,50,50,NA,1.1,1.24,0.274,0.26
Bedrock Riffle,2025-09-29,2025,39.51372989,-121.56750417,ground,13,"Ll,kb - 9/29/2025 - Cloudy - 3-1",1,NA,NA,40,60,NA,1.4,2.1,0.427,0.52
Bedrock Riffle,2025-09-29,2025,39.51368358,-121.56770002,ground,22,"Ll,kb - 9/29/2025 - Cloudy - 3-1",2,NA,10,60,30,NA,2.1,2.2,0.319,0.5
Bedrock Riffle,2025-09-29,2025,39.51369225,-121.56765701,ground,20,"Ll,kb - 9/29/2025 - Cloudy - 3-1",1,NA,NA,40,60,NA,1.88,2.06,0.301,0.32
Bedrock Riffle,2025-09-29,2025,39.51365569,-121.56765642,ground,19,"Ll,kb - 9/29/2025 - Cloudy - 3-1",1,NA,30,40,20,10,2.48,2.86,0.475,0.62
Bedrock Riffle,2025-09-29,2025,39.51368795,-121.56767535,ground,21,"Ll,kb - 9/29/2025 - Cloudy - 3-1",1,NA,10,70,20,NA,2,1.76,0.324,0.32
Bedrock Riffle,2025-09-29,2025,39.51370028,-121.567619,ground,18,"Ll,kb - 9/29/2025 - Cloudy - 3-1",1,10,25,35,30,NA,3.2,2.4,0.272,0.4
Bedrock Riffle,2025-09-29,2025,39.51372098,-121.56760842,ground,17,"Ll,kb - 9/29/2025 - Cloudy - 3-1",2,NA,NA,40,50,10,1.82,1.82,0.223,0.32
Bedrock Riffle,2025-09-29,2025,39.51373383,-121.56758774,ground,16,"Ll,kb - 9/29/2025 - Cloudy - 3-1",1,NA,NA,40,60,NA,1.28,1.62,0.242,0.3
Bedrock Riffle,2025-09-29,2025,39.5137017,-121.56755986,ground,15,"Ll,kb - 9/29/2025 - Cloudy - 3-1",2,NA,NA,70,30,NA,2.2,2.7,0.461,0.56
Bedrock Riffle,2025-09-29,2025,39.51362917,-121.56771477,ground,23,"Ll,kb - 9/29/2025 - Cloudy - 3-1",1,NA,15,65,20,NA,1.72,2.4,0.52,0.68
Below Lower Auditorium,2025-09-29,2025,39.51572887,-121.56113667,ground,28,"Ll,kb - 9/29/2025 - Cloudy - 3-1",2,NA,NA,30,60,10,2.2,1.34,0.164,0.26
Below Lower Auditorium,2025-09-29,2025,39.51550275,-121.56126196,ground,29,"Ll,kb - 9/29/2025 - Cloudy - 3-1",1,NA,NA,45,50,5,2.1,2.18,0.259,0.46
Below Lower Auditorium,2025-09-29,2025,39.515474,-121.56126179,ground,30,"Ll,kb - 9/29/2025 - Cloudy - 3-1",1,NA,NA,30,70,0,2.1,3.2,0.283,0.64
Below Lower Auditorium,2025-09-29,2025,39.51538869,-121.56126739,ground,31,"Ll,kb - 9/29/2025 - Cloudy - 3-1",1,NA,NA,65,35,NA,1.3,2.2,0.367,0.62
Below Lower Auditorium,2025-09-29,2025,39.51535613,-121.56126801,ground,32,"Ll,kb - 9/29/2025 - Cloudy - 3-1",NA,NA,NA,70,30,NA,1.48,2.1,0.475,0.8
Below Lower Auditorium,2025-09-29,2025,39.51533719,-121.56120148,ground,33,"Ll,kb - 9/29/2025 - Cloudy - 3-1",2,NA,NA,40,50,10,2.2,2.32,0.369,0.9
Below Lower Auditorium,2025-09-29,2025,39.51533827,-121.56113987,ground,34,"Ll,kb - 9/29/2025 - Cloudy - 3-1",1,NA,NA,40,50,10,2.1,2.34,0.329,0.98
Below Lower Auditorium,2025-09-29,2025,39.51536082,-121.56112628,ground,35,"Ll,kb - 9/29/2025 - Cloudy - 3-1",NA,NA,15,65,20,NA,1.4,2.24,0.378,0.82
Below Lower Auditorium,2025-09-29,2025,39.51537954,-121.56113823,ground,36,"Ll,kb - 9/29/2025 - Cloudy - 3-1",2,NA,NA,40,50,10,1.24,1.92,0.254,0.82
Below Lower Auditorium,2025-09-29,2025,39.51555824,-121.56097044,ground,37,"Ll,kb - 9/29/2025 - Cloudy - 3-1",1,NA,NA,35,55,10,1.12,2.64,0.269,0.5
Below Lower Auditorium,2025-09-29,2025,39.51516346,-121.56113756,ground,27,"Ll,kb - 9/29/2025 - Cloudy - 3-1",2,NA,NA,60,30,10,2.18,3.12,0.576,0.64
Below Lower Auditorium,2025-09-29,2025,39.51553442,-121.56100064,ground,38,"Ll,kb - 9/29/2025 - Cloudy - 3-1",1,NA,NA,25,50,25,1,1,0.323,0.46
Below Lower Auditorium,2025-09-29,2025,39.51542946,-121.56097145,ground,40,"Ll,kb - 9/29/2025 - Cloudy - 3-1",2,NA,NA,35,55,10,1.2,1.6,0.388,0.68
Below Lower Auditorium,2025-09-29,2025,39.51541125,-121.56098011,ground,41,"Ll,kb - 9/29/2025 - Cloudy - 3-1",3,NA,NA,60,40,NA,1.78,2.16,0.321,0.48
Below Lower Auditorium,2025-09-29,2025,39.51538299,-121.56098303,ground,42,"Ll,kb - 9/29/2025 - Cloudy - 3-1",1,NA,NA,35,65,NA,2.24,2.6,0.276,0.78
Below Lower Auditorium,2025-09-29,2025,39.51537016,-121.560991,ground,43,"Ll,kb - 9/29/2025 - Cloudy - 3-1",3,NA,NA,60,40,NA,1.7,1.98,0.567,0.78
Below Lower Auditorium,2025-09-29,2025,39.51534396,-121.56098271,ground,44,"Ll,kb - 9/29/2025 - Cloudy - 3-1",1,NA,NA,70,30,NA,1.24,2.24,0.367,0.92
Below Lower Auditorium,2025-09-29,2025,39.51544045,-121.56098958,ground,39,"Ll,kb - 9/29/2025 - Cloudy - 3-1",5,NA,NA,70,30,NA,1.2,1.62,0.366,0.66
Below Lower Auditorium,2025-09-29,2025,39.51514051,-121.56151761,ground,26,"Ll,kb - 9/29/2025 - Cloudy - 3-1",3,5,15,40,30,10,1.9,2.42,0.383,0.68
Eye Riffle,2025-09-29,2025,39.45757692,-121.61380322,ground,11,"Ll,kb - 9/29/2025 - Cloudy - 3-1",1,NA,25,50,25,NA,0.92,1.24,0.468,0.32
Lower Auditorium,2025-09-29,2025,39.51563351,-121.56087975,ground,46,"Ll,kb - 9/29/2025 - Cloudy - 3-1",2,NA,NA,80,15,5,1.2,1.34,0.221,0.4
Lower Auditorium,2025-09-29,2025,39.51564428,-121.5608982,ground,47,"Ll,kb - 9/29/2025 - Cloudy - 3-1",2,NA,NA,50,50,NA,1.06,1.28,0.408,0.36
Lower Auditorium,2025-09-29,2025,39.51567027,-121.56088805,ground,48,"Ll,kb - 9/29/2025 - Cloudy - 3-1",1,NA,NA,60,40,NA,1.32,1.62,0.219,0.42
Lower Auditorium,2025-09-29,2025,39.51570709,-121.56090065,ground,49,"Ll,kb - 9/29/2025 - Cloudy - 3-1",2,NA,NA,30,70,NA,0.88,1.24,0.491,0.42
Lower Auditorium,2025-09-29,2025,39.51585049,-121.56089333,ground,50,"Ll,kb - 9/29/2025 - Cloudy - 3-1",2,NA,NA,25,60,15,1.74,1.74,0.107,0.5
Lower Auditorium,2025-09-29,2025,39.51555177,-121.56086504,ground,45,"Ll,kb - 9/29/2025 - Cloudy - 3-1",1,NA,NA,50,50,NA,1.4,2.02,0.559,0.22
Weir Riffle,2025-09-29,2025,39.46177266,-121.60611026,ground,1,"Ll,kb - 9/29/2025 - Cloudy - 3-1",2,NA,20,40,40,NA,1.5,3.3,0.518,0.44
Weir Riffle,2025-09-29,2025,39.46177165,-121.60635525,ground,2,"Ll,kb - 9/29/2025 - Cloudy - 3-1",1,NA,15,45,40,NA,1.7,2.2,0.44,0.42
Weir Riffle,2025-09-29,2025,39.46173067,-121.60641815,ground,3,"Ll,kb - 9/29/2025 - Cloudy - 3-1",2,NA,15,50,35,NA,1.6,2.8,0.787,0.6
Weir Riffle,2025-09-29,2025,39.46173697,-121.60654843,ground,4,"Ll,kb - 9/29/2025 - Cloudy - 3-1",2,NA,25,45,30,NA,1.2,2.8,0.733,0.6
Weir Riffle,2025-09-29,2025,39.46164836,-121.60711912,ground,6,"Ll,kb - 9/29/2025 - Cloudy - 3-1",1,10,30,30,20,10,2.9,3.9,0.684,0.66
Weir Riffle,2025-09-29,2025,39.46165828,-121.60721452,ground,7,"Ll,kb - 9/29/2025 - Cloudy - 3-1",1,NA,NA,35,65,NA,0.74,1.4,0.741,0.46
Weir Riffle,2025-09-29,2025,39.46167482,-121.60723115,ground,8,"Ll,kb - 9/29/2025 - Cloudy - 3-1",1,NA,NA,70,30,NA,0.9,1.4,0.688,0.3
Weir Riffle,2025-09-29,2025,39.46160376,-121.60738096,ground,9,"Ll,kb - 9/29/2025 - Cloudy - 3-1",2,NA,25,50,20,5,1.52,1.7,0.75,0.62
Weir Riffle,2025-09-29,2025,39.46163346,-121.60746669,ground,10,"Ll,kb - 9/29/2025 - Cloudy - 3-1",2,NA,NA,45,40,15,1.2,1.5,0.336,0.38
Weir Riffle,2025-09-29,2025,39.46173034,-121.60662121,ground,5,"Ll,kb - 9/29/2025 - Cloudy - 3-1",1,NA,10,75,15,NA,1.3,1.9,0.623,0.5
Cottonwood,2025-10-01,2025,39.51681575,-121.55544092,ground,97,"ll,pr - 10/1/2025 - 3-2",2,NA,15,45,20,20,1.2,1.92,0.368,0.7
Cottonwood,2025-10-01,2025,39.5168514,-121.55534376,ground,99,"ll,pr - 10/1/2025 - 3-2",1,NA,NA,20,40,40,1.26,2.04,0.193,0.54
Cottonwood,2025-10-01,2025,39.51683101,-121.55542766,ground,98,"ll,pr - 10/1/2025 - 3-2",2,NA,NA,40,40,20,1.22,2,0.16,0.44
Cottonwood,2025-10-01,2025,39.51679517,-121.55556187,ground,95,"ll,pr - 10/1/2025 - 3-2",1,NA,NA,35,35,30,1,2,0.142,0.52
Cottonwood,2025-10-01,2025,39.51675966,-121.55558426,ground,94,"ll,pr - 10/1/2025 - 3-2",1,NA,NA,40,40,20,1.2,1.9,0.332,0.9
Cottonwood,2025-10-01,2025,39.51677631,-121.5556287,ground,93,"ll,pr - 10/1/2025 - 3-2",1,NA,NA,25,50,25,2.6,3,0.069,0.52
Cottonwood,2025-10-01,2025,39.51684326,-121.55533069,ground,100,"ll,pr - 10/1/2025 - 3-2",1,NA,NA,70,20,10,2,2.82,0.541,0.56
Cottonwood,2025-10-01,2025,39.51673915,-121.55572322,ground,92,"ll,pr - 10/1/2025 - 3-2",1,NA,NA,40,40,20,1.2,1.48,0.094,0.42
Cottonwood,2025-10-01,2025,39.51672415,-121.55568432,ground,91,"ll,pr - 10/1/2025 - 3-2",1,NA,NA,40,50,10,2.62,3.52,0.238,0.9
Cottonwood,2025-10-01,2025,39.51680774,-121.55549701,ground,96,"ll,pr - 10/1/2025 - 3-2",1,NA,NA,40,40,20,1,1.82,0.208,0.48
Hatchery Riffle,2025-10-01,2025,39.51627208,-121.55377648,ground,111,"ll,pr - 10/1/2025 - 3-2",3,NA,30,35,35,NA,1.48,2.2,0.271,0.34
Hatchery Riffle,2025-10-01,2025,39.51618258,-121.55377211,ground,113,"ll,pr - 10/1/2025 - 3-2",2,NA,20,40,40,NA,1.68,1.88,0.571,0.42
Hatchery Riffle,2025-10-01,2025,39.51603564,-121.55385341,ground,120,"ll,pr - 10/1/2025 - 3-2",3,25,25,40,10,NA,1.22,2.68,0.243,0.52
Hatchery Riffle,2025-10-01,2025,39.51605595,-121.55388165,ground,119,"ll,pr - 10/1/2025 - 3-2",1,NA,15,65,20,NA,1.12,2.62,0.122,0.48
Hatchery Riffle,2025-10-01,2025,39.51607183,-121.55389263000001,ground,118,"ll,pr - 10/1/2025 - 3-2",1,NA,25,40,20,15,1.76,2,0.183,0.5
Hatchery Riffle,2025-10-01,2025,39.51611943,-121.55388164,ground,117,"ll,pr - 10/1/2025 - 3-2",1,NA,25,65,10,NA,2.53,3.76,0.064,0.24
Hatchery Riffle,2025-10-01,2025,39.51622307,-121.55401398,ground,116,"ll,pr - 10/1/2025 - 3-2",2,10,15,45,30,NA,1.8,1.86,0.482,0.26
Hatchery Riffle,2025-10-01,2025,39.51627638,-121.5538789,ground,115,"ll,pr - 10/1/2025 - 3-2",3,NA,15,45,40,NA,1.6,1.86,0.772,0.12
Hatchery Riffle,2025-10-01,2025,39.51619458,-121.55381038,ground,114,"ll,pr - 10/1/2025 - 3-2",2,NA,40,50,10,NA,2.1,2.6,0.66,0.42
Hatchery Riffle,2025-10-01,2025,39.5162472,-121.55374451,ground,112,"ll,pr - 10/1/2025 - 3-2",2,NA,10,60,30,NA,1,1.44,0.161,0.3
Lower Auditorium,2025-10-01,2025,39.51566922,-121.55985904,ground,58,"ll,pr - 10/1/2025 - 3-2",2,NA,NA,25,50,25,0.66,1.86,0.29,0.08
Lower Auditorium,2025-10-01,2025,39.51568462,-121.55980578,ground,60,"ll,pr - 10/1/2025 - 3-2",1,NA,NA,35,35,30,1.44,2.8,0.077,0.2
Lower Auditorium,2025-10-01,2025,39.51564238,-121.55999759,ground,57,"ll,pr - 10/1/2025 - 3-2",1,NA,NA,40,45,15,2.56,2.56,0.235,0.16
Lower Auditorium,2025-10-01,2025,39.51572614,-121.56026506,ground,56,"ll,pr - 10/1/2025 - 3-2",2,NA,NA,30,40,30,1.12,1.58,0.255,0.08
Lower Auditorium,2025-10-01,2025,39.51569178,-121.56020538,ground,55,"ll,pr - 10/1/2025 - 3-2",1,NA,NA,35,35,30,1.4,1.42,0.127,0.16
Lower Auditorium,2025-10-01,2025,39.51569314,-121.56018289,ground,54,"ll,pr - 10/1/2025 - 3-2",2,NA,NA,40,50,10,1.4,1,0.241,0.08
Lower Auditorium,2025-10-01,2025,39.51567382,-121.56017134,ground,53,"ll,pr - 10/1/2025 - 3-2",5,NA,NA,50,40,10,1.02,1.48,0.206,0.18
Lower Auditorium,2025-10-01,2025,39.51567525,-121.56014877,ground,52,"ll,pr - 10/1/2025 - 3-2",2,NA,NA,40,60,NA,1.2,2.2,0.98,0.26
Lower Auditorium,2025-10-01,2025,39.51568933,-121.56013023,ground,51,"ll,pr - 10/1/2025 - 3-2",3,NA,NA,25,65,10,1.2,1.8,0.109,0.18
Lower Auditorium,2025-10-01,2025,39.51567041,-121.55981068,ground,59,"ll,pr - 10/1/2025 - 3-2",2,NA,NA,40,50,10,2.2,2,0.038,0.22
Middle Auditorium,2025-10-01,2025,39.51568581,-121.55900496,ground,66,"ll,pr - 10/1/2025 - 3-2",1,NA,30,30,30,10,1.86,2.72,0.132,0.62
Middle Auditorium,2025-10-01,2025,39.51568523,-121.55879212,ground,68,"ll,pr - 10/1/2025 - 3-2",1,NA,NA,25,75,NA,1.86,2.78,0.145,0.7
Middle Auditorium,2025-10-01,2025,39.51569879,-121.55889081,ground,67,"ll,pr - 10/1/2025 - 3-2",1,NA,NA,45,55,NA,1.52,2.2,0.154,0.58
Middle Auditorium,2025-10-01,2025,39.5156714,-121.55902205,ground,65,"ll,pr - 10/1/2025 - 3-2",1,NA,NA,35,65,NA,1.42,1.52,0.304,0.42
Middle Auditorium,2025-10-01,2025,39.51566718,-121.5590804,ground,64,"ll,pr - 10/1/2025 - 3-2",1,NA,NA,35,55,10,1.02,1.78,0.289,0.48
Middle Auditorium,2025-10-01,2025,39.5156759,-121.55914651,ground,63,"ll,pr - 10/1/2025 - 3-2",2,NA,NA,60,20,20,1.8,2.5,0.199,0.52
Middle Auditorium,2025-10-01,2025,39.51568053,-121.55920265,ground,62,"ll,pr - 10/1/2025 - 3-2",2,NA,NA,35,55,10,1.84,3.8,0.341,0.28
Middle Auditorium,2025-10-01,2025,39.51568637,-121.55923102,ground,61,"ll,pr - 10/1/2025 - 3-2",1,NA,NA,30,40,30,2,1.72,0.245,0.5
Middle Auditorium,2025-10-01,2025,39.51563389,-121.55900148,ground,69,"ll,pr - 10/1/2025 - 3-2",1,NA,NA,30,70,NA,2.86,2.62,0.48,0.32
Middle Auditorium,2025-10-01,2025,39.51561065,-121.559137,ground,70,"ll,pr - 10/1/2025 - 3-2",3,NA,15,45,40,NA,3,3.34,0.569,0.72
Moe's Side Channel,2025-10-01,2025,39.5158186,-121.55951061,ground,72,"ll,pr - 10/1/2025 - 3-2",2,NA,NA,35,65,NA,1,1.68,0.206,0.16
Moe's Side Channel,2025-10-01,2025,39.5160642,-121.55800179,ground,80,"ll,pr - 10/1/2025 - 3-2",3,NA,15,45,40,NA,1.4,1,0.281,0.14
Moe's Side Channel,2025-10-01,2025,39.51608505,-121.55819032,ground,79,"ll,pr - 10/1/2025 - 3-2",1,NA,NA,70,30,NA,1.08,2.2,0.083,0.12
Moe's Side Channel,2025-10-01,2025,39.5160894,-121.55825519,ground,78,"ll,pr - 10/1/2025 - 3-2",2,NA,NA,60,40,NA,1.38,1.48,0.115,0.14
Moe's Side Channel,2025-10-01,2025,39.51601974,-121.55880758,ground,77,"ll,pr - 10/1/2025 - 3-2",NA,NA,NA,60,40,NA,1.52,2.22,0.301,0.12
Moe's Side Channel,2025-10-01,2025,39.51605315,-121.55888175,ground,76,"ll,pr - 10/1/2025 - 3-2",1,NA,NA,60,40,NA,0.88,1,0.167,0.1
Moe's Side Channel,2025-10-01,2025,39.51601304,-121.55909923,ground,75,"ll,pr - 10/1/2025 - 3-2",1,NA,NA,60,40,NA,1.8,2.62,0.028,0.3
Moe's Side Channel,2025-10-01,2025,39.51599733,-121.55921471,ground,74,"ll,pr - 10/1/2025 - 3-2",NA,NA,NA,70,30,NA,2.1,2.6,0.076,0.22
Moe's Side Channel,2025-10-01,2025,39.51582838,-121.55944858,ground,73,"ll,pr - 10/1/2025 - 3-2",3,NA,NA,60,40,NA,1.08,1,0.205,0.12
Moe's Side Channel,2025-10-01,2025,39.51579222,-121.55952301,ground,71,"ll,pr - 10/1/2025 - 3-2",1,NA,NA,45,55,NA,1,2,0.312,0.08
Top of Auditorium,2025-10-01,2025,39.51640714,-121.55639014,ground,89,"ll,pr - 10/1/2025 - 3-2",2,NA,25,45,25,5,2.42,3.78,0.285,0.48
Top of Auditorium,2025-10-01,2025,39.51652414,-121.55645152,ground,90,"ll,pr - 10/1/2025 - 3-2",2,NA,15,45,30,10,3.34,2.38,0.099,0.64
Top of Auditorium,2025-10-01,2025,39.51633534,-121.55664695,ground,88,"ll,pr - 10/1/2025 - 3-2",2,NA,10,45,45,NA,2.2,2,0.394,0.18
Top of Auditorium,2025-10-01,2025,39.51633128,-121.55668095,ground,87,"ll,pr - 10/1/2025 - 3-2",1,NA,NA,40,60,NA,1,0.98,0.437,0.14
Top of Auditorium,2025-10-01,2025,39.51633881,-121.5566924,ground,86,"ll,pr - 10/1/2025 - 3-2",1,NA,NA,70,30,NA,0.98,1.64,0.32,0.18
Top of Auditorium,2025-10-01,2025,39.5163448,-121.55676241,ground,85,"ll,pr - 10/1/2025 - 3-2",1,NA,NA,50,50,NA,1.62,1.52,0.346,0.12
Top of Auditorium,2025-10-01,2025,39.51634088,-121.55675693,ground,84,"ll,pr - 10/1/2025 - 3-2",1,NA,NA,60,40,NA,1,1,0.332,0.12
Top of Auditorium,2025-10-01,2025,39.51606917,-121.55693807,ground,83,"ll,pr - 10/1/2025 - 3-2",1,NA,25,50,25,NA,1.62,2.2,0.524,0.26
Top of Auditorium,2025-10-01,2025,39.51608474,-121.55698598,ground,82,"ll,pr - 10/1/2025 - 3-2",1,NA,NA,40,60,NA,1.82,2.54,0.26,0.26
Top of Auditorium,2025-10-01,2025,39.51610828,-121.5569643,ground,81,"ll,pr - 10/1/2025 - 3-2",2,NA,NA,60,40,NA,1,1.8,0.277,0.2
Upper Auditorium,2025-10-01,2025,39.51582986,-121.55721659,ground,108,"ll,pr - 10/1/2025 - 3-2",2,NA,NA,25,75,NA,0.8,1,0.43,0.42
Upper Auditorium,2025-10-01,2025,39.51597274,-121.55693945,ground,101,"ll,pr - 10/1/2025 - 3-2",1,NA,NA,20,80,NA,0.92,1,0.492,0.36
Upper Auditorium,2025-10-01,2025,39.51583338,-121.5571697,ground,107,"ll,pr - 10/1/2025 - 3-2",2,NA,NA,40,50,10,1,1,0.213,0.28
Upper Auditorium,2025-10-01,2025,39.51596753,-121.55708078,ground,105,"ll,pr - 10/1/2025 - 3-2",2,NA,NA,25,55,20,2.62,2,0.063,0.62
Upper Auditorium,2025-10-01,2025,39.51596458,-121.55701648,ground,104,"ll,pr - 10/1/2025 - 3-2",1,5,15,40,35,5,1.8,1.6,0.165,0.6
Upper Auditorium,2025-10-01,2025,39.51593753,-121.55698664,ground,103,"ll,pr - 10/1/2025 - 3-2",1,NA,NA,15,85,NA,1,1,0.329,0.42
Upper Auditorium,2025-10-01,2025,39.51596096,-121.55692099,ground,102,"ll,pr - 10/1/2025 - 3-2",1,NA,NA,20,70,10,0.78,1.2,0.594,0.3
Upper Auditorium,2025-10-01,2025,39.5159039,-121.55733306,ground,109,"ll,pr - 10/1/2025 - 3-2",2,NA,NA,60,40,NA,1.6,1.6,0.199,0.28
Upper Auditorium,2025-10-01,2025,39.51589218,-121.55760334,ground,110,"ll,pr - 10/1/2025 - 3-2",2,NA,NA,25,75,NA,2,3.4,0.121,0.24
Upper Auditorium,2025-10-01,2025,39.51580675,-121.55713504,ground,106,"ll,pr - 10/1/2025 - 3-2",2,NA,NA,25,60,15,1.62,1.9,0.288,0.64
Upper Hatchery Riffle,2025-10-01,2025,39.51635488,-121.55406987,ground,123,"ll,pr - 10/1/2025 - 3-2",1,NA,10,60,30,NA,1,2.76,0.296,0.56
Upper Hatchery Riffle,2025-10-01,2025,39.516393,-121.55390489,ground,130,"ll,pr - 10/1/2025 - 3-2",NA,NA,NA,40,50,10,1.8,2.1,0.239,0.34
Upper Hatchery Riffle,2025-10-01,2025,39.51646362,-121.55393772,ground,129,"ll,pr - 10/1/2025 - 3-2",3,NA,5,40,55,NA,1.28,2.32,0.324,1
Upper Hatchery Riffle,2025-10-01,2025,39.51647934,-121.55397138,ground,128,"ll,pr - 10/1/2025 - 3-2",2,NA,NA,35,55,10,2.38,2.54,0.145,0.84
Upper Hatchery Riffle,2025-10-01,2025,39.51653265,-121.55402087,ground,127,"ll,pr - 10/1/2025 - 3-2",2,NA,NA,80,20,NA,2.4,2.6,0.235,0.78
Upper Hatchery Riffle,2025-10-01,2025,39.51643512,-121.55411037,ground,126,"ll,pr - 10/1/2025 - 3-2",1,NA,NA,30,70,NA,2.24,2.1,0.456,0.54
Upper Hatchery Riffle,2025-10-01,2025,39.51637648,-121.55411888,ground,125,"ll,pr - 10/1/2025 - 3-2",1,NA,10,30,60,NA,2.1,2.12,0.606,0.54
Upper Hatchery Riffle,2025-10-01,2025,39.51637718,-121.55408961,ground,124,"ll,pr - 10/1/2025 - 3-2",2,NA,25,45,30,NA,1.48,2.48,0.537,0.48
Upper Hatchery Riffle,2025-10-01,2025,39.51628846,-121.554049,ground,122,"ll,pr - 10/1/2025 - 3-2",1,10,20,40,30,NA,1.14,1.18,0.249,0.38
Upper Hatchery Riffle,2025-10-01,2025,39.51626536,-121.55405578,ground,121,"ll,pr - 10/1/2025 - 3-2",2,30,20,40,10,NA,1.86,2.18,0.063,0.22
Bedrock Riffle,2025-10-06,2025,39.51275248,-121.57058171,ground,110,"Ll,js - 10/6/2025 - Clear - 4-1",1,NA,30,40,30,NA,2,2,0.323,0.54
Bedrock Riffle,2025-10-06,2025,39.5127252,-121.5706666,ground,109,"Ll,js - 10/6/2025 - Clear - 4-1",1,NA,20,40,40,NA,2,2.1,0.264,0.58
Bedrock Riffle,2025-10-06,2025,39.5127069,-121.5706644,ground,108,"Ll,js - 10/6/2025 - Clear - 4-1",1,NA,NA,20,80,NA,2.5,3,0.192,0.28
Bedrock Riffle,2025-10-06,2025,39.51267807,-121.57079018,ground,107,"Ll,js - 10/6/2025 - Clear - 4-1",1,NA,20,40,40,NA,2,2.4,0.399,0.46
Bedrock Riffle,2025-10-06,2025,39.51265802,-121.5708579,ground,106,"Ll,js - 10/6/2025 - Clear - 4-1",2,NA,20,40,40,NA,1.8,2.4,0.235,0.54
Bedrock Riffle,2025-10-06,2025,39.5126437,-121.57089709,ground,105,"Ll,js - 10/6/2025 - Clear - 4-1",2,NA,NA,40,60,NA,2,2.4,0.34,0.54
Bedrock Riffle,2025-10-06,2025,39.51262912,-121.57044094,ground,104,"Ll,js - 10/6/2025 - Clear - 4-1",NA,NA,NA,80,20,NA,2.6,3,0.229,0.18
Bedrock Riffle,2025-10-06,2025,39.51261158,-121.57043304,ground,103,"Ll,js - 10/6/2025 - Clear - 4-1",1,NA,NA,40,60,NA,1.46,2.4,0.306,0.24
Bedrock Riffle,2025-10-06,2025,39.51259391,-121.57042128,ground,102,"Ll,js - 10/6/2025 - Clear - 4-1",NA,NA,NA,40,60,NA,1.28,2,0.142,0.3
Bedrock Riffle,2025-10-06,2025,39.51258196,-121.57044851,ground,101,"Ll,js - 10/6/2025 - Clear - 4-1",2,NA,NA,60,40,NA,1.18,1.16,0.298,0.2
Hatchery Riffle,2025-10-06,2025,39.51595013,-121.5562272,ground,64,"Ll,js - 10/6/2025 - Clear - 4-1",2,NA,NA,70,30,NA,1.1,2.14,0.143,0.8
Hatchery Riffle,2025-10-06,2025,39.51586918,-121.5563062,ground,69,"Ll,js - 10/6/2025 - Clear - 4-1",1,NA,NA,60,40,NA,2,3.02,0.264,0.72
Hatchery Riffle,2025-10-06,2025,39.51584969,-121.55630547,ground,68,"Ll,js - 10/6/2025 - Clear - 4-1",1,NA,NA,70,30,NA,1.2,2.7,0.244,0.76
Hatchery Riffle,2025-10-06,2025,39.51582698,-121.55625126,ground,67,"Ll,js - 10/6/2025 - Clear - 4-1",1,NA,NA,30,70,NA,1,1.58,0.338,0.72
Hatchery Riffle,2025-10-06,2025,39.51586549,-121.556215,ground,66,"Ll,js - 10/6/2025 - Clear - 4-1",NA,NA,NA,70,30,NA,1.5,2.8,0.268,0.82
Hatchery Riffle,2025-10-06,2025,39.51600911,-121.55616344,ground,65,"Ll,js - 10/6/2025 - Clear - 4-1",4,NA,NA,55,45,NA,1,1.5,0.105,0.52
Hatchery Riffle,2025-10-06,2025,39.51597262,-121.55625423,ground,63,"Ll,js - 10/6/2025 - Clear - 4-1",3,NA,NA,60,40,NA,1.3,3.6,0.158,0.66
Hatchery Riffle,2025-10-06,2025,39.51599983,-121.55630839,ground,62,"Ll,js - 10/6/2025 - Clear - 4-1",1,NA,NA,40,60,NA,1.12,1.2,0.161,0.28
Hatchery Riffle,2025-10-06,2025,39.51597886,-121.55632958,ground,61,"Ll,js - 10/6/2025 - Clear - 4-1",1,NA,NA,60,40,NA,2.1,2.5,0.268,0.22
Hatchery Riffle,2025-10-06,2025,39.51600112,-121.55649611,ground,60,"Ll,js - 10/6/2025 - Clear - 4-1",1,NA,NA,35,65,NA,1.7,1.8,0.587,0.16
Hatchery Riffle,2025-10-06,2025,39.51579976,-121.55634918,ground,70,"Ll,js - 10/6/2025 - Clear - 4-1",2,NA,NA,60,40,NA,2.1,2.5,0.452,0.76
Lower Auditorium,2025-10-06,2025,39.51553802,-121.55972278,ground,98,"Ll,js - 10/6/2025 - Clear - 4-1",2,NA,30,40,30,NA,1.16,1.08,0.332,0.54
Lower Auditorium,2025-10-06,2025,39.51546078,-121.55975846,ground,100,"Ll,js - 10/6/2025 - Clear - 4-1",2,NA,35,45,20,NA,1.44,1.5,0.437,0.56
Lower Auditorium,2025-10-06,2025,39.51550842,-121.55976126,ground,99,"Ll,js - 10/6/2025 - Clear - 4-1",1,NA,35,35,30,NA,2,1.72,0.256,0.5
Lower Auditorium,2025-10-06,2025,39.51557929,-121.55968152,ground,97,"Ll,js - 10/6/2025 - Clear - 4-1",NA,NA,50,30,20,NA,1.66,2.5,0.206,0.58
Lower Auditorium,2025-10-06,2025,39.51556751,-121.55968293,ground,96,"Ll,js - 10/6/2025 - Clear - 4-1",NA,NA,60,30,10,NA,2,2.1,0.313,0.58
Lower Auditorium,2025-10-06,2025,39.51554895,-121.55966018,ground,95,"Ll,js - 10/6/2025 - Clear - 4-1",NA,NA,NA,40,60,NA,2.04,1.8,0.531,0.5
Lower Auditorium,2025-10-06,2025,39.51554981,-121.55962627,ground,94,"Ll,js - 10/6/2025 - Clear - 4-1",2,NA,5,35,60,NA,2,2,0.438,0.5
Lower Auditorium,2025-10-06,2025,39.51549971,-121.55959313,ground,93,"Ll,js - 10/6/2025 - Clear - 4-1",1,NA,15,45,40,NA,2,2.6,0.552,0.62
Lower Auditorium,2025-10-06,2025,39.51553689,-121.55950765,ground,92,"Ll,js - 10/6/2025 - Clear - 4-1",2,NA,NA,35,65,NA,1.54,1.8,0.408,0.48
Lower Auditorium,2025-10-06,2025,39.51555085,-121.55953096,ground,91,"Ll,js - 10/6/2025 - Clear - 4-1",2,NA,NA,50,50,NA,1.8,2,0.53,0.4
Middle Auditorium,2025-10-06,2025,39.51567407,-121.55917708,ground,81,"Ll,js - 10/6/2025 - Clear - 4-1",1,NA,NA,70,30,NA,1.6,2,0.216,0.58
Middle Auditorium,2025-10-06,2025,39.5156003,-121.55921144,ground,83,"Ll,js - 10/6/2025 - Clear - 4-1",1,NA,NA,40,60,NA,1.4,1.74,0.551,0.5
Middle Auditorium,2025-10-06,2025,39.51555832,-121.55924384,ground,85,"Ll,js - 10/6/2025 - Clear - 4-1",2,25,35,30,10,NA,1.4,1.5,0.722,7.6
Middle Auditorium,2025-10-06,2025,39.51556317,-121.55940127,ground,90,"Ll,js - 10/6/2025 - Clear - 4-1",2,NA,40,40,20,NA,2.5,3.3,0.413,0.62
Middle Auditorium,2025-10-06,2025,39.51560483,-121.5593061,ground,89,"Ll,js - 10/6/2025 - Clear - 4-1",1,NA,NA,40,45,15,1.4,2,0.341,0.68
Middle Auditorium,2025-10-06,2025,39.51557602,-121.55931408,ground,88,"Ll,js - 10/6/2025 - Clear - 4-1",1,NA,15,35,50,NA,1.5,1.3,0.461,0.7
Middle Auditorium,2025-10-06,2025,39.51556638,-121.5593093,ground,87,"Ll,js - 10/6/2025 - Clear - 4-1",1,NA,35,45,20,NA,1.4,1.7,0.547,0.6
Middle Auditorium,2025-10-06,2025,39.5155375,-121.55926814,ground,86,"Ll,js - 10/6/2025 - Clear - 4-1",NA,15,35,30,20,NA,1.8,3,0.365,0.84
Middle Auditorium,2025-10-06,2025,39.51559395,-121.55918166,ground,84,"Ll,js - 10/6/2025 - Clear - 4-1",1,15,15,40,30,NA,1.6,2.24,0.627,0.86
Moe's Side Channel,2025-10-06,2025,39.51563831,-121.55920193,ground,82,"Ll,js - 10/6/2025 - Clear - 4-1",1,NA,NA,55,45,NA,1.2,1.3,0.444,0.46
Moe's Side Channel,2025-10-06,2025,39.51608299,-121.55788557,ground,30,"Ll,js - 10/6/2025 - Clear - 4-1",NA,NA,NA,NA,NA,NA,NA,NA,NA,NA
Moe's Side Channel,2025-10-06,2025,39.51608887,-121.55818878,ground,24,"Ll,js - 10/6/2025 - Clear - 4-1",1,NA,5,60,35,NA,1.2,2.2,0.124,0.12
Moe's Side Channel,2025-10-06,2025,39.51608213,-121.5585456,ground,22,"Ll,js - 10/6/2025 - Clear - 4-1",NA,NA,NA,NA,NA,NA,NA,NA,NA,NA
Moe's Side Channel,2025-10-06,2025,39.51608276,-121.55864826,ground,21,"Ll,js - 10/6/2025 - Clear - 4-1",NA,NA,NA,NA,NA,NA,NA,NA,NA,NA
Moe's Side Channel,2025-10-06,2025,39.51607367,-121.558642,ground,20,"Ll,js - 10/6/2025 - Clear - 4-1",NA,NA,NA,NA,NA,NA,NA,NA,NA,NA
Moe's Side Channel,2025-10-06,2025,39.51607723,-121.55868756,ground,19,"Ll,js - 10/6/2025 - Clear - 4-1",NA,NA,NA,NA,NA,NA,NA,NA,NA,NA
Moe's Side Channel,2025-10-06,2025,39.51607931,-121.55872054,ground,18,"Ll,js - 10/6/2025 - Clear - 4-1",NA,NA,NA,NA,NA,NA,NA,NA,NA,NA
Moe's Side Channel,2025-10-06,2025,39.51608217,-121.55874213,ground,17,"Ll,js - 10/6/2025 - Clear - 4-1",NA,NA,NA,NA,NA,NA,NA,NA,NA,NA
Moe's Side Channel,2025-10-06,2025,39.51607559,-121.55877291,ground,16,"Ll,js - 10/6/2025 - Clear - 4-1",NA,NA,NA,NA,NA,NA,NA,NA,NA,NA
Moe's Side Channel,2025-10-06,2025,39.51601995,-121.55879335,ground,15,"Ll,js - 10/6/2025 - Clear - 4-1",1,NA,25,50,25,NA,1,1.12,0.319,0.16
Moe's Side Channel,2025-10-06,2025,39.51606271,-121.55881785,ground,14,"Ll,js - 10/6/2025 - Clear - 4-1",NA,NA,NA,NA,NA,NA,NA,NA,NA,NA
Moe's Side Channel,2025-10-06,2025,39.51607255,-121.55812175,ground,25,"Ll,js - 10/6/2025 - Clear - 4-1",NA,NA,NA,NA,NA,NA,NA,NA,NA,NA
Moe's Side Channel,2025-10-06,2025,39.51600859,-121.55888358,ground,13,"Ll,js - 10/6/2025 - Clear - 4-1",NA,NA,NA,NA,NA,NA,NA,NA,NA,NA
Moe's Side Channel,2025-10-06,2025,39.51599311,-121.55894762,ground,11,"Ll,js - 10/6/2025 - Clear - 4-1",1,NA,NA,60,40,NA,1.5,2.5,0.134,0.26
Moe's Side Channel,2025-10-06,2025,39.5160068,-121.55896901,ground,10,"Ll,js - 10/6/2025 - Clear - 4-1",NA,NA,NA,NA,NA,NA,NA,NA,NA,NA
Moe's Side Channel,2025-10-06,2025,39.51601295,-121.55913233,ground,9,"Ll,js - 10/6/2025 - Clear - 4-1",1,NA,NA,NA,NA,NA,NA,NA,NA,NA
Moe's Side Channel,2025-10-06,2025,39.51593877,-121.55932222,ground,8,"Ll,js - 10/6/2025 - Clear - 4-1",NA,NA,NA,NA,NA,NA,NA,NA,NA,NA
Moe's Side Channel,2025-10-06,2025,39.51591457,-121.55935152,ground,7,"Ll,js - 10/6/2025 - Clear - 4-1",NA,NA,NA,NA,NA,NA,NA,NA,NA,NA
Moe's Side Channel,2025-10-06,2025,39.51587816,-121.5593811,ground,6,"Ll,js - 10/6/2025 - Clear - 4-1",NA,NA,NA,NA,NA,NA,NA,NA,NA,NA
Moe's Side Channel,2025-10-06,2025,39.51586759,-121.5593966,ground,5,"Ll,js - 10/6/2025 - Clear - 4-1",NA,NA,NA,NA,NA,NA,NA,NA,NA,NA
Moe's Side Channel,2025-10-06,2025,39.51584951,-121.55941833,ground,4,"Ll,js - 10/6/2025 - Clear - 4-1",NA,NA,NA,NA,NA,NA,NA,NA,NA,NA
Moe's Side Channel,2025-10-06,2025,39.51583969,-121.55944885,ground,3,"Ll,js - 10/6/2025 - Clear - 4-1",1,NA,NA,NA,NA,NA,NA,NA,NA,NA
Moe's Side Channel,2025-10-06,2025,39.51584408,-121.5594762,ground,2,"Ll,js - 10/6/2025 - Clear - 4-1",NA,NA,NA,70,30,NA,1.02,1.14,0.321,0.1
Moe's Side Channel,2025-10-06,2025,39.51581834,-121.55952212,ground,1,"Ll,js - 10/6/2025 - Clear - 4-1",NA,NA,NA,70,30,NA,1.8,1.8,0.253,0.1
Moe's Side Channel,2025-10-06,2025,39.51601548,-121.55892836,ground,12,"Ll,js - 10/6/2025 - Clear - 4-1",NA,NA,NA,NA,NA,NA,NA,NA,NA,NA
Moe's Side Channel,2025-10-06,2025,39.51605405,-121.55807642,ground,26,"Ll,js - 10/6/2025 - Clear - 4-1",NA,NA,NA,NA,NA,NA,NA,NA,NA,NA
Moe's Side Channel,2025-10-06,2025,39.5160851,-121.55848896,ground,23,"Ll,js - 10/6/2025 - Clear - 4-1",NA,NA,NA,NA,NA,NA,NA,NA,NA,NA
Moe's Side Channel,2025-10-06,2025,39.51606747,-121.55798894,ground,28,"Ll,js - 10/6/2025 - Clear - 4-1",NA,NA,NA,NA,NA,NA,NA,NA,NA,NA
Moe's Side Channel,2025-10-06,2025,39.51607742,-121.55711899,ground,50,"Ll,js - 10/6/2025 - Clear - 4-1",3,NA,NA,NA,NA,NA,NA,NA,NA,NA
Moe's Side Channel,2025-10-06,2025,39.51612978,-121.55724727,ground,49,"Ll,js - 10/6/2025 - Clear - 4-1",1,NA,NA,35,65,NA,1,1.5,0.084,0.62
Moe's Side Channel,2025-10-06,2025,39.51608266,-121.55740664,ground,48,"Ll,js - 10/6/2025 - Clear - 4-1",NA,NA,NA,NA,NA,NA,NA,NA,NA,NA
Moe's Side Channel,2025-10-06,2025,39.51607507,-121.55746273,ground,47,"Ll,js - 10/6/2025 - Clear - 4-1",NA,NA,NA,NA,NA,NA,NA,NA,NA,NA
Moe's Side Channel,2025-10-06,2025,39.5160888,-121.55744284,ground,46,"Ll,js - 10/6/2025 - Clear - 4-1",1,NA,10,80,10,NA,1.2,2,0.053,0.12
Moe's Side Channel,2025-10-06,2025,39.51605989,-121.55805107,ground,27,"Ll,js - 10/6/2025 - Clear - 4-1",1,NA,NA,75,25,NA,1.4,1.8,0.179,0.16
Moe's Side Channel,2025-10-06,2025,39.51611692,-121.55744938,ground,44,"Ll,js - 10/6/2025 - Clear - 4-1",NA,NA,NA,NA,NA,NA,NA,NA,NA,NA
Moe's Side Channel,2025-10-06,2025,39.51610416,-121.55749166,ground,43,"Ll,js - 10/6/2025 - Clear - 4-1",NA,NA,NA,NA,NA,NA,NA,NA,NA,NA
Moe's Side Channel,2025-10-06,2025,39.51612017,-121.55749058,ground,42,"Ll,js - 10/6/2025 - Clear - 4-1",NA,NA,NA,NA,NA,NA,NA,NA,NA,NA
Moe's Side Channel,2025-10-06,2025,39.51611063,-121.55742433,ground,45,"Ll,js - 10/6/2025 - Clear - 4-1",NA,NA,NA,NA,NA,NA,NA,NA,NA,NA
Moe's Side Channel,2025-10-06,2025,39.51611483,-121.55757102,ground,40,"Ll,js - 10/6/2025 - Clear - 4-1",NA,NA,NA,NA,NA,NA,NA,NA,NA,NA
Moe's Side Channel,2025-10-06,2025,39.51611953,-121.55755344,ground,39,"Ll,js - 10/6/2025 - Clear - 4-1",NA,NA,NA,NA,NA,NA,NA,NA,NA,NA
Moe's Side Channel,2025-10-06,2025,39.51609891,-121.55756359,ground,38,"Ll,js - 10/6/2025 - Clear - 4-1",2,NA,10,80,10,NA,1,1.2,0.324,0.2
Moe's Side Channel,2025-10-06,2025,39.51611568,-121.55762011,ground,37,"Ll,js - 10/6/2025 - Clear - 4-1",1,NA,NA,NA,NA,NA,NA,NA,NA,NA
Moe's Side Channel,2025-10-06,2025,39.51610166,-121.55762595,ground,36,"Ll,js - 10/6/2025 - Clear - 4-1",1,NA,NA,NA,NA,NA,NA,NA,NA,NA
Moe's Side Channel,2025-10-06,2025,39.51612036,-121.55766173,ground,35,"Ll,js - 10/6/2025 - Clear - 4-1",1,NA,10,75,15,NA,1.5,1.8,0.258,0.14
Moe's Side Channel,2025-10-06,2025,39.51611679,-121.55769691,ground,34,"Ll,js - 10/6/2025 - Clear - 4-1",NA,NA,NA,NA,NA,NA,NA,NA,NA,NA
Moe's Side Channel,2025-10-06,2025,39.51611106,-121.55771964,ground,33,"Ll,js - 10/6/2025 - Clear - 4-1",NA,NA,NA,NA,NA,NA,NA,NA,NA,NA
Moe's Side Channel,2025-10-06,2025,39.51610245,-121.55774337,ground,32,"Ll,js - 10/6/2025 - Clear - 4-1",NA,NA,NA,NA,NA,NA,NA,NA,NA,NA
Moe's Side Channel,2025-10-06,2025,39.51607132,-121.55784879,ground,31,"Ll,js - 10/6/2025 - Clear - 4-1",NA,NA,NA,NA,NA,NA,NA,NA,NA,NA
Moe's Side Channel,2025-10-06,2025,39.51612216,-121.55752152,ground,41,"Ll,js - 10/6/2025 - Clear - 4-1",1,NA,NA,NA,NA,NA,NA,NA,NA,NA
Moe's Side Channel,2025-10-06,2025,39.51605927,-121.55796929,ground,29,"Ll,js - 10/6/2025 - Clear - 4-1",1,NA,NA,55,45,NA,1.36,1.84,0.276,0.14
Top of Auditorium,2025-10-06,2025,39.51614287,-121.55645239,ground,59,"Ll,js - 10/6/2025 - Clear - 4-1",3,35,15,30,20,NA,1.1,1.54,0.464,0.2
Top of Auditorium,2025-10-06,2025,39.51616474,-121.5564705,ground,58,"Ll,js - 10/6/2025 - Clear - 4-1",3,10,30,40,20,NA,1.18,2,0.586,0.4
Top of Auditorium,2025-10-06,2025,39.51616996,-121.55650179,ground,57,"Ll,js - 10/6/2025 - Clear - 4-1",3,15,40,35,10,NA,1.7,2,0.361,0.2
Top of Auditorium,2025-10-06,2025,39.5161808,-121.55651817,ground,56,"Ll,js - 10/6/2025 - Clear - 4-1",2,15,20,45,20,NA,1.2,2,0.684,0.3
Top of Auditorium,2025-10-06,2025,39.5162462,-121.5567194,ground,54,"Ll,js - 10/6/2025 - Clear - 4-1",1,NA,NA,30,70,NA,1.1,1.3,0.587,0.12
Top of Auditorium,2025-10-06,2025,39.51633125,-121.55669374,ground,55,"Ll,js - 10/6/2025 - Clear - 4-1",9,NA,NA,35,65,NA,1.2,1.8,0.411,0.2
Top of Auditorium,2025-10-06,2025,39.51620149,-121.55676214,ground,53,"Ll,js - 10/6/2025 - Clear - 4-1",2,NA,NA,40,60,0,1.2,1.2,0.62,0.16
Top of Auditorium,2025-10-06,2025,39.51608002,-121.55688957,ground,52,"Ll,js - 10/6/2025 - Clear - 4-1",1,NA,NA,70,30,NA,1.5,3,0.78,0.2
Top of Auditorium,2025-10-06,2025,39.51611122,-121.55691221,ground,51,"Ll,js - 10/6/2025 - Clear - 4-1",1,NA,NA,50,50,NA,1,2.5,0.482,0.14
Upper Auditorium,2025-10-06,2025,39.51578886,-121.55713497,ground,72,"Ll,js - 10/6/2025 - Clear - 4-1",2,NA,15,45,40,NA,1.3,2.1,0.406,0.72
Upper Auditorium,2025-10-06,2025,39.51579778,-121.55720386,ground,73,"Ll,js - 10/6/2025 - Clear - 4-1",NA,NA,15,75,10,NA,2.1,3,0.494,0.56
Upper Auditorium,2025-10-06,2025,39.51580526,-121.55728785,ground,74,"Ll,js - 10/6/2025 - Clear - 4-1",1,NA,NA,60,40,NA,2.5,3.4,0.532,0.46
Upper Auditorium,2025-10-06,2025,39.51581578,-121.55740655,ground,75,"Ll,js - 10/6/2025 - Clear - 4-1",3,NA,15,65,20,NA,2.3,3.1,0.258,0.62
Upper Auditorium,2025-10-06,2025,39.51589359,-121.55748839,ground,77,"Ll,js - 10/6/2025 - Clear - 4-1",2,NA,5,45,50,NA,1.7,2.6,0.154,0.54
Upper Auditorium,2025-10-06,2025,39.51585235,-121.55754029,ground,78,"Ll,js - 10/6/2025 - Clear - 4-1",NA,NA,NA,40,60,NA,1.3,2,0.379,0.38
Upper Auditorium,2025-10-06,2025,39.51587362,-121.55759996,ground,79,"Ll,js - 10/6/2025 - Clear - 4-1",1,NA,25,65,10,NA,1.6,2.06,0.38,0.56
Upper Auditorium,2025-10-06,2025,39.51581082,-121.55711713,ground,71,"Ll,js - 10/6/2025 - Clear - 4-1",1,NA,NA,70,30,NA,2.3,2.3,0.495,0.56
Upper Auditorium,2025-10-06,2025,39.5158664,-121.55746046,ground,76,"Ll,js - 10/6/2025 - Clear - 4-1",2,NA,NA,40,60,NA,1.9,2.8,0.234,0.44
Upper Auditorium,2025-10-06,2025,39.51585536,-121.5576199,ground,80,"Ll,js - 10/6/2025 - Clear - 4-1",3,NA,25,55,20,NA,1.3,1.9,0.695,0.4
Cottonwood,2025-10-07,2025,39.51692545,-121.55488827,ground,161,"JS, LL - 10/7/2025 - Clear - 4-2",1,NA,NA,40,40,20,1.6,2.7,0.281,0.46
Cottonwood,2025-10-07,2025,39.5169334,-121.55483384,ground,162,"JS, LL - 10/7/2025 - Clear - 4-2",1,NA,NA,25,55,20,1.4,1.9,0.167,0.44
Cottonwood,2025-10-07,2025,39.51691776,-121.55482321,ground,163,"JS, LL - 10/7/2025 - Clear - 4-2",NA,NA,NA,40,40,20,1.4,2.7,0.171,0.54
Cottonwood,2025-10-07,2025,39.51691036,-121.55475516,ground,164,"JS, LL - 10/7/2025 - Clear - 4-2",1,NA,NA,25,60,15,1.5,2.3,0.31,0.34
Cottonwood,2025-10-07,2025,39.51690081,-121.5547107,ground,165,"JS, LL - 10/7/2025 - Clear - 4-2",1,10,15,30,35,10,2,2.1,0.329,0.38
Cottonwood,2025-10-07,2025,39.51688802,-121.55469192,ground,166,"JS, LL - 10/7/2025 - Clear - 4-2",1,NA,NA,35,50,15,1.1,2,0.395,0.46
Cottonwood,2025-10-07,2025,39.51689818,-121.55467251,ground,167,"JS, LL - 10/7/2025 - Clear - 4-2",2,NA,NA,50,40,10,1.56,2.48,0.276,0.38
Cottonwood,2025-10-07,2025,39.51689954,-121.55458132,ground,169,"JS, LL - 10/7/2025 - Clear - 4-2",1,NA,10,35,35,20,1,1.2,NA,0.5
Cottonwood,2025-10-07,2025,39.51686284,-121.55459857,ground,170,"JS, LL - 10/7/2025 - Clear - 4-2",2,20,20,40,15,5,1.3,2.3,0.204,0.66
Cottonwood,2025-10-07,2025,39.51688809,-121.55462372,ground,168,"JS, LL - 10/7/2025 - Clear - 4-2",1,NA,NA,50,40,10,2,2.6,0.304,0.32
Hatchery Pipe,2025-10-07,2025,39.51694187,-121.55384414,ground,111,"JS, LL - 10/7/2025 - Clear - 4-2",7,NA,5,60,25,10,1.4,1.6,0.263,0.32
Hatchery Pipe,2025-10-07,2025,39.51692389,-121.55387478,ground,112,"JS, LL - 10/7/2025 - Clear - 4-2",0,NA,15,55,10,20,1.1,1.6,0.82,0.3
Hatchery Pipe,2025-10-07,2025,39.51692079,-121.55399644,ground,114,"JS, LL - 10/7/2025 - Clear - 4-2",3,NA,30,45,20,5,1.2,2.1,0.533,0.32
Hatchery Pipe,2025-10-07,2025,39.5168887,-121.55403439,ground,115,"JS, LL - 10/7/2025 - Clear - 4-2",5,5,40,25,20,10,1.7,1.9,0.598,0.4
Hatchery Pipe,2025-10-07,2025,39.51688832,-121.5540563,ground,116,"JS, LL - 10/7/2025 - Clear - 4-2",3,NA,5,70,20,5,1.7,2.1,0.385,0.3
Hatchery Pipe,2025-10-07,2025,39.51685939,-121.55408039,ground,117,"JS, LL - 10/7/2025 - Clear - 4-2",3,NA,5,65,10,20,1.8,2.4,0.335,0.72
Hatchery Pipe,2025-10-07,2025,39.51686727,-121.55412628,ground,118,"JS, LL - 10/7/2025 - Clear - 4-2",1,NA,NA,40,40,20,1.3,2,0.083,0.7
Hatchery Pipe,2025-10-07,2025,39.5168548,-121.55412811,ground,119,"JS, LL - 10/7/2025 - Clear - 4-2",0,NA,NA,65,20,15,1.5,2.6,0.29826,0.78
Hatchery Pipe,2025-10-07,2025,39.51687674,-121.55417421,ground,120,"JS, LL - 10/7/2025 - Clear - 4-2",3,NA,NA,45,50,5,1.6,2.4,0.057,0.48
Hatchery Pipe,2025-10-07,2025,39.516901,-121.55388972,ground,113,"JS, LL - 10/7/2025 - Clear - 4-2",0,NA,5,75,20,NA,1.4,1.7,0.638,0.48
Lower Table Mountain,2025-10-07,2025,39.51724199,-121.55227188,ground,143,"JS, LL - 10/7/2025 - Clear - 4-2",2,5,30,30,20,15,2.3,2.8,0.507,0.4
Lower Table Mountain,2025-10-07,2025,39.51725527,-121.55229945,ground,144,"JS, LL - 10/7/2025 - Clear - 4-2",2,20,10,40,30,NA,1.7,2.8,0.535,0.4
Lower Table Mountain,2025-10-07,2025,39.51721643,-121.55230528,ground,145,"JS, LL - 10/7/2025 - Clear - 4-2",1,10,20,50,20,NA,2,2.4,0.331,0.5
Lower Table Mountain,2025-10-07,2025,39.5171816,-121.55223364,ground,146,"JS, LL - 10/7/2025 - Clear - 4-2",1,NA,NA,25,40,35,1.4,2.6,0.202,0.56
Lower Table Mountain,2025-10-07,2025,39.51716991,-121.55228057,ground,147,"JS, LL - 10/7/2025 - Clear - 4-2",1,NA,NA,40,35,25,1.4,2.1,0.336,0.5
Lower Table Mountain,2025-10-07,2025,39.51721786,-121.55235396,ground,148,"JS, LL - 10/7/2025 - Clear - 4-2",2,NA,10,40,30,20,1.2,2.1,0.502,0.46
Lower Table Mountain,2025-10-07,2025,39.51723346,-121.55236815,ground,149,"JS, LL - 10/7/2025 - Clear - 4-2",1,NA,25,45,30,NA,1.5,2.7,0.556,0.6
Lower Table Mountain,2025-10-07,2025,39.51726368,-121.55237748,ground,150,"JS, LL - 10/7/2025 - Clear - 4-2",3,10,15,50,25,NA,2.3,3.4,0.707,0.66
Lower Table Mountain,2025-10-07,2025,39.5172354,-121.55220374,ground,142,"JS, LL - 10/7/2025 - Clear - 4-2",2,NA,15,65,20,NA,1.2,2.2,0.265,0.4
Lower Table Mountain,2025-10-07,2025,39.51721483,-121.55219099,ground,141,"JS, LL - 10/7/2025 - Clear - 4-2",1,NA,NA,40,40,20,1.86,3,0.227,0.46
Table Mountain,2025-10-07,2025,39.51761428,-121.55129937,ground,151,"JS, LL - 10/7/2025 - Clear - 4-2",NA,NA,40,50,10,NA,0.9,1.42,0.278,0.3
Table Mountain,2025-10-07,2025,39.5175996,-121.55121434,ground,152,"JS, LL - 10/7/2025 - Clear - 4-2",1,20,30,40,10,NA,1.4,2,0.356,0.6
Table Mountain,2025-10-07,2025,39.51765734,-121.5512863,ground,153,"JS, LL - 10/7/2025 - Clear - 4-2",2,NA,40,30,30,NA,1.1,1.7,0.591,0.32
Table Mountain,2025-10-07,2025,39.5176732,-121.55124749,ground,154,"JS, LL - 10/7/2025 - Clear - 4-2",2,10,25,35,30,NA,1.64,2.6,0.821,0.36
Table Mountain,2025-10-07,2025,39.51767734,-121.55133038,ground,155,"JS, LL - 10/7/2025 - Clear - 4-2",1,NA,30,40,30,NA,1.3,1.6,0.151,0.4
Table Mountain,2025-10-07,2025,39.51769834,-121.5513848,ground,156,"JS, LL - 10/7/2025 - Clear - 4-2",1,NA,15,45,30,10,1.5,1.9,0.19,0.64
Table Mountain,2025-10-07,2025,39.51790925,-121.55136239,ground,157,"JS, LL - 10/7/2025 - Clear - 4-2",1,25,30,35,10,NA,1,1.7,0.337,0.3
Table Mountain,2025-10-07,2025,39.51791084,-121.55133268,ground,158,"JS, LL - 10/7/2025 - Clear - 4-2",1,15,30,20,20,15,1.2,2,0.758,0.3
Table Mountain,2025-10-07,2025,39.5179135,-121.5513034,ground,159,"JS, LL - 10/7/2025 - Clear - 4-2",1,NA,NA,25,60,15,1.5,1.84,0.456,0.46
Table Mountain,2025-10-07,2025,39.5178823,-121.55122144,ground,160,"JS, LL - 10/7/2025 - Clear - 4-2",2,NA,5,30,40,25,1.6,2.6,0.584,0.5
Upper Cottonwood,2025-10-07,2025,39.51688238,-121.55421169,ground,121,"JS, LL - 10/7/2025 - Clear - 4-2",2,NA,NA,35,60,5,2,2,0.114,0.52
Upper Cottonwood,2025-10-07,2025,39.51685864,-121.55421479,ground,122,"JS, LL - 10/7/2025 - Clear - 4-2",2,NA,NA,20,75,5,1.98,2.3,0.303,0.6
Upper Cottonwood,2025-10-07,2025,39.51688815,-121.55426091,ground,123,"JS, LL - 10/7/2025 - Clear - 4-2",1,NA,NA,30,65,5,1.9,2.6,0.333,0.24
Upper Cottonwood,2025-10-07,2025,39.51687611,-121.55430748,ground,124,"JS, LL - 10/7/2025 - Clear - 4-2",2,5,5,30,55,5,1.6,2.8,0.425,0.52
Upper Cottonwood,2025-10-07,2025,39.51684903,-121.55436989,ground,126,"JS, LL - 10/7/2025 - Clear - 4-2",2,5,NA,45,45,5,1.9,2.2,0.576,0.5
Upper Cottonwood,2025-10-07,2025,39.51685784,-121.55431344,ground,125,"JS, LL - 10/7/2025 - Clear - 4-2",0,NA,NA,15,75,10,1.5,2.4,0.492,0.42
Upper Cottonwood,2025-10-07,2025,39.51682112,-121.55443596,ground,130,"JS, LL - 10/7/2025 - Clear - 4-2",1,35,35,15,15,0,1.7,2.6,0.939,0.62
Upper Cottonwood,2025-10-07,2025,39.51683113,-121.55441403,ground,129,"JS, LL - 10/7/2025 - Clear - 4-2",1,20,25,45,10,0,1.9,3.3,0.768,0.8
Upper Cottonwood,2025-10-07,2025,39.51685933,-121.55441717,ground,128,"JS, LL - 10/7/2025 - Clear - 4-2",NA,0,0,20,70,10,1.8,2,0.849,0.44
Upper Cottonwood,2025-10-07,2025,39.5168853,-121.55437546,ground,127,"JS, LL - 10/7/2025 - Clear - 4-2",2,NA,5,5,75,15,1.8,2.6,0.346,0.46
Upper Hatchery Riffle,2025-10-07,2025,39.51637404,-121.55405481,ground,139,"JS, LL - 10/7/2025 - Clear - 4-2",NA,NA,25,35,40,NA,1.4,1,0.582,0.4
Upper Hatchery Riffle,2025-10-07,2025,39.51644366,-121.55402576,ground,140,"JS, LL - 10/7/2025 - Clear - 4-2",1,NA,5,50,45,NA,1.9,2.4,0.354,0.76
Upper Hatchery Riffle,2025-10-07,2025,39.51640014,-121.55399214,ground,137,"JS, LL - 10/7/2025 - Clear - 4-2",NA,0,5,45,50,0,1.7,2.4,0.379,0.5
Upper Hatchery Riffle,2025-10-07,2025,39.51639613,-121.55398124,ground,136,"JS, LL - 10/7/2025 - Clear - 4-2",NA,5,5,40,50,NA,1.5,1.7,0.418,0.42
Upper Hatchery Riffle,2025-10-07,2025,39.51642,-121.55395536,ground,135,"JS, LL - 10/7/2025 - Clear - 4-2",0,0,0,35,65,0,1.6,1.9,0.398,0.72
Upper Hatchery Riffle,2025-10-07,2025,39.51645247,-121.55392742,ground,134,"JS, LL - 10/7/2025 - Clear - 4-2",2,15,10,10,65,0,1.2,1.4,0.366,0.84
Upper Hatchery Riffle,2025-10-07,2025,39.51644792,-121.5539061,ground,133,"JS, LL - 10/7/2025 - Clear - 4-2",2,20,25,35,20,NA,0.98,1.6,0.421,0.82
Upper Hatchery Riffle,2025-10-07,2025,39.51639846,-121.55405821,ground,138,"JS, LL - 10/7/2025 - Clear - 4-2",0,5,5,20,70,NA,1.8,3,0.48,0.62
Upper Hatchery Riffle,2025-10-07,2025,39.5164073,-121.55388087,ground,131,"JS, LL - 10/7/2025 - Clear - 4-2",1,15,35,15,35,0,1.2,1.8,0.471,0.5
Upper Hatchery Riffle,2025-10-07,2025,39.51642646,-121.55390828,ground,132,"JS, LL - 10/7/2025 - Clear - 4-2",1,NA,15,40,45,0,1.5,1.5,0.551,0.6
Eye Riffle,2025-10-15,2025,39.4575756,-121.61392799,ground,40,"Ll,pr - 10/15/2025 - Cloudy - 5-2",3,NA,10,70,20,NA,2.4,2,0.705,0.52
Eye Side Channel,2025-10-15,2025,39.45809861,-121.61291366,ground,33,"Ll,pr - 10/15/2025 - Cloudy - 5-2",NA,25,25,40,10,NA,1.2,1.78,0.42,0.7
Eye Side Channel,2025-10-15,2025,39.45808522,-121.61286676,ground,34,"Ll,pr - 10/15/2025 - Cloudy - 5-2",NA,NA,25,50,25,NA,1.7,1.9,0.84,0.5
Eye Side Channel,2025-10-15,2025,39.45813138,-121.6128565,ground,35,"Ll,pr - 10/15/2025 - Cloudy - 5-2",NA,10,30,40,20,NA,2.6,2.66,0.538,0.72
Eye Side Channel,2025-10-15,2025,39.45813889,-121.61282002,ground,36,"Ll,pr - 10/15/2025 - Cloudy - 5-2",1,NA,5,35,50,10,1.88,2,0.733,0.24
Eye Side Channel,2025-10-15,2025,39.4580564,-121.61279716,ground,37,"Ll,pr - 10/15/2025 - Cloudy - 5-2",2,NA,20,40,40,NA,2.4,3.2,1.357,0.26
Eye Side Channel,2025-10-15,2025,39.45724247,-121.61308253,ground,38,"Ll,pr - 10/15/2025 - Cloudy - 5-2",2,NA,10,60,30,NA,2.36,2.76,1.078,0.46
Eye Side Channel,2025-10-15,2025,39.45723539,-121.61305408,ground,39,"Ll,pr - 10/15/2025 - Cloudy - 5-2",1,NA,20,40,40,NA,2.32,2.96,0.928,0.48
Gateway Riffle,2025-10-15,2025,39.45611275,-121.62739158,ground,41,"Ll,pr - 10/15/2025 - Cloudy - 5-2",1,NA,NA,40,50,10,2.6,3.1,0.372,0.46
Steep Riffle,2025-10-15,2025,39.46227856,-121.6046702,ground,21,"Ll,pr - 10/15/2025 - Cloudy - 5-2",1,NA,NA,25,50,25,0.9,1,0.346,0.14
Steep Riffle,2025-10-15,2025,39.46254082,-121.60435634,ground,22,"Ll,pr - 10/15/2025 - Cloudy - 5-2",2,NA,15,65,20,NA,2,2.7,0.311,0.34
Steep Riffle,2025-10-15,2025,39.46308427,-121.6045133,ground,19,"Ll,pr - 10/15/2025 - Cloudy - 5-2",2,NA,25,25,25,25,1,1,0.41,0.24
Steep Riffle,2025-10-15,2025,39.46325372,-121.60417168,ground,20,"Ll,pr - 10/15/2025 - Cloudy - 5-2",5,5,15,40,40,NA,1.44,2.8,0.656,0.44
Steep Riffle,2025-10-15,2025,39.46365695,-121.60394571,ground,12,"Ll,pr - 10/15/2025 - Cloudy - 5-2",2,NA,NA,35,60,5,1,1,0.445,0.16
Steep Riffle,2025-10-15,2025,39.46337434,-121.60407843,ground,13,"Ll,pr - 10/15/2025 - Cloudy - 5-2",2,NA,NA,30,60,10,1.1,1.3,0.39,0.42
Steep Riffle,2025-10-15,2025,39.46330054,-121.60408787,ground,14,"Ll,pr - 10/15/2025 - Cloudy - 5-2",2,NA,NA,60,30,10,1.1,1.28,0.336,0.5
Steep Riffle,2025-10-15,2025,39.46334035,-121.60430079,ground,15,"Ll,pr - 10/15/2025 - Cloudy - 5-2",4,NA,20,40,30,10,1.68,1.8,0.264,0.36
Steep Riffle,2025-10-15,2025,39.46315246,-121.60465706,ground,16,"Ll,pr - 10/15/2025 - Cloudy - 5-2",2,NA,NA,70,30,NA,1,2,0.171,0.22
Steep Riffle,2025-10-15,2025,39.46314992,-121.60457419,ground,17,"Ll,pr - 10/15/2025 - Cloudy - 5-2",2,NA,5,65,30,NA,2.02,2.52,0.247,0.28
Steep Riffle,2025-10-15,2025,39.46313725,-121.60451795,ground,18,"Ll,pr - 10/15/2025 - Cloudy - 5-2",3,20,40,20,10,10,2.1,3.2,0.3,0.44
Steep Side,2025-10-15,2025,39.46238125,-121.60367148,ground,3,"Ll,pr - 10/15/2025 - Cloudy - 5-2",NA,NA,NA,70,30,NA,1.5,1.8,0.296,0.38
Steep Side,2025-10-15,2025,39.46241732,-121.60360275,ground,4,"Ll,pr - 10/15/2025 - Cloudy - 5-2",2,NA,NA,50,25,25,1.3,2,0.231,0.4
Steep Side,2025-10-15,2025,39.46243114,-121.60361144,ground,5,"Ll,pr - 10/15/2025 - Cloudy - 5-2",1,NA,15,45,40,NA,1.6,2.4,0.818,0.44
Steep Side,2025-10-15,2025,39.46244994,-121.60366105,ground,6,"Ll,pr - 10/15/2025 - Cloudy - 5-2",2,NA,NA,70,30,NA,1.8,2.82,0.531,0.44
Steep Side,2025-10-15,2025,39.46253053,-121.60370385,ground,7,"Ll,pr - 10/15/2025 - Cloudy - 5-2",NA,NA,NA,45,45,10,1,1.5,0.419,0.42
Steep Side,2025-10-15,2025,39.46248142,-121.60357711,ground,8,"Ll,pr - 10/15/2025 - Cloudy - 5-2",3,NA,25,50,25,NA,3,2.78,0.766,0.48
Steep Side,2025-10-15,2025,39.46247859,-121.6034609,ground,9,"Ll,pr - 10/15/2025 - Cloudy - 5-2",NA,NA,25,45,30,10,1.2,1.2,0.983,0.54
Steep Side,2025-10-15,2025,39.46262003,-121.60336977,ground,10,"Ll,pr - 10/15/2025 - Cloudy - 5-2",2,NA,NA,40,50,10,1.22,1.82,0.204,0.18
Steep Side,2025-10-15,2025,39.4628101,-121.60325823,ground,11,"Ll,pr - 10/15/2025 - Cloudy - 5-2",2,NA,NA,25,55,30,1.2,1.2,0.179,0.28
Weir Riffle,2025-10-15,2025,39.46178723,-121.60609904,ground,23,"Ll,pr - 10/15/2025 - Cloudy - 5-2",1,NA,NA,40,50,10,0.96,2.84,0.298,0.32
Weir Riffle,2025-10-15,2025,39.46177065,-121.60616605,ground,24,"Ll,pr - 10/15/2025 - Cloudy - 5-2",2,NA,15,65,20,NA,1,2.04,0.674,0.44
Weir Riffle,2025-10-15,2025,39.46174324,-121.60621408,ground,25,"Ll,pr - 10/15/2025 - Cloudy - 5-2",2,NA,25,45,30,NA,1.94,2.9,0.87,0.54
Weir Riffle,2025-10-15,2025,39.46178678,-121.60624208,ground,26,"Ll,pr - 10/15/2025 - Cloudy - 5-2",2,NA,10,70,20,NA,1.2,2.12,0.479,0.3
Weir Riffle,2025-10-15,2025,39.46176281,-121.60634754,ground,27,"Ll,pr - 10/15/2025 - Cloudy - 5-2",5,NA,10,50,40,NA,1.5,2,0.548,0.42
Weir Riffle,2025-10-15,2025,39.46175614,-121.60645749,ground,28,"Ll,pr - 10/15/2025 - Cloudy - 5-2",5,NA,15,40,35,10,1.26,1.8,0.608,0.4
Weir Riffle,2025-10-15,2025,39.46174503,-121.6064947,ground,29,"Ll,pr - 10/15/2025 - Cloudy - 5-2",4,NA,10,40,50,NA,1.4,1.4,0.326,0.48
Weir Riffle,2025-10-15,2025,39.46175921,-121.60652069,ground,30,"Ll,pr - 10/15/2025 - Cloudy - 5-2",3,NA,NA,40,60,NA,1,1,0.303,0.28
Weir Riffle,2025-10-15,2025,39.46174416,-121.60660038,ground,31,"Ll,pr - 10/15/2025 - Cloudy - 5-2",3,NA,NA,75,25,NA,1.1,2.9,0.502,0.5
Weir Riffle,2025-10-15,2025,39.46175364,-121.60663456,ground,32,"Ll,pr - 10/15/2025 - Cloudy - 5-2",3,NA,NA,50,40,10,1.48,2.1,0.299,0.36
Moe's Side Channel,2025-10-20,2025,39.51589378,-121.55937105,ground,1,"Ll,pr - 10/20/2025 - Clear - 6-1",NA,NA,NA,60,40,NA,0.8,1,0.121,0.1
Moe's Side Channel,2025-10-20,2025,39.5160619,-121.55710848,ground,8,"Ll,pr - 10/20/2025 - Clear - 6-1",1,5,15,40,40,NA,1.8,2,0.035,0.4
Moe's Side Channel,2025-10-20,2025,39.51605269,-121.55729073,ground,7,"Ll,pr - 10/20/2025 - Clear - 6-1",NA,NA,NA,NA,NA,NA,NA,NA,NA,NA
Moe's Side Channel,2025-10-20,2025,39.51609046,-121.55734995,ground,6,"Ll,pr - 10/20/2025 - Clear - 6-1",NA,NA,NA,NA,NA,NA,NA,NA,NA,NA
Moe's Side Channel,2025-10-20,2025,39.51609948,-121.55744228,ground,5,"Ll,pr - 10/20/2025 - Clear - 6-1",NA,NA,NA,NA,NA,NA,NA,NA,NA,NA
Moe's Side Channel,2025-10-20,2025,39.51609849,-121.55827464,ground,4,"Ll,pr - 10/20/2025 - Clear - 6-1",NA,NA,NA,NA,NA,NA,NA,NA,NA,NA
Moe's Side Channel,2025-10-20,2025,39.51607807,-121.55871939,ground,3,"Ll,pr - 10/20/2025 - Clear - 6-1",NA,NA,NA,NA,NA,NA,NA,NA,NA,NA
Moe's Side Channel,2025-10-20,2025,39.51591239,-121.55934839,ground,2,"Ll,pr - 10/20/2025 - Clear - 6-1",NA,NA,NA,NA,NA,NA,NA,NA,NA,NA
Moe's Side Channel,2025-10-20,2025,39.51606653,-121.55708012,ground,9,"Ll,pr - 10/20/2025 - Clear - 6-1",NA,NA,NA,NA,NA,NA,NA,NA,NA,NA
Top of Auditorium,2025-10-20,2025,39.51622803,-121.55689515,ground,17,"Ll,pr - 10/20/2025 - Clear - 6-1",1,NA,NA,40,60,NA,1.1,1.4,0.845,0.1
Top of Auditorium,2025-10-20,2025,39.51631529,-121.55687904,ground,16,"Ll,pr - 10/20/2025 - Clear - 6-1",3,NA,15,45,30,10,1.4,1.58,0.55,0.22
Top of Auditorium,2025-10-20,2025,39.5163322,-121.55686827,ground,15,"Ll,pr - 10/20/2025 - Clear - 6-1",2,15,10,40,35,NA,1.88,0.2,0.601,0.24
Top of Auditorium,2025-10-20,2025,39.51635185,-121.55687877,ground,14,"Ll,pr - 10/20/2025 - Clear - 6-1",3,25,25,30,20,NA,1.66,2.8,1.179,0.32
Top of Auditorium,2025-10-20,2025,39.51635587,-121.55684617,ground,13,"Ll,pr - 10/20/2025 - Clear - 6-1",2,NA,NA,45,55,NA,1.8,2.4,0.902,0.18
Top of Auditorium,2025-10-20,2025,39.51637722,-121.55685871,ground,12,"Ll,pr - 10/20/2025 - Clear - 6-1",3,NA,20,60,20,NA,2.4,2.2,0.61,0.22
Top of Auditorium,2025-10-20,2025,39.51638597,-121.55681824,ground,11,"Ll,pr - 10/20/2025 - Clear - 6-1",6,NA,NA,50,50,NA,1.7,1.8,0.536,0.2
Top of Auditorium,2025-10-20,2025,39.51618681,-121.55694681,ground,18,"Ll,pr - 10/20/2025 - Clear - 6-1",1,NA,NA,40,60,NA,1.4,1.5,0.235,0.2
Top of Auditorium,2025-10-20,2025,39.51640699,-121.55681374,ground,10,"Ll,pr - 10/20/2025 - Clear - 6-1",4,NA,15,45,40,NA,2.74,2.52,0.513,0.46
Top of Auditorium,2025-10-20,2025,39.51617748,-121.55705027,ground,19,"Ll,pr - 10/20/2025 - Clear - 6-1",5,10,20,40,30,NA,2.6,3.08,0.406,0.42
