location,date,longitude,latitude,channel_location
Below Big,2024-10-22T00:00:00Z,-121.62443136,39.38997402,HFC
Below Big,2024-10-22T00:00:00Z,-121.62370888,39.38978359,HFC
Below Big,2024-10-22T00:00:00Z,-121.62372759,39.38993214,HFC
Below Big,2024-10-22T00:00:00Z,-121.62365379,39.38999568,HFC
Below Big,2024-10-22T00:00:00Z,-121.62359125,39.39001876,HFC
Below Big,2024-10-22T00:00:00Z,-121.62354812,39.39001229,HFC
Below Big,2024-10-22T00:00:00Z,-121.62347453,39.3899941,HFC
Below Big,2024-10-22T00:00:00Z,-121.62355748,39.38989115,HFC
Below Big,2024-10-22T00:00:00Z,-121.62346607,39.39003406,HFC
Below Big,2024-10-22T00:00:00Z,-121.62342454,39.39033671,HFC
Below Big,2024-10-22T00:00:00Z,-121.62415431,39.39032438,HFC
Below Big,2024-10-22T00:00:00Z,-121.62419743,39.39033355,HFC
Below Big,2024-11-08T00:00:00Z,-121.62365475,39.38977142,HFC
Below Big,2024-11-08T00:00:00Z,-121.62403141,39.39040685,HFC
Below Big,2024-11-08T00:00:00Z,-121.62368808,39.39062693,HFC
Below Big,2024-11-08T00:00:00Z,-121.62410638,39.39019713,HFC
Below Big,2024-11-08T00:00:00Z,-121.62362991,39.38993261,HFC
Big Bar,2024-10-22T00:00:00Z,-121.62759268,39.38645864,HFC
Big Bar,2024-10-22T00:00:00Z,-121.6275505,39.38649819,HFC
Big Bar,2024-10-22T00:00:00Z,-121.62750086,39.38651345,HFC
Big Bar,2024-10-22T00:00:00Z,-121.62751324,39.38660514,HFC
Big Bar,2024-10-22T00:00:00Z,-121.62754346,39.38662619,HFC
Big Bar,2024-10-22T00:00:00Z,-121.62742787,39.38664903,HFC
Big Bar,2024-10-22T00:00:00Z,-121.62739444,39.386676370000004,HFC
Big Bar,2024-10-22T00:00:00Z,-121.62737499,39.3866845,HFC
Big Bar,2024-10-22T00:00:00Z,-121.62738777,39.38669829,HFC
Big Bar,2024-10-22T00:00:00Z,-121.62741163,39.38681213,HFC
Big Bar,2024-10-22T00:00:00Z,-121.62754537000001,39.38654467,HFC
Big Bar,2024-10-22T00:00:00Z,-121.6274661,39.38670054,HFC
Big Bar,2024-10-22T00:00:00Z,-121.62742213,39.38668725,HFC
Big Bar,2024-11-08T00:00:00Z,-121.62753933,39.386808,HFC
Big Hole East,2024-10-23T00:00:00Z,-121.6355787,39.4388567,HFC
Big Hole East,2024-10-23T00:00:00Z,-121.63551699,39.43894591,HFC
Big Hole East,2024-10-23T00:00:00Z,-121.63548949,39.43895617,HFC
Big Hole East,2024-10-23T00:00:00Z,-121.63544673,39.43889835,HFC
Big Hole East,2024-10-23T00:00:00Z,-121.63540433,39.43882166,HFC
Big Hole East,2024-10-23T00:00:00Z,-121.63537222,39.43883504,HFC
Big Hole East,2024-10-23T00:00:00Z,-121.63524658,39.43881664,HFC
Big Hole East,2024-10-23T00:00:00Z,-121.63549694,39.43878413,HFC
Big Hole East,2024-10-23T00:00:00Z,-121.6355191,39.43874219,HFC
Big Hole East,2024-10-23T00:00:00Z,-121.63558174,39.43871896,HFC
Big Hole East,2024-10-23T00:00:00Z,-121.63594865,39.43798228,HFC
Big Hole East,2024-10-23T00:00:00Z,-121.636081,39.43801056,HFC
Big Hole East,2024-10-23T00:00:00Z,-121.63606121,39.43795026,HFC
Big Hole East,2024-10-23T00:00:00Z,-121.63588117,39.43794374,HFC
Big Hole East,2024-10-23T00:00:00Z,-121.63606812,39.43788751,HFC
Big Hole East,2024-10-23T00:00:00Z,-121.63614643,39.43782615,HFC
Big Hole East,2024-10-23T00:00:00Z,-121.63607955,39.43772526,HFC
Big Hole East,2024-10-23T00:00:00Z,-121.6361946,39.43794705,HFC
Big Hole East,2024-10-23T00:00:00Z,-121.63617654,39.43787666,HFC
Big Hole East,2024-10-23T00:00:00Z,-121.63619614,39.43767404,HFC
Big Hole East,2024-10-23T00:00:00Z,-121.6362728,39.43771974,HFC
Big Hole East,2024-10-23T00:00:00Z,-121.63567168,39.43868386,HFC
Big Hole East,2024-11-07T00:00:00Z,-121.63544061,39.43886748,HFC
Big Hole East,2024-11-07T00:00:00Z,-121.63556584,39.43882664,HFC
Big Hole East,2024-11-07T00:00:00Z,-121.63625673,39.43796495,HFC
Big Hole East,2024-11-07T00:00:00Z,-121.63589051,39.43779494,HFC
Big Hole East,2024-11-19T00:00:00Z,-121.63524622,39.4389035,HFC
Big Hole East,2024-11-19T00:00:00Z,-121.63529785,39.43884669,HFC
Big Hole East,2024-11-19T00:00:00Z,-121.63532434,39.43888792,HFC
Big Hole East,2024-11-19T00:00:00Z,-121.63536479,39.43888963,HFC
Big Hole East,2024-11-19T00:00:00Z,-121.63540598,39.43867171,HFC
Big Hole East,2024-11-19T00:00:00Z,-121.63538555,39.43865962,HFC
Big Hole East,2024-11-19T00:00:00Z,-121.63616162,39.43798671,HFC
Big Hole West,2024-10-23T00:00:00Z,-121.63757059,39.43876835,HFC
Big Hole West,2024-10-23T00:00:00Z,-121.63758958,39.4386747,HFC
Big Hole West,2024-10-23T00:00:00Z,-121.63771787,39.43879224,HFC
Big Hole West,2024-10-23T00:00:00Z,-121.63771433,39.43875006,HFC
Big Hole West,2024-11-07T00:00:00Z,-121.63753195,39.43894951,HFC
Big Hole West,2024-11-07T00:00:00Z,-121.63755373,39.43880218,HFC
Big Hole West,2024-11-07T00:00:00Z,-121.63749457,39.43867613,HFC
Big Hole West,2024-11-07T00:00:00Z,-121.63749894,39.43843417,HFC
Big Hole West,2024-11-07T00:00:00Z,-121.63776942,39.43847143,HFC
Big Riffle,2024-10-22T00:00:00Z,-121.62200164,39.39496223,HFC
Big Riffle,2024-10-22T00:00:00Z,-121.62196254,39.39499323,HFC
Big Riffle,2024-10-22T00:00:00Z,-121.62184107,39.39498581,HFC
Big Riffle,2024-10-22T00:00:00Z,-121.62188752,39.39494615,HFC
Big Riffle,2024-10-22T00:00:00Z,-121.62192642,39.39492511,HFC
Big Riffle,2024-10-22T00:00:00Z,-121.62180236,39.39489298,HFC
Big Riffle,2024-10-22T00:00:00Z,-121.62169083,39.39487574,HFC
Big Riffle,2024-10-22T00:00:00Z,-121.62166211,39.39495304,HFC
Big Riffle,2024-10-22T00:00:00Z,-121.6217243,39.39492192,HFC
Big Riffle,2024-10-22T00:00:00Z,-121.621749,39.39491863,HFC
Big Riffle,2024-10-22T00:00:00Z,-121.62155116,39.39488045,HFC
Big Riffle,2024-10-22T00:00:00Z,-121.62155253,39.39483667,HFC
Big Riffle,2024-10-22T00:00:00Z,-121.62152515,39.39476786,HFC
Big Riffle,2024-10-22T00:00:00Z,-121.62145066,39.39466784,HFC
Big Riffle,2024-10-22T00:00:00Z,-121.62141769,39.39488285,HFC
Big Riffle,2024-10-22T00:00:00Z,-121.62134816,39.39481753,HFC
Big Riffle,2024-10-22T00:00:00Z,-121.62135232,39.39455639,HFC
Big Riffle,2024-10-22T00:00:00Z,-121.62133059,39.39454237,HFC
Big Riffle,2024-10-22T00:00:00Z,-121.62132649,39.39450027,HFC
Big Riffle,2024-11-08T00:00:00Z,-121.62158885,39.3948639,HFC
Big Riffle,2024-11-08T00:00:00Z,-121.62174089,39.3948612,HFC
Big Riffle,2024-11-18T00:00:00Z,-121.6217386,39.39495155,HFC
Big Riffle,2024-11-18T00:00:00Z,-121.62179646,39.39498409,HFC
G95 East Bottom,2024-10-23T00:00:00Z,-121.62592678,39.42904458,HFC
G95 East Bottom,2024-10-23T00:00:00Z,-121.62583009,39.42897445,HFC
G95 East Bottom,2024-10-23T00:00:00Z,-121.62602606,39.42907285,HFC
G95 East Bottom,2024-10-23T00:00:00Z,-121.62610412,39.42906011,HFC
G95 East Bottom,2024-10-23T00:00:00Z,-121.62611701,39.42910604,HFC
G95 East Bottom,2024-10-23T00:00:00Z,-121.62619298,39.42912538,HFC
G95 East Bottom,2024-10-23T00:00:00Z,-121.62617236,39.42909849,HFC
G95 East Bottom,2024-10-23T00:00:00Z,-121.62586649,39.42886105,HFC
G95 East Bottom,2024-10-23T00:00:00Z,-121.62597183,39.42875307,HFC
G95 East Bottom,2024-10-23T00:00:00Z,-121.62599456,39.42889738,HFC
G95 East Bottom,2024-10-23T00:00:00Z,-121.62612563,39.42866734,HFC
G95 East Bottom,2024-10-23T00:00:00Z,-121.6258971,39.42861227,HFC
G95 East Bottom,2024-10-23T00:00:00Z,-121.62596518,39.42856958,HFC
G95 East Bottom,2024-10-23T00:00:00Z,-121.62593405,39.42846515,HFC
G95 East Bottom,2024-10-23T00:00:00Z,-121.6259039,39.42850533,HFC
G95 East Bottom,2024-10-23T00:00:00Z,-121.6259145,39.42890759,HFC
G95 East Bottom,2024-11-07T00:00:00Z,-121.62578618,39.42897858,HFC
G95 East Bottom,2024-11-07T00:00:00Z,-121.62597235,39.42903024,HFC
G95 East Bottom,2024-11-07T00:00:00Z,-121.62585771,39.42851025,HFC
G95 East Bottom,2024-11-07T00:00:00Z,-121.62596146,39.42863945,HFC
G95 East Top,2024-10-23T00:00:00Z,-121.62931531,39.43105006,HFC
G95 East Top,2024-10-23T00:00:00Z,-121.62927453,39.43105664,HFC
G95 East Top,2024-10-23T00:00:00Z,-121.62921684,39.43107431,HFC
G95 East Top,2024-10-23T00:00:00Z,-121.62928104,39.43098755,HFC
G95 East Top,2024-10-23T00:00:00Z,-121.62923962,39.43099577,HFC
G95 East Top,2024-10-23T00:00:00Z,-121.62920746,39.43101138,HFC
G95 East Top,2024-10-23T00:00:00Z,-121.6291757,39.43102183,HFC
G95 East Top,2024-10-23T00:00:00Z,-121.62930223,39.4309278,HFC
G95 East Top,2024-10-23T00:00:00Z,-121.62921612,39.43089432,HFC
G95 East Top,2024-10-23T00:00:00Z,-121.62920067,39.43090896,HFC
G95 East Top,2024-10-23T00:00:00Z,-121.62926822,39.43085212,HFC
G95 East Top,2024-10-23T00:00:00Z,-121.6290721,39.43075665,HFC
G95 East Top,2024-10-23T00:00:00Z,-121.6289728,39.43077123,HFC
G95 East Top,2024-10-23T00:00:00Z,-121.62896968,39.43062086,HFC
G95 East Top,2024-10-23T00:00:00Z,-121.62885154,39.43073593,HFC
G95 East Top,2024-10-23T00:00:00Z,-121.62886741,39.43071564,HFC
G95 East Top,2024-10-23T00:00:00Z,-121.62897643,39.43072563,HFC
G95 East Top,2024-11-07T00:00:00Z,-121.6291566,39.43083294,HFC
G95 East Top,2024-11-07T00:00:00Z,-121.62914052000001,39.43080665,HFC
G95 East Top,2024-11-07T00:00:00Z,-121.62925966,39.43094333,HFC
G95 East Top,2024-11-07T00:00:00Z,-121.62910606,39.43079845,HFC
G95 East Top,2024-11-07T00:00:00Z,-121.62891526,39.4307355,HFC
G95 East Top,2024-11-07T00:00:00Z,-121.62891032,39.4307705,HFC
G95 Main,2024-10-23T00:00:00Z,-121.62963619,39.43051533,HFC
G95 Main,2024-10-23T00:00:00Z,-121.62969082,39.43048668,HFC
G95 Main,2024-10-23T00:00:00Z,-121.62969046,39.43042923,HFC
G95 Main,2024-10-23T00:00:00Z,-121.62976523,39.43031811,HFC
G95 Main,2024-10-23T00:00:00Z,-121.62945497,39.43035179,HFC
G95 Main,2024-10-23T00:00:00Z,-121.62940167,39.43042583,HFC
G95 Main,2024-10-23T00:00:00Z,-121.62949063,39.43011959,HFC
G95 Main,2024-10-23T00:00:00Z,-121.62958954,39.4305906,HFC
G95 Main,2024-10-23T00:00:00Z,-121.62954543,39.43061133,HFC
G95 Main,2024-10-23T00:00:00Z,-121.62960817,39.43014656,HFC
G95 Main,2024-10-23T00:00:00Z,-121.63018492,39.43014697,HFC
G95 Main,2024-11-07T00:00:00Z,-121.62956743,39.43047144,HFC
G95 Main,2024-11-07T00:00:00Z,-121.62953415,39.43054457,HFC
G95 Main,2024-11-19T00:00:00Z,-121.6296188,39.43057141,HFC
G95 Main,2024-11-19T00:00:00Z,-121.62967317,39.43055597,HFC
G95 West Bottom,2024-10-23T00:00:00Z,-121.63046778,39.43010812,HFC
G95 West Bottom,2024-10-23T00:00:00Z,-121.63064609,39.43004187,HFC
G95 West Bottom,2024-10-23T00:00:00Z,-121.63071884,39.43022251,HFC
G95 West Bottom,2024-10-23T00:00:00Z,-121.63071483,39.43027588,HFC
G95 West Bottom,2024-10-23T00:00:00Z,-121.63069193,39.43023414,HFC
G95 West Bottom,2024-11-07T00:00:00Z,-121.63092546,39.43018878,HFC
G95 West Bottom,2024-11-07T00:00:00Z,-121.63062345,39.43019221,HFC
G95 West Bottom,2024-11-07T00:00:00Z,-121.63081448,39.43007094,HFC
G95 West Bottom,2024-11-07T00:00:00Z,-121.63076485,39.43027499,HFC
G95 West Top,2024-10-23T00:00:00Z,-121.63248271,39.43122988,HFC
G95 West Top,2024-10-23T00:00:00Z,-121.63242043,39.43112344,HFC
G95 West Top,2024-10-23T00:00:00Z,-121.63233426,39.43117606,HFC
G95 West Top,2024-11-19T00:00:00Z,-121.632512,39.43122465,HFC
Keister,2024-10-23T00:00:00Z,-121.61974657,39.40883699,HFC
Keister,2024-10-23T00:00:00Z,-121.61970117,39.4087854,HFC
Keister,2024-10-23T00:00:00Z,-121.61952062,39.40870266,HFC
Keister,2024-10-23T00:00:00Z,-121.61952149,39.40879886,HFC
Keister,2024-10-23T00:00:00Z,-121.61962833,39.40882592,HFC
Keister,2024-10-23T00:00:00Z,-121.61947903,39.40894989,HFC
Keister,2024-10-23T00:00:00Z,-121.61937473,39.4087578,HFC
Keister,2024-10-23T00:00:00Z,-121.61932773,39.40875793,HFC
Keister,2024-10-23T00:00:00Z,-121.61934171,39.40883582,HFC
Keister,2024-10-23T00:00:00Z,-121.61919242,39.40880757,HFC
Keister,2024-10-23T00:00:00Z,-121.61923932,39.40881225,HFC
Keister,2024-10-23T00:00:00Z,-121.6192372,39.40862754,HFC
Keister,2024-10-23T00:00:00Z,-121.61869165,39.40848163,HFC
Keister,2024-10-23T00:00:00Z,-121.61852257,39.40832896,HFC
Keister,2024-10-23T00:00:00Z,-121.61942964,39.40884922,HFC
Keister,2024-11-07T00:00:00Z,-121.62016513,39.40884636,HFC
Keister,2024-11-07T00:00:00Z,-121.62002462,39.40889087,HFC
Keister,2024-11-07T00:00:00Z,-121.61965783,39.40866486,HFC
Keister,2024-11-07T00:00:00Z,-121.61877538,39.40884717,HFC
Keister,2024-11-07T00:00:00Z,-121.6179913,39.40795636,HFC
Keister,2024-11-19T00:00:00Z,-121.61971191,39.40872175,HFC
Keister,2024-11-19T00:00:00Z,-121.61962563,39.40876103,HFC
Keister,2024-11-19T00:00:00Z,-121.61923597,39.40876144,HFC
Lower Hour,2024-10-23T00:00:00Z,-121.62751906,39.415487829999996,HFC
Lower Hour,2024-10-23T00:00:00Z,-121.62732928,39.41554961,HFC
Lower Hour,2024-10-23T00:00:00Z,-121.62716158,39.4156286,HFC
Lower Hour,2024-10-23T00:00:00Z,-121.62707123,39.41558133,HFC
Lower Hour,2024-10-23T00:00:00Z,-121.62699168,39.41562405,HFC
Lower Hour,2024-10-23T00:00:00Z,-121.62700916,39.41565266,HFC
Lower Hour,2024-10-23T00:00:00Z,-121.62702489,39.41568634,HFC
Lower Hour,2024-10-23T00:00:00Z,-121.62685244,39.41573671,HFC
Lower Hour,2024-10-23T00:00:00Z,-121.6268892,39.41577051,HFC
Lower Hour,2024-10-23T00:00:00Z,-121.62716268,39.41584537,HFC
Lower Hour,2024-10-23T00:00:00Z,-121.62684197,39.41587795,HFC
Lower Hour,2024-10-23T00:00:00Z,-121.62702432,39.415987,HFC
Lower Hour,2024-10-23T00:00:00Z,-121.62688135,39.41606373,HFC
Lower Hour,2024-10-23T00:00:00Z,-121.62663596,39.41605513,HFC
Lower Hour,2024-10-23T00:00:00Z,-121.62685352,39.41623079,HFC
Lower Hour,2024-10-23T00:00:00Z,-121.62745112,39.41644347,HFC
Lower Hour,2024-10-23T00:00:00Z,-121.62761381,39.41645344,HFC
Lower Hour,2024-10-23T00:00:00Z,-121.62707704,39.41662661,HFC
Lower Hour,2024-10-23T00:00:00Z,-121.62695132,39.41666115,HFC
Lower Hour,2024-10-23T00:00:00Z,-121.62691801,39.41674493,HFC
Lower Hour,2024-10-23T00:00:00Z,-121.62688937,39.4167606,HFC
Lower Hour,2024-10-23T00:00:00Z,-121.6271375,39.41680012,HFC
Lower Hour,2024-10-23T00:00:00Z,-121.62781048,39.41621372,HFC
Lower Hour,2024-10-23T00:00:00Z,-121.62784764,39.41642841,HFC
Lower Hour,2024-10-23T00:00:00Z,-121.62733988,39.41734774,HFC
Lower Hour,2024-10-23T00:00:00Z,-121.62744866,39.41724449,HFC
Lower Hour,2024-10-23T00:00:00Z,-121.62769957,39.41712472,HFC
Lower Hour,2024-11-07T00:00:00Z,-121.62725082,39.41556479,HFC
Lower Hour,2024-11-07T00:00:00Z,-121.62698346,39.41559767,HFC
Lower Hour,2024-11-07T00:00:00Z,-121.62722619,39.41571046,HFC
Lower Hour,2024-11-07T00:00:00Z,-121.62690784,39.41571186,HFC
Lower Hour,2024-11-07T00:00:00Z,-121.62695083,39.41596334,HFC
Lower Hour,2024-11-07T00:00:00Z,-121.6269196,39.41595049,HFC
Lower Hour,2024-11-07T00:00:00Z,-121.62663097,39.41598524,HFC
Lower Hour,2024-11-07T00:00:00Z,-121.62688183,39.41611118,HFC
Lower Hour,2024-11-07T00:00:00Z,-121.6268398,39.41629483,HFC
Lower Hour,2024-11-07T00:00:00Z,-121.62696137,39.41726259,HFC
Lower Hour,2024-11-07T00:00:00Z,-121.62699723,39.41727116,HFC
Lower Hour,2024-11-07T00:00:00Z,-121.62767155,39.41721554,HFC
Lower Hour,2024-11-07T00:00:00Z,-121.62746828,39.41729624,HFC
Lower Hour,2024-11-19T00:00:00Z,-121.62707259,39.41566123,HFC
Lower Hour,2024-11-19T00:00:00Z,-121.62736735,39.41723103,HFC
Lower McFarland,2024-10-22T00:00:00Z,-121.63265269,39.37403687,HFC
Lower McFarland,2024-10-22T00:00:00Z,-121.63287927,39.37389083,HFC
Lower McFarland,2024-10-22T00:00:00Z,-121.63278912,39.37380695,HFC
Lower McFarland,2024-10-22T00:00:00Z,-121.63299884,39.37370166,HFC
Lower McFarland,2024-10-22T00:00:00Z,-121.63296939,39.37368262,HFC
Lower McFarland,2024-10-22T00:00:00Z,-121.63308178,39.37356728,HFC
Lower McFarland,2024-11-08T00:00:00Z,-121.63308172,39.37345241,HFC
Lower McFarland,2024-11-08T00:00:00Z,-121.63301076,39.37366266,HFC
Lower McFarland,2024-11-18T00:00:00Z,-121.63275026,39.3739172,HFC
Lower Vance East,2024-10-24T00:00:00Z,-121.63607713,39.44837511,HFC
Lower Vance East,2024-10-24T00:00:00Z,-121.63619278,39.44828739,HFC
Lower Vance East,2024-10-24T00:00:00Z,-121.63610882,39.44828001,HFC
Lower Vance East,2024-10-24T00:00:00Z,-121.63605339,39.44824171,HFC
Lower Vance East,2024-10-24T00:00:00Z,-121.63618403,39.44815072,HFC
Lower Vance East,2024-10-24T00:00:00Z,-121.6362028,39.4481972,HFC
Upper Hour,2024-10-23T00:00:00Z,-121.62490274,39.42194908,HFC
Upper Hour,2024-10-23T00:00:00Z,-121.62498687,39.42197194,HFC
Upper Hour,2024-10-23T00:00:00Z,-121.62496275,39.42202533,HFC
Upper Hour,2024-10-23T00:00:00Z,-121.62490586,39.42209423,HFC
Upper Hour,2024-10-23T00:00:00Z,-121.624942,39.42212514,HFC
Upper Hour,2024-10-23T00:00:00Z,-121.6250394,39.42212497,HFC
Upper Hour,2024-10-23T00:00:00Z,-121.62488545,39.42226363,HFC
Upper Hour,2024-10-23T00:00:00Z,-121.62522569,39.42225374,HFC
Upper Hour,2024-10-23T00:00:00Z,-121.62526596,39.42203024,HFC
Upper Hour,2024-10-23T00:00:00Z,-121.62539216,39.42204299,HFC
Upper Hour,2024-10-23T00:00:00Z,-121.6255323,39.42191146,HFC
Upper Hour,2024-10-23T00:00:00Z,-121.62489442,39.42241549,HFC
Upper Hour,2024-10-23T00:00:00Z,-121.62497805,39.42195509,HFC
Upper Hour,2024-11-07T00:00:00Z,-121.62493462,39.42197861,HFC
Upper Hour,2024-11-07T00:00:00Z,-121.6249177,39.42205727,HFC
Upper Hour,2024-11-07T00:00:00Z,-121.62489032,39.4221464,HFC
Upper Hour,2024-11-07T00:00:00Z,-121.62489621,39.42218401,HFC
Upper Hour,2024-11-07T00:00:00Z,-121.62489048,39.42220837,HFC
Upper Hour,2024-11-07T00:00:00Z,-121.62483397,39.42239499,HFC
Upper Hour,2024-11-07T00:00:00Z,-121.62528163,39.42209571,HFC
Upper Hour,2024-11-07T00:00:00Z,-121.62522304,39.42222099,HFC
Upper Hour,2024-11-07T00:00:00Z,-121.6255774,39.42170819,HFC
Upper Hour,2024-11-07T00:00:00Z,-121.62558727,39.4217346,HFC
Upper McFarland,2024-10-22T00:00:00Z,-121.63347707,39.3791014,HFC
Upper McFarland,2024-10-22T00:00:00Z,-121.63325382,39.37942732,HFC
Upper McFarland,2024-10-22T00:00:00Z,-121.63328899,39.37948591,HFC
Upper McFarland,2024-10-22T00:00:00Z,-121.63336493,39.3795904,HFC
Upper McFarland,2024-10-22T00:00:00Z,-121.63333992,39.3795975,HFC
Upper McFarland,2024-10-22T00:00:00Z,-121.63327666,39.37969543,HFC
Upper McFarland,2024-10-22T00:00:00Z,-121.6336154,39.37969913,HFC
Upper McFarland,2024-10-22T00:00:00Z,-121.63359873,39.37971739,HFC
Upper McFarland,2024-11-08T00:00:00Z,-121.63320712,39.37942271,HFC
Upper McFarland,2024-11-08T00:00:00Z,-121.63337795,39.37900879,HFC
Upper McFarland,2024-11-18T00:00:00Z,-121.63340883,39.3790402,HFC
Vance East,2024-10-24T00:00:00Z,-121.63822696,39.4512449,HFC
Vance East,2024-10-24T00:00:00Z,-121.63778208,39.45126306,HFC
Vance East,2024-10-24T00:00:00Z,-121.63744852,39.45105938,HFC
Vance East,2024-10-24T00:00:00Z,-121.63732506,39.45097675,HFC
Vance East,2024-10-24T00:00:00Z,-121.63736457,39.45097826,HFC
Vance East,2024-10-24T00:00:00Z,-121.63702394,39.45088941,HFC
Vance East,2024-10-24T00:00:00Z,-121.63689993,39.45079525,HFC
Vance East,2024-10-24T00:00:00Z,-121.63687731,39.45081778,HFC
Vance East,2024-10-24T00:00:00Z,-121.63680873,39.45074894,HFC
Vance East,2024-10-24T00:00:00Z,-121.63671484,39.45074224,HFC
Vance East,2024-10-24T00:00:00Z,-121.63671085,39.45069957,HFC
Vance East,2024-10-24T00:00:00Z,-121.63665775,39.4506283,HFC
Vance East,2024-10-24T00:00:00Z,-121.63663996,39.4506008,HFC
Vance East,2024-10-24T00:00:00Z,-121.6366752,39.45054962,HFC
Vance East,2024-10-24T00:00:00Z,-121.63661817,39.45070447,HFC
Vance East,2024-10-24T00:00:00Z,-121.63812208,39.45092915,HFC
Vance East,2024-10-24T00:00:00Z,-121.63802224,39.45092176,HFC
Vance East,2024-10-24T00:00:00Z,-121.63834439,39.45130355,HFC
Vance East,2024-11-07T00:00:00Z,-121.63806414,39.45144218,HFC
Vance East,2024-11-07T00:00:00Z,-121.63795671,39.45134863,HFC
Vance East,2024-11-07T00:00:00Z,-121.63785382,39.45125455,HFC
Vance East,2024-11-07T00:00:00Z,-121.63777658,39.45123612,HFC
Vance East,2024-11-07T00:00:00Z,-121.63727646,39.45094695,HFC
Vance East,2024-11-07T00:00:00Z,-121.63728074,39.45092494,HFC
Vance East,2024-11-07T00:00:00Z,-121.63701987,39.45075217,HFC
Vance East,2024-11-07T00:00:00Z,-121.63699117,39.450814630000004,HFC
Vance East,2024-11-07T00:00:00Z,-121.63659324,39.45062305,HFC
Vance East,2024-11-07T00:00:00Z,-121.63667203,39.45066248,HFC
Vance East,2024-11-07T00:00:00Z,-121.6365303,39.45041372,HFC
Vance East,2024-11-07T00:00:00Z,-121.63647545,39.45035812,HFC
Vance East,2024-11-19T00:00:00Z,-121.63737772,39.4509287,HFC
Vance East,2024-11-19T00:00:00Z,-121.6376935,39.45075184,HFC
Vance East,2024-11-19T00:00:00Z,-121.63788627,39.45129056,HFC
Vance East,2024-11-19T00:00:00Z,-121.63751043,39.45105252,HFC
Vance East,2024-11-19T00:00:00Z,-121.63680427,39.45069345,HFC
Vance West,2024-10-24T00:00:00Z,-121.63884193,39.45110602,HFC
Vance West,2024-10-24T00:00:00Z,-121.63906328,39.45081837,HFC
Vance West,2024-10-24T00:00:00Z,-121.63887147,39.45055479,HFC
Vance West,2024-10-24T00:00:00Z,-121.63875007,39.45072197,HFC
Vance West,2024-11-07T00:00:00Z,-121.63906706,39.45032203,HFC
Aleck,2024-09-24T00:00:00Z,-121.57906114,39.48362096,LFC
Aleck,2024-09-24T00:00:00Z,-121.5791202,39.48357941,LFC
Aleck,2024-09-24T00:00:00Z,-121.57894662,39.48388117,LFC
Aleck,2024-09-24T00:00:00Z,-121.57895709,39.48391448,LFC
Aleck,2024-10-02T00:00:00Z,-121.57896066,39.48382162,LFC
Aleck,2024-10-02T00:00:00Z,-121.57895803,39.48378603,LFC
Aleck,2024-10-02T00:00:00Z,-121.57905511,39.48363461,LFC
Aleck,2024-10-16T00:00:00Z,-121.5790639,39.4840118,LFC
Aleck,2024-10-16T00:00:00Z,-121.57888246,39.48377817,LFC
Aleck,2024-10-16T00:00:00Z,-121.57888593,39.48374825,LFC
Aleck,2024-10-16T00:00:00Z,-121.57891293,39.48368864,LFC
Aleck,2024-10-16T00:00:00Z,-121.57894128,39.4836679,LFC
Aleck,2024-10-16T00:00:00Z,-121.57889085,39.48354187,LFC
Aleck,2024-10-16T00:00:00Z,-121.57898104,39.48343865,LFC
Aleck,2024-10-16T00:00:00Z,-121.57932826,39.4835844,LFC
Aleck,2024-10-16T00:00:00Z,-121.57909093,39.48349326,LFC
Aleck,2024-10-30T00:00:00Z,-121.57903015,39.48421564,LFC
Aleck,2024-10-30T00:00:00Z,-121.57899975,39.48422527,LFC
Aleck,2024-10-30T00:00:00Z,-121.57899597,39.48416567,LFC
Aleck,2024-10-30T00:00:00Z,-121.57904422,39.48414444,LFC
Aleck,2024-10-30T00:00:00Z,-121.57904063,39.48407552,LFC
Aleck,2024-10-30T00:00:00Z,-121.57905274,39.48404294,LFC
Aleck,2024-10-30T00:00:00Z,-121.57901829,39.48403479,LFC
Aleck,2024-10-30T00:00:00Z,-121.57908732,39.4840154,LFC
Aleck,2024-10-30T00:00:00Z,-121.57902444,39.48397758,LFC
Aleck,2024-10-30T00:00:00Z,-121.57893454,39.48398444,LFC
Aleck,2024-10-30T00:00:00Z,-121.57892996,39.48393574,LFC
Aleck,2024-10-30T00:00:00Z,-121.5790388,39.48390593,LFC
Aleck,2024-10-30T00:00:00Z,-121.57885437,39.48388799,LFC
Aleck,2024-10-30T00:00:00Z,-121.57894292,39.48384657,LFC
Aleck,2024-10-30T00:00:00Z,-121.57885572,39.48382187,LFC
Aleck,2024-10-30T00:00:00Z,-121.57881501,39.48376136,LFC
Aleck,2024-10-30T00:00:00Z,-121.57877085,39.48378355,LFC
Aleck,2024-10-30T00:00:00Z,-121.578689,39.48379846,LFC
Aleck,2024-10-30T00:00:00Z,-121.57912387,39.48381946,LFC
Aleck,2024-10-30T00:00:00Z,-121.57907133,39.48387883,LFC
Aleck,2024-10-30T00:00:00Z,-121.57900632,39.48381575,LFC
Aleck,2024-10-30T00:00:00Z,-121.5788459,39.48375651,LFC
Aleck,2024-10-30T00:00:00Z,-121.57873304,39.48373877,LFC
Aleck,2024-10-30T00:00:00Z,-121.57876917,39.48372193,LFC
Aleck,2024-10-30T00:00:00Z,-121.57871057,39.4837044,LFC
Aleck,2024-10-30T00:00:00Z,-121.57892669,39.48373613,LFC
Aleck,2024-10-30T00:00:00Z,-121.57905496,39.48367428,LFC
Aleck,2024-10-30T00:00:00Z,-121.57886962,39.48367202,LFC
Aleck,2024-10-30T00:00:00Z,-121.57897244,39.48366464,LFC
Aleck,2024-10-30T00:00:00Z,-121.57893197,39.4836355,LFC
Aleck,2024-10-30T00:00:00Z,-121.57898396,39.4836175,LFC
Aleck,2024-10-30T00:00:00Z,-121.57879807,39.48362796,LFC
Aleck,2024-10-30T00:00:00Z,-121.57889407,39.48362367,LFC
Aleck,2024-10-30T00:00:00Z,-121.57882021,39.48359231,LFC
Aleck,2024-10-30T00:00:00Z,-121.57884399,39.48356237,LFC
Aleck,2024-10-30T00:00:00Z,-121.57896902,39.48355867,LFC
Aleck,2024-10-30T00:00:00Z,-121.57906881,39.48357035,LFC
Aleck,2024-10-30T00:00:00Z,-121.57904147,39.48354433,LFC
Aleck,2024-10-30T00:00:00Z,-121.57902179,39.48351704,LFC
Aleck,2024-10-30T00:00:00Z,-121.57895434,39.48351621,LFC
Aleck,2024-10-30T00:00:00Z,-121.57898238,39.48347882,LFC
Aleck,2024-10-30T00:00:00Z,-121.57904689,39.48345097,LFC
Aleck,2024-10-30T00:00:00Z,-121.57916955,39.48343406,LFC
Aleck,2024-10-30T00:00:00Z,-121.57910313,39.48341166,LFC
Aleck,2024-10-30T00:00:00Z,-121.57920339,39.48348653,LFC
Aleck,2024-10-30T00:00:00Z,-121.57907862,39.48336226,LFC
Aleck,2024-10-30T00:00:00Z,-121.57914071,39.48331472,LFC
Aleck,2024-10-30T00:00:00Z,-121.5789101,39.48358857,LFC
Aleck,2024-10-30T00:00:00Z,-121.5790221,39.48428009,LFC
Aleck,2024-11-14T00:00:00Z,-121.57889782,39.48365683,LFC
Aleck,2024-11-14T00:00:00Z,-121.57898854,39.48354016,LFC
Bedrock,2024-09-09T00:00:00Z,-121.567613,39.513619,LFC
Bedrock,2024-09-09T00:00:00Z,-121.568526,39.513362,LFC
Bedrock,2024-09-18T00:00:00Z,-121.56734,39.513718,LFC
Bedrock,2024-09-18T00:00:00Z,-121.567577,39.513642,LFC
Bedrock,2024-09-18T00:00:00Z,-121.567576,39.513623,LFC
Bedrock,2024-09-18T00:00:00Z,-121.567485,39.513625,LFC
Bedrock,2024-09-18T00:00:00Z,-121.567535,39.513664,LFC
Bedrock,2024-09-18T00:00:00Z,-121.56785,39.513562,LFC
Bedrock,2024-09-18T00:00:00Z,-121.567999,39.513582,LFC
Bedrock,2024-09-18T00:00:00Z,-121.568096,39.51356,LFC
Bedrock,2024-09-18T00:00:00Z,-121.568089,39.513548,LFC
Bedrock,2024-09-18T00:00:00Z,-121.568271,39.513469,LFC
Bedrock,2024-09-18T00:00:00Z,-121.568346,39.51344,LFC
Bedrock,2024-09-18T00:00:00Z,-121.568099,39.513408,LFC
Bedrock,2024-09-18T00:00:00Z,-121.567791,39.51326,LFC
Bedrock,2024-09-18T00:00:00Z,-121.568318,39.513356,LFC
Bedrock,2024-09-18T00:00:00Z,-121.568311,39.513344,LFC
Bedrock,2024-09-18T00:00:00Z,-121.56836,39.513387,LFC
Bedrock,2024-09-18T00:00:00Z,-121.568413,39.513277,LFC
Bedrock,2024-09-18T00:00:00Z,-121.568345,39.513244,LFC
Bedrock,2024-09-18T00:00:00Z,-121.568487,39.513286,LFC
Bedrock,2024-09-18T00:00:00Z,-121.569772,39.512951,LFC
Bedrock,2024-09-18T00:00:00Z,-121.569768,39.512927,LFC
Bedrock,2024-09-18T00:00:00Z,-121.569404,39.513007,LFC
Bedrock,2024-09-18T00:00:00Z,-121.569673,39.512615,LFC
Bedrock,2024-09-18T00:00:00Z,-121.5697,39.51259,LFC
Bedrock,2024-09-18T00:00:00Z,-121.569888,39.512548,LFC
Bedrock,2024-09-18T00:00:00Z,-121.569868,39.512536,LFC
Bedrock,2024-09-18T00:00:00Z,-121.569865,39.512411,LFC
Bedrock,2024-09-18T00:00:00Z,-121.56955,39.512637,LFC
Bedrock,2024-09-18T00:00:00Z,-121.568213,39.513424,LFC
Bedrock,2024-09-18T00:00:00Z,-121.568118,39.513482,LFC
Bedrock,2024-09-18T00:00:00Z,-121.568007,39.513552,LFC
Bedrock,2024-09-23T00:00:00Z,-121.567558,39.513701,LFC
Bedrock,2024-09-23T00:00:00Z,-121.567693,39.513687,LFC
Bedrock,2024-09-23T00:00:00Z,-121.567654,39.51369,LFC
Bedrock,2024-09-23T00:00:00Z,-121.567716,39.513639,LFC
Bedrock,2024-09-23T00:00:00Z,-121.567834,39.513544,LFC
Bedrock,2024-09-23T00:00:00Z,-121.567884,39.513535,LFC
Bedrock,2024-09-23T00:00:00Z,-121.567828,39.51358,LFC
Bedrock,2024-09-23T00:00:00Z,-121.567726,39.513595,LFC
Bedrock,2024-09-23T00:00:00Z,-121.567395,39.513671,LFC
Bedrock,2024-09-23T00:00:00Z,-121.567502,39.51366,LFC
Bedrock,2024-09-23T00:00:00Z,-121.567782,39.513332,LFC
Bedrock,2024-09-23T00:00:00Z,-121.56796,39.513286,LFC
Bedrock,2024-09-23T00:00:00Z,-121.568292,39.513255,LFC
Bedrock,2024-09-23T00:00:00Z,-121.569574,39.512977,LFC
Bedrock,2024-09-23T00:00:00Z,-121.569462,39.512693,LFC
Bedrock,2024-09-23T00:00:00Z,-121.569542,39.512589,LFC
Bedrock,2024-09-23T00:00:00Z,-121.569352,39.512751,LFC
Bedrock,2024-09-23T00:00:00Z,-121.56939,39.512729,LFC
Bedrock,2024-09-30T00:00:00Z,-121.567104,39.513743,LFC
Bedrock,2024-09-30T00:00:00Z,-121.567088,39.513728,LFC
Bedrock,2024-09-30T00:00:00Z,-121.567444,39.513649,LFC
Bedrock,2024-09-30T00:00:00Z,-121.567425,39.513427,LFC
Bedrock,2024-09-30T00:00:00Z,-121.56747,39.513615,LFC
Bedrock,2024-09-30T00:00:00Z,-121.567673,39.513641,LFC
Bedrock,2024-09-30T00:00:00Z,-121.567731,39.513557,LFC
Bedrock,2024-09-30T00:00:00Z,-121.567726,39.513571,LFC
Bedrock,2024-09-30T00:00:00Z,-121.568228,39.513486,LFC
Bedrock,2024-09-30T00:00:00Z,-121.568354,39.513346,LFC
Bedrock,2024-09-30T00:00:00Z,-121.568389,39.513325,LFC
Bedrock,2024-09-30T00:00:00Z,-121.568308,39.513417,LFC
Bedrock,2024-09-30T00:00:00Z,-121.568323,39.513432,LFC
Bedrock,2024-09-30T00:00:00Z,-121.568373,39.513408,LFC
Bedrock,2024-09-30T00:00:00Z,-121.568531,39.513383,LFC
Bedrock,2024-09-30T00:00:00Z,-121.569282,39.513045,LFC
Bedrock,2024-09-30T00:00:00Z,-121.569815,39.512951,LFC
Bedrock,2024-09-30T00:00:00Z,-121.569837,39.512936,LFC
Bedrock,2024-09-30T00:00:00Z,-121.569976,39.512475,LFC
Bedrock,2024-09-30T00:00:00Z,-121.569601,39.512535,LFC
Bedrock,2024-09-30T00:00:00Z,-121.569854,39.512442,LFC
Bedrock,2024-10-07T00:00:00Z,-121.567221,39.513699,LFC
Bedrock,2024-10-07T00:00:00Z,-121.567256,39.513426,LFC
Bedrock,2024-10-07T00:00:00Z,-121.567447,39.513341,LFC
Bedrock,2024-10-07T00:00:00Z,-121.567866,39.513459,LFC
Bedrock,2024-10-07T00:00:00Z,-121.567902,39.513448,LFC
Bedrock,2024-10-07T00:00:00Z,-121.568038,39.513384,LFC
Bedrock,2024-10-07T00:00:00Z,-121.567616,39.513352,LFC
Bedrock,2024-10-07T00:00:00Z,-121.56805,39.513541,LFC
Bedrock,2024-10-07T00:00:00Z,-121.567942,39.513267,LFC
Bedrock,2024-10-07T00:00:00Z,-121.567908,39.513193,LFC
Bedrock,2024-10-07T00:00:00Z,-121.568122,39.513358,LFC
Bedrock,2024-10-07T00:00:00Z,-121.568256,39.513311,LFC
Bedrock,2024-10-07T00:00:00Z,-121.568469,39.513387,LFC
Bedrock,2024-10-07T00:00:00Z,-121.568369,39.513449,LFC
Bedrock,2024-10-07T00:00:00Z,-121.568426,39.513168,LFC
Bedrock,2024-10-07T00:00:00Z,-121.568263,39.513197,LFC
Bedrock,2024-10-07T00:00:00Z,-121.569499,39.512985,LFC
Bedrock,2024-10-07T00:00:00Z,-121.56968,39.512924,LFC
Bedrock,2024-10-07T00:00:00Z,-121.569398,39.512701,LFC
Bedrock,2024-10-07T00:00:00Z,-121.569417,39.512658,LFC
Bedrock,2024-10-07T00:00:00Z,-121.569526,39.512565,LFC
Bedrock,2024-10-07T00:00:00Z,-121.569677,39.512969,LFC
Bedrock,2024-10-07T00:00:00Z,-121.570025,39.512562,LFC
Bedrock,2024-10-07T00:00:00Z,-121.569548,39.512669,LFC
Bedrock,2024-10-07T00:00:00Z,-121.569784,39.512435,LFC
Bedrock,2024-10-07T00:00:00Z,-121.569861,39.512474,LFC
Bedrock,2024-10-07T00:00:00Z,-121.569506,39.512598,LFC
Bedrock,2024-10-07T00:00:00Z,-121.569537,39.512612,LFC
Bedrock,2024-10-07T00:00:00Z,-121.570037,39.512479,LFC
Bedrock,2024-10-07T00:00:00Z,-121.569636,39.51259,LFC
Bedrock,2024-10-07T00:00:00Z,-121.567138,39.513426,LFC
Bedrock,2024-10-15T00:00:00Z,-121.566989,39.513682,LFC
Bedrock,2024-10-15T00:00:00Z,-121.567004,39.513799,LFC
Bedrock,2024-10-15T00:00:00Z,-121.567198,39.51382,LFC
Bedrock,2024-10-15T00:00:00Z,-121.567208,39.513777,LFC
Bedrock,2024-10-15T00:00:00Z,-121.567257,39.51382,LFC
Bedrock,2024-10-15T00:00:00Z,-121.567308,39.513634,LFC
Bedrock,2024-10-15T00:00:00Z,-121.567288,39.513576,LFC
Bedrock,2024-10-15T00:00:00Z,-121.567224,39.51347,LFC
Bedrock,2024-10-15T00:00:00Z,-121.567201,39.513442,LFC
Bedrock,2024-10-15T00:00:00Z,-121.567311,39.513487,LFC
Bedrock,2024-10-15T00:00:00Z,-121.56737,39.513463,LFC
Bedrock,2024-10-15T00:00:00Z,-121.567378,39.513524,LFC
Bedrock,2024-10-15T00:00:00Z,-121.567354,39.513448,LFC
Bedrock,2024-10-15T00:00:00Z,-121.567395,39.51359,LFC
Bedrock,2024-10-15T00:00:00Z,-121.567411,39.513603,LFC
Bedrock,2024-10-15T00:00:00Z,-121.567508,39.513524,LFC
Bedrock,2024-10-15T00:00:00Z,-121.567494,39.513513,LFC
Bedrock,2024-10-15T00:00:00Z,-121.567342,39.513399,LFC
Bedrock,2024-10-15T00:00:00Z,-121.567441,39.513453,LFC
Bedrock,2024-10-15T00:00:00Z,-121.567206,39.513734,LFC
Bedrock,2024-10-15T00:00:00Z,-121.567237,39.513715,LFC
Bedrock,2024-10-15T00:00:00Z,-121.567368,39.51382,LFC
Bedrock,2024-10-15T00:00:00Z,-121.567439,39.513802,LFC
Bedrock,2024-10-15T00:00:00Z,-121.567471,39.513735,LFC
Bedrock,2024-10-15T00:00:00Z,-121.567372,39.513715,LFC
Bedrock,2024-10-15T00:00:00Z,-121.567354,39.51369,LFC
Bedrock,2024-10-15T00:00:00Z,-121.567447,39.513681,LFC
Bedrock,2024-10-15T00:00:00Z,-121.567436,39.513624,LFC
Bedrock,2024-10-15T00:00:00Z,-121.567379,39.513624,LFC
Bedrock,2024-10-15T00:00:00Z,-121.567591,39.5136,LFC
Bedrock,2024-10-15T00:00:00Z,-121.567582,39.513672,LFC
Bedrock,2024-10-15T00:00:00Z,-121.567603,39.513679,LFC
Bedrock,2024-10-15T00:00:00Z,-121.567099,39.513482,LFC
Bedrock,2024-10-15T00:00:00Z,-121.56753,39.513384,LFC
Bedrock,2024-10-15T00:00:00Z,-121.56773,39.513376,LFC
Bedrock,2024-10-15T00:00:00Z,-121.567819,39.513426,LFC
Bedrock,2024-10-15T00:00:00Z,-121.567826,39.513651,LFC
Bedrock,2024-10-15T00:00:00Z,-121.567687,39.513608,LFC
Bedrock,2024-10-15T00:00:00Z,-121.567423,39.513401,LFC
Bedrock,2024-10-15T00:00:00Z,-121.567885,39.513327,LFC
Bedrock,2024-10-15T00:00:00Z,-121.567895,39.513391,LFC
Bedrock,2024-10-15T00:00:00Z,-121.567964,39.513348,LFC
Bedrock,2024-10-15T00:00:00Z,-121.567936,39.513526,LFC
Bedrock,2024-10-15T00:00:00Z,-121.567838,39.513601,LFC
Bedrock,2024-10-15T00:00:00Z,-121.567671,39.51354,LFC
Bedrock,2024-10-15T00:00:00Z,-121.567576,39.513329,LFC
Bedrock,2024-10-15T00:00:00Z,-121.567735,39.513295,LFC
Bedrock,2024-10-15T00:00:00Z,-121.567681,39.51356,LFC
Bedrock,2024-10-15T00:00:00Z,-121.568169,39.513499,LFC
Bedrock,2024-10-15T00:00:00Z,-121.56815,39.513406,LFC
Bedrock,2024-10-15T00:00:00Z,-121.568199,39.513314,LFC
Bedrock,2024-10-15T00:00:00Z,-121.568115,39.513337,LFC
Bedrock,2024-10-15T00:00:00Z,-121.568033,39.513312,LFC
Bedrock,2024-10-15T00:00:00Z,-121.56809,39.513286,LFC
Bedrock,2024-10-15T00:00:00Z,-121.568237,39.513399,LFC
Bedrock,2024-10-15T00:00:00Z,-121.56824400000001,39.513371,LFC
Bedrock,2024-10-15T00:00:00Z,-121.567131,39.51375,LFC
Bedrock,2024-10-15T00:00:00Z,-121.56809,39.513447,LFC
Bedrock,2024-10-15T00:00:00Z,-121.568103,39.513258,LFC
Bedrock,2024-10-15T00:00:00Z,-121.568279,39.513442,LFC
Bedrock,2024-10-15T00:00:00Z,-121.568405,39.513303,LFC
Bedrock,2024-10-15T00:00:00Z,-121.568414,39.513369,LFC
Bedrock,2024-10-15T00:00:00Z,-121.56822,39.513237,LFC
Bedrock,2024-10-15T00:00:00Z,-121.56836,39.513203,LFC
Bedrock,2024-10-15T00:00:00Z,-121.568461,39.513358,LFC
Bedrock,2024-10-15T00:00:00Z,-121.568591,39.513274,LFC
Bedrock,2024-10-15T00:00:00Z,-121.568561,39.513336,LFC
Bedrock,2024-10-15T00:00:00Z,-121.568532,39.513251,LFC
Bedrock,2024-10-15T00:00:00Z,-121.568436,39.513237,LFC
Bedrock,2024-10-15T00:00:00Z,-121.5686,39.513151,LFC
Bedrock,2024-10-15T00:00:00Z,-121.568754,39.513292,LFC
Bedrock,2024-10-15T00:00:00Z,-121.568758,39.513253,LFC
Bedrock,2024-10-15T00:00:00Z,-121.568919,39.513206,LFC
Bedrock,2024-10-15T00:00:00Z,-121.56903200000001,39.513193,LFC
Bedrock,2024-10-15T00:00:00Z,-121.569144,39.51311,LFC
Bedrock,2024-10-15T00:00:00Z,-121.568863,39.513023,LFC
Bedrock,2024-10-15T00:00:00Z,-121.569196,39.512926,LFC
Bedrock,2024-10-15T00:00:00Z,-121.568386,39.51323,LFC
Bedrock,2024-10-15T00:00:00Z,-121.568893,39.513248,LFC
Bedrock,2024-10-15T00:00:00Z,-121.56916,39.513148,LFC
Bedrock,2024-10-15T00:00:00Z,-121.5692,39.513069,LFC
Bedrock,2024-10-15T00:00:00Z,-121.569225,39.512957,LFC
Bedrock,2024-10-15T00:00:00Z,-121.568546,39.513068,LFC
Bedrock,2024-10-15T00:00:00Z,-121.568615,39.513113,LFC
Bedrock,2024-10-15T00:00:00Z,-121.569016,39.513018,LFC
Bedrock,2024-10-15T00:00:00Z,-121.569297,39.513002,LFC
Bedrock,2024-10-15T00:00:00Z,-121.569366,39.512924,LFC
Bedrock,2024-10-15T00:00:00Z,-121.569325,39.512806,LFC
Bedrock,2024-10-15T00:00:00Z,-121.569573,39.512772,LFC
Bedrock,2024-10-15T00:00:00Z,-121.569479,39.512719,LFC
Bedrock,2024-10-15T00:00:00Z,-121.569603,39.512715,LFC
Bedrock,2024-10-15T00:00:00Z,-121.569217,39.512789,LFC
Bedrock,2024-10-15T00:00:00Z,-121.569431,39.512962,LFC
Bedrock,2024-10-15T00:00:00Z,-121.569607,39.513012,LFC
Bedrock,2024-10-15T00:00:00Z,-121.569636,39.512948,LFC
Bedrock,2024-10-15T00:00:00Z,-121.569759,39.512699,LFC
Bedrock,2024-10-15T00:00:00Z,-121.569697,39.512683,LFC
Bedrock,2024-10-15T00:00:00Z,-121.569816,39.512793,LFC
Bedrock,2024-10-15T00:00:00Z,-121.569803,39.512888,LFC
Bedrock,2024-10-15T00:00:00Z,-121.569973,39.512832,LFC
Bedrock,2024-10-15T00:00:00Z,-121.569469,39.512857,LFC
Bedrock,2024-10-15T00:00:00Z,-121.569498,39.512955,LFC
Bedrock,2024-10-15T00:00:00Z,-121.569578,39.51269,LFC
Bedrock,2024-10-15T00:00:00Z,-121.570076,39.51283,LFC
Bedrock,2024-10-15T00:00:00Z,-121.570159,39.512848,LFC
Bedrock,2024-10-15T00:00:00Z,-121.570143,39.512817,LFC
Bedrock,2024-10-15T00:00:00Z,-121.570103,39.512574,LFC
Bedrock,2024-10-15T00:00:00Z,-121.570144,39.512522,LFC
Bedrock,2024-10-15T00:00:00Z,-121.570135,39.512494,LFC
Bedrock,2024-10-15T00:00:00Z,-121.570156,39.512464,LFC
Bedrock,2024-10-15T00:00:00Z,-121.570183,39.512553,LFC
Bedrock,2024-10-15T00:00:00Z,-121.570189,39.51252,LFC
Bedrock,2024-10-15T00:00:00Z,-121.570122,39.512614,LFC
Bedrock,2024-10-15T00:00:00Z,-121.569735,39.512494,LFC
Bedrock,2024-10-15T00:00:00Z,-121.570012,39.512595,LFC
Bedrock,2024-10-15T00:00:00Z,-121.570085,39.512401,LFC
Bedrock,2024-10-15T00:00:00Z,-121.570041,39.51235,LFC
Bedrock,2024-10-15T00:00:00Z,-121.570158,39.512402,LFC
Bedrock,2024-10-15T00:00:00Z,-121.57021400000001,39.512808,LFC
Bedrock,2024-10-15T00:00:00Z,-121.570272,39.512814,LFC
Bedrock,2024-10-15T00:00:00Z,-121.570241,39.512843,LFC
Bedrock,2024-10-15T00:00:00Z,-121.570331,39.512834,LFC
Bedrock,2024-10-15T00:00:00Z,-121.569897,39.512442,LFC
Bedrock,2024-10-15T00:00:00Z,-121.569901,39.512499,LFC
Bedrock,2024-10-15T00:00:00Z,-121.569434,39.51262,LFC
Bedrock,2024-10-15T00:00:00Z,-121.569724,39.512999,LFC
Bedrock,2024-10-15T00:00:00Z,-121.568105,39.513517,LFC
Bedrock,2024-10-15T00:00:00Z,-121.567659,39.513297,LFC
Bedrock,2024-10-15T00:00:00Z,-121.567982,39.513403,LFC
Bedrock,2024-10-15T00:00:00Z,-121.56759,39.513549,LFC
Bedrock,2024-10-15T00:00:00Z,-121.567754,39.513668,LFC
Bedrock,2024-10-15T00:00:00Z,-121.56702,39.513807,LFC
Bedrock,2024-10-15T00:00:00Z,-121.567266,39.513803,LFC
Bedrock,2024-10-15T00:00:00Z,-121.567218,39.513808,LFC
Bedrock,2024-10-15T00:00:00Z,-121.567095,39.5137,LFC
Bedrock,2024-10-21T00:00:00Z,-121.567064,39.513824,LFC
Bedrock,2024-10-21T00:00:00Z,-121.567041,39.513811,LFC
Bedrock,2024-10-21T00:00:00Z,-121.567112,39.513772,LFC
Bedrock,2024-10-21T00:00:00Z,-121.567089,39.513763,LFC
Bedrock,2024-10-21T00:00:00Z,-121.567116,39.513796,LFC
Bedrock,2024-10-21T00:00:00Z,-121.567295,39.513728,LFC
Bedrock,2024-10-21T00:00:00Z,-121.567044,39.513664,LFC
Bedrock,2024-10-21T00:00:00Z,-121.567241,39.513737,LFC
Bedrock,2024-10-21T00:00:00Z,-121.567211,39.513684,LFC
Bedrock,2024-10-21T00:00:00Z,-121.567355,39.513738,LFC
Bedrock,2024-10-21T00:00:00Z,-121.567426,39.513753,LFC
Bedrock,2024-10-21T00:00:00Z,-121.56749,39.513741,LFC
Bedrock,2024-10-21T00:00:00Z,-121.567454,39.513696,LFC
Bedrock,2024-10-21T00:00:00Z,-121.567465,39.513662,LFC
Bedrock,2024-10-21T00:00:00Z,-121.567365,39.513656,LFC
Bedrock,2024-10-21T00:00:00Z,-121.567266,39.513706,LFC
Bedrock,2024-10-21T00:00:00Z,-121.567127,39.51352,LFC
Bedrock,2024-10-21T00:00:00Z,-121.567048,39.513535,LFC
Bedrock,2024-10-21T00:00:00Z,-121.567347,39.513547,LFC
Bedrock,2024-10-21T00:00:00Z,-121.567254,39.513579,LFC
Bedrock,2024-10-21T00:00:00Z,-121.567364,39.513507,LFC
Bedrock,2024-10-21T00:00:00Z,-121.567105,39.513455,LFC
Bedrock,2024-10-21T00:00:00Z,-121.567124,39.513493,LFC
Bedrock,2024-10-21T00:00:00Z,-121.567284,39.513447,LFC
Bedrock,2024-10-21T00:00:00Z,-121.567201,39.513416,LFC
Bedrock,2024-10-21T00:00:00Z,-121.567328,39.51347,LFC
Bedrock,2024-10-21T00:00:00Z,-121.567354,39.513429,LFC
Bedrock,2024-10-21T00:00:00Z,-121.567432,39.513495,LFC
Bedrock,2024-10-21T00:00:00Z,-121.567433,39.51347,LFC
Bedrock,2024-10-21T00:00:00Z,-121.567493,39.513468,LFC
Bedrock,2024-10-21T00:00:00Z,-121.56741,39.513563,LFC
Bedrock,2024-10-21T00:00:00Z,-121.567484,39.513589,LFC
Bedrock,2024-10-21T00:00:00Z,-121.567651,39.513608,LFC
Bedrock,2024-10-21T00:00:00Z,-121.567641,39.513672,LFC
Bedrock,2024-10-21T00:00:00Z,-121.567571,39.513563,LFC
Bedrock,2024-10-21T00:00:00Z,-121.56759,39.513518,LFC
Bedrock,2024-10-21T00:00:00Z,-121.567588,39.513456,LFC
Bedrock,2024-10-21T00:00:00Z,-121.567652,39.513492,LFC
Bedrock,2024-10-21T00:00:00Z,-121.567717,39.513489,LFC
Bedrock,2024-10-21T00:00:00Z,-121.567698,39.513454,LFC
Bedrock,2024-10-21T00:00:00Z,-121.567692,39.513524,LFC
Bedrock,2024-10-21T00:00:00Z,-121.567565,39.51343,LFC
Bedrock,2024-10-21T00:00:00Z,-121.567588,39.513403,LFC
Bedrock,2024-10-21T00:00:00Z,-121.567656,39.513381,LFC
Bedrock,2024-10-21T00:00:00Z,-121.56765,39.513453,LFC
Bedrock,2024-10-21T00:00:00Z,-121.567747,39.513395,LFC
Bedrock,2024-10-21T00:00:00Z,-121.567734,39.513518,LFC
Bedrock,2024-10-21T00:00:00Z,-121.567814,39.513495,LFC
Bedrock,2024-10-21T00:00:00Z,-121.567688,39.513341,LFC
Bedrock,2024-10-21T00:00:00Z,-121.567832,39.513526,LFC
Bedrock,2024-10-21T00:00:00Z,-121.567909,39.513474,LFC
Bedrock,2024-10-21T00:00:00Z,-121.56789,39.513415,LFC
Bedrock,2024-10-21T00:00:00Z,-121.567767,39.513437,LFC
Bedrock,2024-10-21T00:00:00Z,-121.567832,39.513353,LFC
Bedrock,2024-10-21T00:00:00Z,-121.567867,39.513375,LFC
Bedrock,2024-10-21T00:00:00Z,-121.567755,39.513544,LFC
Bedrock,2024-10-21T00:00:00Z,-121.567783,39.513591,LFC
Bedrock,2024-10-21T00:00:00Z,-121.567868,39.51365,LFC
Bedrock,2024-10-21T00:00:00Z,-121.568036,39.513588,LFC
Bedrock,2024-10-21T00:00:00Z,-121.56804,39.513420000000004,LFC
Bedrock,2024-10-21T00:00:00Z,-121.568046,39.513484,LFC
Bedrock,2024-10-21T00:00:00Z,-121.568057,39.513443,LFC
Bedrock,2024-10-21T00:00:00Z,-121.568149,39.513363,LFC
Bedrock,2024-10-21T00:00:00Z,-121.568168,39.513464,LFC
Bedrock,2024-10-21T00:00:00Z,-121.568193,39.513341,LFC
Bedrock,2024-10-21T00:00:00Z,-121.568191,39.51352,LFC
Bedrock,2024-10-21T00:00:00Z,-121.568381,39.513362,LFC
Bedrock,2024-10-21T00:00:00Z,-121.568459,39.513335,LFC
Bedrock,2024-10-21T00:00:00Z,-121.568507,39.513315,LFC
Bedrock,2024-10-21T00:00:00Z,-121.568304,39.513288,LFC
Bedrock,2024-10-21T00:00:00Z,-121.56864,39.513221,LFC
Bedrock,2024-10-21T00:00:00Z,-121.568629,39.513185,LFC
Bedrock,2024-10-21T00:00:00Z,-121.568568,39.513197,LFC
Bedrock,2024-10-21T00:00:00Z,-121.568453,39.513204,LFC
Bedrock,2024-10-21T00:00:00Z,-121.568736,39.513223000000004,LFC
Bedrock,2024-10-21T00:00:00Z,-121.568793,39.513184,LFC
Bedrock,2024-10-21T00:00:00Z,-121.568502,39.513151,LFC
Bedrock,2024-10-21T00:00:00Z,-121.569018,39.513173,LFC
Bedrock,2024-10-21T00:00:00Z,-121.569018,39.513098,LFC
Bedrock,2024-10-21T00:00:00Z,-121.569058,39.513094,LFC
Bedrock,2024-10-21T00:00:00Z,-121.569139,39.513,LFC
Bedrock,2024-10-21T00:00:00Z,-121.569177,39.513005,LFC
Bedrock,2024-10-21T00:00:00Z,-121.569242,39.513056,LFC
Bedrock,2024-10-21T00:00:00Z,-121.569407,39.512943,LFC
Bedrock,2024-10-21T00:00:00Z,-121.569358,39.512886,LFC
Bedrock,2024-10-21T00:00:00Z,-121.569262,39.512905,LFC
Bedrock,2024-10-21T00:00:00Z,-121.569423,39.51284,LFC
Bedrock,2024-10-21T00:00:00Z,-121.569382,39.512823,LFC
Bedrock,2024-10-21T00:00:00Z,-121.569517,39.512879,LFC
Bedrock,2024-10-21T00:00:00Z,-121.569715,39.512878,LFC
Bedrock,2024-10-21T00:00:00Z,-121.569598,39.512893,LFC
Bedrock,2024-10-21T00:00:00Z,-121.569565,39.512875,LFC
Bedrock,2024-10-21T00:00:00Z,-121.569649,39.512731,LFC
Bedrock,2024-10-21T00:00:00Z,-121.569714,39.512785,LFC
Bedrock,2024-10-21T00:00:00Z,-121.569271,39.512813,LFC
Bedrock,2024-10-21T00:00:00Z,-121.569424,39.512746,LFC
Bedrock,2024-10-21T00:00:00Z,-121.569671,39.512949,LFC
Bedrock,2024-10-21T00:00:00Z,-121.569829,39.512858,LFC
Bedrock,2024-10-21T00:00:00Z,-121.569819,39.512752,LFC
Bedrock,2024-10-21T00:00:00Z,-121.569776,39.512795,LFC
Bedrock,2024-10-21T00:00:00Z,-121.569935,39.512628,LFC
Bedrock,2024-10-21T00:00:00Z,-121.569886,39.512779,LFC
Bedrock,2024-10-21T00:00:00Z,-121.570041,39.512613,LFC
Bedrock,2024-10-21T00:00:00Z,-121.56998,39.512549,LFC
Bedrock,2024-10-21T00:00:00Z,-121.569841,39.51262,LFC
Bedrock,2024-10-21T00:00:00Z,-121.569829,39.51267,LFC
Bedrock,2024-10-21T00:00:00Z,-121.570037,39.512775,LFC
Bedrock,2024-10-21T00:00:00Z,-121.570096,39.512886,LFC
Bedrock,2024-10-21T00:00:00Z,-121.57039,39.512817,LFC
Bedrock,2024-10-21T00:00:00Z,-121.570276,39.512783,LFC
Bedrock,2024-10-21T00:00:00Z,-121.57029,39.512836,LFC
Bedrock,2024-10-21T00:00:00Z,-121.570089,39.512431,LFC
Bedrock,2024-10-21T00:00:00Z,-121.570142,39.512323,LFC
Bedrock,2024-10-21T00:00:00Z,-121.570166,39.512358,LFC
Bedrock,2024-10-21T00:00:00Z,-121.570353,39.512383,LFC
Bedrock,2024-10-21T00:00:00Z,-121.570211,39.512401,LFC
Bedrock,2024-10-21T00:00:00Z,-121.570304,39.512446,LFC
Bedrock,2024-10-21T00:00:00Z,-121.570243,39.512302,LFC
Bedrock,2024-10-21T00:00:00Z,-121.569774,39.512532,LFC
Bedrock,2024-10-21T00:00:00Z,-121.569452,39.512779,LFC
Bedrock,2024-10-21T00:00:00Z,-121.569322,39.51293,LFC
Bedrock,2024-10-21T00:00:00Z,-121.56859,39.512972,LFC
Bedrock,2024-10-21T00:00:00Z,-121.568507,39.512994,LFC
Bedrock,2024-10-21T00:00:00Z,-121.568158,39.513241,LFC
Bedrock,2024-10-21T00:00:00Z,-121.568043,39.513276,LFC
Bedrock,2024-10-21T00:00:00Z,-121.567468,39.513534,LFC
Bedrock,2024-10-21T00:00:00Z,-121.567442,39.513553,LFC
Bedrock,2024-10-28T00:00:00Z,-121.56692,39.5136,LFC
Bedrock,2024-10-28T00:00:00Z,-121.566919,39.513658,LFC
Bedrock,2024-10-28T00:00:00Z,-121.56693,39.513561,LFC
Bedrock,2024-10-28T00:00:00Z,-121.567012,39.513757,LFC
Bedrock,2024-10-28T00:00:00Z,-121.567016,39.513735,LFC
Bedrock,2024-10-28T00:00:00Z,-121.56696,39.513762,LFC
Bedrock,2024-10-28T00:00:00Z,-121.566974,39.513745,LFC
Bedrock,2024-10-28T00:00:00Z,-121.567013,39.513838,LFC
Bedrock,2024-10-28T00:00:00Z,-121.567082,39.513856,LFC
Bedrock,2024-10-28T00:00:00Z,-121.56709,39.513832,LFC
Bedrock,2024-10-28T00:00:00Z,-121.567111,39.513815,LFC
Bedrock,2024-10-28T00:00:00Z,-121.567085,39.513792,LFC
Bedrock,2024-10-28T00:00:00Z,-121.567145,39.513771,LFC
Bedrock,2024-10-28T00:00:00Z,-121.567152,39.513751,LFC
Bedrock,2024-10-28T00:00:00Z,-121.567173,39.513798,LFC
Bedrock,2024-10-28T00:00:00Z,-121.56728,39.513835,LFC
Bedrock,2024-10-28T00:00:00Z,-121.567334,39.513842,LFC
Bedrock,2024-10-28T00:00:00Z,-121.567319,39.513823,LFC
Bedrock,2024-10-28T00:00:00Z,-121.567283,39.513779,LFC
Bedrock,2024-10-28T00:00:00Z,-121.567249,39.51377,LFC
Bedrock,2024-10-28T00:00:00Z,-121.567384,39.513764,LFC
Bedrock,2024-10-28T00:00:00Z,-121.567297,39.51366,LFC
Bedrock,2024-10-28T00:00:00Z,-121.567284,39.513747,LFC
Bedrock,2024-10-28T00:00:00Z,-121.567441,39.513782,LFC
Bedrock,2024-10-28T00:00:00Z,-121.567134,39.513655,LFC
Bedrock,2024-10-28T00:00:00Z,-121.567395,39.513655,LFC
Bedrock,2024-10-28T00:00:00Z,-121.567241,39.513625,LFC
Bedrock,2024-10-28T00:00:00Z,-121.567352,39.513608,LFC
Bedrock,2024-10-28T00:00:00Z,-121.567528,39.513647,LFC
Bedrock,2024-10-28T00:00:00Z,-121.567591,39.513581,LFC
Bedrock,2024-10-28T00:00:00Z,-121.567628,39.513573,LFC
Bedrock,2024-10-28T00:00:00Z,-121.567345,39.51357,LFC
Bedrock,2024-10-28T00:00:00Z,-121.567233,39.513532,LFC
Bedrock,2024-10-28T00:00:00Z,-121.567425,39.513515,LFC
Bedrock,2024-10-28T00:00:00Z,-121.567499,39.513557,LFC
Bedrock,2024-10-28T00:00:00Z,-121.567521,39.513489,LFC
Bedrock,2024-10-28T00:00:00Z,-121.567845,39.513437,LFC
Bedrock,2024-10-28T00:00:00Z,-121.567786,39.513565,LFC
Bedrock,2024-10-28T00:00:00Z,-121.567704,39.513403,LFC
Bedrock,2024-10-28T00:00:00Z,-121.567922,39.513425,LFC
Bedrock,2024-10-28T00:00:00Z,-121.568092,39.513467,LFC
Bedrock,2024-10-28T00:00:00Z,-121.568161,39.513293,LFC
Bedrock,2024-10-28T00:00:00Z,-121.568725,39.513197,LFC
Bedrock,2024-10-28T00:00:00Z,-121.568663,39.513255,LFC
Bedrock,2024-10-28T00:00:00Z,-121.569482,39.512904,LFC
Bedrock,2024-10-28T00:00:00Z,-121.569567,39.512924,LFC
Bedrock,2024-10-28T00:00:00Z,-121.569532,39.512971,LFC
Bedrock,2024-10-28T00:00:00Z,-121.569415,39.51291,LFC
Bedrock,2024-10-28T00:00:00Z,-121.569263,39.512972,LFC
Bedrock,2024-10-28T00:00:00Z,-121.569134,39.512896,LFC
Bedrock,2024-10-28T00:00:00Z,-121.56908,39.513028,LFC
Bedrock,2024-10-28T00:00:00Z,-121.569647,39.512772,LFC
Bedrock,2024-10-28T00:00:00Z,-121.569706,39.512846,LFC
Bedrock,2024-10-28T00:00:00Z,-121.569893,39.512832,LFC
Bedrock,2024-10-28T00:00:00Z,-121.569874,39.512811,LFC
Bedrock,2024-10-28T00:00:00Z,-121.569747,39.51283,LFC
Bedrock,2024-10-28T00:00:00Z,-121.569767,39.512762,LFC
Bedrock,2024-10-28T00:00:00Z,-121.569706,39.512732,LFC
Bedrock,2024-10-28T00:00:00Z,-121.569554,39.51274,LFC
Bedrock,2024-10-28T00:00:00Z,-121.569301,39.51275,LFC
Bedrock,2024-10-28T00:00:00Z,-121.569696,39.512867,LFC
Bedrock,2024-10-28T00:00:00Z,-121.569878,39.51289,LFC
Bedrock,2024-10-28T00:00:00Z,-121.570195,39.5127,LFC
Bedrock,2024-10-28T00:00:00Z,-121.570188,39.512632,LFC
Bedrock,2024-10-28T00:00:00Z,-121.570057,39.512664,LFC
Bedrock,2024-10-28T00:00:00Z,-121.569761,39.512635,LFC
Bedrock,2024-10-28T00:00:00Z,-121.570253,39.512641,LFC
Bedrock,2024-10-28T00:00:00Z,-121.570301,39.512683,LFC
Bedrock,2024-10-28T00:00:00Z,-121.570252,39.512687,LFC
Bedrock,2024-10-28T00:00:00Z,-121.570289,39.512603,LFC
Bedrock,2024-10-28T00:00:00Z,-121.57041100000001,39.512691,LFC
Bedrock,2024-10-28T00:00:00Z,-121.570361,39.512768,LFC
Bedrock,2024-10-28T00:00:00Z,-121.569955,39.512446,LFC
Bedrock,2024-10-28T00:00:00Z,-121.570337,39.512413,LFC
Bedrock,2024-10-28T00:00:00Z,-121.570296,39.512537,LFC
Bedrock,2024-10-28T00:00:00Z,-121.570003,39.512397,LFC
Bedrock,2024-10-28T00:00:00Z,-121.570307,39.512806,LFC
Bedrock,2024-10-28T00:00:00Z,-121.570169,39.512768,LFC
Bedrock,2024-10-28T00:00:00Z,-121.569653,39.51302,LFC
Bedrock,2024-10-28T00:00:00Z,-121.568231,39.513436,LFC
Bedrock,2024-10-28T00:00:00Z,-121.568405,39.51344,LFC
Bedrock,2024-10-28T00:00:00Z,-121.56828,39.51338,LFC
Bedrock,2024-10-28T00:00:00Z,-121.568249,39.513346,LFC
Bedrock,2024-10-28T00:00:00Z,-121.568295,39.513313,LFC
Bedrock,2024-10-28T00:00:00Z,-121.56807,39.513313,LFC
Bedrock,2024-10-28T00:00:00Z,-121.568195,39.513468,LFC
Bedrock,2024-10-28T00:00:00Z,-121.568005,39.513444,LFC
Bedrock,2024-10-28T00:00:00Z,-121.56789,39.513576,LFC
Bedrock,2024-10-28T00:00:00Z,-121.56779,39.513528,LFC
Bedrock,2024-10-28T00:00:00Z,-121.567536,39.513731,LFC
Bedrock,2024-11-04T00:00:00Z,-121.56879,39.513223000000004,LFC
Bedrock,2024-11-04T00:00:00Z,-121.569304,39.513087,LFC
Bedrock,2024-11-04T00:00:00Z,-121.569151,39.512968,LFC
Bedrock,2024-11-04T00:00:00Z,-121.569618,39.512827,LFC
Bedrock,2024-11-04T00:00:00Z,-121.569747,39.512733,LFC
Bedrock,2024-11-04T00:00:00Z,-121.570331,39.512716,LFC
Bedrock,2024-11-04T00:00:00Z,-121.569502,39.51304,LFC
Bedrock,2024-11-04T00:00:00Z,-121.567803,39.513349,LFC
Bedrock,2024-11-04T00:00:00Z,-121.568677,39.513176,LFC
Bedrock,2024-11-04T00:00:00Z,-121.569318,39.512969,LFC
Bedrock,2024-11-04T00:00:00Z,-121.569477,39.513019,LFC
Bedrock,2024-11-04T00:00:00Z,-121.569471,39.512804,LFC
Bedrock,2024-11-04T00:00:00Z,-121.569926,39.512548,LFC
Bedrock,2024-11-04T00:00:00Z,-121.569552,39.512902,LFC
Bedrock,2024-11-04T00:00:00Z,-121.569888,39.512923,LFC
Bedrock,2024-11-04T00:00:00Z,-121.569392,39.513071,LFC
Bedrock,2024-11-04T00:00:00Z,-121.569065,39.513148,LFC
Bedrock,2024-11-04T00:00:00Z,-121.567603,39.513422,LFC
Bedrock,2024-11-04T00:00:00Z,-121.567168,39.513734,LFC
Bedrock,2024-11-04T00:00:00Z,-121.567169,39.513696,LFC
Bedrock,2024-11-12T00:00:00Z,-121.567669,39.513506,LFC
Bedrock,2024-11-12T00:00:00Z,-121.567403,39.513708,LFC
Bedrock,2024-11-12T00:00:00Z,-121.56767,39.513492,LFC
Bedrock,2024-11-12T00:00:00Z,-121.568083,39.513512,LFC
Bedrock,2024-11-12T00:00:00Z,-121.56831,39.513476,LFC
Bedrock,2024-11-12T00:00:00Z,-121.56871,39.513273,LFC
Bedrock,2024-11-12T00:00:00Z,-121.569235,39.513089,LFC
Bedrock,2024-11-12T00:00:00Z,-121.569268,39.512936,LFC
Bedrock,2024-11-12T00:00:00Z,-121.57009,39.512696,LFC
Bedrock,2024-11-12T00:00:00Z,-121.570149,39.512578,LFC
Bedrock,2024-11-12T00:00:00Z,-121.569682,39.512756,LFC
Bedrock,2024-11-12T00:00:00Z,-121.568572,39.513308,LFC
Bedrock,2024-11-12T00:00:00Z,-121.567478,39.513492,LFC
Cottonwood,2024-09-09T00:00:00Z,-121.55507366,39.51688486,LFC
Cottonwood,2024-09-09T00:00:00Z,-121.55481822,39.516915,LFC
Cottonwood,2024-09-09T00:00:00Z,-121.55481354,39.51689202,LFC
Cottonwood,2024-09-09T00:00:00Z,-121.55470772,39.51690377,LFC
Cottonwood,2024-09-09T00:00:00Z,-121.55460522,39.51688104,LFC
Cottonwood,2024-09-09T00:00:00Z,-121.55483083,39.51687685,LFC
Cottonwood,2024-09-18T00:00:00Z,-121.55610878,39.516544,LFC
Cottonwood,2024-09-18T00:00:00Z,-121.55615845,39.51657825,LFC
Cottonwood,2024-09-18T00:00:00Z,-121.55597952,39.51656827,LFC
Cottonwood,2024-09-18T00:00:00Z,-121.55597023,39.51655308,LFC
Cottonwood,2024-09-18T00:00:00Z,-121.55589301,39.51659353,LFC
Cottonwood,2024-09-18T00:00:00Z,-121.5557518,39.51666119,LFC
Cottonwood,2024-09-18T00:00:00Z,-121.55576334,39.51667887,LFC
Cottonwood,2024-09-18T00:00:00Z,-121.55564459,39.51663089,LFC
Cottonwood,2024-09-18T00:00:00Z,-121.55563562,39.51662319,LFC
Cottonwood,2024-09-18T00:00:00Z,-121.55562508,39.51661084,LFC
Cottonwood,2024-09-18T00:00:00Z,-121.55554442,39.51672827,LFC
Cottonwood,2024-09-18T00:00:00Z,-121.55555307,39.51663653,LFC
Cottonwood,2024-09-18T00:00:00Z,-121.55539412,39.5167061,LFC
Cottonwood,2024-09-18T00:00:00Z,-121.55539192,39.51668678,LFC
Cottonwood,2024-09-18T00:00:00Z,-121.55549912,39.51673534,LFC
Cottonwood,2024-09-18T00:00:00Z,-121.55549109,39.51672238,LFC
Cottonwood,2024-09-18T00:00:00Z,-121.55529323,39.51674122,LFC
Cottonwood,2024-09-18T00:00:00Z,-121.55503951,39.51687614,LFC
Cottonwood,2024-09-18T00:00:00Z,-121.55507632,39.51684225,LFC
Cottonwood,2024-09-18T00:00:00Z,-121.55493955,39.51683908,LFC
Cottonwood,2024-09-18T00:00:00Z,-121.5548544,39.51685127,LFC
Cottonwood,2024-09-18T00:00:00Z,-121.55482304,39.516867070000004,LFC
Cottonwood,2024-09-18T00:00:00Z,-121.55468324,39.51685699,LFC
Cottonwood,2024-09-23T00:00:00Z,-121.55601204,39.51660226,LFC
Cottonwood,2024-09-23T00:00:00Z,-121.55599608,39.5165915,LFC
Cottonwood,2024-09-23T00:00:00Z,-121.5558916,39.51653611,LFC
Cottonwood,2024-09-23T00:00:00Z,-121.5560012,39.51655,LFC
Cottonwood,2024-09-23T00:00:00Z,-121.55615022,39.51659729,LFC
Cottonwood,2024-09-23T00:00:00Z,-121.55576058,39.51661101,LFC
Cottonwood,2024-09-23T00:00:00Z,-121.55574637,39.51659764,LFC
Cottonwood,2024-09-23T00:00:00Z,-121.55566418,39.5167411,LFC
Cottonwood,2024-09-23T00:00:00Z,-121.55568666,39.51672489,LFC
Cottonwood,2024-09-23T00:00:00Z,-121.55559542,39.51668879,LFC
Cottonwood,2024-09-23T00:00:00Z,-121.5555881,39.51671311,LFC
Cottonwood,2024-09-23T00:00:00Z,-121.55551504,39.51662115,LFC
Cottonwood,2024-09-23T00:00:00Z,-121.55550764,39.51660853,LFC
Cottonwood,2024-09-23T00:00:00Z,-121.55549764,39.51659785,LFC
Cottonwood,2024-09-23T00:00:00Z,-121.55514162,39.51676034,LFC
Cottonwood,2024-09-23T00:00:00Z,-121.55514709,39.51674325,LFC
Cottonwood,2024-09-23T00:00:00Z,-121.55519263,39.5168474,LFC
Cottonwood,2024-09-23T00:00:00Z,-121.55518538,39.51682752,LFC
Cottonwood,2024-09-23T00:00:00Z,-121.55510334,39.51688126,LFC
Cottonwood,2024-09-23T00:00:00Z,-121.55511663,39.51685635,LFC
Cottonwood,2024-09-23T00:00:00Z,-121.5549484,39.51679488,LFC
Cottonwood,2024-09-23T00:00:00Z,-121.55489247,39.5168219,LFC
Cottonwood,2024-09-23T00:00:00Z,-121.55465526,39.51688229,LFC
Cottonwood,2024-09-23T00:00:00Z,-121.55498024,39.51686126,LFC
Cottonwood,2024-09-23T00:00:00Z,-121.55568182,39.51654735,LFC
Cottonwood,2024-09-30T00:00:00Z,-121.55533805,39.51670607,LFC
Cottonwood,2024-09-30T00:00:00Z,-121.55544606,39.51670277,LFC
Cottonwood,2024-09-30T00:00:00Z,-121.55508514,39.51675655,LFC
Cottonwood,2024-09-30T00:00:00Z,-121.55571616,39.51658578,LFC
Cottonwood,2024-09-30T00:00:00Z,-121.55513254,39.51681034,LFC
Cottonwood,2024-09-30T00:00:00Z,-121.5549017,39.51679264,LFC
Cottonwood,2024-09-30T00:00:00Z,-121.55504346,39.5168044,LFC
Cottonwood,2024-10-07T00:00:00Z,-121.55584326,39.51656717,LFC
Cottonwood,2024-10-07T00:00:00Z,-121.55560155,39.51659848,LFC
Cottonwood,2024-10-07T00:00:00Z,-121.55539678,39.5165735,LFC
Cottonwood,2024-10-07T00:00:00Z,-121.55504816,39.51674862,LFC
Cottonwood,2024-10-07T00:00:00Z,-121.5549949,39.51677039,LFC
Cottonwood,2024-10-07T00:00:00Z,-121.5548701,39.51679127,LFC
Cottonwood,2024-10-15T00:00:00Z,-121.5554597,39.5165789,LFC
Cottonwood,2024-10-15T00:00:00Z,-121.55556306,39.51656501,LFC
Cottonwood,2024-10-15T00:00:00Z,-121.55554225,39.51645919,LFC
Cottonwood,2024-10-15T00:00:00Z,-121.5556815,39.51652162,LFC
Cottonwood,2024-10-15T00:00:00Z,-121.55563342,39.51666353,LFC
Cottonwood,2024-10-15T00:00:00Z,-121.55561071,39.51664939,LFC
Cottonwood,2024-10-15T00:00:00Z,-121.55557114,39.51666803,LFC
Cottonwood,2024-10-15T00:00:00Z,-121.55517653,39.51671987,LFC
Cottonwood,2024-10-15T00:00:00Z,-121.55520309,39.51679475,LFC
Cottonwood,2024-10-15T00:00:00Z,-121.555604,39.51652132,LFC
Cottonwood,2024-10-15T00:00:00Z,-121.55535416,39.51665676,LFC
Cottonwood,2024-10-15T00:00:00Z,-121.55529719,39.516693,LFC
Cottonwood,2024-10-15T00:00:00Z,-121.55475656,39.51684462,LFC
Cottonwood,2024-10-15T00:00:00Z,-121.5545728,39.51679219,LFC
Cottonwood,2024-10-15T00:00:00Z,-121.55463529,39.5168187,LFC
Cottonwood,2024-10-21T00:00:00Z,-121.55610901,39.51652271,LFC
Cottonwood,2024-10-21T00:00:00Z,-121.55605415,39.51655588,LFC
Cottonwood,2024-10-21T00:00:00Z,-121.55600301,39.51652854,LFC
Cottonwood,2024-10-21T00:00:00Z,-121.55603192,39.51658898,LFC
Cottonwood,2024-10-21T00:00:00Z,-121.55597495,39.51660543,LFC
Cottonwood,2024-10-21T00:00:00Z,-121.55590407,39.51652064,LFC
Cottonwood,2024-10-21T00:00:00Z,-121.55580926,39.51655093,LFC
Cottonwood,2024-10-21T00:00:00Z,-121.55567832,39.51657219,LFC
Cottonwood,2024-10-21T00:00:00Z,-121.55577676,39.51666352,LFC
Cottonwood,2024-10-21T00:00:00Z,-121.5554981,39.51653562,LFC
Cottonwood,2024-10-21T00:00:00Z,-121.55545435,39.51653746,LFC
Cottonwood,2024-10-21T00:00:00Z,-121.55542242,39.51653373,LFC
Cottonwood,2024-10-21T00:00:00Z,-121.55553475,39.51657899,LFC
Cottonwood,2024-10-21T00:00:00Z,-121.55563861,39.51676574,LFC
Cottonwood,2024-10-21T00:00:00Z,-121.55556254,39.51675288,LFC
Cottonwood,2024-10-21T00:00:00Z,-121.55553411,39.51669913,LFC
Cottonwood,2024-10-21T00:00:00Z,-121.5554199,39.51662571,LFC
Cottonwood,2024-10-21T00:00:00Z,-121.55542997,39.51667447,LFC
Cottonwood,2024-10-21T00:00:00Z,-121.55545313,39.51674532,LFC
Cottonwood,2024-10-21T00:00:00Z,-121.55549835,39.51676114,LFC
Cottonwood,2024-10-21T00:00:00Z,-121.55536003,39.51675227,LFC
Cottonwood,2024-10-21T00:00:00Z,-121.55524244,39.51675319,LFC
Cottonwood,2024-10-21T00:00:00Z,-121.55527348,39.51668111,LFC
Cottonwood,2024-10-21T00:00:00Z,-121.55532218,39.51664786,LFC
Cottonwood,2024-10-21T00:00:00Z,-121.55562582,39.51672935,LFC
Cottonwood,2024-10-21T00:00:00Z,-121.55565263,39.51671299,LFC
Cottonwood,2024-10-21T00:00:00Z,-121.55515611,39.5167011,LFC
Cottonwood,2024-10-21T00:00:00Z,-121.55476133,39.51688881,LFC
Cottonwood,2024-10-21T00:00:00Z,-121.55486034,39.51689338,LFC
Cottonwood,2024-10-21T00:00:00Z,-121.55498727,39.51688733,LFC
Cottonwood,2024-10-28T00:00:00Z,-121.55607304,39.51653561,LFC
Cottonwood,2024-10-28T00:00:00Z,-121.55592479,39.51659003,LFC
Cottonwood,2024-10-28T00:00:00Z,-121.5559236,39.51652851,LFC
Cottonwood,2024-10-28T00:00:00Z,-121.55583847,39.5165079,LFC
Cottonwood,2024-10-28T00:00:00Z,-121.5558376,39.51660897,LFC
Cottonwood,2024-10-28T00:00:00Z,-121.55575765,39.516546,LFC
Cottonwood,2024-10-28T00:00:00Z,-121.55571834,39.51651213,LFC
Cottonwood,2024-10-28T00:00:00Z,-121.55573389,39.51671257,LFC
Cottonwood,2024-10-28T00:00:00Z,-121.55568531,39.51662091,LFC
Cottonwood,2024-10-28T00:00:00Z,-121.55563296,39.5165926,LFC
Cottonwood,2024-10-28T00:00:00Z,-121.5555068,39.51656147,LFC
Cottonwood,2024-10-28T00:00:00Z,-121.55535303,39.51658531,LFC
Cottonwood,2024-10-28T00:00:00Z,-121.55571077,39.51669941,LFC
Cottonwood,2024-10-28T00:00:00Z,-121.5555977,39.51677179,LFC
Cottonwood,2024-10-28T00:00:00Z,-121.55544827,39.51677196,LFC
Cottonwood,2024-10-28T00:00:00Z,-121.5554877,39.51668091,LFC
Cottonwood,2024-10-28T00:00:00Z,-121.55524088,39.51670931,LFC
Cottonwood,2024-10-28T00:00:00Z,-121.55518302,39.51676866,LFC
Cottonwood,2024-11-04T00:00:00Z,-121.55594537,39.51653271,LFC
Cottonwood,2024-11-04T00:00:00Z,-121.55575573,39.51669842,LFC
Cottonwood,2024-11-04T00:00:00Z,-121.55539722,39.51665821,LFC
Cottonwood,2024-11-04T00:00:00Z,-121.55498944,39.51680511,LFC
Eye Main,2024-10-17T00:00:00Z,-121.61504115,39.45654842,LFC
Eye Main,2024-10-17T00:00:00Z,-121.61502027,39.4565425,LFC
Eye Main,2024-10-17T00:00:00Z,-121.61499179,39.45656265,LFC
Eye Main,2024-10-17T00:00:00Z,-121.61497085,39.45658344,LFC
Eye Main,2024-10-17T00:00:00Z,-121.61494689,39.45661352,LFC
Eye Main,2024-10-31T00:00:00Z,-121.61386492,39.45760299,LFC
Eye Main,2024-10-31T00:00:00Z,-121.6139602,39.45759555,LFC
Eye Main,2024-11-14T00:00:00Z,-121.61379128,39.4576123,LFC
Eye Main,2024-11-14T00:00:00Z,-121.61370569,39.45759665,LFC
Eye Main,2024-11-14T00:00:00Z,-121.61374457,39.45761156,LFC
Eye Side Channel,2024-10-31T00:00:00Z,-121.61282454,39.45817816,LFC
Eye Side Channel,2024-10-31T00:00:00Z,-121.61275997,39.45817702,LFC
Eye Side Channel,2024-10-31T00:00:00Z,-121.61281881,39.45812913,LFC
Eye Side Channel,2024-10-31T00:00:00Z,-121.61291195,39.45811355,LFC
Eye Side Channel,2024-10-31T00:00:00Z,-121.61297883,39.45754053,LFC
Eye Side Channel,2024-10-31T00:00:00Z,-121.61306547,39.45722554,LFC
Eye Side Channel,2024-10-31T00:00:00Z,-121.61313421,39.45708875,LFC
Eye Side Channel,2024-10-31T00:00:00Z,-121.6131814,39.45704963,LFC
Eye Side Channel,2024-11-14T00:00:00Z,-121.6131197,39.45713621,LFC
Eye Side Channel,2024-11-14T00:00:00Z,-121.61285426,39.45812034,LFC
Hatchery,2024-09-09T00:00:00Z,-121.55429987,39.51597603,LFC
Hatchery,2024-09-09T00:00:00Z,-121.5543628,39.51597859,LFC
Hatchery,2024-09-09T00:00:00Z,-121.55422444,39.51597168,LFC
Hatchery,2024-09-09T00:00:00Z,-121.55449725,39.51602016,LFC
Hatchery,2024-09-18T00:00:00Z,-121.55454992,39.51595846,LFC
Hatchery,2024-09-18T00:00:00Z,-121.55457885,39.51595334,LFC
Hatchery,2024-09-18T00:00:00Z,-121.55461423,39.51593808,LFC
Hatchery,2024-09-18T00:00:00Z,-121.55478689,39.51593161,LFC
Hatchery,2024-09-18T00:00:00Z,-121.55465783,39.51588579,LFC
Hatchery,2024-09-18T00:00:00Z,-121.5547241,39.51589385,LFC
Hatchery,2024-09-18T00:00:00Z,-121.55511006,39.5158274,LFC
Hatchery,2024-09-18T00:00:00Z,-121.55527909,39.51583632,LFC
Hatchery,2024-09-18T00:00:00Z,-121.55527366,39.5158504,LFC
Hatchery,2024-09-18T00:00:00Z,-121.55551776,39.51581124,LFC
Hatchery,2024-09-18T00:00:00Z,-121.55552655,39.51582756,LFC
Hatchery,2024-09-18T00:00:00Z,-121.55570462,39.51591943,LFC
Hatchery,2024-09-18T00:00:00Z,-121.55573132,39.51582969,LFC
Hatchery,2024-09-18T00:00:00Z,-121.55572833,39.51581116,LFC
Hatchery,2024-09-18T00:00:00Z,-121.55578815,39.51582435,LFC
Hatchery,2024-09-18T00:00:00Z,-121.55556559,39.51594795,LFC
Hatchery,2024-09-18T00:00:00Z,-121.55590665,39.51599552,LFC
Hatchery,2024-09-18T00:00:00Z,-121.55635431,39.51587539,LFC
Hatchery,2024-09-18T00:00:00Z,-121.55655911,39.51599807,LFC
Hatchery,2024-09-18T00:00:00Z,-121.55659158,39.51589838,LFC
Hatchery,2024-09-18T00:00:00Z,-121.55652251,39.51593688,LFC
Hatchery,2024-09-18T00:00:00Z,-121.55592042,39.51599709,LFC
Hatchery,2024-09-18T00:00:00Z,-121.55369269,39.51615762,LFC
Hatchery,2024-09-18T00:00:00Z,-121.55368678,39.51614895,LFC
Hatchery,2024-09-18T00:00:00Z,-121.55388575,39.51609793,LFC
Hatchery,2024-09-18T00:00:00Z,-121.553881,39.51606793,LFC
Hatchery,2024-09-18T00:00:00Z,-121.55388248,39.5160822,LFC
Hatchery,2024-09-18T00:00:00Z,-121.55453767,39.51596578,LFC
Hatchery,2024-09-18T00:00:00Z,-121.55456795,39.51595535,LFC
Hatchery,2024-09-18T00:00:00Z,-121.55425794,39.51602855,LFC
Hatchery,2024-09-18T00:00:00Z,-121.55447821,39.51600274,LFC
Hatchery,2024-09-23T00:00:00Z,-121.55465945,39.51596377,LFC
Hatchery,2024-09-23T00:00:00Z,-121.5546809,39.51595433,LFC
Hatchery,2024-09-23T00:00:00Z,-121.55474138,39.51592974,LFC
Hatchery,2024-09-23T00:00:00Z,-121.55471419,39.51587409,LFC
Hatchery,2024-09-23T00:00:00Z,-121.5546246,39.51590929,LFC
Hatchery,2024-09-23T00:00:00Z,-121.55547855,39.51600267,LFC
Hatchery,2024-09-23T00:00:00Z,-121.5555771,39.51600568,LFC
Hatchery,2024-09-23T00:00:00Z,-121.55558632,39.51598458,LFC
Hatchery,2024-09-23T00:00:00Z,-121.55564821,39.51599717,LFC
Hatchery,2024-09-23T00:00:00Z,-121.555643,39.51598529,LFC
Hatchery,2024-09-23T00:00:00Z,-121.5557791,39.51599458,LFC
Hatchery,2024-09-23T00:00:00Z,-121.55600153,39.51596821,LFC
Hatchery,2024-09-23T00:00:00Z,-121.55600509,39.51595389,LFC
Hatchery,2024-09-23T00:00:00Z,-121.55599612,39.51593985,LFC
Hatchery,2024-09-23T00:00:00Z,-121.55618104,39.5159869,LFC
Hatchery,2024-09-23T00:00:00Z,-121.55635701,39.51599247,LFC
Hatchery,2024-09-23T00:00:00Z,-121.55635747,39.5159701,LFC
Hatchery,2024-09-23T00:00:00Z,-121.55636211,39.51598282,LFC
Hatchery,2024-09-23T00:00:00Z,-121.55408327,39.51601836,LFC
Hatchery,2024-09-23T00:00:00Z,-121.55415859,39.51608531,LFC
Hatchery,2024-09-23T00:00:00Z,-121.55416058,39.5160975,LFC
Hatchery,2024-09-23T00:00:00Z,-121.55426067,39.51605149,LFC
Hatchery,2024-09-23T00:00:00Z,-121.55435149,39.51599876,LFC
Hatchery,2024-09-23T00:00:00Z,-121.55436948,39.51601775,LFC
Hatchery,2024-09-23T00:00:00Z,-121.5545252,39.51605825,LFC
Hatchery,2024-09-23T00:00:00Z,-121.55424047,39.51592233,LFC
Hatchery,2024-09-23T00:00:00Z,-121.55466498,39.51595888,LFC
Hatchery,2024-09-23T00:00:00Z,-121.55473378,39.51592951,LFC
Hatchery,2024-09-30T00:00:00Z,-121.55560443,39.51596581,LFC
Hatchery,2024-09-30T00:00:00Z,-121.55547857,39.51583023,LFC
Hatchery,2024-09-30T00:00:00Z,-121.55475419,39.51591362,LFC
Hatchery,2024-09-30T00:00:00Z,-121.55628577,39.51598532,LFC
Hatchery,2024-10-07T00:00:00Z,-121.55548375,39.51595243,LFC
Hatchery,2024-10-07T00:00:00Z,-121.55522251,39.51602176,LFC
Hatchery,2024-10-07T00:00:00Z,-121.55587267,39.5159698,LFC
Hatchery,2024-10-15T00:00:00Z,-121.55521211,39.5159698,LFC
Hatchery,2024-10-15T00:00:00Z,-121.55512577,39.51592692,LFC
Hatchery,2024-10-15T00:00:00Z,-121.55518246,39.51603277,LFC
Hatchery,2024-10-15T00:00:00Z,-121.55538378,39.51599853,LFC
Hatchery,2024-10-15T00:00:00Z,-121.55551714,39.51600821,LFC
Hatchery,2024-10-15T00:00:00Z,-121.55498355,39.51592377,LFC
Hatchery,2024-10-15T00:00:00Z,-121.55505271,39.51588653,LFC
Hatchery,2024-10-15T00:00:00Z,-121.5551652,39.51586576,LFC
Hatchery,2024-10-15T00:00:00Z,-121.55488057,39.51589303,LFC
Hatchery,2024-10-15T00:00:00Z,-121.55500347,39.51585484,LFC
Hatchery,2024-10-15T00:00:00Z,-121.55468934,39.51592822,LFC
Hatchery,2024-10-15T00:00:00Z,-121.55550862,39.51586708,LFC
Hatchery,2024-10-15T00:00:00Z,-121.55582827,39.51580518,LFC
Hatchery,2024-10-15T00:00:00Z,-121.55588666,39.51590767,LFC
Hatchery,2024-10-15T00:00:00Z,-121.55624365,39.51591168,LFC
Hatchery,2024-10-15T00:00:00Z,-121.55639456,39.51565303,LFC
Hatchery,2024-10-15T00:00:00Z,-121.55641946,39.51571218,LFC
Hatchery,2024-10-21T00:00:00Z,-121.55490379,39.51597192,LFC
Hatchery,2024-10-21T00:00:00Z,-121.55500595,39.51596201,LFC
Hatchery,2024-10-21T00:00:00Z,-121.55491404,39.5159415,LFC
Hatchery,2024-10-21T00:00:00Z,-121.5551384,39.51602177,LFC
Hatchery,2024-10-21T00:00:00Z,-121.55510897,39.51600352,LFC
Hatchery,2024-10-21T00:00:00Z,-121.55510943,39.51598118,LFC
Hatchery,2024-10-21T00:00:00Z,-121.55521937,39.51592071,LFC
Hatchery,2024-10-21T00:00:00Z,-121.55587415,39.5158849,LFC
Hatchery,2024-10-21T00:00:00Z,-121.55588157,39.51585147,LFC
Hatchery,2024-10-21T00:00:00Z,-121.55573496,39.515871249999996,LFC
Hatchery,2024-10-21T00:00:00Z,-121.55597764,39.51590332,LFC
Hatchery,2024-10-21T00:00:00Z,-121.55610542,39.51591012,LFC
Hatchery,2024-10-21T00:00:00Z,-121.5561772,39.5159274,LFC
Hatchery,2024-10-21T00:00:00Z,-121.55627514,39.51587206,LFC
Hatchery,2024-10-21T00:00:00Z,-121.5562891,39.51591133,LFC
Hatchery,2024-10-21T00:00:00Z,-121.55624885,39.51580283,LFC
Hatchery,2024-10-21T00:00:00Z,-121.55620952,39.51583774,LFC
Hatchery,2024-10-21T00:00:00Z,-121.55622594,39.51576776,LFC
Hatchery,2024-10-21T00:00:00Z,-121.55630917,39.51578161,LFC
Hatchery,2024-10-21T00:00:00Z,-121.55632275,39.5157537,LFC
Hatchery,2024-10-21T00:00:00Z,-121.55579021,39.51573031,LFC
Hatchery,2024-10-21T00:00:00Z,-121.55611252,39.51586094,LFC
Hatchery,2024-10-21T00:00:00Z,-121.55607332,39.51588944,LFC
Hatchery,2024-10-21T00:00:00Z,-121.55584772,39.51582561,LFC
Hatchery,2024-10-21T00:00:00Z,-121.55582308,39.51591227,LFC
Hatchery,2024-10-21T00:00:00Z,-121.55560862,39.51588123,LFC
Hatchery,2024-10-21T00:00:00Z,-121.55566928,39.5158057,LFC
Hatchery,2024-10-21T00:00:00Z,-121.55575395,39.51597824,LFC
Hatchery,2024-10-21T00:00:00Z,-121.55530175,39.51599398,LFC
Hatchery,2024-10-21T00:00:00Z,-121.55536528,39.51595083,LFC
Hatchery,2024-10-21T00:00:00Z,-121.55550846,39.51601332,LFC
Hatchery,2024-10-21T00:00:00Z,-121.55586145,39.51577147,LFC
Hatchery,2024-10-21T00:00:00Z,-121.55584702,39.51572613,LFC
Hatchery,2024-10-21T00:00:00Z,-121.55574703,39.51595942,LFC
Hatchery,2024-10-21T00:00:00Z,-121.5556671,39.51601422,LFC
Hatchery,2024-10-21T00:00:00Z,-121.55523218,39.51603038,LFC
Hatchery,2024-10-21T00:00:00Z,-121.55482145,39.51591836,LFC
Hatchery,2024-10-28T00:00:00Z,-121.55467766,39.51590656,LFC
Hatchery,2024-10-28T00:00:00Z,-121.55476103,39.51586373,LFC
Hatchery,2024-10-28T00:00:00Z,-121.55472688,39.51596677,LFC
Hatchery,2024-10-28T00:00:00Z,-121.55484573,39.51596491,LFC
Hatchery,2024-10-28T00:00:00Z,-121.55495331,39.51600153,LFC
Hatchery,2024-10-28T00:00:00Z,-121.55503418,39.51599014,LFC
Hatchery,2024-10-28T00:00:00Z,-121.55492283,39.51598685,LFC
Hatchery,2024-10-28T00:00:00Z,-121.55493666,39.51597319,LFC
Hatchery,2024-10-28T00:00:00Z,-121.5550879,39.51603407,LFC
Hatchery,2024-10-28T00:00:00Z,-121.55519676,39.51603149,LFC
Hatchery,2024-10-28T00:00:00Z,-121.55514265,39.5158947,LFC
Hatchery,2024-10-28T00:00:00Z,-121.55521058,39.5159437,LFC
Hatchery,2024-10-28T00:00:00Z,-121.5555008,39.51598926,LFC
Hatchery,2024-10-28T00:00:00Z,-121.55563385,39.515866,LFC
Hatchery,2024-10-28T00:00:00Z,-121.55577316,39.51576761,LFC
Hatchery,2024-10-28T00:00:00Z,-121.55579296,39.51594092,LFC
Hatchery,2024-10-28T00:00:00Z,-121.55584247,39.51599518,LFC
Hatchery,2024-10-28T00:00:00Z,-121.55584899,39.51579191,LFC
Hatchery,2024-10-28T00:00:00Z,-121.5561541,39.5158615,LFC
Hatchery,2024-10-28T00:00:00Z,-121.55629047,39.51593471,LFC
Hatchery,2024-10-28T00:00:00Z,-121.55639287,39.51577531,LFC
Hatchery,2024-10-28T00:00:00Z,-121.55635451,39.51575528,LFC
Hatchery,2024-10-28T00:00:00Z,-121.55633845,39.51599586,LFC
Hatchery,2024-10-28T00:00:00Z,-121.55640723,39.51585511,LFC
Hatchery,2024-10-28T00:00:00Z,-121.55651513,39.5158164,LFC
Hatchery,2024-10-28T00:00:00Z,-121.55650587,39.51590687,LFC
Hatchery,2024-10-28T00:00:00Z,-121.55637734,39.51590098,LFC
Hatchery,2024-10-28T00:00:00Z,-121.55402053,39.51612415,LFC
Hatchery,2024-10-28T00:00:00Z,-121.55390871,39.51612955,LFC
Hatchery,2024-10-28T00:00:00Z,-121.55375998,39.51617181,LFC
Hatchery,2024-10-28T00:00:00Z,-121.55368366,39.51620818,LFC
Hatchery,2024-10-28T00:00:00Z,-121.55362287,39.51618198,LFC
Hatchery,2024-10-28T00:00:00Z,-121.55373827,39.51626824,LFC
Hatchery,2024-11-04T00:00:00Z,-121.55496797,39.51598478,LFC
Hatchery,2024-11-04T00:00:00Z,-121.55491482,39.5159132,LFC
Hatchery,2024-11-04T00:00:00Z,-121.55512709,39.51595518,LFC
Hatchery,2024-11-04T00:00:00Z,-121.55595995,39.5157915,LFC
Hatchery,2024-11-04T00:00:00Z,-121.55592089,39.51578267,LFC
Hatchery,2024-11-04T00:00:00Z,-121.55595683,39.51594224,LFC
Hatchery,2024-11-04T00:00:00Z,-121.55599074,39.515754,LFC
Hatchery,2024-11-04T00:00:00Z,-121.5558343,39.51595994,LFC
Hatchery Pipe,2024-09-09T00:00:00Z,-121.55297406,39.51694763,LFC
Hatchery Pipe,2024-09-09T00:00:00Z,-121.55284644,39.51702185,LFC
Hatchery Pipe,2024-09-09T00:00:00Z,-121.55293403,39.51707418,LFC
Hatchery Pipe,2024-09-09T00:00:00Z,-121.55296752,39.5171494,LFC
Hatchery Pipe,2024-09-09T00:00:00Z,-121.55302238,39.5171435,LFC
Hatchery Pipe,2024-09-09T00:00:00Z,-121.55301355,39.51717802,LFC
Hatchery Pipe,2024-09-09T00:00:00Z,-121.55306467,39.51693073,LFC
Hatchery Pipe,2024-09-09T00:00:00Z,-121.55297024,39.51698169,LFC
Hatchery Pipe,2024-09-09T00:00:00Z,-121.55288027,39.51707618,LFC
Hatchery Pipe,2024-09-09T00:00:00Z,-121.55285111,39.51718115,LFC
Hatchery Pipe,2024-09-18T00:00:00Z,-121.55324699,39.5169042,LFC
Hatchery Pipe,2024-09-18T00:00:00Z,-121.55323444,39.51688889,LFC
Hatchery Pipe,2024-09-18T00:00:00Z,-121.55315858,39.51712226,LFC
Hatchery Pipe,2024-09-18T00:00:00Z,-121.55312077,39.51711183,LFC
Hatchery Pipe,2024-09-18T00:00:00Z,-121.55310958,39.5171,LFC
Hatchery Pipe,2024-09-18T00:00:00Z,-121.55303418,39.51713871,LFC
Hatchery Pipe,2024-09-18T00:00:00Z,-121.55305217,39.5171549,LFC
Hatchery Pipe,2024-09-18T00:00:00Z,-121.55297594,39.517130710000004,LFC
Hatchery Pipe,2024-09-18T00:00:00Z,-121.55304733,39.51705162,LFC
Hatchery Pipe,2024-09-18T00:00:00Z,-121.5529605,39.51693848,LFC
Hatchery Pipe,2024-09-18T00:00:00Z,-121.55288458,39.51698761,LFC
Hatchery Pipe,2024-09-18T00:00:00Z,-121.55299582,39.51696591,LFC
Hatchery Pipe,2024-09-18T00:00:00Z,-121.55295351,39.51698638,LFC
Hatchery Pipe,2024-09-18T00:00:00Z,-121.55301383,39.51699145,LFC
Hatchery Pipe,2024-09-18T00:00:00Z,-121.55304648,39.51697312,LFC
Hatchery Pipe,2024-09-18T00:00:00Z,-121.55293013,39.5170425,LFC
Hatchery Pipe,2024-09-18T00:00:00Z,-121.55276756,39.51702365,LFC
Hatchery Pipe,2024-09-18T00:00:00Z,-121.55279518,39.51703466,LFC
Hatchery Pipe,2024-09-18T00:00:00Z,-121.55309541,39.51694734,LFC
Hatchery Pipe,2024-09-18T00:00:00Z,-121.55273646,39.51704631,LFC
Hatchery Pipe,2024-09-18T00:00:00Z,-121.55278699,39.51707634,LFC
Hatchery Pipe,2024-09-18T00:00:00Z,-121.55291635,39.51711063,LFC
Hatchery Pipe,2024-09-23T00:00:00Z,-121.55292911,39.51724719,LFC
Hatchery Pipe,2024-09-23T00:00:00Z,-121.5529199,39.51723665,LFC
Hatchery Pipe,2024-09-23T00:00:00Z,-121.55317018,39.51713066,LFC
Hatchery Pipe,2024-09-23T00:00:00Z,-121.55290607,39.51699534,LFC
Hatchery Pipe,2024-09-23T00:00:00Z,-121.55352875,39.51683317,LFC
Hatchery Pipe,2024-09-23T00:00:00Z,-121.55391136,39.51687213,LFC
Hatchery Pipe,2024-09-30T00:00:00Z,-121.55290232,39.51722874,LFC
Hatchery Pipe,2024-09-30T00:00:00Z,-121.55300173,39.51709968,LFC
Hatchery Pipe,2024-09-30T00:00:00Z,-121.5530989,39.51717961,LFC
Hatchery Pipe,2024-09-30T00:00:00Z,-121.55307429,39.51711579,LFC
Hatchery Pipe,2024-09-30T00:00:00Z,-121.55311465,39.51706254,LFC
Hatchery Pipe,2024-09-30T00:00:00Z,-121.55335739,39.51688315,LFC
Hatchery Pipe,2024-09-30T00:00:00Z,-121.55287265,39.51717245,LFC
Hatchery Pipe,2024-09-30T00:00:00Z,-121.55311882,39.51713154,LFC
Hatchery Pipe,2024-09-30T00:00:00Z,-121.55383516,39.51686249,LFC
Hatchery Pipe,2024-10-07T00:00:00Z,-121.55294151,39.51719774,LFC
Hatchery Pipe,2024-10-07T00:00:00Z,-121.55309264,39.51721102,LFC
Hatchery Pipe,2024-10-07T00:00:00Z,-121.55301514,39.51719649,LFC
Hatchery Pipe,2024-10-07T00:00:00Z,-121.55317063,39.51706704,LFC
Hatchery Pipe,2024-10-07T00:00:00Z,-121.55305362,39.51703084,LFC
Hatchery Pipe,2024-10-07T00:00:00Z,-121.55293091,39.51693213,LFC
Hatchery Pipe,2024-10-07T00:00:00Z,-121.55332549,39.51686647,LFC
Hatchery Pipe,2024-10-07T00:00:00Z,-121.55368707,39.51680419,LFC
Hatchery Pipe,2024-10-07T00:00:00Z,-121.55366955,39.51673611,LFC
Hatchery Pipe,2024-10-07T00:00:00Z,-121.55384436,39.5167904,LFC
Hatchery Pipe,2024-10-15T00:00:00Z,-121.55299211,39.51729284,LFC
Hatchery Pipe,2024-10-15T00:00:00Z,-121.55294926,39.51722987,LFC
Hatchery Pipe,2024-10-15T00:00:00Z,-121.55291091,39.5171865,LFC
Hatchery Pipe,2024-10-15T00:00:00Z,-121.55291887999999,39.51713991,LFC
Hatchery Pipe,2024-10-15T00:00:00Z,-121.55265182,39.51703887,LFC
Hatchery Pipe,2024-10-15T00:00:00Z,-121.55285201,39.5169849,LFC
Hatchery Pipe,2024-10-15T00:00:00Z,-121.55296153,39.51701015,LFC
Hatchery Pipe,2024-10-15T00:00:00Z,-121.55297982,39.51717596,LFC
Hatchery Pipe,2024-10-15T00:00:00Z,-121.55307588,39.51724176,LFC
Hatchery Pipe,2024-10-15T00:00:00Z,-121.55311991,39.51721408,LFC
Hatchery Pipe,2024-10-15T00:00:00Z,-121.55302321,39.51707769,LFC
Hatchery Pipe,2024-10-15T00:00:00Z,-121.55308848,39.51697264,LFC
Hatchery Pipe,2024-10-15T00:00:00Z,-121.55309394,39.51704708,LFC
Hatchery Pipe,2024-10-15T00:00:00Z,-121.55317642,39.51709209,LFC
Hatchery Pipe,2024-10-15T00:00:00Z,-121.55331197,39.51691027,LFC
Hatchery Pipe,2024-10-15T00:00:00Z,-121.55354928,39.51685731,LFC
Hatchery Pipe,2024-10-15T00:00:00Z,-121.55346631,39.51680253,LFC
Hatchery Pipe,2024-10-15T00:00:00Z,-121.55339136,39.51686729,LFC
Hatchery Pipe,2024-10-15T00:00:00Z,-121.55305301,39.51719533,LFC
Hatchery Pipe,2024-10-15T00:00:00Z,-121.5537139,39.51679475,LFC
Hatchery Pipe,2024-10-15T00:00:00Z,-121.55374442,39.51674247,LFC
Hatchery Pipe,2024-10-15T00:00:00Z,-121.5536548,39.51677176,LFC
Hatchery Pipe,2024-10-15T00:00:00Z,-121.55381385,39.51677428,LFC
Hatchery Pipe,2024-10-15T00:00:00Z,-121.55394437,39.51686874,LFC
Hatchery Pipe,2024-10-21T00:00:00Z,-121.55286607,39.51715174,LFC
Hatchery Pipe,2024-10-21T00:00:00Z,-121.55288321,39.51713621,LFC
Hatchery Pipe,2024-10-21T00:00:00Z,-121.55282122,39.51704966,LFC
Hatchery Pipe,2024-10-21T00:00:00Z,-121.55294397,39.51718094,LFC
Hatchery Pipe,2024-10-21T00:00:00Z,-121.55297647,39.51720198,LFC
Hatchery Pipe,2024-10-21T00:00:00Z,-121.55306439,39.51708635,LFC
Hatchery Pipe,2024-10-21T00:00:00Z,-121.55287766,39.51709977,LFC
Hatchery Pipe,2024-10-21T00:00:00Z,-121.55271317,39.51715635,LFC
Hatchery Pipe,2024-10-21T00:00:00Z,-121.55309195,39.51700797,LFC
Hatchery Pipe,2024-10-21T00:00:00Z,-121.5530211,39.51694303,LFC
Hatchery Pipe,2024-10-21T00:00:00Z,-121.55312631,39.51690579,LFC
Hatchery Pipe,2024-10-21T00:00:00Z,-121.55318044,39.51689832,LFC
Hatchery Pipe,2024-10-21T00:00:00Z,-121.55292664,39.516969,LFC
Hatchery Pipe,2024-10-21T00:00:00Z,-121.55324388,39.51684754,LFC
Hatchery Pipe,2024-10-21T00:00:00Z,-121.55345687,39.51685182,LFC
Hatchery Pipe,2024-10-21T00:00:00Z,-121.55365725,39.51682228,LFC
Hatchery Pipe,2024-10-21T00:00:00Z,-121.5535573,39.51677489,LFC
Hatchery Pipe,2024-10-21T00:00:00Z,-121.55370621,39.51675991,LFC
Hatchery Pipe,2024-10-21T00:00:00Z,-121.55371481,39.51671713,LFC
Hatchery Pipe,2024-10-21T00:00:00Z,-121.55337731,39.51680142,LFC
Hatchery Pipe,2024-10-21T00:00:00Z,-121.55385001,39.51688982,LFC
Hatchery Pipe,2024-10-21T00:00:00Z,-121.55383586,39.51692982,LFC
Hatchery Pipe,2024-10-21T00:00:00Z,-121.55381461,39.51670426,LFC
Hatchery Pipe,2024-10-21T00:00:00Z,-121.55331619,39.51694344,LFC
Hatchery Pipe,2024-10-28T00:00:00Z,-121.55296713,39.51725218,LFC
Hatchery Pipe,2024-10-28T00:00:00Z,-121.55294871,39.51727523,LFC
Hatchery Pipe,2024-10-28T00:00:00Z,-121.55280173,39.517116,LFC
Hatchery Pipe,2024-10-28T00:00:00Z,-121.55320586,39.5170974,LFC
Hatchery Pipe,2024-10-28T00:00:00Z,-121.55317779,39.51704494,LFC
Hatchery Pipe,2024-10-28T00:00:00Z,-121.55300369,39.5170254,LFC
Hatchery Pipe,2024-10-28T00:00:00Z,-121.55319376,39.51696731,LFC
Hatchery Pipe,2024-10-28T00:00:00Z,-121.55313034,39.51708326,LFC
Hatchery Pipe,2024-10-28T00:00:00Z,-121.55341778,39.51691554,LFC
Hatchery Pipe,2024-10-28T00:00:00Z,-121.55336839,39.51691771,LFC
Hatchery Pipe,2024-10-28T00:00:00Z,-121.55328369,39.51689233,LFC
Hatchery Pipe,2024-10-28T00:00:00Z,-121.55325665,39.51694133,LFC
Hatchery Pipe,2024-10-28T00:00:00Z,-121.5535084,39.51687254,LFC
Hatchery Pipe,2024-10-28T00:00:00Z,-121.55342057,39.51686763,LFC
Hatchery Pipe,2024-10-28T00:00:00Z,-121.55331488,39.51681593,LFC
Hatchery Pipe,2024-10-28T00:00:00Z,-121.55349083,39.51683272,LFC
Hatchery Pipe,2024-10-28T00:00:00Z,-121.55376569,39.51683892,LFC
Hatchery Pipe,2024-10-28T00:00:00Z,-121.5538578,39.51681053,LFC
Hatchery Pipe,2024-10-28T00:00:00Z,-121.55373345,39.51677146,LFC
Hatchery Pipe,2024-10-28T00:00:00Z,-121.55363633,39.51691201,LFC
Hatchery Pipe,2024-10-28T00:00:00Z,-121.5538225,39.51673851,LFC
Lower Auditorium,2024-09-09T00:00:00Z,-121.55956997,39.51561082,LFC
Lower Auditorium,2024-09-09T00:00:00Z,-121.55951141,39.51571449,LFC
Lower Auditorium,2024-09-09T00:00:00Z,-121.55967107,39.51553526,LFC
Lower Auditorium,2024-09-09T00:00:00Z,-121.55956861,39.51564824,LFC
Lower Auditorium,2024-09-09T00:00:00Z,-121.55953159,39.51569324,LFC
Lower Auditorium,2024-09-09T00:00:00Z,-121.56037194,39.51548496,LFC
Lower Auditorium,2024-09-09T00:00:00Z,-121.56035675,39.5155743,LFC
Lower Auditorium,2024-09-09T00:00:00Z,-121.56090302,39.51564579,LFC
Lower Auditorium,2024-09-09T00:00:00Z,-121.55971449,39.51562815,LFC
Lower Auditorium,2024-09-18T00:00:00Z,-121.55949993,39.51564139,LFC
Lower Auditorium,2024-09-18T00:00:00Z,-121.55979144,39.51564159,LFC
Lower Auditorium,2024-09-18T00:00:00Z,-121.55978184,39.51558766,LFC
Lower Auditorium,2024-09-18T00:00:00Z,-121.55969887,39.51557611,LFC
Lower Auditorium,2024-09-18T00:00:00Z,-121.55965545,39.51550946,LFC
Lower Auditorium,2024-09-18T00:00:00Z,-121.55976998,39.51565648,LFC
Lower Auditorium,2024-09-18T00:00:00Z,-121.55960707,39.515495,LFC
Lower Auditorium,2024-09-18T00:00:00Z,-121.55987415,39.51542151,LFC
Lower Auditorium,2024-09-18T00:00:00Z,-121.55993956,39.5156376,LFC
Lower Auditorium,2024-09-18T00:00:00Z,-121.5600435,39.51549781,LFC
Lower Auditorium,2024-09-18T00:00:00Z,-121.56009339,39.51552838,LFC
Lower Auditorium,2024-09-18T00:00:00Z,-121.56014127,39.51553978,LFC
Lower Auditorium,2024-09-18T00:00:00Z,-121.56015526,39.51548815,LFC
Lower Auditorium,2024-09-18T00:00:00Z,-121.56014869,39.51546467,LFC
Lower Auditorium,2024-09-18T00:00:00Z,-121.56024733,39.51550819,LFC
Lower Auditorium,2024-09-18T00:00:00Z,-121.56024667,39.51562701,LFC
Lower Auditorium,2024-09-18T00:00:00Z,-121.56026689,39.51556075,LFC
Lower Auditorium,2024-09-18T00:00:00Z,-121.56025126,39.51568684,LFC
Lower Auditorium,2024-09-18T00:00:00Z,-121.56027187,39.51567146,LFC
Lower Auditorium,2024-09-18T00:00:00Z,-121.56016811,39.51564881,LFC
Lower Auditorium,2024-09-18T00:00:00Z,-121.56029049,39.51562197,LFC
Lower Auditorium,2024-09-18T00:00:00Z,-121.56023872,39.51566685,LFC
Lower Auditorium,2024-09-18T00:00:00Z,-121.56040084,39.51528342,LFC
Lower Auditorium,2024-09-18T00:00:00Z,-121.56040396,39.51526878,LFC
Lower Auditorium,2024-09-18T00:00:00Z,-121.56051557,39.51522553,LFC
Lower Auditorium,2024-09-18T00:00:00Z,-121.56042437,39.51556859,LFC
Lower Auditorium,2024-09-18T00:00:00Z,-121.56058374,39.51520286,LFC
Lower Auditorium,2024-09-18T00:00:00Z,-121.560246,39.51509049,LFC
Lower Auditorium,2024-09-18T00:00:00Z,-121.56033451,39.5156351,LFC
Lower Auditorium,2024-09-18T00:00:00Z,-121.56040373,39.51503183,LFC
Lower Auditorium,2024-09-18T00:00:00Z,-121.56023341,39.51503735,LFC
Lower Auditorium,2024-09-18T00:00:00Z,-121.56040432,39.51506225,LFC
Lower Auditorium,2024-09-23T00:00:00Z,-121.56088338,39.515317,LFC
Lower Auditorium,2024-09-23T00:00:00Z,-121.56093925,39.51527284,LFC
Lower Auditorium,2024-09-23T00:00:00Z,-121.56094315,39.51525595,LFC
Lower Auditorium,2024-09-23T00:00:00Z,-121.56052988,39.51517989,LFC
Lower Auditorium,2024-09-23T00:00:00Z,-121.56053038,39.51558497,LFC
Lower Auditorium,2024-09-23T00:00:00Z,-121.56046949,39.51572931,LFC
Lower Auditorium,2024-09-23T00:00:00Z,-121.56004487,39.51563068,LFC
Lower Auditorium,2024-09-23T00:00:00Z,-121.56012929,39.51563447,LFC
Lower Auditorium,2024-09-23T00:00:00Z,-121.56024691,39.51549037,LFC
Lower Auditorium,2024-09-23T00:00:00Z,-121.55994039,39.51565364,LFC
Lower Auditorium,2024-09-23T00:00:00Z,-121.5598672,39.51567791,LFC
Lower Auditorium,2024-09-23T00:00:00Z,-121.55985992,39.51565859,LFC
Lower Auditorium,2024-09-23T00:00:00Z,-121.55989204,39.51559125,LFC
Lower Auditorium,2024-09-23T00:00:00Z,-121.55989243,39.51557203,LFC
Lower Auditorium,2024-09-23T00:00:00Z,-121.55990613,39.51553833,LFC
Lower Auditorium,2024-09-23T00:00:00Z,-121.55988914,39.51547404,LFC
Lower Auditorium,2024-09-23T00:00:00Z,-121.55981477,39.51555551,LFC
Lower Auditorium,2024-09-23T00:00:00Z,-121.55980506,39.51553937,LFC
Lower Auditorium,2024-09-23T00:00:00Z,-121.55974971,39.51552953,LFC
Lower Auditorium,2024-09-23T00:00:00Z,-121.55975249,39.51548104,LFC
Lower Auditorium,2024-09-23T00:00:00Z,-121.55968135,39.51560649,LFC
Lower Auditorium,2024-09-23T00:00:00Z,-121.55952021,39.51554041,LFC
Lower Auditorium,2024-09-23T00:00:00Z,-121.55961011,39.51573697,LFC
Lower Auditorium,2024-09-23T00:00:00Z,-121.5597252,39.51565784,LFC
Lower Auditorium,2024-09-23T00:00:00Z,-121.55947764,39.51551242,LFC
Lower Auditorium,2024-09-23T00:00:00Z,-121.55947567,39.51557922,LFC
Lower Auditorium,2024-09-23T00:00:00Z,-121.5595551,39.51576787,LFC
Lower Auditorium,2024-09-23T00:00:00Z,-121.55953758,39.51575758,LFC
Lower Auditorium,2024-09-23T00:00:00Z,-121.55951,39.51574854,LFC
Lower Auditorium,2024-09-23T00:00:00Z,-121.55951092,39.51567532,LFC
Lower Auditorium,2024-09-23T00:00:00Z,-121.55954363,39.5156652,LFC
Lower Auditorium,2024-09-23T00:00:00Z,-121.55971888,39.5152774,LFC
Lower Auditorium,2024-09-23T00:00:00Z,-121.55964158,39.51569737,LFC
Lower Auditorium,2024-09-30T00:00:00Z,-121.55960459,39.51551766,LFC
Lower Auditorium,2024-09-30T00:00:00Z,-121.55950976,39.51550275,LFC
Lower Auditorium,2024-09-30T00:00:00Z,-121.55960144,39.51567004,LFC
Lower Auditorium,2024-09-30T00:00:00Z,-121.55967453,39.51570756,LFC
Lower Auditorium,2024-09-30T00:00:00Z,-121.55971611,39.51569755,LFC
Lower Auditorium,2024-09-30T00:00:00Z,-121.55967891,39.51566733,LFC
Lower Auditorium,2024-09-30T00:00:00Z,-121.55974137,39.51550425,LFC
Lower Auditorium,2024-09-30T00:00:00Z,-121.55976502,39.51556084,LFC
Lower Auditorium,2024-09-30T00:00:00Z,-121.55980141,39.51557319,LFC
Lower Auditorium,2024-09-30T00:00:00Z,-121.55986975,39.51564041,LFC
Lower Auditorium,2024-09-30T00:00:00Z,-121.55996816,39.51568236,LFC
Lower Auditorium,2024-09-30T00:00:00Z,-121.55994768,39.5156725,LFC
Lower Auditorium,2024-09-30T00:00:00Z,-121.55996618,39.51557798,LFC
Lower Auditorium,2024-09-30T00:00:00Z,-121.56005012,39.51551952,LFC
Lower Auditorium,2024-09-30T00:00:00Z,-121.56004836,39.51569068,LFC
Lower Auditorium,2024-09-30T00:00:00Z,-121.56012322,39.51558542,LFC
Lower Auditorium,2024-09-30T00:00:00Z,-121.56012237,39.51556893,LFC
Lower Auditorium,2024-09-30T00:00:00Z,-121.56013408,39.51534525,LFC
Lower Auditorium,2024-09-30T00:00:00Z,-121.56034479,39.51544353,LFC
Lower Auditorium,2024-09-30T00:00:00Z,-121.56046202,39.51551867,LFC
Lower Auditorium,2024-09-30T00:00:00Z,-121.56045904,39.51549117,LFC
Lower Auditorium,2024-09-30T00:00:00Z,-121.56042277,39.51564497,LFC
Lower Auditorium,2024-09-30T00:00:00Z,-121.56039814,39.51563597,LFC
Lower Auditorium,2024-09-30T00:00:00Z,-121.5603932,39.5156176,LFC
Lower Auditorium,2024-09-30T00:00:00Z,-121.56047946,39.51567588,LFC
Lower Auditorium,2024-09-30T00:00:00Z,-121.56039329,39.51569907,LFC
Lower Auditorium,2024-09-30T00:00:00Z,-121.56036874,39.51568595,LFC
Lower Auditorium,2024-09-30T00:00:00Z,-121.56028269,39.51573249,LFC
Lower Auditorium,2024-09-30T00:00:00Z,-121.56030733,39.51571265,LFC
Lower Auditorium,2024-09-30T00:00:00Z,-121.56028537,39.51565974,LFC
Lower Auditorium,2024-09-30T00:00:00Z,-121.56026044,39.51557934,LFC
Lower Auditorium,2024-09-30T00:00:00Z,-121.55997829,39.51510623,LFC
Lower Auditorium,2024-09-30T00:00:00Z,-121.56098239,39.51538734,LFC
Lower Auditorium,2024-09-30T00:00:00Z,-121.56098766,39.51536132,LFC
Lower Auditorium,2024-09-30T00:00:00Z,-121.56081777,39.51560455,LFC
Lower Auditorium,2024-09-30T00:00:00Z,-121.56083003,39.51558319,LFC
Lower Auditorium,2024-09-30T00:00:00Z,-121.56125296,39.51527672,LFC
Lower Auditorium,2024-09-30T00:00:00Z,-121.55978001,39.51561112,LFC
Lower Auditorium,2024-10-07T00:00:00Z,-121.55955805,39.51548193,LFC
Lower Auditorium,2024-10-07T00:00:00Z,-121.55954617,39.51556263,LFC
Lower Auditorium,2024-10-07T00:00:00Z,-121.56022048,39.51533946,LFC
Lower Auditorium,2024-10-07T00:00:00Z,-121.56015805,39.51543693,LFC
Lower Auditorium,2024-10-07T00:00:00Z,-121.56010392,39.51542102,LFC
Lower Auditorium,2024-10-07T00:00:00Z,-121.56036387,39.51532318,LFC
Lower Auditorium,2024-10-07T00:00:00Z,-121.56036256,39.51534982,LFC
Lower Auditorium,2024-10-07T00:00:00Z,-121.5600575,39.51558127,LFC
Lower Auditorium,2024-10-07T00:00:00Z,-121.56002614,39.51565265,LFC
Lower Auditorium,2024-10-07T00:00:00Z,-121.56019331,39.51565238,LFC
Lower Auditorium,2024-10-07T00:00:00Z,-121.56037589,39.51552897,LFC
Lower Auditorium,2024-10-07T00:00:00Z,-121.56032642,39.51557992,LFC
Lower Auditorium,2024-10-07T00:00:00Z,-121.56033387,39.5152571,LFC
Lower Auditorium,2024-10-07T00:00:00Z,-121.56035163,39.51522666,LFC
Lower Auditorium,2024-10-07T00:00:00Z,-121.56047294,39.51519017,LFC
Lower Auditorium,2024-10-07T00:00:00Z,-121.55965296,39.51563815,LFC
Lower Auditorium,2024-10-07T00:00:00Z,-121.56013639,39.51560656,LFC
Lower Auditorium,2024-10-07T00:00:00Z,-121.55935919,39.5154942,LFC
Lower Auditorium,2024-10-15T00:00:00Z,-121.55959109,39.51545616,LFC
Lower Auditorium,2024-10-15T00:00:00Z,-121.55954679,39.51559796,LFC
Lower Auditorium,2024-10-15T00:00:00Z,-121.55966074,39.51545977,LFC
Lower Auditorium,2024-10-15T00:00:00Z,-121.55976666,39.51539563,LFC
Lower Auditorium,2024-10-15T00:00:00Z,-121.55973771,39.5154241,LFC
Lower Auditorium,2024-10-15T00:00:00Z,-121.55990364,39.51543028,LFC
Lower Auditorium,2024-10-15T00:00:00Z,-121.56001205,39.51541698,LFC
Lower Auditorium,2024-10-15T00:00:00Z,-121.55997382,39.51552269,LFC
Lower Auditorium,2024-10-15T00:00:00Z,-121.55995375,39.51549315,LFC
Lower Auditorium,2024-10-15T00:00:00Z,-121.56009266,39.51546237,LFC
Lower Auditorium,2024-10-15T00:00:00Z,-121.56003245,39.5156026,LFC
Lower Auditorium,2024-10-15T00:00:00Z,-121.56019041,39.51539355,LFC
Lower Auditorium,2024-10-15T00:00:00Z,-121.5602532,39.51541493,LFC
Lower Auditorium,2024-10-15T00:00:00Z,-121.56020112,39.51536119,LFC
Lower Auditorium,2024-10-15T00:00:00Z,-121.55979396,39.51567608,LFC
Lower Auditorium,2024-10-15T00:00:00Z,-121.56011295,39.51568187,LFC
Lower Auditorium,2024-10-15T00:00:00Z,-121.56016727,39.51568437,LFC
Lower Auditorium,2024-10-15T00:00:00Z,-121.5603676,39.51565527,LFC
Lower Auditorium,2024-10-15T00:00:00Z,-121.56035382,39.5156075,LFC
Lower Auditorium,2024-10-15T00:00:00Z,-121.56021512,39.51559891,LFC
Lower Auditorium,2024-10-15T00:00:00Z,-121.56035961,39.51512652,LFC
Lower Auditorium,2024-10-15T00:00:00Z,-121.56041104,39.51512578,LFC
Lower Auditorium,2024-10-15T00:00:00Z,-121.56065267,39.51518599,LFC
Lower Auditorium,2024-10-15T00:00:00Z,-121.56030328,39.51527869,LFC
Lower Auditorium,2024-10-15T00:00:00Z,-121.56034671,39.51537947,LFC
Lower Auditorium,2024-10-15T00:00:00Z,-121.56036445,39.51540715,LFC
Lower Auditorium,2024-10-15T00:00:00Z,-121.56037636,39.51546039,LFC
Lower Auditorium,2024-10-15T00:00:00Z,-121.56043926,39.51533301,LFC
Lower Auditorium,2024-10-15T00:00:00Z,-121.56031273,39.51567976,LFC
Lower Auditorium,2024-10-15T00:00:00Z,-121.56051057,39.51559983,LFC
Lower Auditorium,2024-10-15T00:00:00Z,-121.56114255,39.51517886,LFC
Lower Auditorium,2024-10-15T00:00:00Z,-121.56102042,39.515236,LFC
Lower Auditorium,2024-10-15T00:00:00Z,-121.56116958,39.51525644,LFC
Lower Auditorium,2024-10-15T00:00:00Z,-121.56121472,39.51526129,LFC
Lower Auditorium,2024-10-15T00:00:00Z,-121.56091409,39.51569024,LFC
Lower Auditorium,2024-10-15T00:00:00Z,-121.56083975,39.51575798,LFC
Lower Auditorium,2024-10-15T00:00:00Z,-121.56075245,39.51578264,LFC
Lower Auditorium,2024-10-15T00:00:00Z,-121.56045356,39.5155458,LFC
Lower Auditorium,2024-10-21T00:00:00Z,-121.55990422,39.51536449,LFC
Lower Auditorium,2024-10-21T00:00:00Z,-121.55997195,39.51543828,LFC
Lower Auditorium,2024-10-21T00:00:00Z,-121.56000416,39.51557742,LFC
Lower Auditorium,2024-10-21T00:00:00Z,-121.56005844,39.51554233,LFC
Lower Auditorium,2024-10-21T00:00:00Z,-121.56007787,39.51540598,LFC
Lower Auditorium,2024-10-21T00:00:00Z,-121.56024056,39.51530787,LFC
Lower Auditorium,2024-10-21T00:00:00Z,-121.56024678,39.51545384,LFC
Lower Auditorium,2024-10-21T00:00:00Z,-121.56016065,39.51555576,LFC
Lower Auditorium,2024-10-21T00:00:00Z,-121.56039064,39.51541772,LFC
Lower Auditorium,2024-10-21T00:00:00Z,-121.56045256,39.51523612,LFC
Lower Auditorium,2024-10-21T00:00:00Z,-121.56053146000001,39.51526069,LFC
Lower Auditorium,2024-10-21T00:00:00Z,-121.56046277,39.51545723,LFC
Lower Auditorium,2024-10-21T00:00:00Z,-121.56047508,39.51562116,LFC
Lower Auditorium,2024-10-21T00:00:00Z,-121.56047646,39.515599,LFC
Lower Auditorium,2024-10-21T00:00:00Z,-121.56050798,39.51554862,LFC
Lower Auditorium,2024-10-21T00:00:00Z,-121.56056059,39.51554927,LFC
Lower Auditorium,2024-10-21T00:00:00Z,-121.56057419,39.51542714,LFC
Lower Auditorium,2024-10-21T00:00:00Z,-121.56068768,39.51543141,LFC
Lower Auditorium,2024-10-21T00:00:00Z,-121.56062409,39.51546996,LFC
Lower Auditorium,2024-10-21T00:00:00Z,-121.56064644,39.51555033,LFC
Lower Auditorium,2024-10-21T00:00:00Z,-121.56065368,39.51533372,LFC
Lower Auditorium,2024-10-21T00:00:00Z,-121.56064904,39.515290039999996,LFC
Lower Auditorium,2024-10-21T00:00:00Z,-121.5606909,39.51523049,LFC
Lower Auditorium,2024-10-21T00:00:00Z,-121.56073332,39.51523316,LFC
Lower Auditorium,2024-10-21T00:00:00Z,-121.56073822,39.51517457,LFC
Lower Auditorium,2024-10-21T00:00:00Z,-121.56080908,39.51518618,LFC
Lower Auditorium,2024-10-21T00:00:00Z,-121.56088223,39.5152207,LFC
Lower Auditorium,2024-10-21T00:00:00Z,-121.56081583,39.51530641,LFC
Lower Auditorium,2024-10-21T00:00:00Z,-121.56089427,39.51535315,LFC
Lower Auditorium,2024-10-21T00:00:00Z,-121.56088354,39.51538091,LFC
Lower Auditorium,2024-10-21T00:00:00Z,-121.56088421,39.51543813,LFC
Lower Auditorium,2024-10-21T00:00:00Z,-121.5608727,39.51545873,LFC
Lower Auditorium,2024-10-21T00:00:00Z,-121.56086449,39.51549868,LFC
Lower Auditorium,2024-10-21T00:00:00Z,-121.56085102,39.51552497,LFC
Lower Auditorium,2024-10-21T00:00:00Z,-121.56084783,39.51554567,LFC
Lower Auditorium,2024-10-21T00:00:00Z,-121.56060041,39.51576717,LFC
Lower Auditorium,2024-10-21T00:00:00Z,-121.56043176,39.51579655,LFC
Lower Auditorium,2024-10-21T00:00:00Z,-121.56048334,39.51580291,LFC
Lower Auditorium,2024-10-21T00:00:00Z,-121.56070879,39.51584003,LFC
Lower Auditorium,2024-10-21T00:00:00Z,-121.56115529,39.51536711,LFC
Lower Auditorium,2024-10-21T00:00:00Z,-121.56107306,39.51523522,LFC
Lower Auditorium,2024-10-21T00:00:00Z,-121.56106817,39.51520369,LFC
Lower Auditorium,2024-10-21T00:00:00Z,-121.56110725,39.51514481,LFC
Lower Auditorium,2024-10-21T00:00:00Z,-121.56091515,39.51514673,LFC
Lower Auditorium,2024-10-21T00:00:00Z,-121.56110542,39.51550166,LFC
Lower Auditorium,2024-10-21T00:00:00Z,-121.56100491,39.51549541,LFC
Lower Auditorium,2024-10-21T00:00:00Z,-121.56125562,39.515427,LFC
Lower Auditorium,2024-10-21T00:00:00Z,-121.56123175,39.51546532,LFC
Lower Auditorium,2024-10-21T00:00:00Z,-121.56122557,39.51522781,LFC
Lower Auditorium,2024-10-21T00:00:00Z,-121.56057239,39.51560377,LFC
Lower Auditorium,2024-10-21T00:00:00Z,-121.56113892,39.51531041,LFC
Lower Auditorium,2024-10-21T00:00:00Z,-121.56138851,39.51538573,LFC
Lower Auditorium,2024-10-21T00:00:00Z,-121.56139879,39.51533508,LFC
Lower Auditorium,2024-10-21T00:00:00Z,-121.56138638,39.5153099,LFC
Lower Auditorium,2024-10-21T00:00:00Z,-121.56139442,39.51523347,LFC
Lower Auditorium,2024-10-21T00:00:00Z,-121.56117545,39.51568776,LFC
Lower Auditorium,2024-10-21T00:00:00Z,-121.56113639,39.51574592,LFC
Lower Auditorium,2024-10-28T00:00:00Z,-121.56117403,39.51580145,LFC
Lower Auditorium,2024-10-28T00:00:00Z,-121.56115689,39.51578193,LFC
Lower Auditorium,2024-10-28T00:00:00Z,-121.56073831,39.51584661,LFC
Lower Auditorium,2024-10-28T00:00:00Z,-121.56087538,39.51576225,LFC
Lower Auditorium,2024-10-28T00:00:00Z,-121.56093559,39.51570807,LFC
Lower Auditorium,2024-10-28T00:00:00Z,-121.56062677,39.5158109,LFC
Lower Auditorium,2024-10-28T00:00:00Z,-121.56036335,39.51579136,LFC
Lower Auditorium,2024-10-28T00:00:00Z,-121.56079015,39.51565409,LFC
Lower Auditorium,2024-10-28T00:00:00Z,-121.56096014,39.5155491,LFC
Lower Auditorium,2024-10-28T00:00:00Z,-121.56112367,39.51552823,LFC
Lower Auditorium,2024-10-28T00:00:00Z,-121.56106772,39.51540488,LFC
Lower Auditorium,2024-10-28T00:00:00Z,-121.56086276,39.515801,LFC
Lower Auditorium,2024-10-28T00:00:00Z,-121.5607436,39.5156764,LFC
Lower Auditorium,2024-10-28T00:00:00Z,-121.56145889,39.51526279,LFC
Lower Auditorium,2024-10-28T00:00:00Z,-121.56128293,39.51519882,LFC
Lower Auditorium,2024-10-28T00:00:00Z,-121.56122997,39.51533136,LFC
Lower Auditorium,2024-10-28T00:00:00Z,-121.56124228,39.51536493,LFC
Lower Auditorium,2024-10-28T00:00:00Z,-121.56107185,39.5152905,LFC
Lower Auditorium,2024-10-28T00:00:00Z,-121.56103051,39.51534674,LFC
Lower Auditorium,2024-10-28T00:00:00Z,-121.5610424,39.51531439,LFC
Lower Auditorium,2024-10-28T00:00:00Z,-121.56068903,39.51508483,LFC
Lower Auditorium,2024-10-28T00:00:00Z,-121.56079875,39.51515164,LFC
Lower Auditorium,2024-10-28T00:00:00Z,-121.56073955,39.51530012,LFC
Lower Auditorium,2024-10-28T00:00:00Z,-121.5607261,39.51540751,LFC
Lower Auditorium,2024-10-28T00:00:00Z,-121.56058029,39.5156579,LFC
Lower Auditorium,2024-10-28T00:00:00Z,-121.5605911,39.51524885,LFC
Lower Auditorium,2024-10-28T00:00:00Z,-121.56052216,39.51541094,LFC
Lower Auditorium,2024-10-28T00:00:00Z,-121.56074697,39.51588516,LFC
Lower Auditorium,2024-10-28T00:00:00Z,-121.56051135,39.51593442,LFC
Lower Auditorium,2024-10-28T00:00:00Z,-121.56037284,39.51574505,LFC
Lower Auditorium,2024-10-28T00:00:00Z,-121.5602497,39.51535538,LFC
Lower Auditorium,2024-10-28T00:00:00Z,-121.56000915,39.51547141,LFC
Lower Auditorium,2024-10-28T00:00:00Z,-121.5600305,39.51532475,LFC
Lower Auditorium,2024-10-28T00:00:00Z,-121.56007509,39.51531203,LFC
Lower Auditorium,2024-10-28T00:00:00Z,-121.56013528,39.5152876,LFC
Lower Auditorium,2024-10-28T00:00:00Z,-121.5596453,39.51534927,LFC
Lower Auditorium,2024-10-28T00:00:00Z,-121.55957899,39.51541253,LFC
Lower Auditorium,2024-10-28T00:00:00Z,-121.55964761,39.5154088,LFC
Lower Auditorium,2024-10-28T00:00:00Z,-121.55951575,39.51535544,LFC
Lower Auditorium,2024-10-28T00:00:00Z,-121.55982825,39.51567224,LFC
Lower Auditorium,2024-10-28T00:00:00Z,-121.55977518,39.51568597,LFC
Lower Auditorium,2024-10-28T00:00:00Z,-121.55975128,39.51567306,LFC
Lower Auditorium,2024-10-28T00:00:00Z,-121.55957909,39.51575077,LFC
Lower Auditorium,2024-10-28T00:00:00Z,-121.55957538,39.51570175,LFC
Lower Auditorium,2024-10-28T00:00:00Z,-121.55951716,39.5154589,LFC
Lower Auditorium,2024-10-28T00:00:00Z,-121.55949561,39.51541515,LFC
Lower Auditorium,2024-10-28T00:00:00Z,-121.55956102,39.51533815,LFC
Lower Auditorium,2024-11-04T00:00:00Z,-121.56127839,39.51551088,LFC
Lower Auditorium,2024-11-04T00:00:00Z,-121.56087989,39.51527317,LFC
Lower Auditorium,2024-11-04T00:00:00Z,-121.56064042,39.51560402,LFC
Lower Auditorium,2024-11-04T00:00:00Z,-121.56053413,39.51550896,LFC
Lower Auditorium,2024-11-04T00:00:00Z,-121.56032015,39.51548496,LFC
Lower Auditorium,2024-11-04T00:00:00Z,-121.55983387,39.5153628,LFC
Lower Auditorium,2024-11-04T00:00:00Z,-121.55979934,39.51547174,LFC
Lower Auditorium,2024-11-04T00:00:00Z,-121.55955199,39.51520777,LFC
Lower Auditorium,2024-11-12T00:00:00Z,-121.56015718,39.515518,LFC
Lower Auditorium,2024-11-12T00:00:00Z,-121.56035281,39.51550659,LFC
Lower Auditorium,2024-11-12T00:00:00Z,-121.55993777,39.515459130000004,LFC
Lower Auditorium,2024-11-12T00:00:00Z,-121.55979406,39.51549966,LFC
Lower Auditorium,2024-11-12T00:00:00Z,-121.55967453,39.51548842,LFC
Lower Auditorium,2024-11-12T00:00:00Z,-121.5599688,39.51563528,LFC
Lower Auditorium,2024-11-12T00:00:00Z,-121.5610112,39.51526737,LFC
Lower Auditorium,2024-11-12T00:00:00Z,-121.56115917,39.51542788,LFC
Lower Auditorium,2024-11-12T00:00:00Z,-121.56097445,39.51567377,LFC
Lower Gateway,2024-10-31T00:00:00Z,-121.62560151,39.45659875,LFC
Lower Gateway,2024-10-31T00:00:00Z,-121.62577161,39.4566809,LFC
Lower Gateway,2024-11-14T00:00:00Z,-121.62564014,39.45657782,LFC
Lower Gateway,2024-11-14T00:00:00Z,-121.62556629,39.45660766,LFC
Lower Robinson,2024-09-24T00:00:00Z,-121.59862174,39.46662834,LFC
Lower Robinson,2024-10-02T00:00:00Z,-121.59799453,39.46683055,LFC
Lower Robinson,2024-10-16T00:00:00Z,-121.59749962,39.46695688,LFC
Lower Robinson,2024-10-16T00:00:00Z,-121.59761063,39.46701411,LFC
Lower Robinson,2024-10-16T00:00:00Z,-121.59759985,39.46699869,LFC
Lower Robinson,2024-10-16T00:00:00Z,-121.59763008,39.46690448,LFC
Lower Robinson,2024-10-16T00:00:00Z,-121.59776372,39.4669701,LFC
Lower Robinson,2024-10-16T00:00:00Z,-121.59778178,39.4670219,LFC
Lower Robinson,2024-10-16T00:00:00Z,-121.59777722,39.4670037,LFC
Lower Robinson,2024-10-16T00:00:00Z,-121.59774419,39.46689917,LFC
Lower Robinson,2024-10-16T00:00:00Z,-121.59770934,39.46688586,LFC
Lower Robinson,2024-10-16T00:00:00Z,-121.59784597,39.46683258,LFC
Lower Robinson,2024-10-16T00:00:00Z,-121.59784356,39.46695291,LFC
Lower Robinson,2024-10-16T00:00:00Z,-121.59783469,39.46693418,LFC
Lower Robinson,2024-10-16T00:00:00Z,-121.59792977,39.46686368,LFC
Lower Robinson,2024-10-16T00:00:00Z,-121.59792708,39.46684454,LFC
Lower Robinson,2024-10-16T00:00:00Z,-121.59791803,39.46677326,LFC
Lower Robinson,2024-10-16T00:00:00Z,-121.59783963,39.46678044,LFC
Lower Robinson,2024-10-16T00:00:00Z,-121.59782809,39.46674113,LFC
Lower Robinson,2024-10-16T00:00:00Z,-121.59795219,39.46675982,LFC
Lower Robinson,2024-10-16T00:00:00Z,-121.59800913,39.46677818,LFC
Lower Robinson,2024-10-16T00:00:00Z,-121.59801986,39.46670428,LFC
Lower Robinson,2024-10-16T00:00:00Z,-121.59782704,39.46670148,LFC
Lower Robinson,2024-10-16T00:00:00Z,-121.59814905,39.46674596,LFC
Lower Robinson,2024-10-16T00:00:00Z,-121.59806196,39.46669428,LFC
Lower Robinson,2024-10-16T00:00:00Z,-121.59827705,39.46675467,LFC
Lower Robinson,2024-10-16T00:00:00Z,-121.59827811,39.46673223,LFC
Lower Robinson,2024-10-16T00:00:00Z,-121.59816201,39.46668354,LFC
Lower Robinson,2024-10-16T00:00:00Z,-121.59822067,39.46670813,LFC
Lower Robinson,2024-10-16T00:00:00Z,-121.59838531,39.46670295,LFC
Lower Robinson,2024-10-16T00:00:00Z,-121.59842162,39.46673587,LFC
Lower Robinson,2024-10-16T00:00:00Z,-121.598241,39.46667781,LFC
Lower Robinson,2024-10-16T00:00:00Z,-121.59858675,39.46661415,LFC
Lower Robinson,2024-10-16T00:00:00Z,-121.59861414,39.46653902,LFC
Lower Robinson,2024-10-16T00:00:00Z,-121.59864032,39.466585190000004,LFC
Lower Robinson,2024-10-16T00:00:00Z,-121.59870879,39.46655114,LFC
Lower Robinson,2024-10-16T00:00:00Z,-121.59865093,39.46648644,LFC
Lower Robinson,2024-10-16T00:00:00Z,-121.59871994,39.4664868,LFC
Lower Robinson,2024-10-16T00:00:00Z,-121.59877564,39.46647505,LFC
Lower Robinson,2024-10-16T00:00:00Z,-121.59870499,39.46646417,LFC
Lower Robinson,2024-10-16T00:00:00Z,-121.59873885,39.46652715,LFC
Lower Robinson,2024-10-16T00:00:00Z,-121.59860677,39.46666073,LFC
Lower Robinson,2024-10-16T00:00:00Z,-121.5994883,39.46636757,LFC
Lower Robinson,2024-10-16T00:00:00Z,-121.59885579,39.46641129,LFC
Lower Robinson,2024-10-16T00:00:00Z,-121.59899917,39.46630236,LFC
Lower Robinson,2024-10-16T00:00:00Z,-121.59956427,39.46612789,LFC
Lower Robinson,2024-10-16T00:00:00Z,-121.59956035,39.46610706,LFC
Lower Robinson,2024-10-16T00:00:00Z,-121.59971164,39.46609482,LFC
Lower Robinson,2024-10-16T00:00:00Z,-121.59988368,39.4661889,LFC
Lower Robinson,2024-10-16T00:00:00Z,-121.59986289,39.46618315,LFC
Lower Robinson,2024-10-16T00:00:00Z,-121.60000321,39.46622641,LFC
Lower Robinson,2024-10-16T00:00:00Z,-121.59995332,39.46613778,LFC
Lower Robinson,2024-10-16T00:00:00Z,-121.59995904,39.46616719,LFC
Lower Robinson,2024-10-16T00:00:00Z,-121.60020461,39.46609495,LFC
Lower Robinson,2024-10-16T00:00:00Z,-121.59965829,39.46609999,LFC
Lower Robinson,2024-10-16T00:00:00Z,-121.59802122,39.46675767,LFC
Lower Robinson,2024-10-16T00:00:00Z,-121.59804813,39.46680015,LFC
Lower Robinson,2024-10-16T00:00:00Z,-121.59830877,39.46664545,LFC
Lower Robinson,2024-10-30T00:00:00Z,-121.59702685,39.46674819,LFC
Lower Robinson,2024-10-30T00:00:00Z,-121.59706615,39.46672478,LFC
Lower Robinson,2024-10-30T00:00:00Z,-121.59710032,39.46674143,LFC
Lower Robinson,2024-10-30T00:00:00Z,-121.59702731,39.46678688,LFC
Lower Robinson,2024-10-30T00:00:00Z,-121.59728854,39.46700401,LFC
Lower Robinson,2024-10-30T00:00:00Z,-121.59728521,39.46698813,LFC
Lower Robinson,2024-10-30T00:00:00Z,-121.59744984,39.46686204,LFC
Lower Robinson,2024-10-30T00:00:00Z,-121.59753524,39.46679245,LFC
Lower Robinson,2024-10-30T00:00:00Z,-121.59754951,39.46680852,LFC
Lower Robinson,2024-10-30T00:00:00Z,-121.59747258,39.46698672,LFC
Lower Robinson,2024-10-30T00:00:00Z,-121.59750005,39.46693448,LFC
Lower Robinson,2024-10-30T00:00:00Z,-121.59758563,39.46689547,LFC
Lower Robinson,2024-10-30T00:00:00Z,-121.59760168,39.46692072,LFC
Lower Robinson,2024-10-30T00:00:00Z,-121.59758567,39.46703088,LFC
Lower Robinson,2024-10-30T00:00:00Z,-121.59757105,39.46701267,LFC
Lower Robinson,2024-10-30T00:00:00Z,-121.59757906,39.46698648,LFC
Lower Robinson,2024-10-30T00:00:00Z,-121.59766058,39.46681597,LFC
Lower Robinson,2024-10-30T00:00:00Z,-121.59773715,39.46685205,LFC
Lower Robinson,2024-10-30T00:00:00Z,-121.59775309,39.46692255,LFC
Lower Robinson,2024-10-30T00:00:00Z,-121.59770256,39.466807,LFC
Lower Robinson,2024-10-30T00:00:00Z,-121.59768318,39.46673127,LFC
Lower Robinson,2024-10-30T00:00:00Z,-121.59763004,39.46706015,LFC
Lower Robinson,2024-10-30T00:00:00Z,-121.59776726,39.4670615,LFC
Lower Robinson,2024-10-30T00:00:00Z,-121.59774522,39.46703953,LFC
Lower Robinson,2024-10-30T00:00:00Z,-121.59783264,39.46690853,LFC
Lower Robinson,2024-10-30T00:00:00Z,-121.59782234,39.46689129,LFC
Lower Robinson,2024-10-30T00:00:00Z,-121.59781884,39.46686924,LFC
Lower Robinson,2024-10-30T00:00:00Z,-121.59767214,39.46671251,LFC
Lower Robinson,2024-10-30T00:00:00Z,-121.5979042,39.46672533,LFC
Lower Robinson,2024-10-30T00:00:00Z,-121.59790624,39.46668524,LFC
Lower Robinson,2024-10-30T00:00:00Z,-121.5979258,39.46666255,LFC
Lower Robinson,2024-10-30T00:00:00Z,-121.59780827,39.46680776,LFC
Lower Robinson,2024-10-30T00:00:00Z,-121.59790122,39.4668127,LFC
Lower Robinson,2024-10-30T00:00:00Z,-121.59782389,39.46698133,LFC
Lower Robinson,2024-10-30T00:00:00Z,-121.59798807,39.46687584,LFC
Lower Robinson,2024-10-30T00:00:00Z,-121.59810078,39.46687911,LFC
Lower Robinson,2024-10-30T00:00:00Z,-121.59810375,39.46685384,LFC
Lower Robinson,2024-10-30T00:00:00Z,-121.59806759,39.46681328,LFC
Lower Robinson,2024-10-30T00:00:00Z,-121.59815968,39.4668612,LFC
Lower Robinson,2024-10-30T00:00:00Z,-121.59824283,39.46680154,LFC
Lower Robinson,2024-10-30T00:00:00Z,-121.59794795,39.46694049,LFC
Lower Robinson,2024-10-30T00:00:00Z,-121.59813721,39.46693639,LFC
Lower Robinson,2024-10-30T00:00:00Z,-121.59810246,39.46667232,LFC
Lower Robinson,2024-10-30T00:00:00Z,-121.59835528,39.46663334,LFC
Lower Robinson,2024-10-30T00:00:00Z,-121.59836893,39.46659815,LFC
Lower Robinson,2024-10-30T00:00:00Z,-121.59840644,39.46678632,LFC
Lower Robinson,2024-10-30T00:00:00Z,-121.59848154,39.46669791,LFC
Lower Robinson,2024-10-30T00:00:00Z,-121.59834515,39.46667763,LFC
Lower Robinson,2024-10-30T00:00:00Z,-121.59867706,39.46659709,LFC
Lower Robinson,2024-10-30T00:00:00Z,-121.59874983,39.46659415,LFC
Lower Robinson,2024-10-30T00:00:00Z,-121.59853213,39.46663356,LFC
Lower Robinson,2024-10-30T00:00:00Z,-121.59874987,39.46659224,LFC
Lower Robinson,2024-10-30T00:00:00Z,-121.59854151,39.46656537,LFC
Lower Robinson,2024-10-30T00:00:00Z,-121.59877756,39.46653287,LFC
Lower Robinson,2024-10-30T00:00:00Z,-121.59884127,39.4664596,LFC
Lower Robinson,2024-10-30T00:00:00Z,-121.59894176,39.46642642,LFC
Lower Robinson,2024-10-30T00:00:00Z,-121.59890248,39.46635717,LFC
Lower Robinson,2024-10-30T00:00:00Z,-121.59912204,39.46625569,LFC
Lower Robinson,2024-10-30T00:00:00Z,-121.59921307,39.46623339,LFC
Lower Robinson,2024-10-30T00:00:00Z,-121.5994596,39.46620101,LFC
Lower Robinson,2024-10-30T00:00:00Z,-121.59949533,39.46613983,LFC
Lower Robinson,2024-10-30T00:00:00Z,-121.59959006,39.46608699,LFC
Lower Robinson,2024-10-30T00:00:00Z,-121.59956838,39.4660619,LFC
Lower Robinson,2024-10-30T00:00:00Z,-121.59976768,39.46611015,LFC
Lower Robinson,2024-10-30T00:00:00Z,-121.59966057,39.46607399,LFC
Lower Robinson,2024-10-30T00:00:00Z,-121.59960958,39.46618897,LFC
Lower Robinson,2024-10-30T00:00:00Z,-121.59957502,39.46616085,LFC
Lower Robinson,2024-10-30T00:00:00Z,-121.59941825,39.46635765,LFC
Lower Robinson,2024-10-30T00:00:00Z,-121.59955541,39.46637029,LFC
Lower Robinson,2024-10-30T00:00:00Z,-121.59962868,39.46634299,LFC
Lower Robinson,2024-10-30T00:00:00Z,-121.59971279,39.46629672,LFC
Lower Robinson,2024-10-30T00:00:00Z,-121.59983741,39.46625906,LFC
Lower Robinson,2024-10-30T00:00:00Z,-121.59979963,39.46620702,LFC
Lower Robinson,2024-10-30T00:00:00Z,-121.59979899,39.46617739,LFC
Lower Robinson,2024-10-30T00:00:00Z,-121.59983315,39.4660412,LFC
Lower Robinson,2024-10-30T00:00:00Z,-121.59984159,39.46608095,LFC
Lower Robinson,2024-10-30T00:00:00Z,-121.59993476,39.46607538,LFC
Lower Robinson,2024-10-30T00:00:00Z,-121.60002136,39.46608932,LFC
Lower Robinson,2024-10-30T00:00:00Z,-121.60009232,39.46611549,LFC
Lower Robinson,2024-10-30T00:00:00Z,-121.60012544,39.46603087,LFC
Lower Robinson,2024-10-30T00:00:00Z,-121.60012638,39.46598407,LFC
Lower Robinson,2024-10-30T00:00:00Z,-121.60017001,39.46608251,LFC
Lower Robinson,2024-10-30T00:00:00Z,-121.60033201,39.46602428,LFC
Lower Robinson,2024-10-30T00:00:00Z,-121.60020513,39.46614407,LFC
Lower Robinson,2024-10-30T00:00:00Z,-121.60013015,39.46619571,LFC
Lower Robinson,2024-10-30T00:00:00Z,-121.60012352,39.46615742,LFC
Lower Robinson,2024-10-30T00:00:00Z,-121.60002203,39.46614808,LFC
Lower Robinson,2024-10-30T00:00:00Z,-121.60006183,39.46606879,LFC
Lower Robinson,2024-10-30T00:00:00Z,-121.59936264,39.46615017,LFC
Lower Robinson,2024-10-30T00:00:00Z,-121.59813988,39.46680953,LFC
Lower Robinson,2024-10-30T00:00:00Z,-121.59811379,39.46669489,LFC
Lower Robinson,2024-10-30T00:00:00Z,-121.5981267,39.4667198,LFC
Lower Robinson,2024-10-30T00:00:00Z,-121.59798016,39.46680943,LFC
Lower Robinson,2024-10-30T00:00:00Z,-121.59697325,39.4666864,LFC
Lower Robinson,2024-10-30T00:00:00Z,-121.59724126,39.4672413,LFC
Lower Robinson,2024-11-14T00:00:00Z,-121.59807537,39.46664047,LFC
Lower Robinson,2024-11-14T00:00:00Z,-121.59825785,39.46660589,LFC
Lower Robinson,2024-11-14T00:00:00Z,-121.59935191,39.46622407,LFC
Lower Robinson,2024-11-14T00:00:00Z,-121.59920293,39.46615541,LFC
Lower Robinson,2024-11-14T00:00:00Z,-121.59948007,39.46607134,LFC
Lower Robinson,2024-11-14T00:00:00Z,-121.59989634,39.46599372,LFC
Lower Robinson,2024-11-14T00:00:00Z,-121.59743766,39.46675887,LFC
Lower Table Mountain,2024-09-09T00:00:00Z,-121.55270965,39.51712317,LFC
Lower Table Mountain,2024-09-09T00:00:00Z,-121.55260262,39.5171758,LFC
Lower Table Mountain,2024-09-09T00:00:00Z,-121.55251383,39.51712212,LFC
Lower Table Mountain,2024-09-09T00:00:00Z,-121.55254937,39.51715308,LFC
Lower Table Mountain,2024-09-09T00:00:00Z,-121.55256346,39.51716042,LFC
Lower Table Mountain,2024-09-09T00:00:00Z,-121.55247113,39.51715388,LFC
Lower Table Mountain,2024-09-09T00:00:00Z,-121.55237565,39.5171833,LFC
Lower Table Mountain,2024-09-09T00:00:00Z,-121.55239822,39.51716967,LFC
Lower Table Mountain,2024-09-09T00:00:00Z,-121.55261939,39.51718709,LFC
Lower Table Mountain,2024-09-09T00:00:00Z,-121.5526579,39.51717568,LFC
Lower Table Mountain,2024-09-09T00:00:00Z,-121.55264056,39.5171109,LFC
Lower Table Mountain,2024-09-09T00:00:00Z,-121.55255827,39.5171455,LFC
Lower Table Mountain,2024-09-09T00:00:00Z,-121.5527266,39.51717327,LFC
Lower Table Mountain,2024-09-09T00:00:00Z,-121.55277988,39.51723047,LFC
Lower Table Mountain,2024-09-09T00:00:00Z,-121.55277467,39.51729765,LFC
Lower Table Mountain,2024-09-09T00:00:00Z,-121.55270506,39.51729261,LFC
Lower Table Mountain,2024-09-09T00:00:00Z,-121.55262925,39.51720956,LFC
Lower Table Mountain,2024-09-09T00:00:00Z,-121.55253634,39.51721481,LFC
Lower Table Mountain,2024-09-09T00:00:00Z,-121.55232398,39.51717565,LFC
Lower Table Mountain,2024-09-09T00:00:00Z,-121.55244087,39.51715995,LFC
Lower Table Mountain,2024-09-09T00:00:00Z,-121.55267837,39.51714143,LFC
Lower Table Mountain,2024-09-09T00:00:00Z,-121.55237697,39.51730222,LFC
Lower Table Mountain,2024-09-09T00:00:00Z,-121.55242625,39.51722002,LFC
Lower Table Mountain,2024-09-09T00:00:00Z,-121.55246543,39.51729545,LFC
Lower Table Mountain,2024-09-09T00:00:00Z,-121.55245684,39.51728822,LFC
Lower Table Mountain,2024-09-09T00:00:00Z,-121.552491,39.51722441,LFC
Lower Table Mountain,2024-09-09T00:00:00Z,-121.5524223,39.51728257,LFC
Lower Table Mountain,2024-09-09T00:00:00Z,-121.5522622,39.51742097,LFC
Lower Table Mountain,2024-09-09T00:00:00Z,-121.5522786,39.51734046,LFC
Lower Table Mountain,2024-09-09T00:00:00Z,-121.55220964,39.51734249,LFC
Lower Table Mountain,2024-09-09T00:00:00Z,-121.552179,39.51740716,LFC
Lower Table Mountain,2024-09-09T00:00:00Z,-121.55213568,39.51743029,LFC
Lower Table Mountain,2024-09-09T00:00:00Z,-121.55218218,39.51743567,LFC
Lower Table Mountain,2024-09-09T00:00:00Z,-121.55197602,39.51747947,LFC
Lower Table Mountain,2024-09-18T00:00:00Z,-121.55268156,39.51706031,LFC
Lower Table Mountain,2024-09-18T00:00:00Z,-121.55271387,39.51707263,LFC
Lower Table Mountain,2024-09-18T00:00:00Z,-121.55270574,39.51708528,LFC
Lower Table Mountain,2024-09-18T00:00:00Z,-121.55273376,39.51709755,LFC
Lower Table Mountain,2024-09-18T00:00:00Z,-121.55275863,39.51712363,LFC
Lower Table Mountain,2024-09-18T00:00:00Z,-121.55284815,39.51720861,LFC
Lower Table Mountain,2024-09-18T00:00:00Z,-121.55278799,39.51720882,LFC
Lower Table Mountain,2024-09-18T00:00:00Z,-121.55277936,39.51719347,LFC
Lower Table Mountain,2024-09-18T00:00:00Z,-121.55277873,39.51717239,LFC
Lower Table Mountain,2024-09-18T00:00:00Z,-121.55264065,39.51708067,LFC
Lower Table Mountain,2024-09-18T00:00:00Z,-121.55265186,39.51709459,LFC
Lower Table Mountain,2024-09-18T00:00:00Z,-121.55271323,39.51705211,LFC
Lower Table Mountain,2024-09-18T00:00:00Z,-121.55272953,39.51710908,LFC
Lower Table Mountain,2024-09-18T00:00:00Z,-121.55272883,39.51719558,LFC
Lower Table Mountain,2024-09-18T00:00:00Z,-121.55263683,39.51714777,LFC
Lower Table Mountain,2024-09-18T00:00:00Z,-121.55262159,39.51714279,LFC
Lower Table Mountain,2024-09-18T00:00:00Z,-121.5525697,39.51712654,LFC
Lower Table Mountain,2024-09-18T00:00:00Z,-121.55254901,39.51711918,LFC
Lower Table Mountain,2024-09-18T00:00:00Z,-121.55253882,39.51711356,LFC
Lower Table Mountain,2024-09-18T00:00:00Z,-121.55259093,39.51716317,LFC
Lower Table Mountain,2024-09-18T00:00:00Z,-121.55246371,39.51712398,LFC
Lower Table Mountain,2024-09-18T00:00:00Z,-121.55248182,39.51713449,LFC
Lower Table Mountain,2024-09-18T00:00:00Z,-121.55252365,39.5171382,LFC
Lower Table Mountain,2024-09-18T00:00:00Z,-121.55269359,39.51721781,LFC
Lower Table Mountain,2024-09-18T00:00:00Z,-121.55274643,39.51723832,LFC
Lower Table Mountain,2024-09-18T00:00:00Z,-121.55266394,39.51728755,LFC
Lower Table Mountain,2024-09-18T00:00:00Z,-121.55255828,39.5172025,LFC
Lower Table Mountain,2024-09-18T00:00:00Z,-121.55240727,39.51715059,LFC
Lower Table Mountain,2024-09-18T00:00:00Z,-121.5523843,39.51716485,LFC
Lower Table Mountain,2024-09-18T00:00:00Z,-121.55247777,39.51721924,LFC
Lower Table Mountain,2024-09-18T00:00:00Z,-121.55253549,39.51725207,LFC
Lower Table Mountain,2024-09-18T00:00:00Z,-121.55253475,39.51718855,LFC
Lower Table Mountain,2024-09-18T00:00:00Z,-121.55259307,39.51727181,LFC
Lower Table Mountain,2024-09-18T00:00:00Z,-121.55260871,39.51729418,LFC
Lower Table Mountain,2024-09-18T00:00:00Z,-121.55247077,39.51726724,LFC
Lower Table Mountain,2024-09-18T00:00:00Z,-121.55232786,39.51723857,LFC
Lower Table Mountain,2024-09-18T00:00:00Z,-121.55227894,39.51723297,LFC
Lower Table Mountain,2024-09-18T00:00:00Z,-121.55235383,39.51728047,LFC
Lower Table Mountain,2024-09-18T00:00:00Z,-121.55240835,39.51729196,LFC
Lower Table Mountain,2024-09-18T00:00:00Z,-121.55251407,39.51733203,LFC
Lower Table Mountain,2024-09-18T00:00:00Z,-121.55221283,39.5173907,LFC
Lower Table Mountain,2024-09-18T00:00:00Z,-121.55241617,39.5171737,LFC
Lower Table Mountain,2024-09-18T00:00:00Z,-121.55245446,39.5171739,LFC
Lower Table Mountain,2024-09-18T00:00:00Z,-121.552516,39.51723866,LFC
Lower Table Mountain,2024-09-18T00:00:00Z,-121.55239468,39.5172716,LFC
Lower Table Mountain,2024-09-18T00:00:00Z,-121.55244396,39.51730326,LFC
Lower Table Mountain,2024-09-18T00:00:00Z,-121.55250926,39.51730212,LFC
Lower Table Mountain,2024-09-18T00:00:00Z,-121.55214187,39.51730222,LFC
Lower Table Mountain,2024-09-18T00:00:00Z,-121.55231458,39.51743442,LFC
Lower Table Mountain,2024-09-18T00:00:00Z,-121.55236883,39.51715969,LFC
Lower Table Mountain,2024-09-18T00:00:00Z,-121.55241684,39.5171202,LFC
Lower Table Mountain,2024-09-18T00:00:00Z,-121.55252146,39.51710039,LFC
Lower Table Mountain,2024-09-18T00:00:00Z,-121.55250188,39.51721369,LFC
Lower Table Mountain,2024-09-18T00:00:00Z,-121.55245151,39.51723701,LFC
Lower Table Mountain,2024-09-18T00:00:00Z,-121.55244503,39.51725147,LFC
Lower Table Mountain,2024-09-18T00:00:00Z,-121.55238617,39.51725109,LFC
Lower Table Mountain,2024-09-18T00:00:00Z,-121.55223916,39.51721644,LFC
Lower Table Mountain,2024-09-18T00:00:00Z,-121.55269376,39.51718273,LFC
Lower Table Mountain,2024-09-18T00:00:00Z,-121.55268776,39.51712198,LFC
Lower Table Mountain,2024-09-18T00:00:00Z,-121.55270409,39.51714063,LFC
Lower Table Mountain,2024-09-18T00:00:00Z,-121.55207575,39.51745301,LFC
Lower Table Mountain,2024-09-18T00:00:00Z,-121.55207165,39.5174409,LFC
Lower Table Mountain,2024-09-18T00:00:00Z,-121.55197225,39.51746254,LFC
Lower Table Mountain,2024-09-18T00:00:00Z,-121.55199565,39.51752688,LFC
Lower Table Mountain,2024-09-18T00:00:00Z,-121.55185704,39.51752887,LFC
Lower Table Mountain,2024-09-23T00:00:00Z,-121.55216809,39.51735909,LFC
Lower Table Mountain,2024-09-23T00:00:00Z,-121.5521782,39.51734734,LFC
Lower Table Mountain,2024-09-23T00:00:00Z,-121.55229978,39.51724112,LFC
Lower Table Mountain,2024-09-23T00:00:00Z,-121.55267712,39.5173394,LFC
Lower Table Mountain,2024-09-23T00:00:00Z,-121.5526704,39.51732575,LFC
Lower Table Mountain,2024-09-23T00:00:00Z,-121.55199565,39.51750241,LFC
Lower Table Mountain,2024-09-23T00:00:00Z,-121.5519756,39.5174959,LFC
Lower Table Mountain,2024-09-23T00:00:00Z,-121.55206053,39.51746708,LFC
Lower Table Mountain,2024-09-30T00:00:00Z,-121.55221867,39.51740861,LFC
Lower Table Mountain,2024-09-30T00:00:00Z,-121.55218619,39.51738649,LFC
Lower Table Mountain,2024-09-30T00:00:00Z,-121.5521255,39.51737216,LFC
Lower Table Mountain,2024-09-30T00:00:00Z,-121.55233973,39.51731729,LFC
Lower Table Mountain,2024-09-30T00:00:00Z,-121.55225867,39.51723756,LFC
Lower Table Mountain,2024-09-30T00:00:00Z,-121.55243749,39.51726747,LFC
Lower Table Mountain,2024-09-30T00:00:00Z,-121.55279493,39.51723555,LFC
Lower Table Mountain,2024-09-30T00:00:00Z,-121.55264174,39.51732159,LFC
Lower Table Mountain,2024-10-07T00:00:00Z,-121.55223877,39.5173524,LFC
Lower Table Mountain,2024-10-07T00:00:00Z,-121.5522937,39.51717122,LFC
Lower Table Mountain,2024-10-07T00:00:00Z,-121.55221238,39.51720549,LFC
Lower Table Mountain,2024-10-07T00:00:00Z,-121.55239361,39.51732176,LFC
Lower Table Mountain,2024-10-07T00:00:00Z,-121.55280756,39.51726882,LFC
Lower Table Mountain,2024-10-07T00:00:00Z,-121.55284668,39.51724162,LFC
Lower Table Mountain,2024-10-07T00:00:00Z,-121.55286834,39.51721095,LFC
Lower Table Mountain,2024-10-07T00:00:00Z,-121.55267644,39.51710215,LFC
Lower Table Mountain,2024-10-07T00:00:00Z,-121.55270867,39.51703523,LFC
Lower Table Mountain,2024-10-07T00:00:00Z,-121.55234025,39.51715714,LFC
Lower Table Mountain,2024-10-15T00:00:00Z,-121.55238927,39.51739554,LFC
Lower Table Mountain,2024-10-15T00:00:00Z,-121.55224435,39.5173199,LFC
Lower Table Mountain,2024-10-15T00:00:00Z,-121.55222734,39.51726105,LFC
Lower Table Mountain,2024-10-15T00:00:00Z,-121.5523281,39.51726991,LFC
Lower Table Mountain,2024-10-15T00:00:00Z,-121.55236385,39.51733713,LFC
Lower Table Mountain,2024-10-15T00:00:00Z,-121.55230784,39.51719908,LFC
Lower Table Mountain,2024-10-15T00:00:00Z,-121.55250062,39.51726554,LFC
Lower Table Mountain,2024-10-15T00:00:00Z,-121.55249874,39.51732198,LFC
Lower Table Mountain,2024-10-15T00:00:00Z,-121.55274514,39.51727076,LFC
Lower Table Mountain,2024-10-15T00:00:00Z,-121.55269851,39.51725443,LFC
Lower Table Mountain,2024-10-15T00:00:00Z,-121.55265284,39.51725984,LFC
Lower Table Mountain,2024-10-15T00:00:00Z,-121.55284255,39.51727143,LFC
Lower Table Mountain,2024-10-15T00:00:00Z,-121.55258684,39.51719767,LFC
Lower Table Mountain,2024-10-15T00:00:00Z,-121.55248152,39.51717247,LFC
Lower Table Mountain,2024-10-15T00:00:00Z,-121.55242857,39.51719081,LFC
Lower Table Mountain,2024-10-15T00:00:00Z,-121.55244369,39.5171378,LFC
Lower Table Mountain,2024-10-15T00:00:00Z,-121.55248556,39.51707914,LFC
Lower Table Mountain,2024-10-15T00:00:00Z,-121.55264473,39.51704258,LFC
Lower Table Mountain,2024-10-15T00:00:00Z,-121.55266914,39.51708251,LFC
Lower Table Mountain,2024-10-15T00:00:00Z,-121.55260382,39.51712242,LFC
Lower Table Mountain,2024-10-15T00:00:00Z,-121.55293171,39.51726494,LFC
Lower Table Mountain,2024-10-15T00:00:00Z,-121.55271457,39.51732521,LFC
Lower Table Mountain,2024-10-15T00:00:00Z,-121.55220083,39.51725529,LFC
Lower Table Mountain,2024-10-15T00:00:00Z,-121.55274272,39.51721861,LFC
Lower Table Mountain,2024-10-15T00:00:00Z,-121.55273941,39.51714148,LFC
Lower Table Mountain,2024-10-21T00:00:00Z,-121.55237174,39.5173622,LFC
Lower Table Mountain,2024-10-21T00:00:00Z,-121.55249098,39.51739192,LFC
Lower Table Mountain,2024-10-21T00:00:00Z,-121.55242088,39.51732481,LFC
Lower Table Mountain,2024-10-21T00:00:00Z,-121.55221327,39.51729725,LFC
Lower Table Mountain,2024-10-21T00:00:00Z,-121.55227126,39.517273,LFC
Lower Table Mountain,2024-10-21T00:00:00Z,-121.5522556,39.51718323,LFC
Lower Table Mountain,2024-10-21T00:00:00Z,-121.55234979,39.51713663,LFC
Lower Table Mountain,2024-10-21T00:00:00Z,-121.55247545,39.51719465,LFC
Lower Table Mountain,2024-10-21T00:00:00Z,-121.55255786,39.51724291,LFC
Lower Table Mountain,2024-10-21T00:00:00Z,-121.55259352,39.5172135,LFC
Lower Table Mountain,2024-10-21T00:00:00Z,-121.55270957,39.51722851,LFC
Lower Table Mountain,2024-10-21T00:00:00Z,-121.55266456,39.51720189,LFC
Lower Table Mountain,2024-10-21T00:00:00Z,-121.55257082,39.5170916,LFC
Lower Table Mountain,2024-10-21T00:00:00Z,-121.55280811,39.51714125,LFC
Lower Table Mountain,2024-10-21T00:00:00Z,-121.55291049,39.5172739,LFC
Lower Table Mountain,2024-10-28T00:00:00Z,-121.55197851,39.51739865,LFC
Lower Table Mountain,2024-10-28T00:00:00Z,-121.55210697,39.51752047,LFC
Lower Table Mountain,2024-10-28T00:00:00Z,-121.55211764,39.51739552,LFC
Lower Table Mountain,2024-10-28T00:00:00Z,-121.552299,39.51738979,LFC
Lower Table Mountain,2024-10-28T00:00:00Z,-121.55234989,39.51738034,LFC
Lower Table Mountain,2024-10-28T00:00:00Z,-121.55218555,39.51727962,LFC
Lower Table Mountain,2024-10-28T00:00:00Z,-121.55244859,39.51733641,LFC
Lower Table Mountain,2024-10-28T00:00:00Z,-121.55236424,39.51725092,LFC
Lower Table Mountain,2024-10-28T00:00:00Z,-121.55239383,39.5172301,LFC
Lower Table Mountain,2024-10-28T00:00:00Z,-121.55251566,39.51708812,LFC
Lower Table Mountain,2024-10-28T00:00:00Z,-121.55280473,39.51731756,LFC
Lower Table Mountain,2024-11-04T00:00:00Z,-121.55255395,39.51739759,LFC
Lower Table Mountain,2024-11-04T00:00:00Z,-121.55251186,39.51736558,LFC
Lower Table Mountain,2024-11-04T00:00:00Z,-121.55219904,39.51724007,LFC
Mathews,2024-10-02T00:00:00Z,-121.57941155,39.49326083,LFC
Mathews,2024-10-02T00:00:00Z,-121.57904952,39.49219467,LFC
Mathews,2024-10-02T00:00:00Z,-121.57903743,39.49215406,LFC
Mathews,2024-10-02T00:00:00Z,-121.57901056,39.4921105,LFC
Mathews,2024-10-02T00:00:00Z,-121.57896625,39.49205927,LFC
Mathews,2024-10-02T00:00:00Z,-121.57907156,39.49186825,LFC
Mathews,2024-10-02T00:00:00Z,-121.57902228,39.49161592,LFC
Mathews,2024-10-02T00:00:00Z,-121.57899676,39.49158664,LFC
Mathews,2024-10-02T00:00:00Z,-121.57896492,39.49151725,LFC
Mathews,2024-10-02T00:00:00Z,-121.57890185,39.4915365,LFC
Mathews,2024-10-02T00:00:00Z,-121.57896458,39.49145293,LFC
Mathews,2024-10-16T00:00:00Z,-121.57920093,39.49324277,LFC
Mathews,2024-10-16T00:00:00Z,-121.5791402,39.49316039,LFC
Mathews,2024-10-16T00:00:00Z,-121.57955139,39.49330112,LFC
Mathews,2024-10-16T00:00:00Z,-121.57958679,39.49327608,LFC
Mathews,2024-10-16T00:00:00Z,-121.57910182,39.49336478,LFC
Mathews,2024-10-16T00:00:00Z,-121.57911424,39.49179887,LFC
Mathews,2024-10-16T00:00:00Z,-121.57884979,39.49153775,LFC
Mathews,2024-10-16T00:00:00Z,-121.57906159,39.49178107,LFC
Mathews,2024-10-16T00:00:00Z,-121.57904891,39.49174452,LFC
Mathews,2024-10-16T00:00:00Z,-121.57891855,39.49096197,LFC
Mathews,2024-10-30T00:00:00Z,-121.57906671,39.49332217,LFC
Mathews,2024-10-30T00:00:00Z,-121.57914491,39.49323661,LFC
Mathews,2024-10-30T00:00:00Z,-121.57928879,39.49329927,LFC
Mathews,2024-10-30T00:00:00Z,-121.57927384,39.4932109,LFC
Mathews,2024-10-30T00:00:00Z,-121.57950859,39.49334654,LFC
Mathews,2024-10-30T00:00:00Z,-121.57907606,39.49199823,LFC
Mathews,2024-10-30T00:00:00Z,-121.5790832,39.49192178,LFC
Mathews,2024-10-30T00:00:00Z,-121.57909102,39.49172754,LFC
Mathews,2024-10-30T00:00:00Z,-121.57913711,39.49165756,LFC
Mathews,2024-10-30T00:00:00Z,-121.57903779,39.49143106,LFC
Mathews,2024-10-30T00:00:00Z,-121.57891404,39.49141325,LFC
Mathews,2024-10-30T00:00:00Z,-121.57900724,39.49113853,LFC
Mathews,2024-10-30T00:00:00Z,-121.5789707,39.49107718,LFC
Mathews,2024-10-30T00:00:00Z,-121.57895860000001,39.49120715,LFC
Mathews,2024-10-30T00:00:00Z,-121.57931943,39.49312361,LFC
Mathews,2024-10-30T00:00:00Z,-121.57933446,39.49337669,LFC
Mathews,2024-11-14T00:00:00Z,-121.57908472,39.49183127,LFC
Mathews,2024-11-14T00:00:00Z,-121.5788807,39.49133795,LFC
Middle Auditorium,2024-09-18T00:00:00Z,-121.5584925,39.51563614,LFC
Middle Auditorium,2024-09-18T00:00:00Z,-121.55945743,39.51559794,LFC
Middle Auditorium,2024-09-18T00:00:00Z,-121.55943924,39.51558126,LFC
Middle Auditorium,2024-09-18T00:00:00Z,-121.55923853,39.51568958,LFC
Middle Auditorium,2024-09-23T00:00:00Z,-121.55942996,39.51552668,LFC
Middle Auditorium,2024-09-23T00:00:00Z,-121.55936376,39.51555804,LFC
Middle Auditorium,2024-09-23T00:00:00Z,-121.5593458,39.5155335,LFC
Middle Auditorium,2024-09-23T00:00:00Z,-121.5592174,39.515552219999996,LFC
Middle Auditorium,2024-09-23T00:00:00Z,-121.55929103,39.51564971,LFC
Middle Auditorium,2024-09-23T00:00:00Z,-121.55837769,39.51563747,LFC
Middle Auditorium,2024-09-23T00:00:00Z,-121.55858061,39.51559788,LFC
Middle Auditorium,2024-09-30T00:00:00Z,-121.55839677,39.51562015,LFC
Middle Auditorium,2024-09-30T00:00:00Z,-121.55868759,39.5156085,LFC
Middle Auditorium,2024-09-30T00:00:00Z,-121.55868358,39.51559158,LFC
Middle Auditorium,2024-09-30T00:00:00Z,-121.55920823,39.5155728,LFC
Middle Auditorium,2024-09-30T00:00:00Z,-121.55916833,39.51561859,LFC
Middle Auditorium,2024-09-30T00:00:00Z,-121.55942566,39.51561123,LFC
Middle Auditorium,2024-09-30T00:00:00Z,-121.55926122,39.51568037,LFC
Middle Auditorium,2024-10-07T00:00:00Z,-121.55810939,39.51555221,LFC
Middle Auditorium,2024-10-07T00:00:00Z,-121.55818805,39.51560628,LFC
Middle Auditorium,2024-10-07T00:00:00Z,-121.55912537,39.51543025,LFC
Middle Auditorium,2024-10-07T00:00:00Z,-121.55924929,39.51541027,LFC
Middle Auditorium,2024-10-07T00:00:00Z,-121.5594394,39.51544695,LFC
Middle Auditorium,2024-10-15T00:00:00Z,-121.55839091,39.515540970000004,LFC
Middle Auditorium,2024-10-15T00:00:00Z,-121.55810386,39.51558032,LFC
Middle Auditorium,2024-10-15T00:00:00Z,-121.55847905,39.51552061,LFC
Middle Auditorium,2024-10-15T00:00:00Z,-121.55854875,39.51554365,LFC
Middle Auditorium,2024-10-15T00:00:00Z,-121.55879242,39.51559244,LFC
Middle Auditorium,2024-10-15T00:00:00Z,-121.55898575,39.51557553,LFC
Middle Auditorium,2024-10-15T00:00:00Z,-121.55831644,39.51565594,LFC
Middle Auditorium,2024-10-15T00:00:00Z,-121.55839477,39.51566881,LFC
Middle Auditorium,2024-10-15T00:00:00Z,-121.55833401,39.51569231,LFC
Middle Auditorium,2024-10-15T00:00:00Z,-121.55928375,39.51562994,LFC
Middle Auditorium,2024-10-15T00:00:00Z,-121.55942189,39.51549388,LFC
Middle Auditorium,2024-10-15T00:00:00Z,-121.55944362,39.51564336,LFC
Middle Auditorium,2024-10-15T00:00:00Z,-121.55951736,39.51564931,LFC
Middle Auditorium,2024-10-21T00:00:00Z,-121.558236,39.515534,LFC
Middle Auditorium,2024-10-21T00:00:00Z,-121.558369,39.515509,LFC
Middle Auditorium,2024-10-21T00:00:00Z,-121.55833,39.515545,LFC
Middle Auditorium,2024-10-21T00:00:00Z,-121.55871,39.515528,LFC
Middle Auditorium,2024-10-21T00:00:00Z,-121.558912,39.515505,LFC
Middle Auditorium,2024-10-21T00:00:00Z,-121.5589,39.515568,LFC
Middle Auditorium,2024-10-21T00:00:00Z,-121.558589,39.515675,LFC
Middle Auditorium,2024-10-21T00:00:00Z,-121.558476,39.515673,LFC
Middle Auditorium,2024-10-21T00:00:00Z,-121.55876,39.515673,LFC
Middle Auditorium,2024-10-21T00:00:00Z,-121.558897,39.515634,LFC
Middle Auditorium,2024-10-21T00:00:00Z,-121.558951,39.515627,LFC
Middle Auditorium,2024-10-21T00:00:00Z,-121.559183,39.515471,LFC
Middle Auditorium,2024-10-21T00:00:00Z,-121.559246,39.515454,LFC
Middle Auditorium,2024-10-21T00:00:00Z,-121.55929,39.515443,LFC
Middle Auditorium,2024-10-21T00:00:00Z,-121.559307,39.515482,LFC
Middle Auditorium,2024-10-21T00:00:00Z,-121.559279,39.515535,LFC
Middle Auditorium,2024-10-21T00:00:00Z,-121.559348,39.515426,LFC
Middle Auditorium,2024-10-21T00:00:00Z,-121.559313,39.515389,LFC
Middle Auditorium,2024-10-21T00:00:00Z,-121.559364,39.515595,LFC
Middle Auditorium,2024-10-21T00:00:00Z,-121.559439,39.51572,LFC
Middle Auditorium,2024-10-21T00:00:00Z,-121.559434,39.515546,LFC
Middle Auditorium,2024-10-21T00:00:00Z,-121.559195,39.515349,LFC
Middle Auditorium,2024-10-21T00:00:00Z,-121.559077,39.515617,LFC
Middle Auditorium,2024-10-21T00:00:00Z,-121.558239,39.515586,LFC
Middle Auditorium,2024-10-21T00:00:00Z,-121.558624,39.515577,LFC
Middle Auditorium,2024-10-28T00:00:00Z,-121.55822839,39.51567556,LFC
Middle Auditorium,2024-10-28T00:00:00Z,-121.55868566,39.5154867,LFC
Middle Auditorium,2024-10-28T00:00:00Z,-121.55873555,39.51544012,LFC
Middle Auditorium,2024-10-28T00:00:00Z,-121.5588093,39.51553543,LFC
Middle Auditorium,2024-10-28T00:00:00Z,-121.55846944,39.51558343,LFC
Middle Auditorium,2024-10-28T00:00:00Z,-121.55835653,39.51559633,LFC
Middle Auditorium,2024-10-28T00:00:00Z,-121.55865381,39.51568727,LFC
Middle Auditorium,2024-10-28T00:00:00Z,-121.55848803,39.51571167,LFC
Middle Auditorium,2024-10-28T00:00:00Z,-121.55892156,39.51573278,LFC
Middle Auditorium,2024-10-28T00:00:00Z,-121.55906138,39.51553498,LFC
Middle Auditorium,2024-10-28T00:00:00Z,-121.55920118,39.51551669,LFC
Middle Auditorium,2024-10-28T00:00:00Z,-121.55925165,39.51548728,LFC
Middle Auditorium,2024-10-28T00:00:00Z,-121.55920315,39.5154216,LFC
Middle Auditorium,2024-10-28T00:00:00Z,-121.55925273,39.51561388,LFC
Middle Auditorium,2024-10-28T00:00:00Z,-121.55937231,39.51568044,LFC
Middle Auditorium,2024-10-28T00:00:00Z,-121.55936453,39.515744,LFC
Middle Auditorium,2024-10-28T00:00:00Z,-121.55938984,39.51541318,LFC
Middle Auditorium,2024-10-28T00:00:00Z,-121.55937424,39.51545304,LFC
Middle Auditorium,2024-10-28T00:00:00Z,-121.55941214,39.5157331,LFC
Middle Auditorium,2024-10-28T00:00:00Z,-121.55926545,39.51557899,LFC
Middle Auditorium,2024-10-28T00:00:00Z,-121.55883373,39.51564873,LFC
Middle Auditorium,2024-11-04T00:00:00Z,-121.55863277,39.51571164,LFC
Middle Auditorium,2024-11-04T00:00:00Z,-121.55856441,39.51564647,LFC
Middle Auditorium,2024-11-04T00:00:00Z,-121.55898273,39.51547701,LFC
Middle Auditorium,2024-11-04T00:00:00Z,-121.55929429,39.51551753,LFC
Middle Auditorium,2024-11-04T00:00:00Z,-121.55905499,39.51543658,LFC
Middle Auditorium,2024-11-04T00:00:00Z,-121.55885602,39.51567375,LFC
Middle Auditorium,2024-11-04T00:00:00Z,-121.55933517,39.51570502,LFC
Steep,2024-10-03T00:00:00Z,-121.60394326,39.46372245,LFC
Steep,2024-10-03T00:00:00Z,-121.60401877,39.46359735,LFC
Steep,2024-10-17T00:00:00Z,-121.60438989,39.46331008,LFC
Steep,2024-10-17T00:00:00Z,-121.60434925,39.46329895,LFC
Steep,2024-10-17T00:00:00Z,-121.60428322,39.463334,LFC
Steep,2024-10-17T00:00:00Z,-121.60403627,39.46373702,LFC
Steep,2024-10-17T00:00:00Z,-121.60384312,39.4637297,LFC
Steep,2024-10-17T00:00:00Z,-121.60376415,39.46372317,LFC
Steep,2024-10-17T00:00:00Z,-121.60373593,39.46379403,LFC
Steep,2024-10-31T00:00:00Z,-121.60391299,39.46368578,LFC
Steep,2024-10-31T00:00:00Z,-121.6039968,39.46372514,LFC
Steep,2024-10-31T00:00:00Z,-121.60405921,39.46363681,LFC
Steep,2024-10-31T00:00:00Z,-121.60431592,39.4634506,LFC
Steep,2024-10-31T00:00:00Z,-121.60422598,39.46338276,LFC
Steep,2024-10-31T00:00:00Z,-121.60409047,39.46339064,LFC
Steep,2024-10-31T00:00:00Z,-121.60417784,39.46333784,LFC
Steep,2024-10-31T00:00:00Z,-121.60424518,39.46326541,LFC
Steep,2024-10-31T00:00:00Z,-121.60433269,39.4633591,LFC
Steep,2024-10-31T00:00:00Z,-121.60457939,39.46320528,LFC
Steep,2024-10-31T00:00:00Z,-121.60462905,39.4631742,LFC
Steep,2024-10-31T00:00:00Z,-121.60451538,39.46316255,LFC
Steep,2024-10-31T00:00:00Z,-121.6045144,39.46310909,LFC
Steep,2024-10-31T00:00:00Z,-121.6046026,39.46314301,LFC
Steep,2024-10-31T00:00:00Z,-121.60378195,39.46356857,LFC
Steep,2024-10-31T00:00:00Z,-121.6039619,39.46369038,LFC
Steep,2024-11-13T00:00:00Z,-121.60448636,39.46313211,LFC
Table Mountain,2024-09-09T00:00:00Z,-121.5518783,39.51754651,LFC
Table Mountain,2024-09-09T00:00:00Z,-121.55167741,39.51762954,LFC
Table Mountain,2024-09-09T00:00:00Z,-121.55167505,39.51769698,LFC
Table Mountain,2024-09-09T00:00:00Z,-121.55165789,39.51769232,LFC
Table Mountain,2024-09-09T00:00:00Z,-121.5515849,39.517712,LFC
Table Mountain,2024-09-09T00:00:00Z,-121.55158693,39.51769647,LFC
Table Mountain,2024-09-09T00:00:00Z,-121.551528,39.51771675,LFC
Table Mountain,2024-09-09T00:00:00Z,-121.55159062,39.51774459,LFC
Table Mountain,2024-09-09T00:00:00Z,-121.55155645,39.51774922,LFC
Table Mountain,2024-09-09T00:00:00Z,-121.55115136,39.51788781,LFC
Table Mountain,2024-09-09T00:00:00Z,-121.5513442,39.51789357,LFC
Table Mountain,2024-09-09T00:00:00Z,-121.55131638,39.51788837,LFC
Table Mountain,2024-09-09T00:00:00Z,-121.55135858,39.51787611,LFC
Table Mountain,2024-09-09T00:00:00Z,-121.55122364,39.51790761,LFC
Table Mountain,2024-09-09T00:00:00Z,-121.55096016,39.51786467,LFC
Table Mountain,2024-09-09T00:00:00Z,-121.55128946,39.5178928,LFC
Table Mountain,2024-09-09T00:00:00Z,-121.55122591,39.51783809,LFC
Table Mountain,2024-09-09T00:00:00Z,-121.55181073,39.51758419,LFC
Table Mountain,2024-09-09T00:00:00Z,-121.55173674,39.51762696,LFC
Table Mountain,2024-09-18T00:00:00Z,-121.55178992,39.51761965,LFC
Table Mountain,2024-09-18T00:00:00Z,-121.55168928,39.51765748,LFC
Table Mountain,2024-09-18T00:00:00Z,-121.55166673,39.51767522,LFC
Table Mountain,2024-09-18T00:00:00Z,-121.55180579,39.5176825,LFC
Table Mountain,2024-09-18T00:00:00Z,-121.55152389,39.51770021,LFC
Table Mountain,2024-09-18T00:00:00Z,-121.55157382,39.51772008,LFC
Table Mountain,2024-09-18T00:00:00Z,-121.55170497,39.51778103,LFC
Table Mountain,2024-09-18T00:00:00Z,-121.55170348,39.51776687,LFC
Table Mountain,2024-09-18T00:00:00Z,-121.55158895,39.5178221,LFC
Table Mountain,2024-09-18T00:00:00Z,-121.55122546,39.51782399,LFC
Table Mountain,2024-09-18T00:00:00Z,-121.5512571,39.51781313,LFC
Table Mountain,2024-09-18T00:00:00Z,-121.55124636,39.51775877,LFC
Table Mountain,2024-09-18T00:00:00Z,-121.55109689,39.51783166,LFC
Table Mountain,2024-09-18T00:00:00Z,-121.55107557,39.51787245,LFC
Table Mountain,2024-09-18T00:00:00Z,-121.55113747,39.51785891,LFC
Table Mountain,2024-09-18T00:00:00Z,-121.55113051,39.51787095,LFC
Table Mountain,2024-09-18T00:00:00Z,-121.55113698,39.51788273,LFC
Table Mountain,2024-09-18T00:00:00Z,-121.55098026,39.51789594,LFC
Table Mountain,2024-09-18T00:00:00Z,-121.5509861,39.51787782,LFC
Table Mountain,2024-09-18T00:00:00Z,-121.55103916,39.51780252,LFC
Table Mountain,2024-09-18T00:00:00Z,-121.5512672,39.51774847,LFC
Table Mountain,2024-09-18T00:00:00Z,-121.55141779,39.51771357,LFC
Table Mountain,2024-09-18T00:00:00Z,-121.55133133,39.51782887,LFC
Table Mountain,2024-09-18T00:00:00Z,-121.55134984,39.51785978,LFC
Table Mountain,2024-09-18T00:00:00Z,-121.55130891,39.5178755,LFC
Table Mountain,2024-09-18T00:00:00Z,-121.55175842,39.51768884,LFC
Table Mountain,2024-09-18T00:00:00Z,-121.55178785,39.51770195,LFC
Table Mountain,2024-09-18T00:00:00Z,-121.55108866,39.51789796,LFC
Table Mountain,2024-09-23T00:00:00Z,-121.55092988,39.51788522,LFC
Table Mountain,2024-09-23T00:00:00Z,-121.55094561,39.51788403,LFC
Table Mountain,2024-09-23T00:00:00Z,-121.55104264,39.51781297,LFC
Table Mountain,2024-09-23T00:00:00Z,-121.55107231,39.5178314,LFC
Table Mountain,2024-09-23T00:00:00Z,-121.5510801,39.51782351,LFC
Table Mountain,2024-09-23T00:00:00Z,-121.5510788,39.51786449,LFC
Table Mountain,2024-09-23T00:00:00Z,-121.55109718,39.51786507,LFC
Table Mountain,2024-09-23T00:00:00Z,-121.55116035,39.51786933,LFC
Table Mountain,2024-09-23T00:00:00Z,-121.55109978,39.51788866,LFC
Table Mountain,2024-09-23T00:00:00Z,-121.5512525,39.51788195,LFC
Table Mountain,2024-09-23T00:00:00Z,-121.55100495,39.51787817,LFC
Table Mountain,2024-09-23T00:00:00Z,-121.55137585,39.51786125,LFC
Table Mountain,2024-09-23T00:00:00Z,-121.55136661,39.51789553,LFC
Table Mountain,2024-09-23T00:00:00Z,-121.55144407,39.51783812,LFC
Table Mountain,2024-09-23T00:00:00Z,-121.55152831,39.5178211,LFC
Table Mountain,2024-09-23T00:00:00Z,-121.55153607,39.51777152,LFC
Table Mountain,2024-09-23T00:00:00Z,-121.55141468,39.51778425,LFC
Table Mountain,2024-09-23T00:00:00Z,-121.55144953,39.5177694,LFC
Table Mountain,2024-09-23T00:00:00Z,-121.5514766,39.51780552,LFC
Table Mountain,2024-09-23T00:00:00Z,-121.55165977,39.51764728,LFC
Table Mountain,2024-09-23T00:00:00Z,-121.55165674,39.51766392,LFC
Table Mountain,2024-09-23T00:00:00Z,-121.55162987,39.51768339,LFC
Table Mountain,2024-09-23T00:00:00Z,-121.55200843,39.51760904,LFC
Table Mountain,2024-09-23T00:00:00Z,-121.55203466,39.51759525,LFC
Table Mountain,2024-09-23T00:00:00Z,-121.55193926,39.51753108,LFC
Table Mountain,2024-09-23T00:00:00Z,-121.55207075,39.51747735,LFC
Table Mountain,2024-09-23T00:00:00Z,-121.55155481,39.51769004,LFC
Table Mountain,2024-09-23T00:00:00Z,-121.55159614,39.51771813,LFC
Table Mountain,2024-09-23T00:00:00Z,-121.55155966,39.51770545,LFC
Table Mountain,2024-09-30T00:00:00Z,-121.55115937,39.51768695,LFC
Table Mountain,2024-09-30T00:00:00Z,-121.55124208,39.51778842,LFC
Table Mountain,2024-09-30T00:00:00Z,-121.55126616,39.51760793,LFC
Table Mountain,2024-09-30T00:00:00Z,-121.5513036,39.51759374,LFC
Table Mountain,2024-09-30T00:00:00Z,-121.55119032,39.51785075,LFC
Table Mountain,2024-09-30T00:00:00Z,-121.55120872,39.51787595,LFC
Table Mountain,2024-09-30T00:00:00Z,-121.55106384,39.51789912,LFC
Table Mountain,2024-09-30T00:00:00Z,-121.55098769,39.51785311,LFC
Table Mountain,2024-09-30T00:00:00Z,-121.55137703,39.51777055,LFC
Table Mountain,2024-09-30T00:00:00Z,-121.55146358,39.51782212,LFC
Table Mountain,2024-09-30T00:00:00Z,-121.55150147,39.51775256,LFC
Table Mountain,2024-09-30T00:00:00Z,-121.55148603,39.51771979,LFC
Table Mountain,2024-09-30T00:00:00Z,-121.55159368,39.51766685,LFC
Table Mountain,2024-09-30T00:00:00Z,-121.55192115,39.51749177,LFC
Table Mountain,2024-10-07T00:00:00Z,-121.55123628,39.51766293,LFC
Table Mountain,2024-10-07T00:00:00Z,-121.55118651,39.51769652,LFC
Table Mountain,2024-10-07T00:00:00Z,-121.55114814,39.51775521,LFC
Table Mountain,2024-10-07T00:00:00Z,-121.55113682,39.51769264,LFC
Table Mountain,2024-10-07T00:00:00Z,-121.55088848,39.51787142,LFC
Table Mountain,2024-10-07T00:00:00Z,-121.55094074,39.51785252,LFC
Table Mountain,2024-10-07T00:00:00Z,-121.55117024,39.51783855,LFC
Table Mountain,2024-10-07T00:00:00Z,-121.5510375,39.51785101,LFC
Table Mountain,2024-10-07T00:00:00Z,-121.55115462,39.51784813,LFC
Table Mountain,2024-10-07T00:00:00Z,-121.55121029,39.51773264,LFC
Table Mountain,2024-10-07T00:00:00Z,-121.55133549,39.51771195,LFC
Table Mountain,2024-10-07T00:00:00Z,-121.55134903,39.51773492,LFC
Table Mountain,2024-10-07T00:00:00Z,-121.55126381,39.51785601,LFC
Table Mountain,2024-10-07T00:00:00Z,-121.55148244,39.51769043,LFC
Table Mountain,2024-10-07T00:00:00Z,-121.55152271,39.51767519,LFC
Table Mountain,2024-10-07T00:00:00Z,-121.55160951,39.51764696,LFC
Table Mountain,2024-10-07T00:00:00Z,-121.55144017,39.51773442,LFC
Table Mountain,2024-10-07T00:00:00Z,-121.55119645,39.51779165,LFC
Table Mountain,2024-10-07T00:00:00Z,-121.55192763,39.51761835,LFC
Table Mountain,2024-10-07T00:00:00Z,-121.55188923,39.51747617,LFC
Table Mountain,2024-10-15T00:00:00Z,-121.55083376,39.51789097,LFC
Table Mountain,2024-10-15T00:00:00Z,-121.55082393,39.51786757,LFC
Table Mountain,2024-10-15T00:00:00Z,-121.55112324,39.51773371,LFC
Table Mountain,2024-10-15T00:00:00Z,-121.5511569,39.51762538,LFC
Table Mountain,2024-10-15T00:00:00Z,-121.55123793,39.51761145,LFC
Table Mountain,2024-10-15T00:00:00Z,-121.55127835,39.51769569,LFC
Table Mountain,2024-10-15T00:00:00Z,-121.55128696,39.51773506,LFC
Table Mountain,2024-10-15T00:00:00Z,-121.55121965,39.51771406,LFC
Table Mountain,2024-10-15T00:00:00Z,-121.55110756,39.51779745,LFC
Table Mountain,2024-10-15T00:00:00Z,-121.55116964,39.51781108,LFC
Table Mountain,2024-10-15T00:00:00Z,-121.55092093,39.51786287,LFC
Table Mountain,2024-10-15T00:00:00Z,-121.55130087,39.51764837,LFC
Table Mountain,2024-10-15T00:00:00Z,-121.55135205,39.51762503,LFC
Table Mountain,2024-10-15T00:00:00Z,-121.55123073,39.5178504,LFC
Table Mountain,2024-10-15T00:00:00Z,-121.55134321,39.517791,LFC
Table Mountain,2024-10-15T00:00:00Z,-121.55125569,39.51783647,LFC
Table Mountain,2024-10-15T00:00:00Z,-121.55090122,39.51788313,LFC
Table Mountain,2024-10-15T00:00:00Z,-121.55164087,39.51762898,LFC
Table Mountain,2024-10-15T00:00:00Z,-121.5515608,39.51766099,LFC
Table Mountain,2024-10-15T00:00:00Z,-121.55174423,39.5175983,LFC
Table Mountain,2024-10-15T00:00:00Z,-121.55178153,39.51757375,LFC
Table Mountain,2024-10-15T00:00:00Z,-121.55165063,39.51772013,LFC
Table Mountain,2024-10-15T00:00:00Z,-121.55167326,39.51775412,LFC
Table Mountain,2024-10-15T00:00:00Z,-121.55195806,39.51769234,LFC
Table Mountain,2024-10-15T00:00:00Z,-121.55196936,39.51764488,LFC
Table Mountain,2024-10-15T00:00:00Z,-121.55202903,39.51755841,LFC
Table Mountain,2024-10-15T00:00:00Z,-121.55187287,39.51749566,LFC
Table Mountain,2024-10-15T00:00:00Z,-121.55191518,39.51755352,LFC
Table Mountain,2024-10-15T00:00:00Z,-121.55197277,39.51754555,LFC
Table Mountain,2024-10-15T00:00:00Z,-121.5519674,39.51743708,LFC
Table Mountain,2024-10-15T00:00:00Z,-121.55210227,39.51753084,LFC
Table Mountain,2024-10-15T00:00:00Z,-121.55190702,39.51760102,LFC
Table Mountain,2024-10-21T00:00:00Z,-121.55074611,39.51787507,LFC
Table Mountain,2024-10-21T00:00:00Z,-121.55082522,39.5178462,LFC
Table Mountain,2024-10-21T00:00:00Z,-121.55099393,39.51778912,LFC
Table Mountain,2024-10-21T00:00:00Z,-121.55102462,39.51769504,LFC
Table Mountain,2024-10-21T00:00:00Z,-121.55118522,39.51765741,LFC
Table Mountain,2024-10-21T00:00:00Z,-121.55129303,39.51756266,LFC
Table Mountain,2024-10-21T00:00:00Z,-121.55107271,39.51770867,LFC
Table Mountain,2024-10-21T00:00:00Z,-121.55105935,39.51774434,LFC
Table Mountain,2024-10-21T00:00:00Z,-121.55096075,39.51783431,LFC
Table Mountain,2024-10-21T00:00:00Z,-121.5508909,39.51785624,LFC
Table Mountain,2024-10-21T00:00:00Z,-121.55079909,39.5178893,LFC
Table Mountain,2024-10-21T00:00:00Z,-121.55086566,39.51789013,LFC
Table Mountain,2024-10-21T00:00:00Z,-121.55115126,39.51777371,LFC
Table Mountain,2024-10-21T00:00:00Z,-121.55110546,39.51771777,LFC
Table Mountain,2024-10-21T00:00:00Z,-121.55113042,39.51783209,LFC
Table Mountain,2024-10-21T00:00:00Z,-121.55113872,39.51780396,LFC
Table Mountain,2024-10-21T00:00:00Z,-121.55118288,39.51777031,LFC
Table Mountain,2024-10-21T00:00:00Z,-121.55123573,39.51768899,LFC
Table Mountain,2024-10-21T00:00:00Z,-121.55138343,39.51769897,LFC
Table Mountain,2024-10-21T00:00:00Z,-121.55132192,39.51765694,LFC
Table Mountain,2024-10-21T00:00:00Z,-121.55126268,39.51767412,LFC
Table Mountain,2024-10-21T00:00:00Z,-121.55129051,39.51778522,LFC
Table Mountain,2024-10-21T00:00:00Z,-121.55133386,39.51775699,LFC
Table Mountain,2024-10-21T00:00:00Z,-121.55130609,39.51791245,LFC
Table Mountain,2024-10-21T00:00:00Z,-121.55139793,39.51774313,LFC
Table Mountain,2024-10-21T00:00:00Z,-121.55132369,39.51777369,LFC
Table Mountain,2024-10-21T00:00:00Z,-121.55193229,39.51766401,LFC
Table Mountain,2024-10-21T00:00:00Z,-121.55188718,39.51764227,LFC
Table Mountain,2024-10-21T00:00:00Z,-121.55196238,39.51756503,LFC
Table Mountain,2024-10-21T00:00:00Z,-121.55176084,39.51731279,LFC
Table Mountain,2024-10-28T00:00:00Z,-121.55051399,39.51791398,LFC
Table Mountain,2024-10-28T00:00:00Z,-121.55049717,39.51794743,LFC
Table Mountain,2024-10-28T00:00:00Z,-121.55050227,39.51797192,LFC
Table Mountain,2024-10-28T00:00:00Z,-121.55103874,39.51778477,LFC
Table Mountain,2024-10-28T00:00:00Z,-121.55099271,39.51771158,LFC
Table Mountain,2024-10-28T00:00:00Z,-121.55110329,39.5177008,LFC
Table Mountain,2024-10-28T00:00:00Z,-121.55110496,39.51774981,LFC
Table Mountain,2024-10-28T00:00:00Z,-121.55139262,39.517637,LFC
Table Mountain,2024-10-28T00:00:00Z,-121.55134492,39.51768713,LFC
Table Mountain,2024-10-28T00:00:00Z,-121.55141889,39.51787842,LFC
Table Mountain,2024-10-28T00:00:00Z,-121.55140921,39.5176591,LFC
Table Mountain,2024-10-28T00:00:00Z,-121.55091155,39.51783913,LFC
Table Mountain,2024-10-28T00:00:00Z,-121.55183862,39.51748169,LFC
Table Mountain,2024-10-28T00:00:00Z,-121.5517167,39.51780087,LFC
Table Mountain,2024-10-28T00:00:00Z,-121.55194739,39.51745003,LFC
Table Mountain,2024-10-28T00:00:00Z,-121.55205355,39.51756567,LFC
Table Mountain,2024-10-28T00:00:00Z,-121.55193595,39.51759061,LFC
Table Mountain,2024-10-28T00:00:00Z,-121.55198174,39.51763218,LFC
Table Mountain,2024-11-04T00:00:00Z,-121.55100252,39.5178142,LFC
Table Mountain,2024-11-04T00:00:00Z,-121.55115919,39.51772929,LFC
Table Mountain,2024-11-04T00:00:00Z,-121.55091057,39.5177528,LFC
Table Mountain,2024-11-12T00:00:00Z,-121.5511506,39.51760323,LFC
Table Mountain,2024-11-12T00:00:00Z,-121.55196438,39.51767147,LFC
Top of Auditorium,2024-09-09T00:00:00Z,-121.55708098,39.51616289,LFC
Top of Auditorium,2024-09-09T00:00:00Z,-121.55705232,39.51615131,LFC
Top of Auditorium,2024-09-09T00:00:00Z,-121.55695619,39.5162545,LFC
Top of Auditorium,2024-09-09T00:00:00Z,-121.55694943,39.51622909,LFC
Top of Auditorium,2024-09-09T00:00:00Z,-121.55693188,39.51619776,LFC
Top of Auditorium,2024-09-09T00:00:00Z,-121.55691497,39.51619075,LFC
Top of Auditorium,2024-09-09T00:00:00Z,-121.55688769,39.51610531,LFC
Top of Auditorium,2024-09-09T00:00:00Z,-121.55683212,39.51613495,LFC
Top of Auditorium,2024-09-09T00:00:00Z,-121.55671637,39.51626302,LFC
Top of Auditorium,2024-09-09T00:00:00Z,-121.55679052,39.51627662,LFC
Top of Auditorium,2024-09-09T00:00:00Z,-121.55675492,39.51632119,LFC
Top of Auditorium,2024-09-09T00:00:00Z,-121.55663526,39.51626963,LFC
Top of Auditorium,2024-09-09T00:00:00Z,-121.55668111,39.51634631,LFC
Top of Auditorium,2024-09-09T00:00:00Z,-121.55683358,39.51632003,LFC
Top of Auditorium,2024-09-09T00:00:00Z,-121.55684124,39.51637248,LFC
Top of Auditorium,2024-09-09T00:00:00Z,-121.55685589,39.51636318,LFC
Top of Auditorium,2024-09-09T00:00:00Z,-121.5568942,39.51628415,LFC
Top of Auditorium,2024-09-09T00:00:00Z,-121.5568818,39.51632033,LFC
Top of Auditorium,2024-09-09T00:00:00Z,-121.5567814,39.51638306,LFC
Top of Auditorium,2024-09-09T00:00:00Z,-121.55665696,39.51643637,LFC
Top of Auditorium,2024-09-09T00:00:00Z,-121.55664754,39.51641955,LFC
Top of Auditorium,2024-09-09T00:00:00Z,-121.55659434,39.51648169,LFC
Top of Auditorium,2024-09-09T00:00:00Z,-121.55658355,39.5164566,LFC
Top of Auditorium,2024-09-09T00:00:00Z,-121.55644715,39.5165386,LFC
Top of Auditorium,2024-09-09T00:00:00Z,-121.55665035,39.51630276,LFC
Top of Auditorium,2024-09-09T00:00:00Z,-121.55663331,39.51650357,LFC
Top of Auditorium,2024-09-09T00:00:00Z,-121.55678735,39.51621321,LFC
Top of Auditorium,2024-09-09T00:00:00Z,-121.55676085,39.51623526,LFC
Top of Auditorium,2024-09-09T00:00:00Z,-121.55669812,39.51619742,LFC
Top of Auditorium,2024-09-18T00:00:00Z,-121.55703114,39.51614242,LFC
Top of Auditorium,2024-09-18T00:00:00Z,-121.55698236,39.51620892,LFC
Top of Auditorium,2024-09-18T00:00:00Z,-121.55696615,39.51619596,LFC
Top of Auditorium,2024-09-18T00:00:00Z,-121.55689814,39.5162378,LFC
Top of Auditorium,2024-09-18T00:00:00Z,-121.55684666,39.51630399,LFC
Top of Auditorium,2024-09-18T00:00:00Z,-121.55686637,39.51630365,LFC
Top of Auditorium,2024-09-18T00:00:00Z,-121.55685408,39.5161931,LFC
Top of Auditorium,2024-09-18T00:00:00Z,-121.55681989,39.51619218,LFC
Top of Auditorium,2024-09-18T00:00:00Z,-121.55676037,39.51628271,LFC
Top of Auditorium,2024-09-18T00:00:00Z,-121.5567358,39.51627602,LFC
Top of Auditorium,2024-09-18T00:00:00Z,-121.55668386,39.51627587,LFC
Top of Auditorium,2024-09-18T00:00:00Z,-121.55670078,39.516254000000004,LFC
Top of Auditorium,2024-09-18T00:00:00Z,-121.55679701,39.51634891,LFC
Top of Auditorium,2024-09-18T00:00:00Z,-121.55678384,39.5164037,LFC
Top of Auditorium,2024-09-18T00:00:00Z,-121.55676446,39.51645253,LFC
Top of Auditorium,2024-09-18T00:00:00Z,-121.55672459,39.51645056,LFC
Top of Auditorium,2024-09-18T00:00:00Z,-121.55674613,39.51638901,LFC
Top of Auditorium,2024-09-18T00:00:00Z,-121.55662526,39.51641351,LFC
Top of Auditorium,2024-09-18T00:00:00Z,-121.55665091,39.51639862,LFC
Top of Auditorium,2024-09-18T00:00:00Z,-121.5566073,39.51636324,LFC
Top of Auditorium,2024-09-18T00:00:00Z,-121.55658915,39.51634805,LFC
Top of Auditorium,2024-09-18T00:00:00Z,-121.55661463,39.51634567,LFC
Top of Auditorium,2024-09-18T00:00:00Z,-121.55663343,39.5163248,LFC
Top of Auditorium,2024-09-18T00:00:00Z,-121.55662464,39.51632126,LFC
Top of Auditorium,2024-09-18T00:00:00Z,-121.55660575,39.51631563,LFC
Top of Auditorium,2024-09-18T00:00:00Z,-121.55658152,39.51629226,LFC
Top of Auditorium,2024-09-18T00:00:00Z,-121.55656915,39.51627788,LFC
Top of Auditorium,2024-09-18T00:00:00Z,-121.55651438,39.51623059,LFC
Top of Auditorium,2024-09-18T00:00:00Z,-121.5565122,39.51621338,LFC
Top of Auditorium,2024-09-18T00:00:00Z,-121.55642457,39.516254000000004,LFC
Top of Auditorium,2024-09-18T00:00:00Z,-121.55641547,39.51623475,LFC
Top of Auditorium,2024-09-18T00:00:00Z,-121.55643075,39.51635369,LFC
Top of Auditorium,2024-09-18T00:00:00Z,-121.55642677,39.51633374,LFC
Top of Auditorium,2024-09-18T00:00:00Z,-121.55634409,39.51634848,LFC
Top of Auditorium,2024-09-18T00:00:00Z,-121.55615484,39.51630855,LFC
Top of Auditorium,2024-09-18T00:00:00Z,-121.55623568,39.51641211,LFC
Top of Auditorium,2024-09-18T00:00:00Z,-121.5562429,39.5164537,LFC
Top of Auditorium,2024-09-18T00:00:00Z,-121.55623147,39.5164767,LFC
Top of Auditorium,2024-09-18T00:00:00Z,-121.55621274,39.51651045,LFC
Top of Auditorium,2024-09-18T00:00:00Z,-121.55646783,39.51645524,LFC
Top of Auditorium,2024-09-18T00:00:00Z,-121.55645323,39.51644875,LFC
Top of Auditorium,2024-09-18T00:00:00Z,-121.55645196,39.5164305,LFC
Top of Auditorium,2024-09-18T00:00:00Z,-121.55652072,39.51650593,LFC
Top of Auditorium,2024-09-18T00:00:00Z,-121.55651535,39.51648967,LFC
Top of Auditorium,2024-09-18T00:00:00Z,-121.55659224,39.51620309,LFC
Top of Auditorium,2024-09-18T00:00:00Z,-121.5568621,39.51616176,LFC
Top of Auditorium,2024-09-18T00:00:00Z,-121.55693244,39.51608023,LFC
Top of Auditorium,2024-09-18T00:00:00Z,-121.55687695,39.51606777,LFC
Top of Auditorium,2024-09-18T00:00:00Z,-121.55675887,39.51620222,LFC
Top of Auditorium,2024-09-18T00:00:00Z,-121.55666041,39.51621701,LFC
Top of Auditorium,2024-09-18T00:00:00Z,-121.5564063,39.5161837,LFC
Top of Auditorium,2024-09-18T00:00:00Z,-121.55645495,39.51651541,LFC
Top of Auditorium,2024-09-18T00:00:00Z,-121.55634869,39.51655335,LFC
Top of Auditorium,2024-09-18T00:00:00Z,-121.55632712,39.51619977,LFC
Top of Auditorium,2024-09-18T00:00:00Z,-121.55624925,39.51621701,LFC
Top of Auditorium,2024-09-18T00:00:00Z,-121.55641584,39.5162452,LFC
Top of Auditorium,2024-09-18T00:00:00Z,-121.5564267,39.51617893,LFC
Top of Auditorium,2024-09-18T00:00:00Z,-121.55641497,39.51634921,LFC
Top of Auditorium,2024-09-18T00:00:00Z,-121.55637193,39.51634366,LFC
Top of Auditorium,2024-09-18T00:00:00Z,-121.55634263,39.51635798,LFC
Top of Auditorium,2024-09-18T00:00:00Z,-121.55644125,39.51630682,LFC
Top of Auditorium,2024-09-18T00:00:00Z,-121.55649186,39.51633589,LFC
Top of Auditorium,2024-09-18T00:00:00Z,-121.55616728,39.5163791,LFC
Top of Auditorium,2024-09-18T00:00:00Z,-121.55615088,39.51633722,LFC
Top of Auditorium,2024-09-18T00:00:00Z,-121.55622924,39.51639888,LFC
Top of Auditorium,2024-09-18T00:00:00Z,-121.55635095,39.51640753,LFC
Top of Auditorium,2024-09-18T00:00:00Z,-121.55624012,39.51641833,LFC
Top of Auditorium,2024-09-18T00:00:00Z,-121.55655527,39.51629137,LFC
Top of Auditorium,2024-09-18T00:00:00Z,-121.55655869,39.51630768,LFC
Top of Auditorium,2024-09-18T00:00:00Z,-121.5566145,39.51625924,LFC
Top of Auditorium,2024-09-18T00:00:00Z,-121.55652294,39.51638068,LFC
Top of Auditorium,2024-09-18T00:00:00Z,-121.55615377,39.51629378,LFC
Top of Auditorium,2024-09-18T00:00:00Z,-121.5568019,39.51631246,LFC
Top of Auditorium,2024-09-18T00:00:00Z,-121.55655539,39.51647674,LFC
Top of Auditorium,2024-09-18T00:00:00Z,-121.55680971,39.51637539,LFC
Top of Auditorium,2024-09-18T00:00:00Z,-121.5562592,39.51624966,LFC
Top of Auditorium,2024-09-18T00:00:00Z,-121.5565145,39.51616376,LFC
Top of Auditorium,2024-09-23T00:00:00Z,-121.55695684,39.51610136,LFC
Top of Auditorium,2024-09-23T00:00:00Z,-121.5569885,39.51617697,LFC
Top of Auditorium,2024-09-23T00:00:00Z,-121.55681428,39.5164044,LFC
Top of Auditorium,2024-09-23T00:00:00Z,-121.5567797,39.51630567,LFC
Top of Auditorium,2024-09-23T00:00:00Z,-121.55681958,39.51627185,LFC
Top of Auditorium,2024-09-23T00:00:00Z,-121.55681896,39.51621973,LFC
Top of Auditorium,2024-09-23T00:00:00Z,-121.55665438,39.51635161,LFC
Top of Auditorium,2024-09-23T00:00:00Z,-121.55656869,39.51633537,LFC
Top of Auditorium,2024-09-23T00:00:00Z,-121.55659485,39.51642938,LFC
Top of Auditorium,2024-09-23T00:00:00Z,-121.55654345,39.51652573,LFC
Top of Auditorium,2024-09-23T00:00:00Z,-121.55658094,39.51651183,LFC
Top of Auditorium,2024-09-23T00:00:00Z,-121.55667621,39.51649079,LFC
Top of Auditorium,2024-09-23T00:00:00Z,-121.55666862,39.51648704,LFC
Top of Auditorium,2024-09-23T00:00:00Z,-121.55643405,39.5165026,LFC
Top of Auditorium,2024-09-23T00:00:00Z,-121.55642157,39.51648793,LFC
Top of Auditorium,2024-09-23T00:00:00Z,-121.55636221,39.51655476,LFC
Top of Auditorium,2024-09-23T00:00:00Z,-121.5564584,39.51627265,LFC
Top of Auditorium,2024-09-23T00:00:00Z,-121.55644406,39.51626587,LFC
Top of Auditorium,2024-09-23T00:00:00Z,-121.55630971,39.51625431,LFC
Top of Auditorium,2024-09-23T00:00:00Z,-121.55645627,39.5161697,LFC
Top of Auditorium,2024-09-23T00:00:00Z,-121.55654601,39.51623745,LFC
Top of Auditorium,2024-09-23T00:00:00Z,-121.55663028,39.51624047,LFC
Top of Auditorium,2024-09-23T00:00:00Z,-121.55623015,39.51643541,LFC
Top of Auditorium,2024-09-23T00:00:00Z,-121.55630682,39.51655842,LFC
Top of Auditorium,2024-09-23T00:00:00Z,-121.55624834,39.5165445,LFC
Top of Auditorium,2024-09-23T00:00:00Z,-121.55621333,39.51654868,LFC
Top of Auditorium,2024-09-23T00:00:00Z,-121.55611169,39.51656193,LFC
Top of Auditorium,2024-09-23T00:00:00Z,-121.55609327,39.51658743,LFC
Top of Auditorium,2024-09-23T00:00:00Z,-121.55654657,39.51642129,LFC
Top of Auditorium,2024-09-23T00:00:00Z,-121.55655306,39.51645008,LFC
Top of Auditorium,2024-09-23T00:00:00Z,-121.55643123,39.51654428,LFC
Top of Auditorium,2024-09-30T00:00:00Z,-121.55631146,39.5164019,LFC
Top of Auditorium,2024-09-30T00:00:00Z,-121.55645209,39.5164028,LFC
Top of Auditorium,2024-09-30T00:00:00Z,-121.55648024,39.51638626,LFC
Top of Auditorium,2024-09-30T00:00:00Z,-121.55645772,39.51623609,LFC
Top of Auditorium,2024-09-30T00:00:00Z,-121.55621013,39.51624061,LFC
Top of Auditorium,2024-09-30T00:00:00Z,-121.55612412,39.5163924,LFC
Top of Auditorium,2024-09-30T00:00:00Z,-121.5561275,39.51636119,LFC
Top of Auditorium,2024-09-30T00:00:00Z,-121.55641077,39.51652939,LFC
Top of Auditorium,2024-09-30T00:00:00Z,-121.55639685,39.51651697,LFC
Top of Auditorium,2024-09-30T00:00:00Z,-121.55639306,39.51648948,LFC
Top of Auditorium,2024-09-30T00:00:00Z,-121.55651153,39.51645463,LFC
Top of Auditorium,2024-09-30T00:00:00Z,-121.55651707,39.51647666,LFC
Top of Auditorium,2024-09-30T00:00:00Z,-121.55656277,39.51642867,LFC
Top of Auditorium,2024-09-30T00:00:00Z,-121.55655537,39.516391,LFC
Top of Auditorium,2024-09-30T00:00:00Z,-121.55618569,39.51647297,LFC
Top of Auditorium,2024-09-30T00:00:00Z,-121.55617199,39.51642382,LFC
Top of Auditorium,2024-09-30T00:00:00Z,-121.55651727,39.51651973,LFC
Top of Auditorium,2024-09-30T00:00:00Z,-121.55652377,39.51628462,LFC
Top of Auditorium,2024-09-30T00:00:00Z,-121.55668444,39.51639767,LFC
Top of Auditorium,2024-09-30T00:00:00Z,-121.55674529,39.51635493,LFC
Top of Auditorium,2024-09-30T00:00:00Z,-121.55668788,39.51636309,LFC
Top of Auditorium,2024-09-30T00:00:00Z,-121.556859,39.51623431,LFC
Top of Auditorium,2024-09-30T00:00:00Z,-121.55688268,39.51617001,LFC
Top of Auditorium,2024-09-30T00:00:00Z,-121.556968,39.51613011,LFC
Top of Auditorium,2024-09-30T00:00:00Z,-121.55700113,39.51613643,LFC
Top of Auditorium,2024-09-30T00:00:00Z,-121.55699786,39.51624153,LFC
Top of Auditorium,2024-09-30T00:00:00Z,-121.55702789,39.51621319,LFC
Top of Auditorium,2024-09-30T00:00:00Z,-121.55689433,39.51613384,LFC
Top of Auditorium,2024-09-30T00:00:00Z,-121.55694216,39.51616737,LFC
Top of Auditorium,2024-09-30T00:00:00Z,-121.55686866,39.51621543,LFC
Top of Auditorium,2024-09-30T00:00:00Z,-121.55663985,39.51628649,LFC
Top of Auditorium,2024-09-30T00:00:00Z,-121.55647698,39.51625406,LFC
Top of Auditorium,2024-09-30T00:00:00Z,-121.55585026,39.51658618,LFC
Top of Auditorium,2024-09-30T00:00:00Z,-121.55585562,39.51648533,LFC
Top of Auditorium,2024-09-30T00:00:00Z,-121.55591589,39.51654942,LFC
Top of Auditorium,2024-10-07T00:00:00Z,-121.55639749,39.51645794,LFC
Top of Auditorium,2024-10-07T00:00:00Z,-121.55630464,39.51633473,LFC
Top of Auditorium,2024-10-07T00:00:00Z,-121.55619274,39.51622646,LFC
Top of Auditorium,2024-10-07T00:00:00Z,-121.55611587,39.51627763,LFC
Top of Auditorium,2024-10-07T00:00:00Z,-121.55614075,39.5162278,LFC
Top of Auditorium,2024-10-07T00:00:00Z,-121.55636829,39.51626361,LFC
Top of Auditorium,2024-10-07T00:00:00Z,-121.55648888,39.51636407,LFC
Top of Auditorium,2024-10-07T00:00:00Z,-121.55647417,39.51649848,LFC
Top of Auditorium,2024-10-07T00:00:00Z,-121.55650542,39.51642893,LFC
Top of Auditorium,2024-10-07T00:00:00Z,-121.55648538,39.51628618,LFC
Top of Auditorium,2024-10-07T00:00:00Z,-121.55659873,39.51628297,LFC
Top of Auditorium,2024-10-07T00:00:00Z,-121.55662832,39.51637636,LFC
Top of Auditorium,2024-10-07T00:00:00Z,-121.55680533,39.51617865,LFC
Top of Auditorium,2024-10-07T00:00:00Z,-121.55683089,39.51609584,LFC
Top of Auditorium,2024-10-07T00:00:00Z,-121.55696655,39.51616746,LFC
Top of Auditorium,2024-10-15T00:00:00Z,-121.55617683,39.51654229,LFC
Top of Auditorium,2024-10-15T00:00:00Z,-121.5561623,39.51646228,LFC
Top of Auditorium,2024-10-15T00:00:00Z,-121.55620151,39.51641988,LFC
Top of Auditorium,2024-10-15T00:00:00Z,-121.55624551,39.51635181,LFC
Top of Auditorium,2024-10-15T00:00:00Z,-121.55623515,39.51627647,LFC
Top of Auditorium,2024-10-15T00:00:00Z,-121.55615009,39.51635261,LFC
Top of Auditorium,2024-10-15T00:00:00Z,-121.5561267,39.51624807,LFC
Top of Auditorium,2024-10-15T00:00:00Z,-121.55627346,39.51619514,LFC
Top of Auditorium,2024-10-15T00:00:00Z,-121.55629651,39.51635706,LFC
Top of Auditorium,2024-10-15T00:00:00Z,-121.55632909,39.51642938,LFC
Top of Auditorium,2024-10-15T00:00:00Z,-121.55636458,39.51652549,LFC
Top of Auditorium,2024-10-15T00:00:00Z,-121.5564177,39.51646941,LFC
Top of Auditorium,2024-10-15T00:00:00Z,-121.55646871,39.516474,LFC
Top of Auditorium,2024-10-15T00:00:00Z,-121.55645627,39.51637554,LFC
Top of Auditorium,2024-10-15T00:00:00Z,-121.55638795,39.51638393,LFC
Top of Auditorium,2024-10-15T00:00:00Z,-121.55633886,39.51624543,LFC
Top of Auditorium,2024-10-15T00:00:00Z,-121.55639234,39.51621311,LFC
Top of Auditorium,2024-10-15T00:00:00Z,-121.55650212,39.51630024,LFC
Top of Auditorium,2024-10-15T00:00:00Z,-121.55649085,39.5163509,LFC
Top of Auditorium,2024-10-15T00:00:00Z,-121.55652635,39.51640544,LFC
Top of Auditorium,2024-10-15T00:00:00Z,-121.55704639,39.51621991,LFC
Top of Auditorium,2024-10-15T00:00:00Z,-121.55702132,39.51619651,LFC
Top of Auditorium,2024-10-21T00:00:00Z,-121.55627151,39.5165233,LFC
Top of Auditorium,2024-10-21T00:00:00Z,-121.55625795,39.51649452,LFC
Top of Auditorium,2024-10-21T00:00:00Z,-121.5562957,39.5164845,LFC
Top of Auditorium,2024-10-21T00:00:00Z,-121.55627879,39.51646903,LFC
Top of Auditorium,2024-10-21T00:00:00Z,-121.55635643,39.51649479,LFC
Top of Auditorium,2024-10-21T00:00:00Z,-121.5561902,39.51637735,LFC
Top of Auditorium,2024-10-21T00:00:00Z,-121.55623272,39.51637501,LFC
Top of Auditorium,2024-10-21T00:00:00Z,-121.5561079,39.51642782,LFC
Top of Auditorium,2024-10-21T00:00:00Z,-121.55610476,39.51634148,LFC
Top of Auditorium,2024-10-21T00:00:00Z,-121.55610274,39.51632,LFC
Top of Auditorium,2024-10-21T00:00:00Z,-121.55607867,39.51629348,LFC
Top of Auditorium,2024-10-21T00:00:00Z,-121.55615325,39.51619952,LFC
Top of Auditorium,2024-10-21T00:00:00Z,-121.55629033,39.51629801,LFC
Top of Auditorium,2024-10-21T00:00:00Z,-121.55627536,39.5162778,LFC
Top of Auditorium,2024-10-21T00:00:00Z,-121.55623381,39.51629254,LFC
Top of Auditorium,2024-10-21T00:00:00Z,-121.5563601,39.51631747,LFC
Top of Auditorium,2024-10-21T00:00:00Z,-121.55634818,39.51629873,LFC
Top of Auditorium,2024-10-21T00:00:00Z,-121.55637762,39.51642306,LFC
Top of Auditorium,2024-10-21T00:00:00Z,-121.55647603,39.51642667,LFC
Top of Auditorium,2024-10-21T00:00:00Z,-121.55649064,39.51631576,LFC
Top of Auditorium,2024-10-21T00:00:00Z,-121.55655694,39.51635425,LFC
Top of Auditorium,2024-10-21T00:00:00Z,-121.55667214,39.5163204,LFC
Top of Auditorium,2024-10-21T00:00:00Z,-121.55707963,39.51621343,LFC
Top of Auditorium,2024-10-21T00:00:00Z,-121.55628024,39.51636893,LFC
Top of Auditorium,2024-10-21T00:00:00Z,-121.55627348,39.5163984,LFC
Top of Auditorium,2024-10-21T00:00:00Z,-121.55624289,39.51615077,LFC
Top of Auditorium,2024-10-28T00:00:00Z,-121.55616333,39.51651528,LFC
Top of Auditorium,2024-10-28T00:00:00Z,-121.5561705,39.5164963,LFC
Top of Auditorium,2024-10-28T00:00:00Z,-121.55607736,39.51644603,LFC
Top of Auditorium,2024-10-28T00:00:00Z,-121.55614556,39.51642256,LFC
Top of Auditorium,2024-10-28T00:00:00Z,-121.55616969,39.51635707,LFC
Top of Auditorium,2024-10-28T00:00:00Z,-121.55608135,39.51625298,LFC
Top of Auditorium,2024-10-28T00:00:00Z,-121.55619842,39.51618817,LFC
Top of Auditorium,2024-10-28T00:00:00Z,-121.55617879,39.51627422,LFC
Top of Auditorium,2024-10-28T00:00:00Z,-121.55631374,39.51650523,LFC
Top of Auditorium,2024-10-28T00:00:00Z,-121.5563028,39.5164393,LFC
Top of Auditorium,2024-10-28T00:00:00Z,-121.55626426,39.51642737,LFC
Top of Auditorium,2024-10-28T00:00:00Z,-121.55629847,39.51623184,LFC
Top of Auditorium,2024-10-28T00:00:00Z,-121.55630501,39.51621333,LFC
Top of Auditorium,2024-10-28T00:00:00Z,-121.55632024,39.51628074,LFC
Top of Auditorium,2024-10-28T00:00:00Z,-121.55636584,39.51645677,LFC
Top of Auditorium,2024-10-28T00:00:00Z,-121.55644278,39.5164868,LFC
Top of Auditorium,2024-10-28T00:00:00Z,-121.55645391,39.5163358,LFC
Top of Auditorium,2024-10-28T00:00:00Z,-121.55629114,39.51631853,LFC
Top of Auditorium,2024-11-04T00:00:00Z,-121.55610873,39.51648409,LFC
Top of Auditorium,2024-11-04T00:00:00Z,-121.55609767,39.51646071,LFC
Top of Auditorium,2024-11-12T00:00:00Z,-121.55619706,39.51632714,LFC
Trailer Park,2024-09-24T00:00:00Z,-121.57879786,39.49714333,LFC
Trailer Park,2024-09-24T00:00:00Z,-121.57880195,39.49712952,LFC
Trailer Park,2024-09-24T00:00:00Z,-121.5788511,39.49708972,LFC
Trailer Park,2024-09-24T00:00:00Z,-121.57885234,39.49712217,LFC
Trailer Park,2024-09-24T00:00:00Z,-121.57885148,39.4971086,LFC
Trailer Park,2024-09-24T00:00:00Z,-121.57882796,39.49712305,LFC
Trailer Park,2024-09-24T00:00:00Z,-121.57883398,39.49710779,LFC
Trailer Park,2024-09-24T00:00:00Z,-121.57879325,39.49708931,LFC
Trailer Park,2024-09-24T00:00:00Z,-121.57871584,39.49709691,LFC
Trailer Park,2024-09-24T00:00:00Z,-121.57873219,39.49711628,LFC
Trailer Park,2024-09-24T00:00:00Z,-121.57869782,39.49712205,LFC
Trailer Park,2024-09-24T00:00:00Z,-121.57869636,39.49709992,LFC
Trailer Park,2024-09-24T00:00:00Z,-121.57873608,39.49714965,LFC
Trailer Park,2024-09-24T00:00:00Z,-121.57872386,39.49715156,LFC
Trailer Park,2024-09-24T00:00:00Z,-121.57875709,39.49716435,LFC
Trailer Park,2024-09-24T00:00:00Z,-121.57949168,39.49680125,LFC
Trailer Park,2024-09-24T00:00:00Z,-121.57964011,39.49684269,LFC
Trailer Park,2024-09-24T00:00:00Z,-121.57946455,39.49679032,LFC
Trailer Park,2024-09-24T00:00:00Z,-121.57943789,39.49668377,LFC
Trailer Park,2024-09-24T00:00:00Z,-121.57950294,39.496648,LFC
Trailer Park,2024-09-24T00:00:00Z,-121.57942345,39.49662638,LFC
Trailer Park,2024-09-24T00:00:00Z,-121.57950473,39.49659759,LFC
Trailer Park,2024-09-24T00:00:00Z,-121.57954896,39.49657484,LFC
Trailer Park,2024-09-24T00:00:00Z,-121.57953585,39.49656436,LFC
Trailer Park,2024-09-24T00:00:00Z,-121.57949766,39.49653352,LFC
Trailer Park,2024-09-24T00:00:00Z,-121.57953771,39.49665992,LFC
Trailer Park,2024-09-24T00:00:00Z,-121.579451,39.49663793,LFC
Trailer Park,2024-09-24T00:00:00Z,-121.57914406,39.49388001,LFC
Trailer Park,2024-09-24T00:00:00Z,-121.57909542,39.49394853,LFC
Trailer Park,2024-09-24T00:00:00Z,-121.57919447,39.49422652,LFC
Trailer Park,2024-09-24T00:00:00Z,-121.57916755,39.49422177,LFC
Trailer Park,2024-09-24T00:00:00Z,-121.57913002,39.49443863,LFC
Trailer Park,2024-09-24T00:00:00Z,-121.57915014,39.49444124,LFC
Trailer Park,2024-09-24T00:00:00Z,-121.57907379,39.49447127,LFC
Trailer Park,2024-09-24T00:00:00Z,-121.57900151,39.49476382,LFC
Trailer Park,2024-09-24T00:00:00Z,-121.5789764,39.4947414,LFC
Trailer Park,2024-09-24T00:00:00Z,-121.57893182,39.49471091,LFC
Trailer Park,2024-09-24T00:00:00Z,-121.5789541,39.49472685,LFC
Trailer Park,2024-09-24T00:00:00Z,-121.5790579,39.49471061,LFC
Trailer Park,2024-09-24T00:00:00Z,-121.57916954,39.49460185,LFC
Trailer Park,2024-09-24T00:00:00Z,-121.57908988,39.49465893,LFC
Trailer Park,2024-09-24T00:00:00Z,-121.57908262,39.49456102,LFC
Trailer Park,2024-09-24T00:00:00Z,-121.57859256,39.49503951,LFC
Trailer Park,2024-09-24T00:00:00Z,-121.57858943,39.49502502,LFC
Trailer Park,2024-09-24T00:00:00Z,-121.5786048,39.49501814,LFC
Trailer Park,2024-09-24T00:00:00Z,-121.57861714,39.49501003,LFC
Trailer Park,2024-09-24T00:00:00Z,-121.57863386,39.49499284,LFC
Trailer Park,2024-09-24T00:00:00Z,-121.57864181,39.49497583,LFC
Trailer Park,2024-09-24T00:00:00Z,-121.57863859,39.49496577,LFC
Trailer Park,2024-09-24T00:00:00Z,-121.57862723,39.49492582,LFC
Trailer Park,2024-09-24T00:00:00Z,-121.57867161,39.49493314,LFC
Trailer Park,2024-09-24T00:00:00Z,-121.57866728,39.4949213,LFC
Trailer Park,2024-09-24T00:00:00Z,-121.57854966,39.49490364,LFC
Trailer Park,2024-09-24T00:00:00Z,-121.57863344,39.49488255,LFC
Trailer Park,2024-09-24T00:00:00Z,-121.57863543,39.4948407,LFC
Trailer Park,2024-10-02T00:00:00Z,-121.57865122,39.49724666,LFC
Trailer Park,2024-10-02T00:00:00Z,-121.57866945,39.4971985,LFC
Trailer Park,2024-10-02T00:00:00Z,-121.57865132,39.49715405,LFC
Trailer Park,2024-10-02T00:00:00Z,-121.5788612,39.49706907,LFC
Trailer Park,2024-10-02T00:00:00Z,-121.57869829,39.49718411,LFC
Trailer Park,2024-10-02T00:00:00Z,-121.57938614,39.49678614,LFC
Trailer Park,2024-10-02T00:00:00Z,-121.57866538,39.49730045,LFC
Trailer Park,2024-10-02T00:00:00Z,-121.57873113,39.49717465,LFC
Trailer Park,2024-10-02T00:00:00Z,-121.57868506,39.49716898,LFC
Trailer Park,2024-10-02T00:00:00Z,-121.57946194,39.49668642,LFC
Trailer Park,2024-10-02T00:00:00Z,-121.57858069,39.49496755,LFC
Trailer Park,2024-10-02T00:00:00Z,-121.57857863,39.49495186,LFC
Trailer Park,2024-10-02T00:00:00Z,-121.57911905,39.49421115,LFC
Trailer Park,2024-10-02T00:00:00Z,-121.57907334,39.49420037,LFC
Trailer Park,2024-10-02T00:00:00Z,-121.5790343,39.49394964,LFC
Trailer Park,2024-10-02T00:00:00Z,-121.57903677,39.49399367,LFC
Trailer Park,2024-10-16T00:00:00Z,-121.57864994,39.49723159,LFC
Trailer Park,2024-10-16T00:00:00Z,-121.57877787,39.49723807,LFC
Trailer Park,2024-10-16T00:00:00Z,-121.57871225,39.49722836,LFC
Trailer Park,2024-10-16T00:00:00Z,-121.57873945,39.49721671,LFC
Trailer Park,2024-10-16T00:00:00Z,-121.57896046,39.49713034,LFC
Trailer Park,2024-10-16T00:00:00Z,-121.57875872,39.49712781,LFC
Trailer Park,2024-10-16T00:00:00Z,-121.57865171,39.49718705,LFC
Trailer Park,2024-10-16T00:00:00Z,-121.57882871,39.497161,LFC
Trailer Park,2024-10-16T00:00:00Z,-121.57887586,39.49713239,LFC
Trailer Park,2024-10-16T00:00:00Z,-121.57879045,39.49717715,LFC
Trailer Park,2024-10-16T00:00:00Z,-121.57875955,39.49708713,LFC
Trailer Park,2024-10-16T00:00:00Z,-121.57923816,39.49694667,LFC
Trailer Park,2024-10-16T00:00:00Z,-121.57919931,39.49692684,LFC
Trailer Park,2024-10-16T00:00:00Z,-121.57923086,39.49691586,LFC
Trailer Park,2024-10-16T00:00:00Z,-121.57942686,39.49692778,LFC
Trailer Park,2024-10-16T00:00:00Z,-121.57947072,39.49693507,LFC
Trailer Park,2024-10-16T00:00:00Z,-121.57946597,39.49687635,LFC
Trailer Park,2024-10-16T00:00:00Z,-121.5795268,39.49686787,LFC
Trailer Park,2024-10-16T00:00:00Z,-121.57956931,39.49686348,LFC
Trailer Park,2024-10-16T00:00:00Z,-121.57931035,39.49684772,LFC
Trailer Park,2024-10-16T00:00:00Z,-121.57932942,39.4969266,LFC
Trailer Park,2024-10-16T00:00:00Z,-121.5792793,39.49692048,LFC
Trailer Park,2024-10-16T00:00:00Z,-121.57941822,39.49683981,LFC
Trailer Park,2024-10-16T00:00:00Z,-121.57939326,39.49696886,LFC
Trailer Park,2024-10-16T00:00:00Z,-121.57964543,39.4969025,LFC
Trailer Park,2024-10-16T00:00:00Z,-121.57959924,39.49687367,LFC
Trailer Park,2024-10-16T00:00:00Z,-121.57951221,39.49682531,LFC
Trailer Park,2024-10-16T00:00:00Z,-121.5794685,39.49675228,LFC
Trailer Park,2024-10-16T00:00:00Z,-121.57938731,39.49670025,LFC
Trailer Park,2024-10-16T00:00:00Z,-121.57936841,39.49669412,LFC
Trailer Park,2024-10-16T00:00:00Z,-121.57950148,39.49670086,LFC
Trailer Park,2024-10-16T00:00:00Z,-121.57952312,39.49672236,LFC
Trailer Park,2024-10-16T00:00:00Z,-121.57935199,39.49672774,LFC
Trailer Park,2024-10-16T00:00:00Z,-121.57943558,39.49659707,LFC
Trailer Park,2024-10-16T00:00:00Z,-121.57940682,39.49658812,LFC
Trailer Park,2024-10-16T00:00:00Z,-121.57961255,39.49651743,LFC
Trailer Park,2024-10-16T00:00:00Z,-121.57957483,39.49648807,LFC
Trailer Park,2024-10-16T00:00:00Z,-121.57969207,39.4965127,LFC
Trailer Park,2024-10-16T00:00:00Z,-121.5797464,39.49647365,LFC
Trailer Park,2024-10-16T00:00:00Z,-121.57972279,39.49652389,LFC
Trailer Park,2024-10-16T00:00:00Z,-121.57971993,39.49655236,LFC
Trailer Park,2024-10-16T00:00:00Z,-121.57973525,39.49554808,LFC
Trailer Park,2024-10-16T00:00:00Z,-121.57955426,39.49561651,LFC
Trailer Park,2024-10-16T00:00:00Z,-121.57959173,39.4954898,LFC
Trailer Park,2024-10-16T00:00:00Z,-121.5795303,39.49544943,LFC
Trailer Park,2024-10-16T00:00:00Z,-121.57862793,39.4950656,LFC
Trailer Park,2024-10-16T00:00:00Z,-121.57855799,39.49492438,LFC
Trailer Park,2024-10-16T00:00:00Z,-121.57854084,39.49491945,LFC
Trailer Park,2024-10-16T00:00:00Z,-121.57859637,39.49487118,LFC
Trailer Park,2024-10-16T00:00:00Z,-121.57852011,39.4949654,LFC
Trailer Park,2024-10-16T00:00:00Z,-121.57852087,39.49494044,LFC
Trailer Park,2024-10-16T00:00:00Z,-121.578518,39.49490718,LFC
Trailer Park,2024-10-16T00:00:00Z,-121.57854693,39.495019,LFC
Trailer Park,2024-10-16T00:00:00Z,-121.57888112,39.49485579,LFC
Trailer Park,2024-10-16T00:00:00Z,-121.57887812,39.49484121,LFC
Trailer Park,2024-10-16T00:00:00Z,-121.57885088,39.49473315,LFC
Trailer Park,2024-10-16T00:00:00Z,-121.57890096,39.49480315,LFC
Trailer Park,2024-10-16T00:00:00Z,-121.57886989000001,39.4947841,LFC
Trailer Park,2024-10-16T00:00:00Z,-121.5789406,39.49462592,LFC
Trailer Park,2024-10-16T00:00:00Z,-121.57897468,39.4946344,LFC
Trailer Park,2024-10-16T00:00:00Z,-121.57899195,39.49469634,LFC
Trailer Park,2024-10-16T00:00:00Z,-121.57913787,39.49454518,LFC
Trailer Park,2024-10-16T00:00:00Z,-121.57914537,39.4945262,LFC
Trailer Park,2024-10-16T00:00:00Z,-121.57902969,39.49457492,LFC
Trailer Park,2024-10-16T00:00:00Z,-121.57901048,39.49450902,LFC
Trailer Park,2024-10-16T00:00:00Z,-121.57904505,39.49453048,LFC
Trailer Park,2024-10-16T00:00:00Z,-121.57902707,39.49447895,LFC
Trailer Park,2024-10-16T00:00:00Z,-121.57918619,39.49445585,LFC
Trailer Park,2024-10-16T00:00:00Z,-121.57907618,39.49450426,LFC
Trailer Park,2024-10-16T00:00:00Z,-121.57911763,39.49437668,LFC
Trailer Park,2024-10-16T00:00:00Z,-121.57911077,39.49434342,LFC
Trailer Park,2024-10-16T00:00:00Z,-121.5792651,39.49431889,LFC
Trailer Park,2024-10-16T00:00:00Z,-121.57911659,39.49427192,LFC
Trailer Park,2024-10-16T00:00:00Z,-121.57917299,39.49438381,LFC
Trailer Park,2024-10-16T00:00:00Z,-121.57925767,39.49425552,LFC
Trailer Park,2024-10-16T00:00:00Z,-121.57921682,39.49427561,LFC
Trailer Park,2024-10-16T00:00:00Z,-121.57905362,39.49409331,LFC
Trailer Park,2024-10-16T00:00:00Z,-121.57919145,39.49411956,LFC
Trailer Park,2024-10-16T00:00:00Z,-121.5791394,39.49406702,LFC
Trailer Park,2024-10-16T00:00:00Z,-121.57908053,39.49405708,LFC
Trailer Park,2024-10-16T00:00:00Z,-121.57917686,39.49392096,LFC
Trailer Park,2024-10-16T00:00:00Z,-121.57901183,39.49386795,LFC
Trailer Park,2024-10-16T00:00:00Z,-121.57900559,39.49372627,LFC
Trailer Park,2024-10-16T00:00:00Z,-121.57896888,39.49367944,LFC
Trailer Park,2024-10-16T00:00:00Z,-121.57900041,39.49359167,LFC
Trailer Park,2024-10-16T00:00:00Z,-121.57924682,39.49367823,LFC
Trailer Park,2024-10-16T00:00:00Z,-121.57893854,39.49359245,LFC
Trailer Park,2024-10-16T00:00:00Z,-121.57925272,39.49354407,LFC
Trailer Park,2024-10-16T00:00:00Z,-121.57962744,39.49385213,LFC
Trailer Park,2024-10-16T00:00:00Z,-121.57973643,39.49379541,LFC
Trailer Park,2024-10-16T00:00:00Z,-121.57954985,39.49369084,LFC
Trailer Park,2024-10-16T00:00:00Z,-121.57962653,39.49358519,LFC
Trailer Park,2024-10-16T00:00:00Z,-121.57966842,39.49349447,LFC
Trailer Park,2024-10-16T00:00:00Z,-121.57958477,39.49349407,LFC
Trailer Park,2024-10-16T00:00:00Z,-121.57966092,39.49345384,LFC
Trailer Park,2024-10-16T00:00:00Z,-121.5796877,39.4934041,LFC
Trailer Park,2024-10-16T00:00:00Z,-121.57955396,39.49342059,LFC
Trailer Park,2024-10-16T00:00:00Z,-121.57952956,39.49336315,LFC
Trailer Park,2024-10-16T00:00:00Z,-121.57960956,39.49334755,LFC
Trailer Park,2024-10-16T00:00:00Z,-121.57946657,39.49341952,LFC
Trailer Park,2024-10-16T00:00:00Z,-121.57955559,39.49351909,LFC
Trailer Park,2024-10-16T00:00:00Z,-121.5795376,39.49339326,LFC
Trailer Park,2024-10-16T00:00:00Z,-121.5796587,39.49342717,LFC
Trailer Park,2024-10-16T00:00:00Z,-121.57953958,39.49393202,LFC
Trailer Park,2024-10-30T00:00:00Z,-121.57882582,39.49726545,LFC
Trailer Park,2024-10-30T00:00:00Z,-121.57892954,39.49720008,LFC
Trailer Park,2024-10-30T00:00:00Z,-121.57891665,39.49717869,LFC
Trailer Park,2024-10-30T00:00:00Z,-121.57890587,39.49716647,LFC
Trailer Park,2024-10-30T00:00:00Z,-121.57887574,39.49718821,LFC
Trailer Park,2024-10-30T00:00:00Z,-121.57882736,39.49720885,LFC
Trailer Park,2024-10-30T00:00:00Z,-121.57892455,39.49712748,LFC
Trailer Park,2024-10-30T00:00:00Z,-121.57890244,39.49712898,LFC
Trailer Park,2024-10-30T00:00:00Z,-121.57890768,39.49709601,LFC
Trailer Park,2024-10-30T00:00:00Z,-121.57896605,39.49705191,LFC
Trailer Park,2024-10-30T00:00:00Z,-121.57894279,39.49707285,LFC
Trailer Park,2024-10-30T00:00:00Z,-121.57868594,39.49725666,LFC
Trailer Park,2024-10-30T00:00:00Z,-121.5787961,39.49721113,LFC
Trailer Park,2024-10-30T00:00:00Z,-121.57882893,39.49718764,LFC
Trailer Park,2024-10-30T00:00:00Z,-121.57886908,39.49716012,LFC
Trailer Park,2024-10-30T00:00:00Z,-121.57893316,39.49704089,LFC
Trailer Park,2024-10-30T00:00:00Z,-121.57887925,39.4970532,LFC
Trailer Park,2024-10-30T00:00:00Z,-121.57892949,39.49709038,LFC
Trailer Park,2024-10-30T00:00:00Z,-121.57880266,39.49724423,LFC
Trailer Park,2024-10-30T00:00:00Z,-121.57876817,39.4972559,LFC
Trailer Park,2024-10-30T00:00:00Z,-121.57913305,39.49698141,LFC
Trailer Park,2024-10-30T00:00:00Z,-121.57928769,39.49695705,LFC
Trailer Park,2024-10-30T00:00:00Z,-121.57933472,39.49696559,LFC
Trailer Park,2024-10-30T00:00:00Z,-121.57928733,39.49699361,LFC
Trailer Park,2024-10-30T00:00:00Z,-121.57945804,39.49702135,LFC
Trailer Park,2024-10-30T00:00:00Z,-121.57950856,39.4970261,LFC
Trailer Park,2024-10-30T00:00:00Z,-121.57961428,39.49703063,LFC
Trailer Park,2024-10-30T00:00:00Z,-121.57939051,39.4969359,LFC
Trailer Park,2024-10-30T00:00:00Z,-121.57938297,39.4969134,LFC
Trailer Park,2024-10-30T00:00:00Z,-121.57963891,39.49698022,LFC
Trailer Park,2024-10-30T00:00:00Z,-121.57956188,39.49694979,LFC
Trailer Park,2024-10-30T00:00:00Z,-121.57959514,39.49692395,LFC
Trailer Park,2024-10-30T00:00:00Z,-121.57949785,39.49693544,LFC
Trailer Park,2024-10-30T00:00:00Z,-121.57921546,39.49689719,LFC
Trailer Park,2024-10-30T00:00:00Z,-121.57929945,39.49688436,LFC
Trailer Park,2024-10-30T00:00:00Z,-121.57935037,39.49686994,LFC
Trailer Park,2024-10-30T00:00:00Z,-121.579352,39.49682721,LFC
Trailer Park,2024-10-30T00:00:00Z,-121.57955943,39.49690199,LFC
Trailer Park,2024-10-30T00:00:00Z,-121.5794714,39.49685137,LFC
Trailer Park,2024-10-30T00:00:00Z,-121.57946195,39.49682914,LFC
Trailer Park,2024-10-30T00:00:00Z,-121.57965994,39.49674525,LFC
Trailer Park,2024-10-30T00:00:00Z,-121.5795528,39.49669142,LFC
Trailer Park,2024-10-30T00:00:00Z,-121.57969161,39.49685438,LFC
Trailer Park,2024-10-30T00:00:00Z,-121.57967487,39.49694632,LFC
Trailer Park,2024-10-30T00:00:00Z,-121.5795844,39.49674571,LFC
Trailer Park,2024-10-30T00:00:00Z,-121.57957014,39.49680359,LFC
Trailer Park,2024-10-30T00:00:00Z,-121.57967798,39.49658928,LFC
Trailer Park,2024-10-30T00:00:00Z,-121.57961724,39.49671017,LFC
Trailer Park,2024-10-30T00:00:00Z,-121.57968948,39.49646225,LFC
Trailer Park,2024-10-30T00:00:00Z,-121.57987204,39.49640459,LFC
Trailer Park,2024-10-30T00:00:00Z,-121.57969795,39.49639693,LFC
Trailer Park,2024-10-30T00:00:00Z,-121.57955515,39.49645877,LFC
Trailer Park,2024-10-30T00:00:00Z,-121.57959145,39.49639932,LFC
Trailer Park,2024-10-30T00:00:00Z,-121.57964785,39.49634564,LFC
Trailer Park,2024-10-30T00:00:00Z,-121.57961148,39.49632123,LFC
Trailer Park,2024-10-30T00:00:00Z,-121.57964202,39.49642758,LFC
Trailer Park,2024-10-30T00:00:00Z,-121.57945549,39.49656352,LFC
Trailer Park,2024-10-30T00:00:00Z,-121.57962603,39.49569387,LFC
Trailer Park,2024-10-30T00:00:00Z,-121.57982069,39.49562576,LFC
Trailer Park,2024-10-30T00:00:00Z,-121.57977753,39.49561325,LFC
Trailer Park,2024-10-30T00:00:00Z,-121.5796595,39.49559799,LFC
Trailer Park,2024-10-30T00:00:00Z,-121.57961969,39.49562561,LFC
Trailer Park,2024-10-30T00:00:00Z,-121.57960192,39.49556365,LFC
Trailer Park,2024-10-30T00:00:00Z,-121.5796778,39.4954586,LFC
Trailer Park,2024-10-30T00:00:00Z,-121.57979487,39.4954628,LFC
Trailer Park,2024-10-30T00:00:00Z,-121.57981203,39.49552521,LFC
Trailer Park,2024-10-30T00:00:00Z,-121.57984465,39.49541272,LFC
Trailer Park,2024-10-30T00:00:00Z,-121.57978835,39.49540328,LFC
Trailer Park,2024-10-30T00:00:00Z,-121.57972157,39.49541168,LFC
Trailer Park,2024-10-30T00:00:00Z,-121.57962828,39.49543726,LFC
Trailer Park,2024-10-30T00:00:00Z,-121.57990697,39.49530198,LFC
Trailer Park,2024-10-30T00:00:00Z,-121.57973175,39.49535006,LFC
Trailer Park,2024-10-30T00:00:00Z,-121.57970027,39.49534784,LFC
Trailer Park,2024-10-30T00:00:00Z,-121.57997385,39.49517149,LFC
Trailer Park,2024-10-30T00:00:00Z,-121.57995371,39.49510904,LFC
Trailer Park,2024-10-30T00:00:00Z,-121.57985504,39.49510691,LFC
Trailer Park,2024-10-30T00:00:00Z,-121.57991243,39.49520898,LFC
Trailer Park,2024-10-30T00:00:00Z,-121.57986372,39.4952646,LFC
Trailer Park,2024-10-30T00:00:00Z,-121.57977357,39.49531141,LFC
Trailer Park,2024-10-30T00:00:00Z,-121.57972877,39.49517494,LFC
Trailer Park,2024-10-30T00:00:00Z,-121.5799881,39.49505555,LFC
Trailer Park,2024-10-30T00:00:00Z,-121.57996108,39.49501007,LFC
Trailer Park,2024-10-30T00:00:00Z,-121.57990321,39.49513607,LFC
Trailer Park,2024-10-30T00:00:00Z,-121.58003753,39.49499396,LFC
Trailer Park,2024-10-30T00:00:00Z,-121.58010284,39.49496987,LFC
Trailer Park,2024-10-30T00:00:00Z,-121.57990427,39.49482093,LFC
Trailer Park,2024-10-30T00:00:00Z,-121.57988854,39.49477558,LFC
Trailer Park,2024-10-30T00:00:00Z,-121.57994247,39.49487254,LFC
Trailer Park,2024-10-30T00:00:00Z,-121.57984814,39.49486125,LFC
Trailer Park,2024-10-30T00:00:00Z,-121.57989526,39.49497149,LFC
Trailer Park,2024-10-30T00:00:00Z,-121.57995833,39.49476538,LFC
Trailer Park,2024-10-30T00:00:00Z,-121.5798654,39.49462694,LFC
Trailer Park,2024-10-30T00:00:00Z,-121.57991124,39.49468279,LFC
Trailer Park,2024-10-30T00:00:00Z,-121.5800605,39.49471226,LFC
Trailer Park,2024-10-30T00:00:00Z,-121.57985327,39.49440471,LFC
Trailer Park,2024-10-30T00:00:00Z,-121.5797396,39.49437983,LFC
Trailer Park,2024-10-30T00:00:00Z,-121.57974523,39.49427853,LFC
Trailer Park,2024-10-30T00:00:00Z,-121.57982115,39.49417118,LFC
Trailer Park,2024-10-30T00:00:00Z,-121.57987207,39.49447452,LFC
Trailer Park,2024-10-30T00:00:00Z,-121.57971012,39.49389983,LFC
Trailer Park,2024-10-30T00:00:00Z,-121.57979049,39.49401231,LFC
Trailer Park,2024-10-30T00:00:00Z,-121.57984876,39.49396234,LFC
Trailer Park,2024-10-30T00:00:00Z,-121.57968717,39.49414172,LFC
Trailer Park,2024-10-30T00:00:00Z,-121.57973656,39.49410841,LFC
Trailer Park,2024-10-30T00:00:00Z,-121.57966462,39.49382693,LFC
Trailer Park,2024-10-30T00:00:00Z,-121.57969355,39.49374988,LFC
Trailer Park,2024-10-30T00:00:00Z,-121.57971222,39.4937091,LFC
Trailer Park,2024-10-30T00:00:00Z,-121.5796385,39.4937082,LFC
Trailer Park,2024-10-30T00:00:00Z,-121.57958606,39.49362555,LFC
Trailer Park,2024-10-30T00:00:00Z,-121.57949412,39.49364332,LFC
Trailer Park,2024-10-30T00:00:00Z,-121.57965664,39.49363471,LFC
Trailer Park,2024-10-30T00:00:00Z,-121.57969567,39.49364578,LFC
Trailer Park,2024-10-30T00:00:00Z,-121.57971024,39.4935727,LFC
Trailer Park,2024-10-30T00:00:00Z,-121.5796341,39.49354412,LFC
Trailer Park,2024-10-30T00:00:00Z,-121.57948145,39.49356483,LFC
Trailer Park,2024-10-30T00:00:00Z,-121.57958845,39.4935666,LFC
Trailer Park,2024-10-30T00:00:00Z,-121.5796272,39.49347447,LFC
Trailer Park,2024-10-30T00:00:00Z,-121.57951253,39.49349841,LFC
Trailer Park,2024-10-30T00:00:00Z,-121.57971439,39.49348521,LFC
Trailer Park,2024-10-30T00:00:00Z,-121.57944812,39.49353678,LFC
Trailer Park,2024-10-30T00:00:00Z,-121.57977334,39.49359835,LFC
Trailer Park,2024-10-30T00:00:00Z,-121.57951487,39.49347125,LFC
Trailer Park,2024-10-30T00:00:00Z,-121.57965635,39.49335687,LFC
Trailer Park,2024-10-30T00:00:00Z,-121.57960969,39.49342864,LFC
Trailer Park,2024-10-30T00:00:00Z,-121.57908442,39.49381708,LFC
Trailer Park,2024-10-30T00:00:00Z,-121.57898267,39.49381998,LFC
Trailer Park,2024-10-30T00:00:00Z,-121.57901457,39.49380148,LFC
Trailer Park,2024-10-30T00:00:00Z,-121.57907076,39.49390399,LFC
Trailer Park,2024-10-30T00:00:00Z,-121.5792998,39.49389942,LFC
Trailer Park,2024-10-30T00:00:00Z,-121.57926649,39.49392896,LFC
Trailer Park,2024-10-30T00:00:00Z,-121.57914219,39.49381272,LFC
Trailer Park,2024-10-30T00:00:00Z,-121.57913388,39.49401673,LFC
Trailer Park,2024-10-30T00:00:00Z,-121.57909858,39.49408541,LFC
Trailer Park,2024-10-30T00:00:00Z,-121.57917573,39.4941808,LFC
Trailer Park,2024-10-30T00:00:00Z,-121.57912938,39.49417932,LFC
Trailer Park,2024-10-30T00:00:00Z,-121.5792545,39.4944596,LFC
Trailer Park,2024-10-30T00:00:00Z,-121.57921822,39.49451813,LFC
Trailer Park,2024-10-30T00:00:00Z,-121.57920577,39.49457465,LFC
Trailer Park,2024-10-30T00:00:00Z,-121.5791132,39.49450671,LFC
Trailer Park,2024-10-30T00:00:00Z,-121.57911865,39.49458925,LFC
Trailer Park,2024-10-30T00:00:00Z,-121.57912784,39.49463452,LFC
Trailer Park,2024-10-30T00:00:00Z,-121.57902993,39.49468262,LFC
Trailer Park,2024-10-30T00:00:00Z,-121.5785579,39.49505466,LFC
Trailer Park,2024-10-30T00:00:00Z,-121.57881141,39.49504624,LFC
Trailer Park,2024-10-30T00:00:00Z,-121.57864433,39.49489906,LFC
Trailer Park,2024-10-30T00:00:00Z,-121.57982193,39.49711338,LFC
Trailer Park,2024-10-30T00:00:00Z,-121.57985163,39.49716918,LFC
Trailer Park,2024-10-30T00:00:00Z,-121.57988905,39.4972003,LFC
Trailer Park,2024-10-30T00:00:00Z,-121.57991373,39.49724071,LFC
Trailer Park,2024-10-30T00:00:00Z,-121.57997124,39.49723876,LFC
Trailer Park,2024-10-30T00:00:00Z,-121.5799709,39.49714351,LFC
Trailer Park,2024-10-30T00:00:00Z,-121.57992887,39.49707665,LFC
Trailer Park,2024-10-30T00:00:00Z,-121.57991695,39.49698892,LFC
Trailer Park,2024-11-14T00:00:00Z,-121.57887204,39.49714541,LFC
Trailer Park,2024-11-14T00:00:00Z,-121.57889838,39.49708528,LFC
Trailer Park,2024-11-14T00:00:00Z,-121.57926177,39.49694052,LFC
Trailer Park,2024-11-14T00:00:00Z,-121.57924872,39.49692513,LFC
Trailer Park,2024-11-14T00:00:00Z,-121.57927648,39.49688516,LFC
Trailer Park,2024-11-14T00:00:00Z,-121.57940204,39.49674271,LFC
Trailer Park,2024-11-14T00:00:00Z,-121.57940719,39.49667222,LFC
Trailer Park,2024-11-14T00:00:00Z,-121.57961931,39.49647683,LFC
Trailer Park,2024-11-14T00:00:00Z,-121.57960403,39.49553859,LFC
Trailer Park,2024-11-14T00:00:00Z,-121.57978092,39.49543061,LFC
Trailer Park,2024-11-14T00:00:00Z,-121.57961228,39.49536159,LFC
Trailer Park,2024-11-14T00:00:00Z,-121.57995684,39.4946394,LFC
Trailer Park,2024-11-14T00:00:00Z,-121.57992317,39.49460444,LFC
Trailer Park,2024-11-14T00:00:00Z,-121.57979729,39.49448915,LFC
Trailer Park,2024-11-14T00:00:00Z,-121.57968052,39.49438262,LFC
Trailer Park,2024-11-14T00:00:00Z,-121.57970511,39.49422454,LFC
Trailer Park,2024-11-14T00:00:00Z,-121.57961069,39.49361361,LFC
Trailer Park,2024-11-14T00:00:00Z,-121.57954301,39.49365166,LFC
Trailer Park,2024-11-14T00:00:00Z,-121.57961553,39.49351288,LFC
Trailer Park,2024-11-14T00:00:00Z,-121.57943506,39.49347756,LFC
Trailer Park,2024-11-14T00:00:00Z,-121.57925712,39.49362982,LFC
Trailer Park,2024-11-14T00:00:00Z,-121.57925162,39.49357861,LFC
Trailer Park,2024-11-14T00:00:00Z,-121.57904927,39.49446262,LFC
Trailer Park,2024-11-14T00:00:00Z,-121.57888562,39.49473108,LFC
Trailer Park,2024-11-14T00:00:00Z,-121.57861953,39.49494872,LFC
Trailer Park,2024-11-14T00:00:00Z,-121.57843162,39.49505553,LFC
Trailer Park,2024-11-14T00:00:00Z,-121.57840158,39.49501683,LFC
Trailer Park,2024-11-14T00:00:00Z,-121.57969978,39.49352759,LFC
Trailer Park,2024-11-14T00:00:00Z,-121.57968532,39.4934619,LFC
Trailer Park,2024-11-14T00:00:00Z,-121.57955881,39.49346899,LFC
Trailer Park,2024-11-14T00:00:00Z,-121.57962436,39.49339852,LFC
Trailer Park,2024-11-14T00:00:00Z,-121.57951937,39.49353474,LFC
Upper Auditorium,2024-09-09T00:00:00Z,-121.55742594,39.515791,LFC
Upper Auditorium,2024-09-09T00:00:00Z,-121.55758234,39.51571501,LFC
Upper Auditorium,2024-09-09T00:00:00Z,-121.55764225,39.5158435,LFC
Upper Auditorium,2024-09-09T00:00:00Z,-121.55767668,39.51579793,LFC
Upper Auditorium,2024-09-09T00:00:00Z,-121.55768442,39.51582881,LFC
Upper Auditorium,2024-09-09T00:00:00Z,-121.55733132,39.51591123,LFC
Upper Auditorium,2024-09-09T00:00:00Z,-121.55736838,39.51590645,LFC
Upper Auditorium,2024-09-09T00:00:00Z,-121.55757516,39.51583529,LFC
Upper Auditorium,2024-09-09T00:00:00Z,-121.55673612,39.51584963,LFC
Upper Auditorium,2024-09-18T00:00:00Z,-121.55730868,39.51584803,LFC
Upper Auditorium,2024-09-18T00:00:00Z,-121.55732452,39.51580603,LFC
Upper Auditorium,2024-09-18T00:00:00Z,-121.55732464,39.51579494,LFC
Upper Auditorium,2024-09-18T00:00:00Z,-121.55730496,39.51577355,LFC
Upper Auditorium,2024-09-18T00:00:00Z,-121.5573095,39.51574366,LFC
Upper Auditorium,2024-09-18T00:00:00Z,-121.55733438,39.51571017,LFC
Upper Auditorium,2024-09-18T00:00:00Z,-121.55741186,39.51577919,LFC
Upper Auditorium,2024-09-18T00:00:00Z,-121.55743654,39.51576774,LFC
Upper Auditorium,2024-09-18T00:00:00Z,-121.55743012,39.51586774,LFC
Upper Auditorium,2024-09-18T00:00:00Z,-121.55751003,39.51589331,LFC
Upper Auditorium,2024-09-18T00:00:00Z,-121.55758695,39.51588434,LFC
Upper Auditorium,2024-09-18T00:00:00Z,-121.55754012,39.51578937,LFC
Upper Auditorium,2024-09-18T00:00:00Z,-121.55746952,39.51574089,LFC
Upper Auditorium,2024-09-18T00:00:00Z,-121.55748763,39.5157265,LFC
Upper Auditorium,2024-09-18T00:00:00Z,-121.55751187,39.51571295,LFC
Upper Auditorium,2024-09-18T00:00:00Z,-121.55758398,39.51568984,LFC
Upper Auditorium,2024-09-18T00:00:00Z,-121.55762884,39.5157372,LFC
Upper Auditorium,2024-09-18T00:00:00Z,-121.55762378,39.5158136,LFC
Upper Auditorium,2024-09-18T00:00:00Z,-121.55744178,39.51588284,LFC
Upper Auditorium,2024-09-18T00:00:00Z,-121.55755856,39.51576911,LFC
Upper Auditorium,2024-09-18T00:00:00Z,-121.557737,39.51567477,LFC
Upper Auditorium,2024-09-18T00:00:00Z,-121.55724652,39.5156836,LFC
Upper Auditorium,2024-09-18T00:00:00Z,-121.55787228,39.51573794,LFC
Upper Auditorium,2024-09-18T00:00:00Z,-121.55676583,39.51583891,LFC
Upper Auditorium,2024-09-18T00:00:00Z,-121.55670949,39.51584942,LFC
Upper Auditorium,2024-09-18T00:00:00Z,-121.55669404,39.51583801,LFC
Upper Auditorium,2024-09-18T00:00:00Z,-121.55675412,39.51582147,LFC
Upper Auditorium,2024-09-23T00:00:00Z,-121.55761405,39.51564448,LFC
Upper Auditorium,2024-09-23T00:00:00Z,-121.55766495,39.51572612,LFC
Upper Auditorium,2024-09-23T00:00:00Z,-121.55767996,39.51574324,LFC
Upper Auditorium,2024-09-23T00:00:00Z,-121.55766018999999,39.51569906,LFC
Upper Auditorium,2024-09-23T00:00:00Z,-121.55741957,39.51581874,LFC
Upper Auditorium,2024-09-23T00:00:00Z,-121.5575196,39.51581082,LFC
Upper Auditorium,2024-09-23T00:00:00Z,-121.55748635,39.51584703,LFC
Upper Auditorium,2024-09-23T00:00:00Z,-121.55707033,39.51593249,LFC
Upper Auditorium,2024-09-23T00:00:00Z,-121.55690353,39.51579723,LFC
Upper Auditorium,2024-09-23T00:00:00Z,-121.55679586,39.51586043,LFC
Upper Auditorium,2024-09-23T00:00:00Z,-121.55691101,39.51589298,LFC
Upper Auditorium,2024-09-23T00:00:00Z,-121.55688355,39.51593475,LFC
Upper Auditorium,2024-09-23T00:00:00Z,-121.55675718,39.51591404,LFC
Upper Auditorium,2024-09-23T00:00:00Z,-121.55786545,39.5157753,LFC
Upper Auditorium,2024-09-23T00:00:00Z,-121.55778936,39.51579678,LFC
Upper Auditorium,2024-09-30T00:00:00Z,-121.5568208,39.51582117,LFC
Upper Auditorium,2024-09-30T00:00:00Z,-121.55707142,39.5159189,LFC
Upper Auditorium,2024-09-30T00:00:00Z,-121.55730263,39.51589424,LFC
Upper Auditorium,2024-09-30T00:00:00Z,-121.55728872,39.51587209,LFC
Upper Auditorium,2024-09-30T00:00:00Z,-121.55734085,39.51585663,LFC
Upper Auditorium,2024-09-30T00:00:00Z,-121.55734299,39.51582648,LFC
Upper Auditorium,2024-09-30T00:00:00Z,-121.55754553,39.51557883,LFC
Upper Auditorium,2024-09-30T00:00:00Z,-121.55777193,39.51573221,LFC
Upper Auditorium,2024-09-30T00:00:00Z,-121.5566324,39.51587859,LFC
Upper Auditorium,2024-09-30T00:00:00Z,-121.55675277,39.51587364,LFC
Upper Auditorium,2024-10-07T00:00:00Z,-121.55747341,39.51582957,LFC
Upper Auditorium,2024-10-07T00:00:00Z,-121.55752674,39.51586567,LFC
Upper Auditorium,2024-10-07T00:00:00Z,-121.55761866,39.51579182,LFC
Upper Auditorium,2024-10-07T00:00:00Z,-121.55767225,39.51577931,LFC
Upper Auditorium,2024-10-07T00:00:00Z,-121.55772631,39.5158535,LFC
Upper Auditorium,2024-10-07T00:00:00Z,-121.55775555,39.51570125,LFC
Upper Auditorium,2024-10-07T00:00:00Z,-121.55766345,39.51556448,LFC
Upper Auditorium,2024-10-15T00:00:00Z,-121.55710828,39.51590338,LFC
Upper Auditorium,2024-10-15T00:00:00Z,-121.55736021,39.51586575,LFC
Upper Auditorium,2024-10-15T00:00:00Z,-121.55770843,39.515815,LFC
Upper Auditorium,2024-10-15T00:00:00Z,-121.5577675,39.51559331,LFC
Upper Auditorium,2024-10-15T00:00:00Z,-121.55774886,39.51555661,LFC
Upper Auditorium,2024-10-15T00:00:00Z,-121.55785235,39.51559794,LFC
Upper Auditorium,2024-10-15T00:00:00Z,-121.55788729,39.51569421,LFC
Upper Auditorium,2024-10-21T00:00:00Z,-121.55669126,39.51593182,LFC
Upper Auditorium,2024-10-21T00:00:00Z,-121.55672792,39.51594515,LFC
Upper Auditorium,2024-10-21T00:00:00Z,-121.55718119,39.515905,LFC
Upper Auditorium,2024-10-21T00:00:00Z,-121.55721735,39.51589759,LFC
Upper Auditorium,2024-10-21T00:00:00Z,-121.55721654,39.51584751,LFC
Upper Auditorium,2024-10-21T00:00:00Z,-121.55720541,39.51580518,LFC
Upper Auditorium,2024-10-21T00:00:00Z,-121.5568961,39.51584926,LFC
Upper Auditorium,2024-10-28T00:00:00Z,-121.55714889,39.51585955,LFC
Upper Auditorium,2024-10-28T00:00:00Z,-121.55700831,39.51587067,LFC
Upper Auditorium,2024-10-28T00:00:00Z,-121.55694271,39.51587272,LFC
Upper Auditorium,2024-11-04T00:00:00Z,-121.55663819,39.51584862,LFC
Upper Auditorium,2024-11-04T00:00:00Z,-121.55698757,39.51595816,LFC
Upper Auditorium,2024-11-04T00:00:00Z,-121.55715647,39.51591911,LFC
Upper Auditorium,2024-11-04T00:00:00Z,-121.55724039,39.51576236,LFC
Upper Auditorium,2024-11-04T00:00:00Z,-121.5574931,39.51576706,LFC
Upper Auditorium,2024-11-04T00:00:00Z,-121.55740667,39.51563577,LFC
Upper Auditorium,2024-11-04T00:00:00Z,-121.55760582,39.51589836,LFC
Upper Auditorium,2024-11-04T00:00:00Z,-121.55783053,39.51582268,LFC
Upper Auditorium,2024-11-04T00:00:00Z,-121.5579902,39.51563401,LFC
Upper Auditorium,2024-11-04T00:00:00Z,-121.55799894,39.51566945,LFC
Upper Auditorium,2024-11-12T00:00:00Z,-121.55715874,39.51577863,LFC
Upper Auditorium,2024-11-12T00:00:00Z,-121.557139,39.51565851,LFC
Upper Auditorium,2024-11-12T00:00:00Z,-121.55742554,39.51565269,LFC
Upper Auditorium,2024-11-12T00:00:00Z,-121.55726393,39.51566475,LFC
Upper Cottonwood,2024-09-09T00:00:00Z,-121.55420936,39.51683763,LFC
Upper Cottonwood,2024-09-09T00:00:00Z,-121.5541876,39.51681287,LFC
Upper Cottonwood,2024-09-09T00:00:00Z,-121.55420741,39.51682759,LFC
Upper Cottonwood,2024-09-09T00:00:00Z,-121.55422022,39.51686838,LFC
Upper Cottonwood,2024-09-09T00:00:00Z,-121.55425614,39.51688365,LFC
Upper Cottonwood,2024-09-09T00:00:00Z,-121.55420195,39.51688148,LFC
Upper Cottonwood,2024-09-09T00:00:00Z,-121.55417505,39.51689044,LFC
Upper Cottonwood,2024-09-09T00:00:00Z,-121.55412528,39.51689321,LFC
Upper Cottonwood,2024-09-09T00:00:00Z,-121.55408164,39.51689612,LFC
Upper Cottonwood,2024-09-09T00:00:00Z,-121.55428303,39.51687771,LFC
Upper Cottonwood,2024-09-09T00:00:00Z,-121.5542267,39.51688544,LFC
Upper Cottonwood,2024-09-09T00:00:00Z,-121.5543567,39.51686231,LFC
Upper Cottonwood,2024-09-09T00:00:00Z,-121.55399895,39.51688586,LFC
Upper Cottonwood,2024-09-09T00:00:00Z,-121.55403546,39.51692342,LFC
Upper Cottonwood,2024-09-09T00:00:00Z,-121.55394432,39.51694608,LFC
Upper Cottonwood,2024-09-09T00:00:00Z,-121.55390734,39.51693745,LFC
Upper Cottonwood,2024-09-18T00:00:00Z,-121.55385482,39.51672485,LFC
Upper Cottonwood,2024-09-18T00:00:00Z,-121.55421329,39.5167667,LFC
Upper Cottonwood,2024-09-18T00:00:00Z,-121.55421176,39.51675421,LFC
Upper Cottonwood,2024-09-18T00:00:00Z,-121.55422443,39.51674426,LFC
Upper Cottonwood,2024-09-18T00:00:00Z,-121.55404875,39.5167699,LFC
Upper Cottonwood,2024-09-18T00:00:00Z,-121.55404561,39.51675312,LFC
Upper Cottonwood,2024-09-18T00:00:00Z,-121.55404558,39.51673464,LFC
Upper Cottonwood,2024-09-18T00:00:00Z,-121.55415701,39.51665041,LFC
Upper Cottonwood,2024-09-18T00:00:00Z,-121.55407957,39.51677779,LFC
Upper Cottonwood,2024-09-18T00:00:00Z,-121.55408251,39.51679141,LFC
Upper Cottonwood,2024-09-18T00:00:00Z,-121.55411335,39.51680593,LFC
Upper Cottonwood,2024-09-18T00:00:00Z,-121.55411532,39.51685829,LFC
Upper Cottonwood,2024-09-18T00:00:00Z,-121.55410733,39.51684393,LFC
Upper Cottonwood,2024-09-18T00:00:00Z,-121.5541094,39.5168295,LFC
Upper Cottonwood,2024-09-18T00:00:00Z,-121.55437769,39.51686382,LFC
Upper Cottonwood,2024-09-18T00:00:00Z,-121.55426055,39.51685239,LFC
Upper Cottonwood,2024-09-18T00:00:00Z,-121.55430888,39.51686851,LFC
Upper Cottonwood,2024-09-18T00:00:00Z,-121.55423659,39.51688563,LFC
Upper Cottonwood,2024-09-18T00:00:00Z,-121.55420288,39.5167857,LFC
Upper Cottonwood,2024-09-18T00:00:00Z,-121.55414795,39.51689783,LFC
Upper Cottonwood,2024-09-18T00:00:00Z,-121.55419027,39.51689337,LFC
Upper Cottonwood,2024-09-18T00:00:00Z,-121.55410117,39.51689254,LFC
Upper Cottonwood,2024-09-18T00:00:00Z,-121.55405448,39.51690083,LFC
Upper Cottonwood,2024-09-18T00:00:00Z,-121.55390544,39.51691911,LFC
Upper Cottonwood,2024-09-18T00:00:00Z,-121.55425059,39.51676189,LFC
Upper Cottonwood,2024-09-18T00:00:00Z,-121.55422303,39.51671111,LFC
Upper Cottonwood,2024-09-18T00:00:00Z,-121.55413849,39.51674436,LFC
Upper Cottonwood,2024-09-18T00:00:00Z,-121.55414721,39.51682991,LFC
Upper Cottonwood,2024-09-18T00:00:00Z,-121.55413722,39.51677888,LFC
Upper Cottonwood,2024-09-18T00:00:00Z,-121.55417177,39.51680201,LFC
Upper Cottonwood,2024-09-18T00:00:00Z,-121.5542096,39.51680896,LFC
Upper Cottonwood,2024-09-18T00:00:00Z,-121.5542305,39.51685024,LFC
Upper Cottonwood,2024-09-18T00:00:00Z,-121.55422785,39.51686741,LFC
Upper Cottonwood,2024-09-18T00:00:00Z,-121.55414783,39.51688292,LFC
Upper Cottonwood,2024-09-18T00:00:00Z,-121.55391829,39.51689303,LFC
Upper Cottonwood,2024-09-23T00:00:00Z,-121.55415198,39.51672745,LFC
Upper Cottonwood,2024-09-23T00:00:00Z,-121.55414949,39.51671222,LFC
Upper Cottonwood,2024-09-23T00:00:00Z,-121.55414451,39.51668176,LFC
Upper Cottonwood,2024-09-23T00:00:00Z,-121.55414973,39.51666662,LFC
Upper Cottonwood,2024-09-23T00:00:00Z,-121.55415528,39.51663575,LFC
Upper Cottonwood,2024-09-23T00:00:00Z,-121.55408633,39.51661426,LFC
Upper Cottonwood,2024-09-23T00:00:00Z,-121.55407544,39.51656472,LFC
Upper Cottonwood,2024-09-23T00:00:00Z,-121.55416741,39.51682808,LFC
Upper Cottonwood,2024-09-23T00:00:00Z,-121.55427371,39.51680606,LFC
Upper Cottonwood,2024-09-23T00:00:00Z,-121.55430669,39.5168043,LFC
Upper Cottonwood,2024-09-23T00:00:00Z,-121.55434093,39.51680961,LFC
Upper Cottonwood,2024-09-23T00:00:00Z,-121.5542846,39.5168556,LFC
Upper Cottonwood,2024-09-23T00:00:00Z,-121.5543114,39.51684779,LFC
Upper Cottonwood,2024-09-23T00:00:00Z,-121.554094,39.5167175,LFC
Upper Cottonwood,2024-09-23T00:00:00Z,-121.55411652,39.51688115,LFC
Upper Cottonwood,2024-09-23T00:00:00Z,-121.55404504,39.51688826,LFC
Upper Cottonwood,2024-09-30T00:00:00Z,-121.55399032,39.51671513,LFC
Upper Cottonwood,2024-09-30T00:00:00Z,-121.55400262,39.51672755,LFC
Upper Cottonwood,2024-09-30T00:00:00Z,-121.5540221,39.51678304,LFC
Upper Cottonwood,2024-09-30T00:00:00Z,-121.55404385,39.51681597,LFC
Upper Cottonwood,2024-09-30T00:00:00Z,-121.55401412,39.51684374,LFC
Upper Cottonwood,2024-09-30T00:00:00Z,-121.55406949,39.51681247,LFC
Upper Cottonwood,2024-09-30T00:00:00Z,-121.55406275,39.51683462,LFC
Upper Cottonwood,2024-09-30T00:00:00Z,-121.55406851,39.51686006,LFC
Upper Cottonwood,2024-09-30T00:00:00Z,-121.55409094,39.51668696,LFC
Upper Cottonwood,2024-09-30T00:00:00Z,-121.55409061,39.51670293,LFC
Upper Cottonwood,2024-09-30T00:00:00Z,-121.55415328,39.51686076,LFC
Upper Cottonwood,2024-09-30T00:00:00Z,-121.55413737,39.51687064,LFC
Upper Cottonwood,2024-09-30T00:00:00Z,-121.55417891,39.51677109,LFC
Upper Cottonwood,2024-09-30T00:00:00Z,-121.55420169,39.51673281,LFC
Upper Cottonwood,2024-09-30T00:00:00Z,-121.55426043,39.51669045,LFC
Upper Cottonwood,2024-09-30T00:00:00Z,-121.55413074,39.51662804,LFC
Upper Cottonwood,2024-09-30T00:00:00Z,-121.55403696,39.51660741,LFC
Upper Cottonwood,2024-09-30T00:00:00Z,-121.55427811,39.51676816,LFC
Upper Cottonwood,2024-09-30T00:00:00Z,-121.55428569,39.51683566,LFC
Upper Cottonwood,2024-09-30T00:00:00Z,-121.55401633,39.51680208,LFC
Upper Cottonwood,2024-09-30T00:00:00Z,-121.55423256,39.51680164,LFC
Upper Cottonwood,2024-09-30T00:00:00Z,-121.55398243,39.51685725,LFC
Upper Cottonwood,2024-09-30T00:00:00Z,-121.5538627,39.51646591,LFC
Upper Cottonwood,2024-09-30T00:00:00Z,-121.5539405,39.51647835,LFC
Upper Cottonwood,2024-09-30T00:00:00Z,-121.55397385,39.5165142,LFC
Upper Cottonwood,2024-09-30T00:00:00Z,-121.55404694,39.51662387,LFC
Upper Cottonwood,2024-09-30T00:00:00Z,-121.55408251,39.51648741,LFC
Upper Cottonwood,2024-09-30T00:00:00Z,-121.55402041,39.51656169,LFC
Upper Cottonwood,2024-09-30T00:00:00Z,-121.55398954,39.51653629,LFC
Upper Cottonwood,2024-09-30T00:00:00Z,-121.5539114,39.51645367,LFC
Upper Cottonwood,2024-09-30T00:00:00Z,-121.55395387,39.51648234,LFC
Upper Cottonwood,2024-10-07T00:00:00Z,-121.55400912,39.51668713,LFC
Upper Cottonwood,2024-10-07T00:00:00Z,-121.55412356,39.5167119,LFC
Upper Cottonwood,2024-10-07T00:00:00Z,-121.55399772,39.51676354,LFC
Upper Cottonwood,2024-10-07T00:00:00Z,-121.55403823,39.51666904,LFC
Upper Cottonwood,2024-10-07T00:00:00Z,-121.55424569,39.51673785,LFC
Upper Cottonwood,2024-10-07T00:00:00Z,-121.55410293,39.51662532,LFC
Upper Cottonwood,2024-10-15T00:00:00Z,-121.5542752,39.51670021,LFC
Upper Cottonwood,2024-10-15T00:00:00Z,-121.55427533,39.5167279,LFC
Upper Cottonwood,2024-10-15T00:00:00Z,-121.55437171,39.51684637,LFC
Upper Cottonwood,2024-10-15T00:00:00Z,-121.55435032,39.51682981,LFC
Upper Cottonwood,2024-10-15T00:00:00Z,-121.55426503,39.51678532,LFC
Upper Cottonwood,2024-10-15T00:00:00Z,-121.55434687,39.5167934,LFC
Upper Cottonwood,2024-10-15T00:00:00Z,-121.55406648,39.51669273,LFC
Upper Cottonwood,2024-10-15T00:00:00Z,-121.55410206,39.51676864,LFC
Upper Cottonwood,2024-10-15T00:00:00Z,-121.5540205,39.51674699,LFC
Upper Cottonwood,2024-10-15T00:00:00Z,-121.55401756,39.51682079,LFC
Upper Cottonwood,2024-10-15T00:00:00Z,-121.55419485,39.51668781,LFC
Upper Cottonwood,2024-10-21T00:00:00Z,-121.55406376,39.51672102,LFC
Upper Cottonwood,2024-10-21T00:00:00Z,-121.55407051,39.51676349,LFC
Upper Cottonwood,2024-10-21T00:00:00Z,-121.55397365,39.51669696,LFC
Upper Cottonwood,2024-10-21T00:00:00Z,-121.5542332,39.5168357,LFC
Upper Cottonwood,2024-10-21T00:00:00Z,-121.55405206,39.51665798,LFC
Upper Cottonwood,2024-10-21T00:00:00Z,-121.55423559,39.51667729,LFC
Upper Cottonwood,2024-10-21T00:00:00Z,-121.55425095,39.51662884,LFC
Upper Cottonwood,2024-10-28T00:00:00Z,-121.55394808,39.5166751,LFC
Upper Cottonwood,2024-10-28T00:00:00Z,-121.55390442,39.51670374,LFC
Upper Cottonwood,2024-10-28T00:00:00Z,-121.553959,39.51677565,LFC
Upper Cottonwood,2024-10-28T00:00:00Z,-121.55402279,39.51670661,LFC
Upper Cottonwood,2024-10-28T00:00:00Z,-121.55416474,39.5166976,LFC
Upper Cottonwood,2024-10-28T00:00:00Z,-121.55411198,39.51664552,LFC
Upper Cottonwood,2024-10-28T00:00:00Z,-121.5543062,39.5167765,LFC
Upper Cottonwood,2024-10-28T00:00:00Z,-121.55392821,39.51672454,LFC
Upper Gateway,2024-11-14T00:00:00Z,-121.6227462,39.45666539,LFC
Upper Hatchery,2024-09-09T00:00:00Z,-121.5542264,39.51645206,LFC
Upper Hatchery,2024-09-09T00:00:00Z,-121.55392987,39.51644751,LFC
Upper Hatchery,2024-09-09T00:00:00Z,-121.55397222,39.51644353,LFC
Upper Hatchery,2024-09-09T00:00:00Z,-121.55412299,39.51649039,LFC
Upper Hatchery,2024-09-09T00:00:00Z,-121.55423079,39.5164671,LFC
Upper Hatchery,2024-09-09T00:00:00Z,-121.55398947,39.51645443,LFC
Upper Hatchery,2024-09-09T00:00:00Z,-121.55405786,39.51655957,LFC
Upper Hatchery,2024-09-18T00:00:00Z,-121.55447209,39.51614264,LFC
Upper Hatchery,2024-09-18T00:00:00Z,-121.55436491,39.51609945,LFC
Upper Hatchery,2024-09-18T00:00:00Z,-121.55409646,39.51625688,LFC
Upper Hatchery,2024-09-18T00:00:00Z,-121.55420799,39.51646946,LFC
Upper Hatchery,2024-09-18T00:00:00Z,-121.55419472,39.51645887,LFC
Upper Hatchery,2024-09-18T00:00:00Z,-121.55408957,39.51644581,LFC
Upper Hatchery,2024-09-18T00:00:00Z,-121.55410641,39.51648319,LFC
Upper Hatchery,2024-09-18T00:00:00Z,-121.55404504,39.5164838,LFC
Upper Hatchery,2024-09-18T00:00:00Z,-121.55396484,39.51643396,LFC
Upper Hatchery,2024-09-18T00:00:00Z,-121.55394862,39.5164299,LFC
Upper Hatchery,2024-09-18T00:00:00Z,-121.55397912,39.51647474,LFC
Upper Hatchery,2024-09-18T00:00:00Z,-121.55390939,39.516441,LFC
Upper Hatchery,2024-09-18T00:00:00Z,-121.55392487,39.51642291,LFC
Upper Hatchery,2024-09-18T00:00:00Z,-121.55400099,39.51651288,LFC
Upper Hatchery,2024-09-18T00:00:00Z,-121.55401268,39.51652415,LFC
Upper Hatchery,2024-09-18T00:00:00Z,-121.55402055,39.51653042,LFC
Upper Hatchery,2024-09-18T00:00:00Z,-121.55403384,39.51653924,LFC
Upper Hatchery,2024-09-18T00:00:00Z,-121.55404467,39.51654812,LFC
Upper Hatchery,2024-09-23T00:00:00Z,-121.55418577,39.51651723,LFC
Upper Hatchery,2024-09-23T00:00:00Z,-121.55425204,39.51646539,LFC
Upper Hatchery,2024-09-23T00:00:00Z,-121.55407764,39.51645888,LFC
Upper Hatchery,2024-09-23T00:00:00Z,-121.55419322,39.51639463,LFC
Upper Hatchery,2024-09-23T00:00:00Z,-121.5539996,39.5164704,LFC
Upper Hatchery,2024-09-23T00:00:00Z,-121.55414573,39.51657576,LFC
Upper Hatchery,2024-09-23T00:00:00Z,-121.55414738,39.51660427,LFC
Upper Hatchery,2024-09-23T00:00:00Z,-121.55389517,39.51645763,LFC
Upper Hatchery,2024-10-07T00:00:00Z,-121.55397684,39.51641854,LFC
Upper Hatchery,2024-10-07T00:00:00Z,-121.55389517,39.51640232,LFC
Upper Hatchery,2024-10-07T00:00:00Z,-121.55416122,39.51645069,LFC
Upper Hatchery,2024-10-15T00:00:00Z,-121.55420884,39.51655443,LFC
Upper Hatchery,2024-10-15T00:00:00Z,-121.55421342,39.51650237,LFC
Upper Hatchery,2024-10-15T00:00:00Z,-121.55420436,39.51643223,LFC
Upper Hatchery,2024-10-15T00:00:00Z,-121.55409363,39.51646505,LFC
Upper Hatchery,2024-10-15T00:00:00Z,-121.55406968,39.51643707,LFC
Upper Hatchery,2024-10-15T00:00:00Z,-121.55402457,39.51644899,LFC
Upper Hatchery,2024-10-15T00:00:00Z,-121.55431609,39.51628323,LFC
Upper Hatchery,2024-10-15T00:00:00Z,-121.55437481,39.51632468,LFC
Upper Hatchery,2024-10-15T00:00:00Z,-121.55434392,39.51625969,LFC
Upper Hatchery,2024-10-15T00:00:00Z,-121.55429261,39.51623245,LFC
Upper Hatchery,2024-10-15T00:00:00Z,-121.5541128,39.51655487,LFC
Upper Hatchery,2024-10-15T00:00:00Z,-121.55410958,39.51657492,LFC
Upper Hatchery,2024-10-15T00:00:00Z,-121.55408743,39.51659527,LFC
Upper Hatchery,2024-10-15T00:00:00Z,-121.55404401,39.5165931,LFC
Upper Hatchery,2024-10-15T00:00:00Z,-121.55403657,39.51658052,LFC
Upper Hatchery,2024-10-15T00:00:00Z,-121.55389883,39.51649629,LFC
Upper Hatchery,2024-10-15T00:00:00Z,-121.55424548,39.5164436,LFC
Upper Hatchery,2024-10-15T00:00:00Z,-121.55399557,39.516428,LFC
Upper Hatchery,2024-10-15T00:00:00Z,-121.55420125,39.51641319,LFC
Upper Hatchery,2024-10-15T00:00:00Z,-121.5544446,39.51623814,LFC
Upper Hatchery,2024-10-15T00:00:00Z,-121.55432907,39.51602932,LFC
Upper Hatchery,2024-10-15T00:00:00Z,-121.55400806,39.51619743,LFC
Upper Hatchery,2024-10-15T00:00:00Z,-121.55415787,39.51613903,LFC
Upper Hatchery,2024-10-15T00:00:00Z,-121.55382206,39.51620977,LFC
Upper Hatchery,2024-10-15T00:00:00Z,-121.55400848,39.5165532,LFC
Upper Hatchery,2024-10-15T00:00:00Z,-121.55389372,39.51648437,LFC
Upper Hatchery,2024-10-15T00:00:00Z,-121.55416187,39.51651133,LFC
Upper Hatchery,2024-10-15T00:00:00Z,-121.55419188,39.51653498,LFC
Upper Hatchery,2024-10-21T00:00:00Z,-121.55416662,39.51656351,LFC
Upper Hatchery,2024-10-21T00:00:00Z,-121.55414058,39.51654303,LFC
Upper Hatchery,2024-10-21T00:00:00Z,-121.55411137,39.51652391,LFC
Upper Hatchery,2024-10-21T00:00:00Z,-121.5540462,39.51650781,LFC
Upper Hatchery,2024-10-21T00:00:00Z,-121.55392597,39.5165084,LFC
Upper Hatchery,2024-10-21T00:00:00Z,-121.55399981,39.51649542,LFC
Upper Hatchery,2024-10-21T00:00:00Z,-121.55403773,39.51641875,LFC
Upper Hatchery,2024-10-21T00:00:00Z,-121.5541567,39.5163497,LFC
Upper Hatchery,2024-10-21T00:00:00Z,-121.55433328,39.51631437,LFC
Upper Hatchery,2024-10-21T00:00:00Z,-121.55433482,39.51634844,LFC
Upper Hatchery,2024-10-21T00:00:00Z,-121.55428398,39.51633391,LFC
Upper Hatchery,2024-10-21T00:00:00Z,-121.55424479,39.51627644,LFC
Upper Hatchery,2024-10-21T00:00:00Z,-121.55418042,39.51626591,LFC
Upper Hatchery,2024-10-21T00:00:00Z,-121.5543492,39.51606579,LFC
Upper Hatchery,2024-10-21T00:00:00Z,-121.55440417,39.51633541,LFC
Upper Hatchery,2024-10-21T00:00:00Z,-121.55439883,39.51628982,LFC
Upper Hatchery,2024-10-28T00:00:00Z,-121.55431108,39.51651944,LFC
Upper Hatchery,2024-10-28T00:00:00Z,-121.5541905,39.51658014,LFC
Upper Hatchery,2024-10-28T00:00:00Z,-121.55390084,39.51653032,LFC
Upper Hatchery,2024-10-28T00:00:00Z,-121.55385399,39.51649638,LFC
Upper Hatchery,2024-10-28T00:00:00Z,-121.55398749,39.51656997,LFC
Upper Hatchery,2024-10-28T00:00:00Z,-121.55421877,39.51634144,LFC
Upper Hatchery,2024-10-28T00:00:00Z,-121.55409251,39.51639477,LFC
Upper Hatchery,2024-10-28T00:00:00Z,-121.5542566,39.51631307,LFC
Upper Hatchery,2024-10-28T00:00:00Z,-121.55435895,39.51630948,LFC
Upper Hatchery,2024-10-28T00:00:00Z,-121.55426193,39.51629403,LFC
Upper Hatchery,2024-10-28T00:00:00Z,-121.55431244,39.51625921,LFC
Upper Hatchery,2024-10-28T00:00:00Z,-121.55405386,39.51629005,LFC
Upper Hatchery,2024-10-28T00:00:00Z,-121.55409527,39.51632635,LFC
Upper Hatchery,2024-10-28T00:00:00Z,-121.55406866,39.5162468,LFC
Upper Hatchery,2024-10-28T00:00:00Z,-121.55400893,39.51622834,LFC
Upper Hatchery,2024-10-28T00:00:00Z,-121.55374114,39.51627087,LFC
Upper Robinson,2024-09-24T00:00:00Z,-121.59307615,39.46758652,LFC
Upper Robinson,2024-09-24T00:00:00Z,-121.59313535,39.46759273,LFC
Upper Robinson,2024-10-16T00:00:00Z,-121.59299607,39.4674893,LFC
Upper Robinson,2024-10-16T00:00:00Z,-121.59298587,39.46751086,LFC
Upper Robinson,2024-10-16T00:00:00Z,-121.59316696,39.46745246,LFC
Upper Robinson,2024-10-16T00:00:00Z,-121.59315647,39.46748779,LFC
Upper Robinson,2024-10-16T00:00:00Z,-121.59313177,39.46750127,LFC
Upper Robinson,2024-10-16T00:00:00Z,-121.59300052,39.4675775,LFC
Upper Robinson,2024-10-16T00:00:00Z,-121.59304401,39.46760144,LFC
Upper Robinson,2024-10-16T00:00:00Z,-121.59310568,39.46760528,LFC
Upper Robinson,2024-10-16T00:00:00Z,-121.59314924,39.46753798,LFC
Upper Robinson,2024-10-16T00:00:00Z,-121.59312947,39.46754944,LFC
Upper Robinson,2024-10-16T00:00:00Z,-121.59313342,39.46757359,LFC
Upper Robinson,2024-10-16T00:00:00Z,-121.59319573,39.46756781,LFC
Upper Robinson,2024-10-16T00:00:00Z,-121.59330249,39.46745065,LFC
Upper Robinson,2024-10-16T00:00:00Z,-121.59338766,39.46728021,LFC
Upper Robinson,2024-10-16T00:00:00Z,-121.59354612,39.4672866,LFC
Upper Robinson,2024-10-16T00:00:00Z,-121.59354291,39.46735784,LFC
Upper Robinson,2024-10-16T00:00:00Z,-121.59311493,39.46745492,LFC
Upper Robinson,2024-10-16T00:00:00Z,-121.59305558,39.46749387,LFC
Upper Robinson,2024-10-16T00:00:00Z,-121.59333892,39.4673869,LFC
Upper Robinson,2024-10-16T00:00:00Z,-121.59327867,39.46741393,LFC
Upper Robinson,2024-10-16T00:00:00Z,-121.59370365,39.46754424,LFC
Upper Robinson,2024-10-30T00:00:00Z,-121.59290225,39.46753809,LFC
Upper Robinson,2024-10-30T00:00:00Z,-121.59296284,39.46752918,LFC
Upper Robinson,2024-10-30T00:00:00Z,-121.59290141,39.46757974,LFC
Upper Robinson,2024-10-30T00:00:00Z,-121.5931192,39.46741951,LFC
Upper Robinson,2024-10-30T00:00:00Z,-121.59316348,39.46742659,LFC
Upper Robinson,2024-10-30T00:00:00Z,-121.59315395,39.46741477,LFC
Upper Robinson,2024-10-30T00:00:00Z,-121.59317033,39.46739534,LFC
Upper Robinson,2024-10-30T00:00:00Z,-121.59313804,39.46738841,LFC
Upper Robinson,2024-10-30T00:00:00Z,-121.59305896,39.46734441,LFC
Upper Robinson,2024-10-30T00:00:00Z,-121.59301843,39.46734977,LFC
Upper Robinson,2024-10-30T00:00:00Z,-121.59300075,39.46736746,LFC
Upper Robinson,2024-10-30T00:00:00Z,-121.59304279,39.4673752,LFC
Upper Robinson,2024-10-30T00:00:00Z,-121.59319009,39.46734049,LFC
Upper Robinson,2024-10-30T00:00:00Z,-121.59326313,39.46733138,LFC
Upper Robinson,2024-10-30T00:00:00Z,-121.59320883,39.46740269,LFC
Upper Robinson,2024-10-30T00:00:00Z,-121.59334141,39.46734852,LFC
Upper Robinson,2024-10-30T00:00:00Z,-121.59335426,39.46732836,LFC
Upper Robinson,2024-10-30T00:00:00Z,-121.59311767,39.46732024,LFC
Upper Robinson,2024-10-30T00:00:00Z,-121.59322428,39.46730001,LFC
Upper Robinson,2024-10-30T00:00:00Z,-121.59318745,39.467267819999996,LFC
Upper Robinson,2024-10-30T00:00:00Z,-121.59341228,39.46727054,LFC
Upper Robinson,2024-10-30T00:00:00Z,-121.59365846,39.46728213,LFC
Upper Robinson,2024-10-30T00:00:00Z,-121.59358941,39.46733348,LFC
Upper Robinson,2024-10-30T00:00:00Z,-121.59363238,39.46733669,LFC
Upper Robinson,2024-10-30T00:00:00Z,-121.5934975,39.46738187,LFC
Upper Robinson,2024-10-30T00:00:00Z,-121.59346258,39.46735831,LFC
Upper Robinson,2024-10-30T00:00:00Z,-121.59342152,39.46743259,LFC
Upper Robinson,2024-10-30T00:00:00Z,-121.59329688,39.4674865,LFC
Upper Robinson,2024-10-30T00:00:00Z,-121.59325062,39.46747411,LFC
Upper Robinson,2024-10-30T00:00:00Z,-121.59335891,39.46743937,LFC
Upper Robinson,2024-10-30T00:00:00Z,-121.59334353,39.46741013,LFC
Upper Robinson,2024-10-30T00:00:00Z,-121.59352634,39.46732841,LFC
Upper Robinson,2024-10-30T00:00:00Z,-121.59321778,39.46743551,LFC
Upper Robinson,2024-10-30T00:00:00Z,-121.59316718,39.4675156,LFC
Upper Robinson,2024-10-30T00:00:00Z,-121.59309005,39.46752004,LFC
Upper Robinson,2024-10-30T00:00:00Z,-121.59308539,39.46754474,LFC
Upper Robinson,2024-10-30T00:00:00Z,-121.59310938,39.46749069,LFC
Upper Robinson,2024-10-30T00:00:00Z,-121.59300083,39.467538329999996,LFC
Upper Robinson,2024-10-30T00:00:00Z,-121.59346754,39.46738742,LFC
Upper Robinson,2024-10-30T00:00:00Z,-121.59305944,39.46762674,LFC
Upper Robinson,2024-10-30T00:00:00Z,-121.59309092,39.46761474,LFC
Upper Robinson,2024-10-30T00:00:00Z,-121.59327367,39.46770841,LFC
Upper Robinson,2024-10-30T00:00:00Z,-121.59328069,39.46753204,LFC
Upper Robinson,2024-10-30T00:00:00Z,-121.59327979,39.46757668,LFC
Upper Robinson,2024-10-30T00:00:00Z,-121.59335209,39.46760553,LFC
Upper Robinson,2024-10-30T00:00:00Z,-121.59335954,39.46751147,LFC
Upper Robinson,2024-10-30T00:00:00Z,-121.59355253,39.46754447,LFC
Upper Robinson,2024-10-30T00:00:00Z,-121.59373169,39.46754072,LFC
Upper Robinson,2024-10-30T00:00:00Z,-121.59382581,39.46745147,LFC
Upper Robinson,2024-10-30T00:00:00Z,-121.59308413,39.46732991,LFC
Upper Robinson,2024-10-30T00:00:00Z,-121.59332197,39.46774046,LFC
Upper Robinson,2024-10-30T00:00:00Z,-121.59384608,39.46750233,LFC
Upper Robinson,2024-10-30T00:00:00Z,-121.59380222,39.46745222,LFC
Upper Robinson,2024-10-30T00:00:00Z,-121.59372907,39.46762109,LFC
Weir,2024-10-03T00:00:00Z,-121.60790295,39.46155363,LFC
Weir,2024-10-03T00:00:00Z,-121.60793714,39.46155182,LFC
Weir,2024-10-03T00:00:00Z,-121.60806076,39.46142835,LFC
Weir,2024-10-03T00:00:00Z,-121.60804441,39.4614055,LFC
Weir,2024-10-03T00:00:00Z,-121.60802348,39.46139189,LFC
Weir,2024-10-03T00:00:00Z,-121.60766139,39.46161659,LFC
Weir,2024-10-03T00:00:00Z,-121.60761149,39.46159842,LFC
Weir,2024-10-03T00:00:00Z,-121.60721039,39.46167543,LFC
Weir,2024-10-17T00:00:00Z,-121.60711671,39.46168242,LFC
Weir,2024-10-17T00:00:00Z,-121.60720444,39.46162225,LFC
Weir,2024-10-17T00:00:00Z,-121.60723475,39.46159918,LFC
Weir,2024-10-17T00:00:00Z,-121.60728313,39.46165541,LFC
Weir,2024-10-17T00:00:00Z,-121.6071963,39.46165144,LFC
Weir,2024-10-17T00:00:00Z,-121.60734644,39.46158792,LFC
Weir,2024-10-17T00:00:00Z,-121.60744457,39.46159408,LFC
Weir,2024-10-17T00:00:00Z,-121.60743241,39.46157812,LFC
Weir,2024-10-17T00:00:00Z,-121.60751742,39.46161692,LFC
Weir,2024-10-17T00:00:00Z,-121.60763785,39.46154631,LFC
Weir,2024-10-17T00:00:00Z,-121.60769124,39.46155954,LFC
Weir,2024-10-17T00:00:00Z,-121.60769422,39.4614102,LFC
Weir,2024-10-17T00:00:00Z,-121.60763249,39.461379290000004,LFC
Weir,2024-10-17T00:00:00Z,-121.60757673,39.46137101,LFC
Weir,2024-10-17T00:00:00Z,-121.60786931,39.46147878,LFC
Weir,2024-10-17T00:00:00Z,-121.60788968,39.461443,LFC
Weir,2024-10-17T00:00:00Z,-121.60788753,39.46149394,LFC
Weir,2024-10-17T00:00:00Z,-121.60795194,39.46152312,LFC
Weir,2024-10-17T00:00:00Z,-121.60797204,39.46146244,LFC
Weir,2024-10-17T00:00:00Z,-121.60801199,39.46144886,LFC
Weir,2024-10-17T00:00:00Z,-121.60814581,39.4614077,LFC
Weir,2024-10-17T00:00:00Z,-121.60820467,39.46139317,LFC
Weir,2024-10-17T00:00:00Z,-121.60809907,39.46144023,LFC
Weir,2024-10-17T00:00:00Z,-121.60833724,39.46132065,LFC
Weir,2024-10-17T00:00:00Z,-121.60824778,39.4613726,LFC
Weir,2024-10-17T00:00:00Z,-121.6083934,39.46130844,LFC
Weir,2024-10-17T00:00:00Z,-121.60834354,39.46117515,LFC
Weir,2024-10-17T00:00:00Z,-121.60878448,39.461157,LFC
Weir,2024-10-17T00:00:00Z,-121.60900612,39.46097571,LFC
Weir,2024-10-17T00:00:00Z,-121.60753803,39.46157442,LFC
Weir,2024-10-17T00:00:00Z,-121.60643383,39.4615092,LFC
Weir,2024-10-17T00:00:00Z,-121.60636007,39.46173926,LFC
Weir,2024-10-17T00:00:00Z,-121.60839358,39.46128129,LFC
Weir,2024-10-17T00:00:00Z,-121.60828088,39.46133374,LFC
Weir,2024-10-17T00:00:00Z,-121.608082,39.46140785,LFC
Weir,2024-10-17T00:00:00Z,-121.60767121,39.46137968,LFC
Weir,2024-10-31T00:00:00Z,-121.60913373,39.46113306,LFC
Weir,2024-10-31T00:00:00Z,-121.60912108,39.46119881,LFC
Weir,2024-10-31T00:00:00Z,-121.6091089,39.46108941,LFC
Weir,2024-10-31T00:00:00Z,-121.60898886,39.46108358,LFC
Weir,2024-10-31T00:00:00Z,-121.60905036,39.4610313,LFC
Weir,2024-10-31T00:00:00Z,-121.60917757,39.46098069,LFC
Weir,2024-10-31T00:00:00Z,-121.60916976,39.4609554,LFC
Weir,2024-10-31T00:00:00Z,-121.60903165,39.46092681,LFC
Weir,2024-10-31T00:00:00Z,-121.60898099,39.46094729,LFC
Weir,2024-10-31T00:00:00Z,-121.60905353,39.46098565,LFC
Weir,2024-10-31T00:00:00Z,-121.60915341,39.46103664,LFC
Weir,2024-10-31T00:00:00Z,-121.60904512,39.46114225,LFC
Weir,2024-10-31T00:00:00Z,-121.6090179,39.46116214,LFC
Weir,2024-10-31T00:00:00Z,-121.60833148,39.46121133,LFC
Weir,2024-10-31T00:00:00Z,-121.60823304,39.4612781,LFC
Weir,2024-10-31T00:00:00Z,-121.60835473,39.46135308,LFC
Weir,2024-10-31T00:00:00Z,-121.60840731,39.46133116,LFC
Weir,2024-10-31T00:00:00Z,-121.608081,39.4613419,LFC
Weir,2024-10-31T00:00:00Z,-121.607903,39.46134299,LFC
Weir,2024-10-31T00:00:00Z,-121.60792745,39.46150057,LFC
Weir,2024-10-31T00:00:00Z,-121.60785482,39.46152372,LFC
Weir,2024-10-31T00:00:00Z,-121.60779891,39.46150371,LFC
Weir,2024-10-31T00:00:00Z,-121.60780385,39.46152164,LFC
Weir,2024-10-31T00:00:00Z,-121.6077371,39.46155248,LFC
Weir,2024-10-31T00:00:00Z,-121.60757992,39.46151427,LFC
Weir,2024-10-31T00:00:00Z,-121.60769041,39.46162016,LFC
Weir,2024-10-31T00:00:00Z,-121.60758939,39.46157004,LFC
Weir,2024-10-31T00:00:00Z,-121.60733748,39.46162419,LFC
Weir,2024-10-31T00:00:00Z,-121.60721039,39.46154304,LFC
Weir,2024-10-31T00:00:00Z,-121.60706456,39.4616612,LFC
Weir,2024-10-31T00:00:00Z,-121.60717112,39.46158788,LFC
Weir,2024-10-31T00:00:00Z,-121.6067213,39.46173214,LFC
Weir,2024-10-31T00:00:00Z,-121.60648331,39.46173478,LFC
Weir,2024-10-31T00:00:00Z,-121.60655345,39.46174065,LFC
Weir,2024-10-31T00:00:00Z,-121.60630189,39.46177242,LFC
Weir,2024-10-31T00:00:00Z,-121.60605539,39.46160974,LFC
Weir,2024-10-31T00:00:00Z,-121.60608994,39.46168338,LFC
Weir,2024-10-31T00:00:00Z,-121.60598351,39.46177959,LFC
Weir,2024-10-31T00:00:00Z,-121.6058379,39.46170919,LFC
Weir,2024-10-31T00:00:00Z,-121.60590362,39.46178916,LFC
Weir,2024-10-31T00:00:00Z,-121.60897706,39.46123833,LFC
Weir,2024-10-31T00:00:00Z,-121.60797763,39.46152343,LFC
Weir,2024-10-31T00:00:00Z,-121.60776862,39.46154465,LFC
Weir,2024-11-13T00:00:00Z,-121.60900558,39.46119977,LFC
Weir,2024-11-13T00:00:00Z,-121.60900062,39.46100383,LFC
Weir,2024-11-13T00:00:00Z,-121.60912497,39.46098564,LFC
Weir,2024-11-13T00:00:00Z,-121.6088972,39.461009,LFC
Weir,2024-11-13T00:00:00Z,-121.60891194,39.46098035,LFC
Weir,2024-11-13T00:00:00Z,-121.60855728,39.46103057,LFC
Weir,2024-11-13T00:00:00Z,-121.60874861,39.46126626,LFC
Weir,2024-11-13T00:00:00Z,-121.60871029,39.4612928,LFC
Weir,2024-11-13T00:00:00Z,-121.60904738,39.46111652,LFC
Weir,2024-11-13T00:00:00Z,-121.60906666,39.46124535,LFC
Weir,2024-11-13T00:00:00Z,-121.60909053,39.46105479,LFC
Weir,2024-11-13T00:00:00Z,-121.60918116,39.46109936,LFC
Weir,2024-11-13T00:00:00Z,-121.60912675,39.46095546,LFC
Weir,2024-11-13T00:00:00Z,-121.60925207,39.46097755,LFC
Weir,2024-11-13T00:00:00Z,-121.60879378999999,39.46119129,LFC
Weir,2024-11-13T00:00:00Z,-121.60861053000001,39.46120283,LFC
Weir,2024-11-13T00:00:00Z,-121.60879622,39.46112862,LFC
Weir,2024-11-13T00:00:00Z,-121.60742788,39.46141338,LFC
Weir,2024-11-13T00:00:00Z,-121.60663942,39.46175221,LFC
Weir,2024-11-13T00:00:00Z,-121.60619223,39.46152763,LFC
Weir,2024-11-13T00:00:00Z,-121.60879058,39.46110365,LFC
